cell_id,container_id,cre_line,depth_um,derivative_order,sigma,theta,kappa,x0,y0,sigma_x,sigma_y,amplitude,dominant_subfield,r_squared,rmse,aic,r2_m0,r2_m1,r2_m2,delta_r2_vs_m0,r2_improvement,n_starts_succeeded,cortex_x_um,cortex_y_um,phi,phi_confidence,theta_hybrid,method,sigma_major,sigma_minor,log_sigma,log_kappa,m_manual,manually_verified,m_final
517407066,511507650,Cux2-CreERT2,175,0,5.518854077332486,134.49236561025972,1.5408473496321355,30.39509624593331,53.57622305806711,6.850601715684898,4.445996365130148,0.0003078555360015,OFF,0.5349745837926057,2.795797803701435e-05,-9380.387931699766,0.5349745837926057,0.4336868524823201,0.4678478974912345,0.0,1.963702875862339e-07,16,378.8751798561152,222.39820143884893,,0.0,134.49236561025972,order_class,6.850601715684898,4.445996365130148,0.7418489111431583,0.4323324921400018,0.0,True,0
517407131,511507650,Cux2-CreERT2,175,2,7.684700024140037,97.54574706212912,1.8017464161962744,17.649027785144845,40.063971687241725,10.31510736565508,5.725060570638812,0.0005375373050202,OFF,0.390763499205906,8.043739830766258e-05,-8433.516077816821,0.3704022073006554,0.3698918119678502,0.390763499205906,0.0203612919052506,0.3487017740771001,16,65.4566497461929,214.147614213198,1.7407114062704068,34.79626445684524,97.54574706212912,order_class,10.31510736565508,5.725060570638812,0.8856269192783948,0.5887564257521818,,False,0
517407093,511507650,Cux2-CreERT2,175,0,5.641907964180318,176.23744968087908,1.2934170236653284,23.975248609685643,40.97982847926177,6.416456933031607,4.9608570288091896,0.0002398782381837,ON,0.5120600703777134,2.3295298361818067e-05,-9543.864068301516,0.5120600703777134,0.412508216427036,0.4547345293691923,0.0,2.323692283034973e-07,16,375.2661878453039,187.31204419889505,,0.0,176.23744968087908,order_class,6.416456933031607,4.9608570288091896,0.7514259972793542,0.2572875718931179,,False,0
517407808,511507650,Cux2-CreERT2,175,2,13.710557727716616,104.96386112321176,2.5293293393205616,35.562463834259574,45.813894875250426,21.805086434619074,8.620896494434545,-0.0002135853910162,ON,0.3833187743381521,5.197380760602194e-05,-8824.834516885132,0.3695186842617346,0.3468794368596366,0.3833187743381521,0.0138000900764174,0.0597319274819792,16,313.7899421965318,75.91248554913295,0.5902986367269136,29.622077526935843,104.96386112321176,order_class,21.805086434619074,8.620896494434545,1.1370551216854357,0.9279541843261426,,False,0
517408433,511507650,Cux2-CreERT2,175,0,5.646996033263576,7.804097795961752,1.1572091673697478,28.09580855346728,42.44485862977335,6.074680141879512,5.249422760525496,0.0027459907808926,ON,0.7503801306122281,0.0001576977564922,-7830.327940310353,0.7503801306122281,0.492284192461085,0.5680615853137947,0.0,0.0003030359192227,16,95.94742857142856,97.88257142857142,,0.0,7.804097795961752,order_class,6.074680141879512,5.249422760525496,0.7518174826665152,0.1460112161155532,,False,0
517407759,511507650,Cux2-CreERT2,175,0,9.945163324532142,176.43844858783729,2.048812840947205,39.25339590306362,43.91020525574756,14.23518329010183,6.948015458318113,0.0003552434431394,ON,0.5401033765569806,5.482738086263531e-05,-8776.943470862492,0.5401033765569806,0.4143830206584763,0.4682120679351461,0.0,5.349352627526116e-09,16,218.10251162790692,135.91590697674417,,0.0,176.43844858783729,order_class,14.23518329010183,6.948015458318113,0.997611919723967,0.71726052342903,,False,0
517408245,511507650,Cux2-CreERT2,175,0,5.14805146391136,2.527598621638276,1.1450843504630948,14.710679004609144,49.38526555213624,5.508858527820166,4.810875745173075,0.0034169377072017,OFF,0.7149396331451682,0.0001965632249003,-7632.935675177236,0.7149396331451682,0.4492430845172446,0.219500716980321,0.0,2.5846767630510747e-05,16,142.36964028776978,341.8307913669065,,0.0,2.527598621638276,order_class,5.508858527820166,4.810875745173075,0.7116428797982006,0.13547830281953063,0.0,True,0
587436003,511507650,Cux2-CreERT2,175,2,11.167935823018531,168.99281363951405,2.0181661836984404,20.28469132699936,57.53041824664447,15.865412639404664,7.861301397058447,0.0078756040743949,OFF,0.3563953082458284,0.0017073724543369,-5696.028501294193,0.345776034433282,0.3396352342634086,0.3563953082458284,0.0106192738125464,0.1443343721996437,16,333.6506172839506,229.11135802469136,165.12146137167298,33.71052299989982,168.99281363951405,order_class,15.865412639404664,7.861301397058447,1.0479729095959733,0.7021892692337683,,False,0
517407128,511507650,Cux2-CreERT2,175,0,5.416974759085979,173.82396395168334,1.1581807849869838,23.690667184454803,51.23243584527242,5.82968366904577,5.033483325413041,0.0428653453282053,OFF,0.8980016289682277,0.0013822325354499,-5885.313555696302,0.8980016289682277,0.7186982529421411,0.7414424546452698,0.0,1.1619594175726888e-12,16,170.937,232.86900000000003,,0.0,173.82396395168334,order_class,5.82968366904577,5.033483325413041,0.7337568119550785,0.1468504852617969,0.0,True,0
517407714,511507650,Cux2-CreERT2,175,0,8.352009225782426,137.9655040181773,1.067917492373021,25.410203639357164,45.83614332917994,8.630974142705249,8.082060837421391,0.0001606236241096,ON,0.6087702779177413,1.8472438149906187e-05,-9751.7107667971,0.6087702779177413,0.5512177926429476,0.471254547488235,0.0,9.014287875031002e-07,16,200.84458333333333,244.37833333333333,,0.0,137.9655040181773,order_class,8.630974142705249,8.082060837421391,0.9217909653880942,0.06571048322135614,,False,0
587436020,511507650,Cux2-CreERT2,175,0,6.102307425087345,12.195839438914604,1.2808366485232738,25.33577198649828,47.79884806097846,6.906228696858021,5.391966809210588,0.0795463002110541,ON,0.9198031915760938,0.0025181225063883,-5347.880556286803,0.9198031915760938,0.730327117855345,0.79381056302143,0.0,0.0025517573924938,16,313.41536423841063,300.3981456953643,,0.0,12.195839438914604,order_class,6.906228696858021,5.391966809210588,0.7854940829615641,0.2475134960661998,,False,0
517407706,511507650,Cux2-CreERT2,175,0,7.55695357606045,168.02988981860818,1.58901371793651,19.93481998856448,48.01566580041988,9.526000007244557,5.994913637130206,0.0001813596003193,ON,0.4174215246531787,2.806981046177561e-05,-9376.811064279436,0.4174215246531787,0.3410073109865562,0.363121652810909,0.0,0.0,16,343.37,301.365,,0.0,168.02988981860818,order_class,9.526000007244557,5.994913637130206,0.8783467542645264,0.46311352057993854,,False,0
517407703,511507650,Cux2-CreERT2,175,0,5.47620137419079,175.30768121268818,1.4263548043064955,26.1973948930836,52.26233693932184,6.540232607066977,4.585277511121706,0.0231613468194939,OFF,0.876778616848291,0.000839479166692,-6332.125092682608,0.876778616848291,0.6871367462544937,0.7339372810782462,0.0,0.0,16,225.46783018867924,299.75915094339626,,0.0,175.30768121268818,order_class,6.540232607066977,4.585277511121706,0.7384794098950881,0.35512210191793236,0.0,True,0
587435308,511507650,Cux2-CreERT2,175,1,13.372867238325192,167.50099600526804,2.8326931018094084,22.92483102216357,56.96122868357143,22.507346428777844,7.945564739929317,0.0001216779759273,ON,0.5270710765489346,1.284529115366596e-05,-10077.22980182621,0.5066535914937069,0.5270710765489346,0.4572413199974056,0.0204174850552276,0.1737301674675236,16,306.4628571428572,246.14142857142852,137.4528530062338,27.106464514131737,137.4528530062338,order_class,22.507346428777844,7.945564739929317,1.1262245330870206,1.041227885227167,0.0,True,0
517407303,511507650,Cux2-CreERT2,175,0,5.741281762740593,2.092885723724629,1.161682936069219,32.93166582320618,50.10546902531079,6.18803364202534,5.326783625628316,0.0529449428005915,ON,0.9059230335279178,0.0017259292821467,-5686.342734701704,0.9059230335279178,0.7324243063112734,0.7137778515984632,0.0,2.7315705224184583e-05,16,328.81422680412373,238.93731958762888,,0.0,2.092885723724629,order_class,6.18803364202534,5.326783625628316,0.75900886109871,0.14986976067088395,,False,0
517407273,511507650,Cux2-CreERT2,175,0,11.410529878682242,177.2479502384598,2.359683144855344,47.83200669025959,55.13681553903377,17.52801183204537,7.428120962028524,5.658096162971297e-05,ON,0.4507484869217183,1.172674751194786e-05,-10158.859839033275,0.4507484869217183,0.4303927919194422,0.4329673586463953,0.0,8.795551165174943e-08,16,379.64457142857145,229.9328571428572,,0.0,177.2479502384598,order_class,17.52801183204537,7.428120962028524,1.0573058125202737,0.858527349369235,,False,0
517407268,511507650,Cux2-CreERT2,175,0,5.404970115536044,5.602119210453111,1.879443837848556,28.395398904044324,58.7532149889166,7.409825376509682,3.942562808895575,0.0001297911433112,ON,0.451786024620152,1.3643519326385424e-05,-10023.212347633624,0.451786024620152,0.3859454282872058,0.4490767494083836,0.0,0.0016765609037889,16,323.30642201834866,220.50743119266056,,0.0,5.602119210453111,order_class,7.409825376509682,3.942562808895575,0.7327932970509072,0.6309759021436367,,False,0
517408588,511507650,Cux2-CreERT2,175,2,8.188932987817639,2.385002437930438,3.1025816894584533,,,14.424106812074523,4.64906592502717,6.363471275222328e-06,OFF,0.3264878473385203,1.0920232003978615e-06,-12285.820677833168,0.2864308545913661,0.326298559691849,0.3264878473385203,0.0400569927471542,0.2488583961264344,16,,,8.42689122458296,25.659859189219407,2.385002437930438,order_class,14.424106812074523,4.64906592502717,0.9132273171826657,1.1322345679541665,,False,0
517407360,511507650,Cux2-CreERT2,175,2,7.864756455122474,143.47617200932677,3.69358750509403,,,15.115046052757416,4.092239870291802,-9.41202283118006e-06,ON,0.3059547130270178,1.73876145217026e-06,-11869.054406533423,0.2650436984403634,0.2551879541132871,0.3059547130270178,0.0409110145866543,0.1885699759521896,16,,,10.238712229001464,33.126739902570435,143.47617200932677,order_class,15.115046052757416,4.092239870291802,0.8956852785379374,1.3065982093518853,,False,0
517406835,511507650,Cux2-CreERT2,175,2,14.385581441658076,70.20140716321423,1.4125505054904033,44.543914037187136,47.74870487429964,17.09737402510833,12.10390280464523,-0.0001103920916577,ON,0.3710438829068132,3.0148338570021587e-05,-9312.8051446361,0.367251064346091,0.3677386655590424,0.3710438829068132,0.0037928185607222,0.0176311728990311,16,359.03277486911,147.01979057591623,171.13763139371903,30.1276872676427,70.20140716321423,order_class,17.09737402510833,12.10390280464523,1.1579274200532772,0.34539693949862543,,False,0
517408456,511507650,Cux2-CreERT2,175,0,5.170703677031259,37.457264409151776,1.6583927854489051,15.964531656698355,53.90571140525693,6.658759812762928,4.0151886038026205,0.0003884856979312,OFF,0.4139672853131643,4.22892695481695e-05,-9009.595552453133,0.4139672853131643,0.3632856525753405,0.4100359179174584,0.0,3.379361079858256e-08,16,169.7557627118644,178.0449152542373,,0.0,37.457264409151776,order_class,6.658759812762928,4.0151886038026205,0.7135496499133108,0.5058489318217846,,False,0
517408265,511507650,Cux2-CreERT2,175,0,6.802994773465305,89.67597201068313,1.2589534342875763,22.19617206589756,51.15835346509442,7.63317063252252,6.063107994810008,1.953999844077945e-05,OFF,0.5326088218520801,2.174544045345581e-06,-11668.667628552565,0.5326088218520801,0.4724565487481137,0.5257933696596538,0.0,1.0482566998981646e-05,16,275.06009569377994,259.7176076555024,,0.0,89.67597201068313,order_class,7.63317063252252,6.063107994810008,0.8327001373054079,0.23028076810939765,0.0,True,0
517406609,511507650,Cux2-CreERT2,175,0,6.0161793324177895,1.3433610432821297,1.1715470313298055,20.58598681872092,44.68265131644008,6.51179376140163,5.558286255064118,0.0593316325915044,OFF,0.9368306905563994,0.0016295692930117,-5737.817824700822,0.9368306905563994,0.8140818914395381,0.7765568655708435,0.0,1.3499870700872664e-05,16,101.44515789473684,260.9633684210527,,0.0,1.3433610432821297,order_class,6.51179376140163,5.558286255064118,0.7793207733812384,0.15832512440810773,0.0,True,0
587436156,511507650,Cux2-CreERT2,175,0,8.589749255452217,153.95471523090154,1.94877409539659,35.05730671642108,46.69363455135558,11.991161037985602,6.153181667547419,0.0002573170216149,OFF,0.4673044938064744,4.0416248531015e-05,-9050.18568159344,0.4673044938064744,0.4177240186037257,0.4315796747373822,0.0,7.586071038012676e-08,16,212.9890909090909,103.42909090909092,,0.0,153.95471523090154,order_class,11.991161037985602,6.153181667547419,0.9339804864665313,0.6672005058530317,0.0,True,0
517406581,511507650,Cux2-CreERT2,175,0,5.574427250747291,167.6016769574659,1.406919069463608,29.5620940361778,43.01909386837895,6.61202991998648,4.699651929877769,0.00534481506735,ON,0.7829233725698588,0.0002767756701029,-7326.303698659412,0.7829233725698588,0.4746334837787032,0.6385751354358764,0.0,2.003311516673989e-09,16,183.50142857142856,83.75571428571429,,0.0,167.6016769574659,order_class,6.61202991998648,4.699651929877769,0.7462002520577546,0.34140225655155515,,False,0
517406810,511507650,Cux2-CreERT2,175,0,4.885076463849744,12.3476329777428,1.5014570334216046,,,5.985877437046997,3.9867124425172817,0.000714975277687,OFF,0.3798869426515877,7.915235169547552e-05,-8447.945909936017,0.3798869426515877,0.2593247650720611,0.3759880388199298,0.0,0.0,16,,,,0.0,12.3476329777428,order_class,5.985877437046997,3.9867124425172817,0.6888713659192984,0.4064359922619819,,False,0
517406410,511507650,Cux2-CreERT2,175,0,5.479894028628122,158.1763571054347,1.1854431770456493,29.05381665929203,45.04063739941835,5.966402263403666,5.0330563108668604,0.0011182785629037,ON,0.5904120278813629,9.01097942904218e-05,-8331.775598354197,0.5904120278813629,0.4245506970606169,0.4642071586171334,0.0,2.4464315240280143e-08,16,155.51294117647058,370.21058823529415,,0.0,158.1763571054347,order_class,5.966402263403666,5.0330563108668604,0.7387721600852738,0.17011669373867291,,False,0
517406776,511507650,Cux2-CreERT2,175,0,4.303574324696521,165.73631871249495,1.498834420668684,19.55683133295543,51.06073470858301,5.268732347214662,3.51521974312819,0.0009529913364948,ON,0.5162966322548053,7.079173844780306e-05,-8547.968354386581,0.5162966322548053,0.4182432716128719,0.4809100933884604,0.0,1.1241082675805815e-07,16,99.32110169491526,344.287372881356,,0.0,165.73631871249495,order_class,5.268732347214662,3.51521974312819,0.6338293078307448,0.4046877531585365,,False,0
517406623,511507650,Cux2-CreERT2,175,0,6.722807573062821,25.698644683215065,1.5480331647744194,18.010650218247353,48.98116463852933,8.364515898507326,5.40331828079808,0.0007293104996493,OFF,0.7515310672265674,4.927086345630469e-05,-8872.687180287618,0.7515310672265674,0.6269518197884656,0.6736235027810387,0.0,0.0236628908836528,16,118.67818181818184,328.81136363636364,,0.0,25.698644683215065,order_class,8.364515898507326,5.40331828079808,0.8275506806206337,0.43698519921091966,0.0,True,0
517406415,511507650,Cux2-CreERT2,175,2,8.395939710340684,176.38124517161685,2.9875970318697305,19.70230233862592,48.81694681714492,14.512101958892336,4.857449583758026,9.693718819692524e-06,OFF,0.4287943014144605,1.359273524459189e-06,-12089.669916019957,0.4045879205709242,0.3805547407661043,0.4287943014144605,0.0242063808435363,0.2473776439125747,16,250.91836956521743,337.21434782608696,172.86677850127015,33.70064363944265,176.38124517161685,order_class,14.512101958892336,4.857449583758026,0.9240693113348071,1.0944693960171274,,False,0
517408261,511507650,Cux2-CreERT2,175,0,7.692879432712483,158.6855051547651,1.9035462460401555,24.78397234255339,49.52016097999289,10.613793703178615,5.57580028604922,4.720846725973373e-05,OFF,0.5996560407376532,5.136094492811909e-06,-10898.578963876978,0.5996560407376532,0.5782423410691271,0.4914421557682004,0.0,1.6103027133951286e-07,16,267.3272727272728,338.9720454545455,,0.0,158.6855051547651,order_class,10.613793703178615,5.57580028604922,0.8860889259749909,0.6437185918119857,0.0,True,0
587436084,511507650,Cux2-CreERT2,175,1,8.48104051547309,111.83323356134734,1.8780097607327575,,,11.622460007983978,6.188711182975509,-1.4063362882235133e-05,OFF,0.3021180812195186,2.308172567834716e-06,-11615.232780648204,0.1733323859278316,0.3021180812195186,0.2546673671770886,0.128785695291687,0.2225420455387416,16,,,117.12530862456816,7.679474005517562,117.12530862456816,order_class,11.622460007983978,6.188711182975509,0.928449137917868,0.6302125781808487,0.0,True,0
587436126,511507650,Cux2-CreERT2,175,0,5.807923350219349,29.67837602882733,1.6723888546263312,37.524128624065256,47.63138551765567,7.510857258893202,4.491095021421549,0.0050750447727472,OFF,0.7038901340940782,0.0003366677128086,-7150.787059986805,0.7038901340940782,0.4307768152184367,0.6416188322615459,0.0,0.0334480689829069,16,285.90391304347827,287.8369565217392,,0.0,29.67837602882733,order_class,7.510857258893202,4.491095021421549,0.7640208761499511,0.5142530561790537,0.0,True,0
517407844,511507650,Cux2-CreERT2,175,0,6.538086106502728,53.265923821652,1.1802048219031798,36.7287678949439,54.10311475430354,7.102795784642877,6.018273822326044,1.290669895546403e-05,OFF,0.5589311893938836,1.3122259305640498e-06,-12121.231968468066,0.5589311893938836,0.515584933997812,0.5342441130443563,0.0,0.0,16,373.504,179.248,,0.0,53.265923821652,order_class,7.102795784642877,6.018273822326044,0.8154506359342768,0.16568800129872616,0.0,True,0
587436119,511507650,Cux2-CreERT2,175,0,8.748744665125228,0.0918825623284931,1.5470033895837891,26.67482227892453,49.90780472578354,10.881565343507225,7.033963478538231,8.84729601506394e-05,ON,0.5635272811577186,1.1647741017612575e-05,-10164.916877536492,0.5635272811577186,0.4978311444309332,0.5171469507093236,0.0,9.82438413732467e-07,16,327.8755688622755,283.1773652694611,,0.0,0.0918825623284931,order_class,10.881565343507225,7.033963478538231,0.941945741694224,0.4363197626575585,,False,0
587436026,511507650,Cux2-CreERT2,175,0,6.587994333997147,11.332390423458063,2.0232900788859225,28.559890639343188,48.42734642719047,9.37092135237393,4.631526368939549,0.0032948841842952,ON,0.752522411808301,0.0002177718721187,-7541.128001134194,0.752522411808301,0.5640130764236766,0.5923871229502986,0.0,0.014125357035771,16,347.00823529411764,284.880830449827,,0.0,11.332390423458063,order_class,9.37092135237393,4.631526368939549,0.8187532169830186,0.7047249383589347,,False,0
587435972,511507650,Cux2-CreERT2,175,2,8.056423937717794,174.66303048191546,1.3052824354974426,,,9.20438038358938,7.051638889235181,-0.0006451567269878,ON,0.518644368458347,7.79778241907561e-05,-8461.341124941642,0.35031161212321,0.4981342328988094,0.518644368458347,0.168332756335137,0.188431306192465,16,,,169.04035828285566,33.19002779987362,174.66303048191546,order_class,9.20438038358938,7.051638889235181,0.9061423111909551,0.2664194430265387,1.0,True,1
517406553,511507650,Cux2-CreERT2,175,0,5.638797613501245,22.43634244709713,1.7254074371051895,,,7.406829371822378,4.292800188834946,0.0002353510684332,OFF,0.3798567441582662,2.9900831072780088e-05,-9320.191357458376,0.3798567441582662,0.2902565623164913,0.3356674419743879,0.0,0.2236383439657892,16,,,,0.0,22.43634244709713,order_class,7.406829371822378,4.292800188834946,0.7511865072648982,0.5454632180168739,,False,0
587436182,511507650,Cux2-CreERT2,175,0,10.330192850814624,0.5151535633781208,3.2845875497366834,28.81223180408545,38.5905076338165,18.72185384205588,5.699910128307209,0.0136430199086096,ON,0.626088906186657,0.0018246666165052,-5636.49675413217,0.626088906186657,0.476040594433748,0.5415043910684014,0.0,0.0001188139475063,16,135.7631489361702,106.0468085106383,,0.0,0.5151535633781208,order_class,18.72185384205588,5.699910128307209,1.0141084292894975,1.1892410884180924,,False,0
517407646,511507650,Cux2-CreERT2,175,0,5.530428629554199,19.82697595268678,1.3640171517534934,33.65491298428878,48.76843301394063,6.459050912080225,4.735315024284616,0.0194221090914633,OFF,0.8837650873593942,0.0006874494023909,-6511.140005578096,0.8837650873593942,0.6707511611738332,0.6701681945892365,0.0,0.0091295997966792,16,291.69728155339806,118.0980582524272,,0.0,19.82697595268678,order_class,6.459050912080225,4.735315024284616,0.7427587921069143,0.31043413394154606,0.0,True,0
517406400,511507650,Cux2-CreERT2,175,2,9.880628507137564,136.6690794328968,1.066604119135013,34.52432626925189,57.18748896520713,10.20437004551816,9.567157919654038,2.262681147594813e-05,OFF,0.4956591921069209,3.4057203206788184e-06,-11266.688467160098,0.3865157737727691,0.3328433308418789,0.4956591921069209,0.1091434183341517,0.1450235946276939,16,272.10034090909096,322.45909090909095,171.2119678870157,31.448065879005743,136.6690794328968,order_class,10.20437004551816,9.567157919654038,0.9947845709540338,0.06447988110735296,0.0,True,0
517406904,511507650,Cux2-CreERT2,175,1,8.671691002842753,62.03421044619952,2.240857216329011,29.3464373489756,51.94919182075673,12.981081804207578,5.792908941103032,-0.0001789072868987,OFF,0.3996972664278253,1.7521556382937552e-05,-9799.062463016096,0.3700977141410791,0.3996972664278253,0.3128704080584332,0.0295995522867461,0.3635927816487142,16,236.93129032258065,290.6443548387097,100.08125854330038,5.041318172169575,100.08125854330038,order_class,12.981081804207578,5.792908941103032,0.9381037943152553,0.8068584785225558,0.0,True,0
517406636,511507650,Cux2-CreERT2,175,0,5.384033493494865,6.582810939413761,1.3586896421795152,20.875032685300827,46.30946011154858,6.275782520457776,4.618996366521646,0.020447532238529,OFF,0.8825511992492856,0.0007095566239512,-6482.779749646327,0.8825511992492856,0.590166058256551,0.7432703746454197,0.0,0.0010962034824104,16,109.565625,290.67675,,0.0,6.582810939413761,order_class,6.275782520457776,4.618996366521646,0.7311077529237129,0.3065207368876009,0.0,True,0
517407298,511507650,Cux2-CreERT2,175,0,4.930004406314199,168.61661989544726,2.0796457785252995,24.199774508651227,55.10283577414621,7.109548019061898,3.4186341214816687,0.0007386822278926,ON,0.5515212122646043,5.828521402637275e-05,-8722.145255517675,0.5515212122646043,0.4934185755797026,0.5405026073569976,0.0,0.0,16,154.20939130434783,288.05739130434785,,0.0,168.61661989544726,order_class,7.109548019061898,3.4186341214816687,0.6928473074389109,0.7321975804248282,,False,0
517407720,511507650,Cux2-CreERT2,175,2,12.894273915807332,15.91431926216279,4.772978285880557,34.443973148439255,56.29669227967795,28.17030966783481,5.902040189700492,-0.0002993707633575,ON,0.3917200236445477,6.532969237848045e-05,-8619.913270398607,0.3792963557598233,0.3688636336747934,0.3917200236445477,0.0124236678847243,0.0538090688145994,16,162.49867346938777,287.7364285714286,146.84100619376903,28.56596708516279,15.91431926216279,order_class,28.17030966783481,5.902040189700492,1.110396891783267,1.5629704886483486,,False,0
517408235,511507650,Cux2-CreERT2,175,0,7.0856471613736565,87.77665991503359,1.479091933531829,18.95719814859812,51.4757281002182,8.617416949695274,5.82615370575262,0.0003833266598837,OFF,0.3716938115186878,6.151404453234536e-05,-8673.835558388077,0.3716938115186878,0.3622986080210243,0.3613260087416488,0.0,6.681692710230891e-08,16,109.67478260869564,316.56857142857143,,0.0,87.77665991503359,order_class,8.617416949695274,5.82615370575262,0.8503795223009059,0.39142834104758617,,False,0
517407870,511507650,Cux2-CreERT2,175,0,5.844866201842877,15.180021794295971,1.5399330465565335,21.749111858868407,52.111406418181815,7.253130532292237,4.710029795458358,0.0011151453618189,ON,0.4975952650750237,0.0001153033026186,-8110.878260709456,0.4975952650750237,0.3909184997268721,0.1785450701283975,0.0,0.0054447046501552,16,86.65155963302753,368.7646788990826,,0.0,15.180021794295971,order_class,7.253130532292237,4.710029795458358,0.7667745739296106,0.4317389392184265,,False,0
517407692,511507650,Cux2-CreERT2,175,1,10.79144695358119,4.062735784251657,3.22206432811443,27.21909543699348,41.52004382287099,19.37076550061015,6.011911472899125,0.0011172804902117,OFF,0.3413399410772277,0.0001481199675501,-7886.469266813216,0.3366497744862049,0.3413399410772277,0.3107016570938876,0.0046901665910228,0.1125571344108576,16,166.8656557377049,144.98409836065574,175.4144083733194,26.8765244199218,175.4144083733194,order_class,19.37076550061015,6.011911472899125,1.0330796802551756,1.1700222498299764,0.0,True,0
517407858,511507650,Cux2-CreERT2,175,2,8.596934930680039,73.07274547974954,2.151365333120401,17.160335897230603,60.49134267972605,12.609582943388634,5.861200210519028,-0.0004393290021587,ON,0.6232078117862188,4.208952468014052e-05,-9013.837654694578,0.6168617874960631,0.603474068258574,0.6232078117862188,0.0063460242901556,0.5122011589093352,16,107.79194805194804,384.7375324675325,157.35653852935144,39.13222751100647,73.07274547974954,order_class,12.609582943388634,5.861200210519028,0.934343639620244,0.766102679248497,,False,0
517408120,511507650,Cux2-CreERT2,175,0,8.861262904083521,178.1353544976932,2.854601874207553,29.42647850232789,41.8478565052174,14.971606193165446,5.244726533825882,0.0001699209339335,ON,0.4051601214174344,3.1174042954133614e-05,-9282.828590349509,0.4051601214174344,0.4011540159521757,0.3704214682868362,0.0,2.3514709290850533e-08,16,196.9569230769231,375.3092307692308,,0.0,178.1353544976932,order_class,14.971606193165446,5.244726533825882,0.9474956217954876,1.048932384770295,,False,0
517407864,511507650,Cux2-CreERT2,175,0,5.246056871001574,143.03651451071065,1.7071246213212954,22.52072370618264,53.99871962377389,6.854339434673096,4.015137119496241,0.0004544089770397,OFF,0.3984963845916196,5.17937339853435e-05,-8827.9442778685,0.3984963845916196,0.347676735125778,0.3151645161339774,0.0,2.2755352269143717e-08,16,156.871,382.2563333333333,,0.0,143.03651451071065,order_class,6.854339434673096,4.015137119496241,0.7198329943420754,0.5348104471939449,,False,0
517408111,511507650,Cux2-CreERT2,175,0,7.176750476589315,52.145165036213626,1.5952267766388757,19.261854237095136,53.454094845298485,9.064400002671036,5.682201512295087,0.0001597995330912,OFF,0.6456429062568195,1.478839581888766e-05,-9951.01430491958,0.6456429062568195,0.5902353434335864,0.5933521193376385,0.0,5.98723041478344e-07,16,132.71502304147467,369.4036866359447,,0.0,52.145165036213626,order_class,9.064400002671036,5.682201512295087,0.855927846814146,0.4670159058411246,0.0,True,0
517407734,511507650,Cux2-CreERT2,175,0,5.659887004909217,28.734753890055003,1.2332251065684243,24.71348513807241,52.31167395278533,6.285342378584876,5.09667079035918,0.0183206852575601,OFF,0.89229132162223,0.0006351688739666,-6582.011207451585,0.89229132162223,0.6564977713155933,0.7419757575565601,0.0,0.0076733147163546,16,336.80771428571427,376.20142857142855,,0.0,28.734753890055003,order_class,6.285342378584876,5.09667079035918,0.7528077609348688,0.2096327757006797,0.0,True,0
517408114,511507650,Cux2-CreERT2,175,2,7.027317527751193,98.06115183608924,2.113856600407649,24.213170754937984,58.964915878172825,10.217092814916306,4.833389745049867,-0.0046217833978613,ON,0.5005584593006496,0.0004661805474956,-6859.160051875412,0.461952954445176,0.4288828641525652,0.5005584593006496,0.0386055048554735,0.4636193488440199,16,353.78823529411767,370.8635294117647,161.0725614250805,35.60207244797873,98.06115183608924,order_class,10.217092814916306,4.833389745049867,0.8467895774783949,0.7485140518490845,,False,0
517407087,511507650,Cux2-CreERT2,175,1,7.647578936825972,162.6194776652173,1.806291654000064,15.136288493834234,49.30802777329459,10.278219922337945,5.690232748170347,0.0002106877709493,ON,0.3669487238370326,2.6944840632701908e-05,-9413.45997413872,0.3076253911164588,0.3669487238370326,0.3600957517049649,0.0593233327205737,0.2925332268702233,16,69.39242424242424,177.83212121212122,172.09662813355743,5.279063321273632,172.09662813355743,order_class,10.278219922337945,5.690232748170347,0.8835239683832299,0.5912759336508013,0.0,True,0
517406428,511507650,Cux2-CreERT2,175,0,5.6374264155615625,104.34997032614136,1.407575655018021,,,6.688315625906574,4.751656226834176,0.0001894973705233,ON,0.4132586283589778,2.238985596740084e-05,-9579.3846940045,0.4132586283589778,0.3250167493660698,0.4086148877402115,0.0,0.1347627369555827,16,,,,0.0,104.34997032614136,order_class,6.688315625906574,4.751656226834176,0.7510808861455942,0.34186883093210935,,False,0
517407074,511507650,Cux2-CreERT2,175,0,4.317954733732004,155.84888336371233,1.0486843200619111,,,4.421814020898981,4.216534886912327,0.0004294306953714,OFF,0.3405799267705632,4.5893370370554805e-05,-8936.314139380156,0.3405799267705632,0.3392375588204224,0.2849300532926062,0.0,0.225883807235971,16,,,,0.0,155.84888336371233,order_class,4.421814020898981,4.216534886912327,0.6352780851975054,0.0475363499603378,,False,0
517408108,511507650,Cux2-CreERT2,175,0,8.158621752188461,30.62877276230779,2.280139685822535,32.0742129846059,54.31927670181819,12.31962605779336,5.403013742708132,0.0005566772243421,ON,0.4315985174733823,8.979039541103754e-05,-8334.957159164078,0.4315985174733823,0.4252255440329938,0.424028994581281,0.0,0.0,16,304.31345454545453,25.96690909090909,,0.0,30.62877276230779,order_class,12.31962605779336,5.403013742708132,0.9116167989530447,0.8242367068013204,,False,0
587436162,511507650,Cux2-CreERT2,175,0,5.529998523385301,162.80033257597776,1.6751806511055756,47.94686348189564,43.63802395338265,7.157409071404419,4.272619234636405,0.0018053123982028,OFF,0.7388900003593648,0.0001047298191235,-8197.057501028068,0.7388900003593648,0.5419332636289419,0.6505222821229815,0.0,1.396772697503934e-09,16,361.1716216216216,15.737027027027027,,0.0,162.80033257597776,order_class,7.157409071404419,4.272619234636405,0.7427250153398337,0.5159210108677987,0.0,True,0
517408541,511507650,Cux2-CreERT2,175,0,5.755189805872576,168.49919743491944,1.351997242412205,31.79720827307975,45.28568019491727,6.691870902758697,4.949618751306919,0.0040531302433985,OFF,0.6149758948533212,0.0003251704150155,-7181.920398612778,0.6149758948533212,0.4315865806593782,0.5305764015128089,0.0,0.0,16,170.48735294117648,33.55911764705883,,0.0,168.49919743491944,order_class,6.691870902758697,4.949618751306919,0.760059651212341,0.3015829379827493,,False,0
517408585,511507650,Cux2-CreERT2,175,0,4.661098479796093,177.49652855039992,1.1706395375932055,23.586776731977125,47.48295109858483,5.043126625981859,4.30800982200751,0.025731076815364,OFF,0.6976752809382217,0.0014017075642594,-5872.777430750904,0.6976752809382217,0.4779959183090558,0.563956675946436,0.0,0.0,16,257.5931775700935,344.7417757009346,,0.0,177.49652855039992,order_class,5.043126625981859,4.30800982200751,0.6684882788133417,0.15755021279854375,0.0,True,0
517408582,511507650,Cux2-CreERT2,175,0,6.533940108890245,161.0987449676992,1.655631316882103,32.0825380647546,55.036029136486825,8.407308148545242,5.078007442126636,0.0017564577688971,ON,0.5591424460952534,0.0001783736079723,-7719.940736378749,0.5591424460952534,0.4796873968338579,0.4973150812768256,0.0,7.729037410086902e-10,16,366.6396610169492,348.9640677966101,,0.0,161.0987449676992,order_class,8.407308148545242,5.078007442126636,0.8151751493469961,0.5041823964432472,,False,0
517408249,511507650,Cux2-CreERT2,175,2,11.149704140567726,109.24785154830109,1.0492279606905783,,,11.420845887229484,10.884999556924251,-0.0007301254462678,OFF,0.477774517102447,0.0001324599484537,-7986.590289712018,0.1816927151145564,0.4501784236210415,0.477774517102447,0.2960818019878906,0.218689448485431,16,,,177.62462069621506,32.4246600807674,109.24785154830109,order_class,11.420845887229484,10.884999556924251,1.0472633434538121,0.04805461818901777,0.0,True,0
517406769,511507650,Cux2-CreERT2,175,2,9.098922674889527,7.498957827969605,3.080869902030364,20.511444424288545,49.5650662111829,15.970799371667193,5.183860363964758,2.107875918238302e-05,OFF,0.4897532273798349,2.831746937106726e-06,-11432.056603064622,0.474418388470276,0.4296258115666923,0.4897532273798349,0.0153348389095588,0.3970711098035422,16,144.8598086124402,371.7315789473684,160.233924851604,32.55375721853836,7.498957827969605,order_class,15.970799371667193,5.183860363964758,0.9589899742938182,1.1252119928321664,0.0,True,0
587178533,511509529,Cux2-CreERT2,175,0,7.03656368902456,171.2160100912822,2.3635414678809816,38.53255106055868,46.20138474057991,10.817881903860938,4.576979947620568,0.0001241278360727,ON,0.4128171883929691,1.8147610633403008e-05,-9767.606599709938,0.4128171883929691,0.3022590383749918,0.391043663763146,0.0,0.0088991281083607,16,354.67466666666667,55.51866666666667,,0.0,171.2160100912822,order_class,10.817881903860938,4.576979947620568,0.8473606228870502,0.8601611162129507,,False,0
517409786,511509529,Cux2-CreERT2,175,2,16.37858580315665,157.74718986277793,1.5254960633011727,,,20.22935080953033,13.260834489309682,-0.0001189448430084,ON,0.3249192195737733,4.287302553018287e-05,-8997.311863960222,0.1457702737601967,0.2930686210242825,0.3249192195737733,0.1791489458135766,0.0,16,,,170.07074886618224,29.295425122803,157.74718986277793,order_class,20.22935080953033,13.260834489309682,1.2142764002082826,0.42231964457550053,0.0,True,0
517410367,511509529,Cux2-CreERT2,175,0,5.325021784791809,164.93427389086432,2.007916206181949,16.331464904638874,54.0048430924036,7.545606988676253,3.7579292230646497,0.0009076531808588,ON,0.5468714034271558,7.774416717915047e-05,-8464.029978810953,0.5468714034271558,0.4140682353299423,0.4398577074987265,0.0,0.0,16,25.029756097560973,147.33439024390242,,0.0,164.93427389086432,order_class,7.545606988676253,3.7579292230646497,0.7263213888235489,0.6970974709696933,,False,0
517410072,511509529,Cux2-CreERT2,175,0,6.255248327363826,2.0713348745055384,2.073232694436166,20.155741208415595,54.495735798291975,9.006759782630239,4.344307229382038,0.0077019411895493,OFF,0.7216191401864901,0.0005251290987972,-6752.472315125193,0.7216191401864901,0.6967157824305403,0.5286459588799366,0.0,0.0005877008415089,16,283.09252173913046,156.44765217391304,,0.0,2.0713348745055384,order_class,9.006759782630239,4.344307229382038,0.7962445554463966,0.7291090772438776,,False,0
517410003,511509529,Cux2-CreERT2,175,0,5.351686580518389,171.98924137232063,1.474136977840523,15.27655275979127,58.58596463938855,6.497699033048606,4.407798685416022,0.0018294274720786,ON,0.3551695112010069,0.00023312068583,-7480.103029110152,0.3551695112010069,0.2910146192052141,0.3543031015069234,0.0,0.0,16,290.6328318584071,354.9724778761062,,0.0,171.98924137232063,order_class,6.497699033048606,4.407798685416022,0.7284906712139693,0.388072718784979,,False,0
517410064,511509529,Cux2-CreERT2,175,0,5.537031173799235,174.01329326796133,1.8073987928782396,,,7.443958830605411,4.118603409461774,0.0034111712931341,ON,0.4075769734211614,0.0004018289983243,-6992.257607683318,0.4075769734211614,0.3640533187172716,0.4015834399461575,0.0,0.1957196512306797,16,,,,0.0,174.01329326796133,order_class,7.443958830605411,4.118603409461774,0.7432769686213566,0.5918886806080137,,False,0
517409103,511509529,Cux2-CreERT2,175,1,13.738019420514291,87.323479561204,1.6468196409652411,22.968786411390653,48.05335251174909,17.629790236156303,10.705355825014967,0.0005940811092413,ON,0.3476238784430548,9.439141031567256e-05,-8290.182191308957,0.332943783665215,0.3476238784430548,0.3438544577159467,0.0146800947778398,0.1089122223503157,16,98.17508771929823,157.7242105263158,163.5614566804039,22.74581660122856,163.5614566804039,order_class,17.629790236156303,10.705355825014967,1.1379241259737554,0.498845937588446,0.0,True,0
517409718,511509529,Cux2-CreERT2,175,0,5.98529398943185,164.074457795212,1.6142713530204198,19.53818687513161,51.94453926702075,7.604554156755053,4.7108276700360046,0.007517652729895,ON,0.8332328980740735,0.0003540131639572,-7105.774107445029,0.8332328980740735,0.6560011695860171,0.6672764462836104,0.0,0.0,16,178.31666666666666,223.17666666666668,,0.0,164.074457795212,order_class,7.604554156755053,4.7108276700360046,0.7770854872156551,0.4788836802643768,,False,0
517409065,511509529,Cux2-CreERT2,175,0,7.350538730737229,163.94167895518277,1.406840134514429,21.45802477138016,54.43886581448467,8.718495444917643,6.197218312887293,0.0009937621905652,OFF,0.5829456990872652,0.0001073333959067,-8175.055363423373,0.5829456990872652,0.562301758993816,0.5434355026990918,0.0,4.247408424973287e-09,16,263.8764705882353,223.9094117647059,,0.0,163.94167895518277,order_class,8.718495444917643,6.197218312887293,0.8663191702695413,0.3413461501519115,,False,0
587179530,511509529,Cux2-CreERT2,175,1,7.543671782967228,107.57556179097188,1.0667035459175964,30.90317148292676,41.13693560151776,7.791205400151708,7.304002531883946,-0.0181136046857121,OFF,0.5801195628457403,0.0014801668322944,-5823.978023840076,0.4445401040801863,0.5801195628457403,0.5462187748613938,0.135579458765554,0.0,16,31.77089361702128,211.22731914893612,4.4793622117432506,8.663303365194812,4.4793622117432506,order_class,7.791205400151708,7.304002531883946,0.8775827844552665,0.06457309483764055,1.0,True,1
517409556,511509529,Cux2-CreERT2,175,0,7.907117096743298,177.91848773808044,1.3325404539800596,20.287269899954094,52.43407592986614,9.127637239477444,6.849801229084512,0.0004091984512355,ON,0.5163443470250645,5.4090661147656674e-05,-8789.06471211091,0.5163443470250645,0.4803162225043315,0.468232715036763,0.0,5.252908421571334e-07,16,123.99719298245614,227.1442105263158,,0.0,177.91848773808044,order_class,9.127637239477444,6.849801229084512,0.8980181703256297,0.2870872360567305,,False,0
517409929,511509529,Cux2-CreERT2,175,0,5.593162423700623,168.1407811183283,1.4703790623979325,17.20143415080244,56.61335187982786,6.7822233268675935,4.612567942722857,0.0213416779860675,ON,0.4834885213302512,0.0021764987932032,-5478.51382528912,0.4834885213302512,0.3076433379839045,0.4211190304888195,0.0,2.91110802130845e-10,16,275.35618257261416,331.43526970954355,,0.0,168.1407811183283,order_class,6.7822233268675935,4.612567942722857,0.747657431288319,0.38552023312585637,,False,0
517409005,511509529,Cux2-CreERT2,175,0,5.947105220159347,171.09572671144537,2.1398993308502905,20.659474332148296,58.76534880429814,8.699660280532006,4.065453058988149,0.0006876279804143,ON,0.3663454237847359,9.46045703394679e-05,-8288.161074651951,0.3663454237847359,0.3659385552865739,0.3097175635495469,0.0,3.23492373888179e-07,16,120.36731707317074,261.9848780487805,,0.0,171.09572671144537,order_class,8.699660280532006,4.065453058988149,0.7743056223954168,0.7607587862685238,,False,0
517409736,511509529,Cux2-CreERT2,175,0,5.619116590334271,144.38489231878066,1.0393595797324635,21.12698258844477,50.94977778336237,5.728632400029844,5.511694423891704,0.0019199924694391,ON,0.677164613432675,0.0001313752443251,-7993.957770637446,0.677164613432675,0.5872856261930641,0.5479124073465542,0.0,0.0,16,145.27344,283.81392,,0.0,144.38489231878066,order_class,5.728632400029844,5.511694423891704,0.7496680433092634,0.03860473475875233,,False,0
517410168,511509529,Cux2-CreERT2,175,2,20.762947252451383,73.46798654434545,1.1595350981199088,,,22.35789694928413,19.28177679617946,1.185605433062882e-05,ON,0.3342597439730564,2.3309346204992863e-06,-11606.440156539518,0.2454231774620393,0.3332799680902372,0.3342597439730564,0.0888365665110171,0.0756746730922747,16,,,0.32257649319601,29.63962194216525,73.46798654434545,order_class,22.35789694928413,19.28177679617946,1.317289000651725,0.1480191473026763,0.0,True,0
517409069,511509529,Cux2-CreERT2,175,2,9.408315213548557,78.98420338576636,1.346897572830044,19.62529077710096,59.71814108616925,10.918906437610282,8.106708823201707,-0.0112980824358264,ON,0.5820798563396474,0.0012911544425548,-5946.387815512322,0.4925776985259383,0.4955588482679803,0.5820798563396474,0.089502157813709,0.1655578796523397,16,96.83555555555556,375.8986111111111,8.018397334122824,34.58974405342744,78.98420338576636,order_class,10.918906437610282,8.106708823201707,0.9735118594560725,0.2978038535793157,2.0,True,2
517410213,511509529,Cux2-CreERT2,175,0,5.742303826920948,5.235365894682857,1.3243818792407012,15.334399883076948,54.38970871509105,6.608346131753598,4.989758796414759,0.0388796553804709,OFF,0.8535717842221626,0.0016294568423675,-5737.879656532197,0.8535717842221626,0.8305036997022052,0.7221963988202196,0.0,0.0005822937561776,16,47.358805970149255,375.0926865671642,,0.0,5.235365894682857,order_class,6.608346131753598,4.989758796414759,0.7590861674123845,0.2809458443568661,0.0,True,0
517410339,511509529,Cux2-CreERT2,175,2,16.771452063763082,117.34379696915212,1.7951518142708405,,,22.47094084209229,12.517571307037114,-1.0336292922989091e-05,ON,0.3324056918729809,3.449215434429913e-06,-11255.317931731168,0.2899564974086762,0.3256963389263252,0.3324056918729809,0.0424491944643047,0.1755383565779529,16,,,164.7517985623033,33.57832240324549,117.34379696915212,order_class,22.47094084209229,12.517571307037114,1.2245706652285884,0.5850895945593317,,False,0
517409561,511509529,Cux2-CreERT2,175,0,7.720362262479377,154.27522758623178,1.3887335149667148,24.548589113797703,47.6914912302059,9.098025244480072,6.551311066110574,0.000523017853477,ON,0.6250674150503122,5.41021565382316e-05,-8788.874313705282,0.6250674150503122,0.5873462681100464,0.5557999093698507,0.0,1.2891318712515698e-07,16,189.3075,233.80125,,0.0,154.27522758623178,order_class,9.098025244480072,6.551311066110574,0.8876376792093854,0.3283921914902424,,False,0
517409422,511509529,Cux2-CreERT2,175,2,11.023656721128246,174.33703171678457,2.2865809694145924,16.735211074779563,49.696646183885335,16.66936180978899,7.290081581522417,0.0009709498373611,OFF,0.472195944319101,0.0001618729778342,-7806.913961488195,0.3985385027491516,0.4145802678578801,0.472195944319101,0.0736574415699494,0.2273750509221062,16,347.1177272727273,379.7226136363636,172.73772927969932,36.99184956504944,174.33703171678457,order_class,16.66936180978899,7.290081581522417,1.04232568075722,0.8270576754350124,0.0,True,0
517409036,511509529,Cux2-CreERT2,175,0,5.819460097625518,178.95386037170744,1.346821651835726,17.498037718935574,54.51954538648672,6.7536373948067805,5.014500164592343,0.0112208163218587,ON,0.8121146459984518,0.0005530950800003,-6705.982650142615,0.8121146459984518,0.7135756014815611,0.675882787146602,0.0,8.061329381803263e-13,16,204.7643119266056,349.135871559633,,0.0,178.95386037170744,order_class,6.7536373948067805,5.014500164592343,0.764882694701694,0.2977474846796599,,False,0
587179520,511509529,Cux2-CreERT2,175,0,6.843821954472294,167.2002244560258,2.278622586280931,20.40315742495155,51.144635011197565,10.330822543675804,4.533801519336874,0.0124719523290885,OFF,0.712141925735911,0.0009475486451644,-6223.622524477194,0.712141925735911,0.4892475819837365,0.6147809305627974,0.0,0.0,16,236.8790243902439,179.39365853658538,,0.0,167.2002244560258,order_class,10.330822543675804,4.533801519336874,0.8352987026230054,0.8235711315828482,0.0,True,0
517409472,511509529,Cux2-CreERT2,175,0,10.41876245143907,114.0567617811939,1.7990522561305575,26.035884119887434,50.43414445944281,13.974556224045614,7.767732247034561,0.0014009544172044,OFF,0.4113716126805384,0.0002921759420628,-7277.7863386725085,0.4113716126805384,0.404916717959037,0.3599138884725877,0.0,1.4808844706060142e-08,16,382.5269696969697,65.76424242424243,,0.0,114.0567617811939,order_class,13.974556224045614,7.767732247034561,1.0178161361967284,0.5872600018675744,,False,0
587178625,511509529,Cux2-CreERT2,175,2,8.61736007799212,158.5888873885007,4.784081288294368,27.79822175407624,54.15587636274145,18.84835771863373,3.9398071610429497,-0.0056386612360933,ON,0.3456366903308364,0.0009926052298189,-6181.999063310907,0.3371980296927613,0.2927638106732865,0.3456366903308364,0.008438660638075,0.2299418634928814,16,233.7866037735849,60.09311320754717,168.4915212807734,32.048440953061125,158.5888873885007,order_class,18.84835771863373,3.9398071610429497,0.9353742404003492,1.5652940082043012,,False,0
517410401,511509529,Cux2-CreERT2,175,1,8.052041448649513,17.139423123227388,1.1085501985489064,,,8.477810091001386,7.647655561379944,2.3552275361171064e-05,ON,0.3338214127701372,3.3997520962500724e-06,-11268.260005513775,0.291428426444156,0.3338214127701372,0.3236524952744997,0.0423929863259812,0.0596113846393885,16,,,7.169630961215148,12.204862551217357,7.169630961215148,order_class,8.477810091001386,7.647655561379944,0.9059060017945398,0.10305303416292298,0.0,True,0
517409973,511509529,Cux2-CreERT2,175,0,8.880431112667186,14.502203451867842,1.3038091093253232,24.492794086779085,56.84171910437944,10.14007238468464,7.777267632323709,5.246822447339645e-05,ON,0.4189680057349126,9.37913735661734e-06,-10359.01239781702,0.4189680057349126,0.4019669341629522,0.398081131586593,0.0,0.0,16,269.51407407407413,343.40222222222224,,0.0,14.502203451867842,order_class,10.14007238468464,7.777267632323709,0.9484340497096482,0.26529006423441104,,False,0
517410411,511509529,Cux2-CreERT2,175,0,6.104786782965755,155.06465426736332,1.4322265911455807,23.592909312916625,56.15459212834456,7.305944464565622,5.101109356391637,0.0002945459925131,ON,0.3577030836437005,4.233392698452905e-05,-9008.649876365913,0.3577030836437005,0.3004981951340777,0.3486613979388451,0.0,0.0,16,296.1448598130841,326.05822429906544,,0.0,155.06465426736332,order_class,7.305944464565622,5.101109356391637,0.7856705002877044,0.35923029006097856,,False,0
517409855,511509529,Cux2-CreERT2,175,0,6.30452365051358,172.84038097969852,1.6191397145206203,27.996723942391306,50.72685306194663,8.022217656121288,4.954617309536151,0.0038651436082595,ON,0.8359695948127087,0.000189311825704,-7666.615067773517,0.8359695948127087,0.7070508019095427,0.6551083531126958,0.0,1.9571788634209495e-10,16,355.038125,205.97687500000004,,0.0,172.84038097969852,order_class,8.022217656121288,4.954617309536151,0.7996522782574504,0.48189496777302065,,False,0
587179539,511509529,Cux2-CreERT2,175,0,5.903970871847987,176.18079996756555,1.4308972914834752,14.538277333906253,52.24131068533513,7.06233699379931,4.935600225001103,0.0739527475909912,OFF,0.8434466686159278,0.0033108302372879,-5102.658439486521,0.8434466686159278,0.4887161328494299,0.8186409570353583,0.0,2.3575030816402887e-11,16,64.17737704918034,202.81278688524588,,0.0,176.18079996756555,order_class,7.06233699379931,4.935600225001103,0.7711442061613786,0.35830172405258154,0.0,True,0
587179485,511509529,Cux2-CreERT2,175,1,8.613064418589325,80.86944823409686,1.64432343471479,,,11.044633742817108,6.716825601121967,0.0003617495132896,ON,0.3680423452276835,5.028214587365116e-05,-8854.483005024704,0.1847656340240849,0.3680423452276835,0.332540051363792,0.1832767112035985,0.2429243908160653,16,,,69.50187381364996,6.353806597143822,69.50187381364996,order_class,11.044633742817108,6.716825601121967,0.9351576953913983,0.49732901372843114,0.0,True,0
587178380,511509529,Cux2-CreERT2,175,0,6.6918720839034025,170.51896141293437,2.440977798979468,24.54865069784352,50.2241364817264,10.45513260622682,4.283173984867022,0.0034573765098446,ON,0.6949657319015937,0.0002679663612431,-7355.285596360408,0.6949657319015937,0.5349107500232565,0.5637357651436536,0.0,1.7648171812822966e-10,16,323.5362,88.7133,,0.0,170.51896141293437,order_class,10.45513260622682,4.283173984867022,0.8255476307682634,0.8923986963180364,,False,0
517409482,511509529,Cux2-CreERT2,175,0,8.818187270834414,166.43401540364465,2.320530950439918,30.838648855530284,47.81288966880229,13.432999552509552,5.788761209999363,0.0021827341261175,OFF,0.5189907062362262,0.0003165958241793,-7205.864601764148,0.5189907062362262,0.4822591224981272,0.4544244511846312,0.0,8.880864932336863e-10,16,328.0432786885246,72.06262295081967,,0.0,166.43401540364465,order_class,13.432999552509552,5.788761209999363,0.9453793176504757,0.8417960174424738,,False,0
517409351,511509529,Cux2-CreERT2,175,0,6.33686485833213,153.68119309347017,1.9095818167358112,22.57284169778256,43.631745485970896,8.756762695057166,4.585696521778651,0.0026010208645812,ON,0.4825842460627054,0.0002992529860065,-7256.342226806331,0.4825842460627054,0.4053790294548663,0.434186476934758,0.0,5.261826530045255e-10,16,52.3365283018868,73.32294339622642,,0.0,153.68119309347017,order_class,8.756762695057166,4.585696521778651,0.8018744453441982,0.6468842739693998,,False,0
517409477,511509529,Cux2-CreERT2,175,2,14.74826283791594,138.00212160471688,5.192645161430936,31.9358951799141,47.30142997496832,33.607421425159394,6.472119773325356,-5.683745418595204e-06,ON,0.3551168402034236,1.5509241307555533e-06,-11971.486993811097,0.3238143385871096,0.307044758798433,0.3551168402034236,0.0313025016163139,0.2184181213393597,16,301.59103448275863,73.97627586206897,174.912320472687,29.84883142668682,138.00212160471688,order_class,33.607421425159394,6.472119773325356,1.1687408688336829,1.6472432323582908,,False,0
517410194,511509529,Cux2-CreERT2,175,0,10.501891850605624,156.8363169792534,4.956148641763216,30.199181055460286,63.138653915901365,23.379741393820822,4.717320460651714,0.0010337678754266,OFF,0.3976674364173468,0.0002156603330897,-7549.858104318216,0.3976674364173468,0.3477580854401395,0.3855999903247645,0.0,3.6054204621827075e-08,16,373.30176,326.85744,,0.0,156.8363169792534,order_class,23.379741393820822,4.717320460651714,1.0212675415717731,1.6006289556018853,,False,0
517410441,511509529,Cux2-CreERT2,175,0,5.193867118601209,1.334051774643143,1.567694577218433,14.69662389291583,59.19015269037697,6.503116921092637,4.148204003251159,0.0086537315803703,OFF,0.6046392822834307,0.0006430177774801,-6571.007015009671,0.6046392822834307,0.5449457656503103,0.5808330455176944,0.0,7.214547424727602e-05,16,256.54369565217394,327.5745652173913,,0.0,1.334051774643143,order_class,6.503116921092637,4.148204003251159,0.7154908343197632,0.44960611801794254,,False,0
517409203,511509529,Cux2-CreERT2,175,2,10.949817167971071,161.03822781008375,3.139041123493602,13.144498518262978,46.97272707258353,19.40016261856284,6.180283040373613,0.0004915204278279,OFF,0.5590974623594206,6.83217815973744e-05,-8579.788610694806,0.5514080762952775,0.4450960010134677,0.5590974623594206,0.007689386064143,0.3441187136911753,16,15.568,92.292,167.89154776920418,36.55149311804188,161.03822781008375,order_class,19.40016261856284,6.180283040373613,1.0394068677054356,1.1439173786002526,0.0,True,0
517410149,511509529,Cux2-CreERT2,175,2,19.72757553683956,76.06262618023116,1.7389709414326828,34.974329889354024,59.23149507521964,26.014763221061376,14.95986080114061,-6.227776852126212e-06,OFF,0.3462505690487915,2.261639867482485e-06,-11633.480680840188,0.3451818936114914,0.3315935190487331,0.3462505690487915,0.0010686754373,0.0338610427031996,16,309.14952879581153,100.68942408376964,157.34177784464345,29.917426055693237,76.06262618023116,order_class,26.014763221061376,14.95986080114061,1.2950737149698484,0.5532935253030815,,False,0
517410202,511509529,Cux2-CreERT2,175,0,5.6301928517817466,165.3816374535388,1.7408496752735794,15.360960980754747,48.65209514720436,7.428547530389262,4.267196436258544,0.0032978249357073,ON,0.6948447735857988,0.0002170081795234,-7544.275658284162,0.6948447735857988,0.4593098476010591,0.5753350311802456,0.0,2.8187857825656693e-08,16,18.66282722513089,284.70816753926704,,0.0,165.3816374535388,order_class,7.428547530389262,4.267196436258544,0.7505232710556436,0.5543733131602016,,False,0
517409979,511509529,Cux2-CreERT2,175,0,6.040147607612376,10.944698640866214,1.2574670710992133,14.447491898419011,59.15770772929511,6.773230611598264,5.386407936453916,0.0005742394881103,OFF,0.4886956387637282,6.239064902970227e-05,-8661.157253603951,0.4886956387637282,0.3501909886598113,0.4708843654074985,0.0,0.0007295396183556,16,170.2213953488372,348.92,,0.0,10.944698640866214,order_class,6.773230611598264,5.386407936453916,0.7810475519304434,0.22909943664429605,,False,0
587179579,511509529,Cux2-CreERT2,175,1,7.998137793992495,26.001911008390124,1.4013198755785443,15.420024170439149,47.63803152111196,9.467984165380074,6.756476041183068,-0.0117795117011965,ON,0.513890754346687,0.0011666221114785,-6037.263939880661,0.4915169323224779,0.513890754346687,0.3146521549090534,0.022373822024209,0.0648184153155813,16,132.67907834101382,113.23299539170507,33.83221893921592,17.758990364574622,33.83221893921592,order_class,9.467984165380074,6.756476041183068,0.9029888819999385,0.33741456076471316,0.0,True,0
517409998,511509529,Cux2-CreERT2,175,2,12.309841532494753,171.17255062138534,5.041828496426689,,,27.64053828711473,5.482244845635764,-0.0001097504278057,ON,0.3050103454299591,2.912709537738833e-05,-9343.682167122926,0.2945492335065139,0.2966579788738092,0.3050103454299591,0.0104611119234451,0.0,16,,,155.37451141221624,29.0809352650678,171.17255062138534,order_class,27.64053828711473,5.482244845635764,1.0902524621915872,1.6177688131984485,,False,0
587179161,511509529,Cux2-CreERT2,175,0,8.857735695120747,166.9394559842818,1.9395382210506176,34.75168933755418,54.5816959704357,12.335929776614025,6.360240619507794,0.0075918300073448,OFF,0.6532065922544648,0.0008367443017884,-6335.048856934937,0.6532065922544648,0.6255944173421555,0.6282644004586003,0.0,3.231193090869056e-11,16,382.5466666666667,266.8740350877193,,0.0,166.9394559842818,order_class,12.335929776614025,6.360240619507794,0.9473227172827738,0.6624499143552285,0.0,True,0
517409263,511509529,Cux2-CreERT2,175,1,8.669131573762312,85.22194725981976,1.2261030132575643,25.45875394180556,44.510455653961,9.5992891628638,7.829104943931248,0.0022113568696227,OFF,0.4952426576741254,0.0002398275758045,-7454.688932962912,0.4260592467208219,0.4952426576741254,0.4713715178329758,0.0691834109533034,0.2559964660331204,16,199.8381566820277,251.0557603686636,62.172264698454,7.226780097873382,62.172264698454,order_class,9.5992891628638,7.829104943931248,0.9379755944066732,0.20384085784845746,1.0,True,1
517409248,511509529,Cux2-CreERT2,175,0,5.33823164426617,169.46782696933332,2.1744012850104246,23.15396029612687,51.17991438890435,7.871676965830599,3.6201583489189577,0.00651159239552,ON,0.4979468174363483,0.0006176145884536,-6607.122760745332,0.4979468174363483,0.3535086644902288,0.4075505564158059,0.0,2.4844903911969137e-11,16,186.04544554455447,253.4420792079208,,0.0,169.46782696933332,order_class,7.871676965830599,3.6201583489189577,0.7273974153945013,0.7767533553869851,,False,0
586182651,511510650,Cux2-CreERT2,175,0,8.009319587163255,6.991916896350631,1.6135740739750335,38.34613164536881,44.63752606202984,10.173961194565791,6.305233430965013,5.616567996115419e-06,ON,0.454947864983807,8.490523285589086e-07,-12511.31393524239,0.454947864983807,0.393079377195688,0.4272400987925372,0.0,0.0017891982729246,16,361.4465671641791,157.21074626865672,,0.0,6.991916896350631,order_class,10.173961194565791,6.305233430965013,0.9035956231888829,0.47845164033433496,,False,0
517419869,511510650,Cux2-CreERT2,175,0,5.707655817866502,16.47996635816909,1.1915167695972713,29.02355183311245,46.9057664461187,6.230284173623866,5.228868222920338,0.0037629217042466,OFF,0.6333081793783284,0.0002880272149624,-7290.600204962278,0.6333081793783284,0.5376448309306147,0.4941026681609978,0.0,4.997620095537059e-10,16,287.2482722513089,155.76722513089004,,0.0,16.47996635816909,order_class,6.230284173623866,5.228868222920338,0.7564577764769281,0.1752270918153771,0.0,True,0
517419958,511510650,Cux2-CreERT2,175,2,13.907598044441531,26.710156996230523,6.903279955800034,37.09456110652109,40.38519437685996,36.54095330562584,5.293274144984467,0.0001415718466389,OFF,0.4382281917017111,3.0247419843896326e-05,-9309.865305701496,0.4161386323327801,0.4070355712679218,0.4382281917017111,0.0220895593689309,0.0,16,369.37642857142856,183.6992857142857,168.0048684211822,29.02361681096787,26.710156996230523,order_class,36.54095330562584,5.293274144984467,1.1432521302709528,1.9319966545704317,0.0,True,0
517420017,511510650,Cux2-CreERT2,175,0,6.329590719622307,14.254045275620284,1.5991386744096026,20.08764091506164,43.64795479497856,8.004214013789383,5.005328269447625,0.0091335432393788,ON,0.8816096909521487,0.0003715089995527,-7062.551972397193,0.8816096909521487,0.8232643403367816,0.7727430980096779,0.0,0.0113976377309672,16,256.67161764705884,235.9614705882353,,0.0,14.254045275620284,order_class,8.004214013789383,5.005328269447625,0.8013756288236449,0.46946515580093034,,False,0
586183051,511510650,Cux2-CreERT2,175,2,14.551293720608983,112.44939100498809,1.3705473957443697,25.11238974290676,52.50805056357812,17.035254905898793,12.429526303719422,-1.0242792271326524e-05,ON,0.5145799129187211,2.0736397386290235e-06,-11711.239829538446,0.5049618092972588,0.4875373970395218,0.5145799129187211,0.0096181036214623,0.3904977385103748,16,320.6134285714286,361.608,176.1516445138855,32.837848175734855,112.44939100498809,order_class,17.035254905898793,12.429526303719422,1.1629016071187812,0.31521021897511387,,False,0
517421085,511510650,Cux2-CreERT2,175,0,6.924049097925302,167.44522017696102,1.7778523878836918,19.22686653026735,48.30839750460853,9.232259188381564,5.192927855709888,0.0002465946787901,ON,0.5122155713391332,2.9069419826072844e-05,-9345.458126068808,0.5122155713391332,0.4968067872831032,0.3512290892277006,0.0,0.0,16,206.41016393442624,307.43508196721314,,0.0,167.44522017696102,order_class,9.232259188381564,5.192927855709888,0.8403601387646549,0.5754061122074989,,False,0
517420193,511510650,Cux2-CreERT2,175,0,6.099277918691137,1.879875677354832,1.2751774658257755,25.21863814347409,50.04261857497423,6.887533711723744,5.401235432954845,0.0256656031783097,OFF,0.8269428355057579,0.0012581431496884,-5969.59402878042,0.8269428355057579,0.6982771653711308,0.7098843852456,0.0,5.549936281645795e-05,16,287.2848430493274,322.93049327354265,,0.0,1.879875677354832,order_class,6.887533711723744,5.401235432954845,0.7852784227992606,0.24308535780747687,0.0,True,0
586183287,511510650,Cux2-CreERT2,175,0,9.024153454175684,173.32557048278795,1.309998292337908,32.57464887994006,48.17849724910813,10.328608987925564,7.884444619765464,0.0018727363451561,ON,0.749907162297713,0.000166241701905,-7783.052742552396,0.749907162297713,0.6965230348545448,0.6463640634248856,0.0,2.333462767456496e-08,16,305.2247872340426,310.419255319149,,0.0,173.32557048278795,order_class,10.328608987925564,7.884444619765464,0.9554064718049456,0.27002583365336175,,False,0
517420741,511510650,Cux2-CreERT2,175,1,17.027131389108956,120.72442786711554,1.1505573913000962,41.31408869663309,45.27470551293312,18.26398873506319,15.874035378996108,-0.0004945139655625,ON,0.6597773635302238,5.377065762259444e-05,-8794.381242688667,0.6421687450022728,0.6597773635302238,0.6426644535505336,0.0176086185279509,2.4958350874904056e-07,16,351.8734131736527,163.86071856287427,110.47427486109486,8.740021804442542,110.47427486109486,order_class,18.26398873506319,15.874035378996108,1.2311414872568787,0.1402465130388689,0.0,True,0
586183282,511510650,Cux2-CreERT2,175,1,10.586183197378023,70.98446442485533,1.3494529378871172,,,12.297540935867213,9.11298244688835,5.276624871703807e-06,OFF,0.3491210231548868,9.62908081799985e-07,-12398.563860075155,0.2886829647804491,0.3491210231548868,0.3171918610878661,0.0604380583744377,0.2605321998521118,16,,,32.71311474479589,4.116712275169995,32.71311474479589,order_class,12.297540935867213,9.11298244688835,1.0247394053289645,0.2996992791272614,0.0,True,0
517420116,511510650,Cux2-CreERT2,175,0,6.9593948366036384,12.850830573669413,2.1292400552267616,32.0688912576824,38.83849378601866,10.155090319051398,4.769349653235738,0.0183371003293688,ON,0.8327742105620477,0.0009969839380345,-6178.055204992022,0.8327742105620477,0.7220526468948009,0.6727769465952063,0.0,0.0294615082896126,16,299.156,144.116,,0.0,12.850830573669413,order_class,10.155090319051398,4.769349653235738,0.8425714766004686,0.7557651344759618,,False,0
517419275,511510650,Cux2-CreERT2,175,1,16.612192184952146,176.23873494906496,1.8246477043695128,,,22.439669661842988,12.298083409803631,-0.0011865815245712,ON,0.3122587544471928,0.0003142643142347,-7212.487440312298,0.2511019313298918,0.3122587544471928,0.2771694890976404,0.061156823117301,0.1204606366494688,16,,,51.17947351137988,8.388398456606044,51.17947351137988,order_class,22.439669661842988,12.298083409803631,1.22042694678057,0.6013869296984498,0.0,True,0
517421687,511510650,Cux2-CreERT2,175,2,9.150639527524556,102.41968254686002,1.1886370597386968,,,9.976451160610695,8.393185353655271,-0.0002368181627453,ON,0.431896981976293,3.745417542625618e-05,-9118.38355532876,0.3176496949417086,0.3630170785110208,0.431896981976293,0.1142472870345844,0.16953528908303,16,,,169.5359006624455,35.64404714123874,102.41968254686002,order_class,9.976451160610695,8.393185353655271,0.9614514474619824,0.17280732278347058,0.0,True,0
517420083,511510650,Cux2-CreERT2,175,0,7.135960383921211,167.90605011108926,1.235734300718897,16.647333498267685,48.43225139168601,7.932589507994893,6.419332621405795,0.0003191411279913,OFF,0.5458191936256389,3.616924271521191e-05,-9149.66209833956,0.5458191936256389,0.5397391399477176,0.5061678340878677,0.0,9.723202798461728e-09,16,29.945760000000003,218.76192,,0.0,167.90605011108926,order_class,7.932589507994893,6.419332621405795,0.8534524303405764,0.2116653688708611,,False,0
517421366,511510650,Cux2-CreERT2,175,0,8.341190914134174,157.6576119451126,2.2487537146543866,36.84294334833451,52.19264217315089,12.508320723224784,5.5623346575092585,0.0002950195349135,ON,0.4494726697957901,4.6789945854000085e-05,-8918.978620428707,0.4494726697957901,0.4023817625912715,0.3932254383198392,0.0,4.859546803848147e-07,16,384.957990430622,247.2338755980861,,0.0,157.6576119451126,order_class,12.508320723224784,5.5623346575092585,0.9212280614906129,0.810376158156455,,False,0
517420091,511510650,Cux2-CreERT2,175,0,5.9364110405296255,172.09569979928696,1.188459505012812,19.313119817998903,43.74379421272236,6.471666936979121,5.445424862759085,0.0074239928403643,OFF,0.8151054654579621,0.0003692701128982,-7067.968022922657,0.8151054654579621,0.5785633226248345,0.7142952122425225,0.0,6.807956420828987e-10,16,68.37849710982658,237.5212716763006,,0.0,172.09569979928696,order_class,6.471666936979121,5.445424862759085,0.7735239641128766,0.172657934888298,0.0,True,0
517419591,511510650,Cux2-CreERT2,175,2,16.724988370114893,99.52790900647514,1.1736107956589514,33.74545273588244,48.889287406333466,18.118734965911315,15.438452878015768,-0.0002604282441556,ON,0.6296685741987644,4.74450417234961e-05,-8906.520925685632,0.5720471098064386,0.5703878789205248,0.6296685741987644,0.0576214643923258,2.3675015281554582e-08,16,381.0924,241.4568,171.55305616613433,30.37692811554965,99.52790900647514,order_class,18.118734965911315,15.438452878015768,1.2233658244490278,0.1600851465593977,0.0,True,0
517429047,511510670,Cux2-CreERT2,175,0,6.131117421887995,102.98730971984352,1.191903830228198,33.70435273717377,59.39266668626053,6.693607481989185,5.615895605191275,2.601931779445601e-05,ON,0.4831816001934387,2.8978586890679284e-06,-11411.378475204669,0.4831816001934387,0.3549089518228291,0.4628166095491187,0.0,1.8807387758279506e-07,16,335.50242424242424,172.49424242424243,,0.0,102.98730971984352,order_class,6.693607481989185,5.615895605191275,0.7875396337246374,0.17555188604964495,,False,0
517428981,511510670,Cux2-CreERT2,175,1,7.098687716694428,33.18063001358064,1.3264324181013674,,,8.175618825388296,6.163615057818579,-0.0012825996584146,OFF,0.3280838246954448,0.000165859064513,-7785.117436703079,0.1748058308686878,0.3280838246954448,0.2870908420129306,0.153277993826757,0.1574234777250156,16,,,66.25916890094022,11.601450535889995,66.25916890094022,order_class,8.175618825388296,6.163615057818579,0.8511780712439596,0.2824929457677217,0.0,True,0
517430331,511510670,Cux2-CreERT2,175,0,8.945077700739017,175.36943711161655,1.354844920162539,22.736876139363225,53.7686058121701,10.41187417329014,7.684919519823006,0.0007157388950857,ON,0.7609952356140943,6.125953425367944e-05,-8677.550389194477,0.7609952356140943,0.7545461077077925,0.6720148184369745,0.0,4.4646210173304723e-08,16,84.75509433962264,68.13962264150943,,0.0,175.36943711161655,order_class,10.41187417329014,7.684919519823006,0.9515841173858549,0.303686997717209,,False,0
517430502,511510670,Cux2-CreERT2,175,2,17.172985770605,158.178010510876,4.208149057927117,23.430179155778323,71.72343321062957,35.228274149825694,8.37144161599131,-7.864586211588208e-05,ON,0.3589972597126344,2.4699128866883844e-05,-9491.433354815556,0.3298827189019296,0.3258821160609945,0.3589972597126344,0.0291145408107047,0.0,16,189.22972375690608,71.9625414364641,154.67131500894638,30.986092840822028,158.178010510876,order_class,35.228274149825694,8.37144161599131,1.2348458100686714,1.4370228973192434,,False,0
517430372,511510670,Cux2-CreERT2,175,2,12.07286551501066,59.64762691379106,1.7993846006109055,31.408969982392545,58.829014539595605,16.194679687029858,9.00012130899177,-0.0001794743634793,ON,0.4045558454411504,3.745842030244401e-05,-9118.282012750204,0.3923684642540428,0.3947538454868325,0.4045558454411504,0.0121873811871076,0.0018423785704643,16,208.01515695067263,81.56071748878924,171.33374735063978,32.941225744493536,59.64762691379106,order_class,16.194679687029858,9.00012130899177,1.081810362860883,0.5874447178954076,,False,0
517431455,511510670,Cux2-CreERT2,175,1,14.336927914797077,103.79408948695256,2.6372119195791077,20.440402654576506,61.5600279719366,23.282446658459385,8.828432211157004,-0.0008171784016076,OFF,0.5059867373217553,0.0001256038409613,-8034.210440252045,0.3659473461912043,0.5059867373217553,0.4439374220147698,0.1400393911305509,0.0609533218850905,16,247.09388888888887,185.11277777777772,150.1712939816248,8.430561473489055,150.1712939816248,order_class,23.282446658459385,8.828432211157004,1.1564561016396642,0.9697222680325918,0.0,True,0
517431444,511510670,Cux2-CreERT2,175,1,11.272952915600452,110.47691180022942,1.4686290890542173,28.53666615119744,55.46632932517824,13.661354343548911,9.30211340996023,-7.941834127987493e-05,ON,0.3861912719111531,9.705529882125564e-06,-10328.36201058302,0.3851582602365779,0.3861912719111531,0.3565887456705123,0.0010330116745751,0.0985259924355088,16,276.237,187.69281818181813,155.1949943227441,25.04133271729413,155.1949943227441,order_class,13.661354343548911,9.30211340996023,1.0520376930621824,0.3843293731755969,0.0,True,0
517430014,511510670,Cux2-CreERT2,175,1,8.130324064422116,84.13876971878048,1.2794951952525673,,,9.19659763899141,7.187676572068751,1.3152740552278803e-05,OFF,0.3782163459170715,1.5966533117324138e-06,-11945.450316355576,0.216840634041285,0.3782163459170715,0.3760761909606731,0.1613757118757864,0.1626507752180643,16,,,159.15011920924843,12.820634740678788,159.15011920924843,order_class,9.19659763899141,7.187676572068751,0.9101078563671827,0.2464656214348584,0.0,True,0
517430025,511510670,Cux2-CreERT2,175,0,6.13114124390139,61.47150516073604,1.526158230746911,,,7.574275587859302,4.962968737620611,0.0003266485930375,ON,0.3106775901537679,4.905760195149722e-05,-8876.573798615938,0.3106775901537679,0.1699928937467018,0.2842256004377328,0.0,0.1411858956013982,16,,,,0.0,61.47150516073604,order_class,7.574275587859302,4.962968737620611,0.7875413211411644,0.4227536173603092,,False,0
517428852,511510670,Cux2-CreERT2,175,0,5.177466584498878,28.27171655530822,1.4858333917499946,18.345128944044163,59.38047823212482,6.311060765013073,4.2474888504019885,0.0010563566773647,OFF,0.5615735743636263,8.550855194896102e-05,-8378.737171148861,0.5615735743636263,0.3497963814804447,0.5058614477401495,0.0,0.0,16,60.900000000000006,338.43,,0.0,28.27171655530822,order_class,6.311060765013073,4.2474888504019885,0.7141173046268947,0.3959758214028043,,False,0
517428958,511510670,Cux2-CreERT2,175,0,4.067597287926574,5.466567789852732,1.3792037557847705,17.216080199895234,52.124494959552216,4.776966158988278,3.463568119614184,0.009106776668364,OFF,0.5743585391618522,0.0005686551807687,-6681.123739789704,0.5743585391618522,0.4554105269285485,0.1486012652358391,0.0,0.0005624290800623,16,41.53024390243903,188.9959024390244,,0.0,5.466567789852732,order_class,4.776966158988278,3.463568119614184,0.6093379490961442,0.32150634408539536,,False,0
517428990,511510670,Cux2-CreERT2,175,2,10.75980318306432,99.13296153962608,2.392579134437136,,,16.643224937429512,6.956185773702695,0.000111936601198,OFF,0.3318364616735237,2.497979020138795e-05,-9481.309332961113,0.2756117964862541,0.2984702815294279,0.3318364616735237,0.0562246651872696,0.1535316451802414,16,,,167.6379119029211,31.462577085604945,99.13296153962608,order_class,16.643224937429512,6.956185773702695,1.03180432734423,0.872371919842752,0.0,True,0
517429112,511510670,Cux2-CreERT2,175,0,6.624255664486366,8.477916002682015,1.8081758938283896,22.81423062107256,57.94064542439025,8.907532658124085,4.926253407385311,0.0099920838381562,ON,0.6757033838746598,0.0008021062187952,-6372.929486765526,0.6757033838746598,0.6062201127272602,0.5594600614086929,0.0,0.0055713551584566,16,123.93860869565218,137.1613043478261,,0.0,8.477916002682015,order_class,8.907532658124085,4.926253407385311,0.8211370857836076,0.5923185436474765,,False,0
517428799,511510670,Cux2-CreERT2,175,0,7.850876321781233,173.6730205153159,2.4468713713356163,35.23525264995575,56.41005106643048,12.280716495059757,5.018946495890533,0.0089559279906568,OFF,0.7562035450238112,0.0006897302421619,-6508.172151222519,0.7562035450238112,0.7155167347621989,0.7338053389247481,0.0,1.7611689884233783e-11,16,121.94912280701756,28.157543859649127,,0.0,173.6730205153159,order_class,12.280716495059757,5.018946495890533,0.8949181357863655,0.8948102172168728,0.0,True,0
517430463,511510670,Cux2-CreERT2,175,1,7.857152799586515,44.84058058285609,1.3299226618466766,17.690977634229537,46.51115164516762,9.061047190862826,6.813213618212223,0.0008959627425387,OFF,0.4523651624509566,9.841292125899537e-05,-8252.799250231663,0.3481823464443179,0.4523651624509566,0.3361476544003132,0.1041828160066387,0.2176964829844581,16,74.45167630057804,25.77606936416185,28.092046234715013,13.95496182797049,28.092046234715013,order_class,9.061047190862826,6.813213618212223,0.8952651990367106,0.2851207915554833,1.0,True,1
517428692,511510670,Cux2-CreERT2,175,2,7.287019997979816,162.82988744982015,2.262418021677789,,,10.960651949917937,4.844662588830341,8.202569599517107e-05,OFF,0.3859978434943706,1.1744868114877792e-05,-10157.47637538859,0.3228944038880639,0.2317922990195438,0.3859978434943706,0.0631034396063067,0.0802585007613184,16,,,167.01628448190436,34.730656307223086,162.82988744982015,order_class,10.960651949917937,4.844662588830341,0.8625499613733405,0.8164341624229152,0.0,True,0
517429105,511510670,Cux2-CreERT2,175,0,5.894755118183932,1.4489817997356056,1.2523262194938118,36.23072952438287,61.46179909609222,6.596666140935057,5.267530167659844,0.0444325580415175,OFF,0.8489635746335884,0.0019446243851686,-5579.447049099094,0.8489635746335884,0.5563562512385412,0.8231936015482955,0.0,9.52338208293213e-12,16,377.778,101.658,,0.0,1.4489817997356056,order_class,6.596666140935057,5.267530167659844,0.7704657682045708,0.22500279743951146,0.0,True,0
517428098,511510670,Cux2-CreERT2,175,2,14.9380092728864,117.64911294223188,1.9476274779045228,,,20.84710103741531,10.703844176528548,-1.6177642279991634e-05,OFF,0.3292881784162603,4.881718931235853e-06,-10944.091791461982,0.3136149579541042,0.3227751582201814,0.3292881784162603,0.0156732204621561,0.2922938889298908,16,,,0.678407370010774,28.857366273498624,117.64911294223188,order_class,20.84710103741531,10.703844176528548,1.174292724694497,0.6666119538243999,,False,0
517430233,511510670,Cux2-CreERT2,175,0,3.722945141786076,72.32486839448148,1.083436435993408,,,3.875148548816367,3.576719796453241,2.86668739169792e-05,OFF,0.3544730755050493,2.5637189375334746e-06,-11521.150272720362,0.3544730755050493,0.0968346008784186,0.3149992265911759,0.0,0.2788814805777359,16,,,,0.0,72.32486839448148,order_class,3.875148548816367,3.576719796453241,0.5708866368643435,0.08013787483122169,,False,0
517429109,511510670,Cux2-CreERT2,175,0,12.618621556872784,167.75338906887876,3.189328558623041,39.078119919739606,57.35878087633328,22.53520673384859,7.065815365092998,7.384661264283209e-05,ON,0.3663283997528196,1.9849876603705317e-05,-9687.27223949042,0.3663283997528196,0.3129607529543758,0.3535680102824396,0.0,2.9208436558292306e-08,16,362.9528275862069,126.86027586206896,,0.0,167.75338906887876,order_class,22.53520673384859,7.065815365092998,1.1010119156893758,1.1598104114517884,,False,0
517430582,511510670,Cux2-CreERT2,175,0,5.427544307835861,8.06102502661159,1.3680596683474324,26.4821364860997,57.41689533567652,6.348277422453288,4.640351272193985,0.0330993086657884,OFF,0.7630007687978871,0.0017682872920546,-5664.618473885635,0.7630007687978871,0.6016250719941783,0.7126294797261514,0.0,3.2172930986007486e-11,16,172.51764705882354,215.29223529411763,,0.0,8.06102502661159,order_class,6.348277422453288,4.640351272193985,0.7346033775101657,0.3133934354621911,0.0,True,0
517429770,511510670,Cux2-CreERT2,175,0,7.512725446726776,25.70881997993655,1.1217913601796343,19.014893274563047,58.70636717725495,7.95707704578217,7.093188027859288,0.0132104751579347,ON,0.6698011158934162,0.0012088628572741,-6005.395333169998,0.6698011158934162,0.4162045133181385,0.5730026031412077,0.0,1.9885304514133395e-10,16,92.88215139442232,50.74972111553785,,0.0,25.70881997993655,order_class,7.95707704578217,7.093188027859288,0.875797517796195,0.1149268363149229,,False,0
517430114,511510670,Cux2-CreERT2,175,2,15.205068916142247,172.03457110611708,4.634291215773495,24.534355410273825,57.205202371652575,32.73256609105586,7.06312239931011,-1.5331447555766342e-05,ON,0.3377531762041703,4.630459209774566e-06,-10991.437644013104,0.3250361672019234,0.3272067431901387,0.3377531762041703,0.0127170090022469,0.1684743030776638,16,238.07333333333327,264.8497222222222,148.98041846916854,31.15583820508593,172.03457110611708,order_class,32.73256609105586,7.06312239931011,1.1819883929005695,1.5334832673186438,,False,0
517430032,511510670,Cux2-CreERT2,175,0,6.158886645680528,18.936659098575944,1.2923790865556588,16.55733341363292,51.12056715867708,7.001597997489987,5.41760391384084,0.0048374242477424,OFF,0.7580493805135,0.0002956007254561,-7267.34481958136,0.7580493805135,0.6620688214722733,0.7034843816803068,0.0,0.0048434017137923,16,162.15952380952382,250.12000000000003,,0.0,18.936659098575944,order_class,7.001597997489987,5.41760391384084,0.7895022109731127,0.25648477297071903,0.0,True,0
517429406,511510670,Cux2-CreERT2,175,0,5.695118898159848,37.08505377194608,1.534527335009343,19.29586281488763,65.327327847437,7.0548877790465605,4.597433762236374,0.0006814821998777,OFF,0.672007148843055,4.7113832657281904e-05,-8912.797746109252,0.672007148843055,0.6501368313044416,0.1590593858655341,0.0,4.0213313345915935e-08,16,221.1087272727273,336.38918181818184,,0.0,37.08505377194608,order_class,7.0548877790465605,4.597433762236374,0.7555027953643221,0.4282224085451533,,False,0
517428614,511510670,Cux2-CreERT2,175,0,8.71876473967942,12.53463819626154,2.09556867457967,23.70505672548111,58.813134672633545,12.621352843198578,6.02287722483262,0.0001632029117366,ON,0.459638142125938,2.644066566489741e-05,-9430.384200710478,0.459638142125938,0.428226147694865,0.4085789561370861,0.0,0.0,16,320.66297872340425,359.0622127659575,,0.0,12.53463819626154,order_class,12.621352843198578,6.02287722483262,0.9404549591594007,0.739824960253368,,False,0
517431567,511510670,Cux2-CreERT2,175,2,20.96562273015276,22.827834888010017,3.8074573422194966,,,40.90960532739063,10.744599781528484,0.0001487859400929,ON,0.3224466002631844,3.105775399342017e-05,-9286.17720103366,0.1317682784610806,0.3184504529043083,0.3224466002631844,0.1906783218021037,0.01629572885318,16,,,163.24636526306344,30.546001243755555,22.827834888010017,order_class,40.90960532739063,10.744599781528484,1.321507766536989,1.3369616021051138,0.0,True,0
517431875,511510670,Cux2-CreERT2,175,0,9.448827235358063,15.223554587654576,2.0806097124349625,28.311039417955588,64.10512510250096,13.62928958047016,6.550622877040998,0.0009780156801748,ON,0.7258009246613828,9.487719918317183e-05,-8285.58271987788,0.7258009246613828,0.7113324352018804,0.7251794666616145,0.0,3.509674550983277e-09,16,292.65122448979594,239.3127551020408,,0.0,15.223554587654576,order_class,13.62928958047016,6.550622877040998,0.9753779083167404,0.7326609817370827,,False,0
517429957,511510670,Cux2-CreERT2,175,2,8.68143379068457,75.72208893960175,1.7451699897411397,27.27684430675098,48.568586409288045,11.468597881250767,6.571622219421673,6.364012497673852e-05,OFF,0.4080372380252992,1.0205625081024693e-05,-10283.344073990957,0.337477439127233,0.3143097640759296,0.4080372380252992,0.0705597988980661,0.0,16,69.08735294117648,239.1235294117647,173.41654451257892,33.75493844431489,75.72208893960175,order_class,11.468597881250767,6.571622219421673,0.9385914574298801,0.5568519662342613,0.0,True,0
517431832,511510670,Cux2-CreERT2,175,0,4.752601470611362,170.60618209560465,1.2199924575901613,21.999639984789447,60.67591752862087,5.249403674594092,4.302816498524249,0.0374971663684344,OFF,0.7324387748201557,0.0019115876198024,-5594.799766200837,0.7324387748201557,0.6980794190011539,0.6828647813093833,0.0,0.0,16,208.2304545454545,238.56477272727275,,0.0,170.60618209560465,order_class,5.249403674594092,4.302816498524249,0.6769313980585007,0.19884467642290818,,False,0
517431828,511510670,Cux2-CreERT2,175,0,6.233079071335815,104.0643165636537,1.1758382524953277,17.445969575184247,60.00004025575621,6.75890634360791,5.74815994399261,0.023784377156178,ON,0.6731617356985196,0.0018121438886818,-5642.667220511339,0.6731617356985196,0.4519746375652445,0.5748097161802315,0.0,1.0169576292184955e-10,16,49.1889539748954,234.36878661087863,,0.0,104.0643165636537,order_class,6.75890634360791,5.74815994399261,0.7947026362818597,0.16198129962175814,,False,0
517429042,511510670,Cux2-CreERT2,175,0,5.520815255766684,1.2028461611299406,1.3709473219225912,31.09318234263807,55.94475415469557,6.464182337760735,4.715120876194925,0.0326662919003634,OFF,0.8142774460125412,0.0015201712614705,-5800.083321491972,0.8142774460125412,0.5197858413934318,0.7048409632524194,0.0,4.0987629258637526e-05,16,229.9517647058824,90.02823529411765,,0.0,1.2028461611299406,order_class,6.464182337760735,4.715120876194925,0.7420032144932425,0.3155019767366599,0.0,True,0
517428523,511510670,Cux2-CreERT2,175,0,5.904790457015233,7.375628405971042,1.333581068328837,28.11732148568004,60.98068880153277,6.818898111354666,5.113223540207943,0.0667930021304297,OFF,0.7552802899684847,0.0039516836415927,-4944.11774304444,0.7552802899684847,0.740312400017737,0.7189582777858405,0.0,2.8277380437202737e-13,16,287.1204484304933,74.4427802690583,,0.0,7.375628405971042,order_class,6.818898111354666,5.113223540207943,0.7712044904378144,0.2878678564394948,0.0,True,0
517429124,511510670,Cux2-CreERT2,175,2,14.889147265360087,166.6539712812408,3.4441372389015417,39.510177663533895,53.69293791410852,27.63185553851515,8.022867157096195,-0.0001430625805366,OFF,0.306510308584242,4.617502262105467e-05,-8930.832101614775,0.3002787422254421,0.2965810689692221,0.306510308584242,0.0062315663587998,0.0,16,183.17826589595376,82.90092485549133,160.45560139699185,27.74373684698797,166.6539712812408,order_class,27.63185553851515,8.022867157096195,1.1728698254517411,1.2366734344653736,,False,0
517430362,511510670,Cux2-CreERT2,175,0,6.973918851128149,79.95620585504157,1.9162254510123096,16.769065701716535,55.34396512183757,9.653842111251048,5.037946921199217,0.0034201286350065,OFF,0.6006138349767968,0.000338861506379,-7144.9674865517045,0.6006138349767968,0.4642044188797516,0.3052349813365982,0.0,1.9676149598524265e-11,16,63.35333333333334,74.11857142857143,,0.0,79.95620585504157,order_class,9.653842111251048,5.037946921199217,0.8434768895968406,0.6503573401693455,0.0,True,0
517429337,511510670,Cux2-CreERT2,175,2,13.666417972208423,175.07859944245473,3.237777102064791,26.089816528520387,56.550480400430814,24.59111227644949,7.59506028403477,-0.0014177948285802,ON,0.569075242143442,0.0002403636005626,-7452.688569747494,0.5324889821239684,0.5312197247359345,0.569075242143442,0.0365862600194735,0.2805701756505513,16,198.4529268292683,72.61926829268293,164.28482714772312,33.81515320296595,175.07859944245473,order_class,24.59111227644949,7.59506028403477,1.1356546990039549,1.1748870147342878,,False,0
517429214,511510670,Cux2-CreERT2,175,1,8.669222388334502,131.138615058823,1.1923470635001152,,,9.466326666112185,7.939237622914872,-1.1771218716718993e-05,OFF,0.3573009623433559,1.5717390115371797e-06,-11959.54179923849,0.2433782339007476,0.3573009623433559,0.2461580031551056,0.1139227284426083,1.1900177408152857e-05,16,,,178.7920288594275,8.35824401562414,178.7920288594275,order_class,9.466326666112185,7.939237622914872,0.9379801438890133,0.1759236869185796,0.0,True,0
517430638,511510670,Cux2-CreERT2,175,1,11.549670502785077,175.59790605666018,3.733408411193837,24.56886569264152,61.55022005687579,22.316307928695423,5.977462273290189,0.0066359383113553,ON,0.603612861921392,0.000528524825361,-6746.697019337058,0.5737547151888269,0.603612861921392,0.5100013437651164,0.029858146732565,0.1941141731549428,16,301.17533333333336,229.7056666666667,143.00402609344448,39.06642745476776,143.00402609344448,order_class,22.316307928695423,5.977462273290189,1.0625695945430171,1.3173215995719394,0.0,True,0
517430731,511510670,Cux2-CreERT2,175,0,6.261285967383911,27.655016923061385,1.2152349940480691,17.295971852326083,59.6323273100725,6.902297481602406,5.679804741805668,0.0024092834712794,ON,0.6689907813477824,0.0001862472490568,-7681.238181996711,0.6689907813477824,0.6551572126439067,0.6187606951299571,0.0,3.884347288263257e-10,16,71.79016574585636,314.2408839779006,,0.0,27.655016923061385,order_class,6.902297481602406,5.679804741805668,0.7966635394696204,0.19493746883021765,,False,0
517429419,511510670,Cux2-CreERT2,175,0,7.35913360266936,126.77003766368485,1.4930080512309785,32.205506308387434,50.69163956107139,8.992030314145952,6.022760765912858,0.0058033200350826,ON,0.5377351000590933,0.0006877525191397,-6510.745019784279,0.5377351000590933,0.4919888086582651,0.5259644840084698,0.0,4.1761949454155456e-10,16,129.57375000000002,335.95875,,0.0,126.77003766368485,order_class,8.992030314145952,6.022760765912858,0.866826687472233,0.40079291119554616,,False,0
517428462,511510670,Cux2-CreERT2,175,0,5.045286136247296,173.11628782448534,1.373126434041732,16.866937371146914,54.85430166403543,5.912090392862353,4.305568843693729,0.0139400581741925,ON,0.7451155884384376,0.0007285047990079,-6459.166644968728,0.7451155884384376,0.6656808568126409,0.6521653518664305,0.0,0.0,16,228.5574107142857,259.8479464285714,,0.0,173.11628782448534,order_class,5.912090392862353,4.305568843693729,0.7028858016669595,0.3170902085197658,,False,0
517430176,511510670,Cux2-CreERT2,175,0,5.502694358229493,46.44740528735235,1.3179041085820649,19.514517210924943,64.87155218491924,6.317093383479995,4.793287571033196,0.0140809725656125,OFF,0.8585810661092724,0.0005490658141181,-6712.53385030428,0.8585810661092724,0.7010119247218546,0.6933616870724024,0.0,1.1503797914258485e-11,16,217.74173410404623,343.5336416184971,,0.0,46.44740528735235,order_class,6.317093383479995,4.793287571033196,0.740575391019276,0.2760426781847113,,False,0
517429007,511510670,Cux2-CreERT2,175,0,4.99569847902805,36.62451793537332,1.6485491520407338,19.64753458376494,67.84327077185799,6.414268985375626,3.890856986238731,0.0039484124794453,OFF,0.6213255302894837,0.000260779057859,-7379.6459795574465,0.6213255302894837,0.6170133509472766,0.233477277283888,0.0,0.0,16,156.6522807017544,355.1326315789474,,0.0,36.62451793537332,order_class,6.414268985375626,3.890856986238731,0.6985962181636671,0.4998955993064059,,False,0
517429981,511510670,Cux2-CreERT2,175,0,7.605415178441784,140.98165682831186,1.477429475739596,22.903592070278936,53.86918819982668,9.244348441920462,6.257048876930504,0.000117790482515,ON,0.408215712902805,1.8691615552780064e-05,-9741.142208727006,0.408215712902805,0.3910474513329872,0.3843777126984036,0.0,3.379795607827419e-07,16,114.93857142857144,279.786,,0.0,140.98165682831186,order_class,9.244348441920462,6.257048876930504,0.8811229271049466,0.39030373700295884,,False,0
517431302,511510670,Cux2-CreERT2,175,2,14.007397888487407,19.562017304675805,4.206032344779287,,,28.727231175297096,6.830007194536818,-0.0001059124188843,ON,0.4165827564418376,2.3102717615236572e-05,-9551.3020303008,0.391950082884274,0.3858625584106537,0.4165827564418376,0.0246326735575636,0.0695125430409938,16,,,153.85224792492613,31.30453549292476,19.562017304675805,order_class,28.727231175297096,6.830007194536818,1.146357465219342,1.436519767402933,,False,0
517428536,511510670,Cux2-CreERT2,175,2,12.263057363170066,58.05831198904751,2.0247068505216106,25.336600143162187,55.3450511656705,17.44937338727175,8.618222130663701,1.4205108244107385e-05,ON,0.3624115075948189,1.404833375899519e-06,-12060.130302865948,0.3037234631426612,0.3545529751327924,0.3624115075948189,0.0586880444521576,0.1912069006820114,16,364.1504680851064,88.52502127659575,178.57582748649318,33.11878038892422,58.05831198904751,order_class,17.44937338727175,8.618222130663701,1.0885987597762385,0.7054249249044999,0.0,True,0
517429657,511510670,Cux2-CreERT2,175,1,9.824773068647485,110.62132175345344,1.4230642883120737,36.59245171300021,52.139937589362205,11.720193663477684,8.235884885692164,0.000159938810659,OFF,0.3495628010885959,2.7242968058859976e-05,-9403.600750245872,0.3158573300649185,0.3495628010885959,0.3468601788210436,0.0337054710236773,0.1996571019779189,16,87.01727272727273,316.34909090909093,141.3267803668115,10.904386977289889,141.3267803668115,order_class,11.720193663477684,8.235884885692164,0.9923225278848826,0.3528124960999207,0.0,True,0
589156275,511510670,Cux2-CreERT2,175,1,8.939669113554569,160.54358382127373,1.6470805214997477,17.88191025050896,60.87167582862815,11.473049307351545,6.965688172248415,0.0174624928489022,ON,0.7234028447474172,0.0012255105240213,-5993.140399680228,0.5200624029133746,0.7234028447474172,0.7115560768341771,0.2033404418340426,6.079448056084402e-11,16,214.2947368421053,142.1242105263158,160.19159320363596,13.552746179700414,160.19159320363596,order_class,11.473049307351545,6.965688172248415,0.9513214444316226,0.4990043397999185,1.0,True,1
517428652,511510670,Cux2-CreERT2,175,2,7.578275982182589,14.040286860730449,3.1536471792250294,,,13.457889845435751,4.267405033160008,0.0006964220647946,OFF,0.3344678994970457,0.0001077297868845,-8171.752457610338,0.2403688333770574,0.3319510600103579,0.3344678994970457,0.0940990661199883,0.1771265972346328,16,,,170.57168299376258,35.180319023869295,14.040286860730449,order_class,13.457889845435751,4.267405033160008,0.8795704171644319,1.1485596177385289,0.0,True,0
589156289,511510670,Cux2-CreERT2,175,0,6.662246641514056,160.39380804291997,1.5293701612553967,,,8.239047617973114,5.387216140800093,0.0003231328091715,ON,0.3565485258725487,5.056942726137739e-05,-8849.378378262418,0.3565485258725487,0.3451180797054728,0.33139287377726,0.0,0.1099898242021997,16,,,,0.0,160.39380804291997,order_class,8.239047617973114,5.387216140800093,0.8236207065697778,0.4248559913391911,,False,0
517429090,511510670,Cux2-CreERT2,175,2,10.393943054704351,169.89429464016916,1.1244411111537005,33.878093633296736,60.70438797188729,11.021702669083512,9.801938545074195,-0.0010685257447032,ON,0.455578952724294,0.000173808358307,-7743.171300268885,0.4271337596251117,0.3983886706094415,0.455578952724294,0.0284451930991823,0.2600016245021282,16,228.46112359550563,131.18022471910112,152.61184877029555,34.99137700778281,169.89429464016916,order_class,11.021702669083512,9.801938545074195,1.0167803331241876,0.11728612212970475,,False,0
517430289,511510670,Cux2-CreERT2,175,0,6.4476672517464,168.86146044921108,1.98983155031021,25.01354611077123,62.26384214747462,9.0951689917517,4.57082359073751,0.0008237560503731,ON,0.450274629578442,0.0001028466752034,-8213.31505706343,0.450274629578442,0.446341713369114,0.3830989378249051,0.0,2.826964551339017e-09,16,235.274776119403,17.747910447761196,,0.0,168.86146044921108,order_class,9.0951689917517,4.57082359073751,0.8094026165049655,0.6880499870682281,,False,0
517429586,511510670,Cux2-CreERT2,175,0,5.779250765501605,178.41903284189283,1.5075220250542547,20.308249392912288,49.16311895944909,7.095832776530044,4.706951313878595,0.0001168017827257,ON,0.3899102116880785,1.4874648388987953e-05,-9945.803611096238,0.3899102116880785,0.2714417792337926,0.3524846903435072,0.0,0.0097384606383813,16,67.08,124.215,,0.0,178.41903284189283,order_class,7.095832776530044,4.706951313878595,0.7618715391991762,0.41046725983038734,,False,0
589170135,511510718,Cux2-CreERT2,175,0,6.859361719787776,0.6761545789927368,2.5412918665538795,36.38583138006431,35.944449617981746,10.934803388539091,4.302852235295288,0.0045950870819938,ON,0.3489855940494272,0.0007512227744777,-6431.652248508375,0.3489855940494272,0.311683673660234,0.3157615981314959,0.0,4.770314830782052e-05,16,132.86273684210525,18.67484210526316,,0.0,0.6761545789927368,order_class,10.934803388539091,4.302852235295288,0.8362837054340381,0.9326725606122687,,False,0
589170614,511510718,Cux2-CreERT2,175,1,7.328683257158678,155.92515948701333,1.942982001275405,,,10.21551676426964,5.257648685146855,-2.8449384813015544e-05,ON,0.3850819569790333,3.355141883547272e-06,-11280.0947824381,0.2699832253222213,0.3850819569790333,0.2633141411666155,0.115098731656812,2.122677561722241e-06,16,,,159.75449995911174,15.614781663568904,159.75449995911174,order_class,10.21551676426964,5.257648685146855,0.8650259520600301,0.6642239069841039,1.0,True,1
589170745,511510718,Cux2-CreERT2,175,0,8.146969241347412,178.2074697627773,2.355632250060519,38.502652477235934,42.33943596909664,12.504024684727147,5.308139538506448,0.0784106847753108,ON,0.7094674350270347,0.0070381012790971,-4426.949497477003,0.7094674350270347,0.4526374671918362,0.5928542038080706,0.0,1.2477241462249822e-10,16,117.07378378378378,126.77108108108108,,0.0,178.2074697627773,order_class,12.504024684727147,5.308139538506448,0.9109960766471707,0.8568091627996712,,False,0
589170196,511510718,Cux2-CreERT2,175,1,12.548858747807978,15.239650915046065,1.6787051905708634,25.75476124355169,41.00864293562021,16.258910764016996,9.685387794915892,-1.956679873454285e-05,ON,0.4806614893807788,3.2488492701231403e-06,-11308.939886766422,0.3243774462958602,0.4806614893807788,0.4525733927805565,0.1562840430849186,0.0481117618854231,16,238.4967,50.19690000000001,12.947439050218064,25.39384041343721,12.947439050218064,order_class,16.258910764016996,9.685387794915892,1.0986042308316653,0.518022776359598,1.0,True,1
517422466,511510718,Cux2-CreERT2,175,0,5.709510780522931,146.31213673473445,2.125414882964243,21.54197699305701,47.44725110448393,8.323783120839847,3.9163097932347934,0.0003286041775443,ON,0.4281638608199801,3.821305881743185e-05,-9100.410589232246,0.4281638608199801,0.2746557694741498,0.2159810951657615,0.0,0.0,16,188.08653658536585,345.0263414634146,,0.0,146.31213673473445,order_class,8.323783120839847,3.9163097932347934,0.7565988973138661,0.7539670223617155,,False,0
517424904,511510718,Cux2-CreERT2,175,2,10.176773223319,163.08420158359866,2.621888122612548,23.194880888189346,49.82016195725361,16.478480977899437,6.284967247755659,0.0002902639579796,OFF,0.477227880642384,4.522802925681584e-05,-8949.399018127693,0.4544082749094904,0.4420930830176984,0.477227880642384,0.0228196057328935,0.2700477249737822,16,112.4986592178771,370.6089385474861,174.76361178718776,37.22922113521403,163.08420158359866,order_class,16.478480977899437,6.284967247755659,1.0076100969151125,0.9638947157097947,0.0,True,0
589170364,511510718,Cux2-CreERT2,175,2,9.587525073655016,177.1142502308187,2.61506340970062,46.45043832771677,46.71823015240949,15.50413798036996,5.928780894129416,-0.0141240526108945,ON,0.5194476113535516,0.0020307118557018,-5540.63451608989,0.5125114078894087,0.4594804543710205,0.5194476113535516,0.0069362034641428,3.5242453400030627e-10,16,274.36208955223884,138.5023880597015,177.7138147553648,26.595585005057654,177.1142502308187,order_class,15.50413798036996,5.928780894129416,0.9817065127417336,0.9612883456743772,0.0,True,0
517427938,511510718,Cux2-CreERT2,175,0,6.208395582215307,176.2926203642254,1.763663499725721,41.40583802335333,42.29275520995285,8.244935161564374,4.674891305992667,0.0022211868929753,OFF,0.6605430339092186,0.0001735268874314,-7744.623487818511,0.6605430339092186,0.4545525702750255,0.5792682720469113,0.0,1.596061949271643e-09,16,218.4786554621849,139.079243697479,,0.0,176.2926203642254,order_class,8.244935161564374,4.674891305992667,0.792979381204359,0.5673931795949609,0.0,True,0
517427956,511510718,Cux2-CreERT2,175,0,7.309307145344389,8.958930792789943,3.0199958384062136,47.554642205143246,44.475130559578,12.702212796070556,4.206036523141066,5.0296283062832994e-05,ON,0.5924734708949952,5.296832745295112e-06,-10870.9677540932,0.5924734708949952,0.4720525215110456,0.4912836857009122,0.0,0.0202566230839267,16,374.1432298136646,141.1024844720497,,0.0,8.958930792789943,order_class,12.702212796070556,4.206036523141066,0.8638762118122176,1.1052554533746413,,False,0
589168038,511510718,Cux2-CreERT2,175,0,8.11456405365335,5.050630933193986,1.908595740910752,39.67281658431068,39.235043218708974,11.210427334722285,5.873652075411655,0.0104511322085079,ON,0.5704566459745004,0.0012674118703316,-5963.01740628307,0.5704566459745004,0.4568252800395178,0.5241976697503004,0.0,2.9555558000993187e-10,16,134.0061224489796,149.74408163265306,,0.0,5.050630933193986,order_class,11.210427334722285,5.873652075411655,0.9092651927785886,0.6463677574731949,,False,0
589171615,511510718,Cux2-CreERT2,175,0,5.481651319044021,165.23681764166932,2.0132493331136936,39.13800262542237,45.48951773399301,7.777861207870871,3.863337282641303,1.742537526180088e-05,OFF,0.3494877524596588,2.300833187685016e-06,-11618.086363620918,0.3494877524596588,0.3272024146154877,0.3481104956385621,0.0,3.4862291009574164e-07,16,87.07263157894738,157.2241148325359,,0.0,165.23681764166932,order_class,7.777861207870871,3.863337282641303,0.7389114071554739,0.6997500004448314,,False,0
517425038,511510718,Cux2-CreERT2,175,0,5.094640945996593,171.23885695732045,1.5912488397724596,43.31995616390194,49.16170125254841,6.426620155256085,4.03872731569442,0.0006802967969561,OFF,0.3388688714017815,8.566526780508602e-05,-8377.09652953062,0.3388688714017815,0.2913621841213618,0.3100425332721054,0.0,0.0,16,79.22515151515152,188.55121212121213,,0.0,171.23885695732045,order_class,6.426620155256085,4.03872731569442,0.7071135817345626,0.46451914175957293,,False,0
517422811,511510718,Cux2-CreERT2,175,0,5.645608293959857,178.3925433429168,1.5426298038612474,34.82401970878554,52.40135877259958,7.011995057806256,4.5454813852649725,0.0005545405375778,ON,0.6641055565006844,3.925877593190593e-05,-9076.22065110361,0.6641055565006844,0.508253439926537,0.5628774564714303,0.0,0.0,16,218.01375,308.78625,,0.0,178.3925433429168,order_class,7.011995057806256,4.5454813852649725,0.7517107424483166,0.43348862486868733,,False,0
517422499,511510718,Cux2-CreERT2,175,0,7.840776700025365,109.15126727085816,2.202687487047424,35.1879916071352,39.62225454044368,11.636852457031418,5.283024725686326,0.00175492355796,ON,0.3044681366427607,0.0003593368563746,-7092.400260583015,0.3044681366427607,0.2394630239532279,0.2994409045846929,0.0,0.0300489726951852,16,42.26491803278689,323.43573770491804,,0.0,109.15126727085816,order_class,11.636852457031418,5.283024725686326,0.8943590856216104,0.7896781998579327,,False,0
517422611,511510718,Cux2-CreERT2,175,0,10.925948066508882,17.266418835454317,2.0678870275498373,37.42386453647477,46.649024311335175,15.711676780811343,7.597937687837583,0.0004987434512262,ON,0.4793905983152741,9.408408216339504e-05,-8293.10422923412,0.4793905983152741,0.4578411441934817,0.4233805103908832,0.0,0.0274034093336381,16,354.61636363636364,282.48054545454545,,0.0,17.266418835454317,order_class,15.711676780811343,7.597937687837583,1.0384591318840166,0.7265273263096004,0.0,True,0
589162355,511510718,Cux2-CreERT2,175,1,11.181195530128626,163.41148754214805,1.318741574648836,,,12.84009069090101,9.736623867583882,-1.1076956317593778e-05,ON,0.3065420629410844,2.372265487066952e-06,-11590.691981285156,0.2632583378466481,0.3065420629410844,0.3012581414786919,0.0432837250944363,0.0239875743286127,16,,,5.551187183451418,21.94154942600638,5.551187183451418,order_class,12.84009069090101,9.736623867583882,1.0484882422247237,0.2766779293299526,0.0,True,0
517425999,511510718,Cux2-CreERT2,175,1,19.177312037942485,176.85165061855463,1.914545580539963,,,26.53509152482452,13.859733502579122,-0.0001140290997478,ON,0.3424585185500647,2.4434088567200588e-05,-9501.100070099954,0.1627574115549102,0.3424585185500647,0.3372109701044834,0.1797011069951545,0.0973869042190355,16,,,141.42318937593006,23.87543457796385,141.42318937593006,order_class,26.53509152482452,13.859733502579122,1.2827877348004144,0.6494802997165542,0.0,True,0
517423330,511510718,Cux2-CreERT2,175,0,7.0396412761493306,175.91243616572203,2.139244374329064,36.66033215010127,47.724152385580254,10.296289103093414,4.813049517226223,0.0009895985778963,OFF,0.624239199756124,9.41553821935899e-05,-8292.42546795175,0.624239199756124,0.5085723315118604,0.5525460228107143,0.0,1.715485520303872e-08,16,109.63333333333333,213.48280701754385,,0.0,175.91243616572203,order_class,10.296289103093414,4.813049517226223,0.8475505290628225,0.7604526705727371,0.0,True,0
517426900,511510718,Cux2-CreERT2,175,0,6.750160386342632,1.3716955632580283,1.6651807842631032,33.81634791628517,42.10936321293285,8.710534139837568,5.230984060203567,0.0011829217875361,OFF,0.7210587080225211,8.675526472384478e-05,-8365.767829457445,0.7210587080225211,0.5219035386019131,0.6050409788239679,0.0,0.0001192918426368,16,136.9483177570093,81.22934579439253,,0.0,1.3716955632580283,order_class,8.710534139837568,5.230984060203567,0.8293140919534039,0.5099336966751182,0.0,True,0
517422886,511510718,Cux2-CreERT2,175,0,6.559045956412369,14.980776715746096,1.8880554847235969,41.81586444277986,42.71022707711633,9.012557535875857,4.773460106865056,0.0001066705839427,ON,0.3347802920651017,1.725855646454875e-05,-9812.613449441362,0.3347802920651017,0.3188335193454117,0.2618476116775626,0.0,0.0099619206966665,16,297.0937021276596,366.89872340425535,,0.0,14.980776715746096,order_class,9.012557535875857,4.773460106865056,0.8168406738272339,0.6355474553866128,,False,0
517428883,511510718,Cux2-CreERT2,175,0,7.076336236643783,175.99114217340008,1.542619189882626,43.83158013007432,49.61794743398029,8.788966827599655,5.697431281318615,0.0010335579611374,ON,0.6207656243710995,9.954793828800316e-05,-8242.524629234491,0.6207656243710995,0.4390704714406458,0.5085965424480685,0.0,2.017039868462689e-09,16,353.0602173913043,224.60184782608692,,0.0,175.99114217340008,order_class,8.788966827599655,5.697431281318615,0.8498084605081351,0.4334817444006,,False,0
589171897,511510718,Cux2-CreERT2,175,2,8.465151164220227,3.3651150316215683,5.187127820150494,,,19.279607704869665,3.716817547848726,0.0019830311650211,OFF,0.3735582648604084,0.0003183730049391,-7200.849054399554,0.3140186276150168,0.3212001784324536,0.3735582648604084,0.0595396372453915,0.2274404444480114,16,,,173.72049907201702,32.03618145583765,3.3651150316215683,order_class,19.279607704869665,3.716817547848726,0.927634717814185,1.6461801374698264,0.0,True,0
517425908,511510718,Cux2-CreERT2,175,1,14.170052841677842,3.927535410628309,3.5596459785076164,32.080745327803506,47.96180463605021,26.73467282597194,7.51048643246834,-0.019754861102176,ON,0.5507794649638491,0.0020842417870859,-5517.321726467035,0.5322253439477542,0.5507794649638491,0.4783782701446408,0.0185541210160948,0.154363212670505,16,350.00595348837214,325.9529302325581,155.71662077355086,32.04555241957588,155.71662077355086,order_class,26.73467282597194,7.51048643246834,1.1513714697821331,1.2696610956795993,0.0,True,0
517426420,511510718,Cux2-CreERT2,175,2,12.174882902771577,77.59567808254043,2.2636588289433246,38.85727026424683,42.94350014420736,18.317672030637937,8.092063961417994,1.8612858260261828e-05,OFF,0.3515896009101992,4.476394600471237e-06,-11021.75658055316,0.3064523268682003,0.3207998073300466,0.3515896009101992,0.0451372740419988,0.0596609674462236,16,319.2094285714286,163.90028571428573,168.5530907061743,29.99630254318993,77.59567808254043,order_class,18.317672030637937,8.092063961417994,1.0854647928908028,0.8169824550558386,,False,0
517426430,511510718,Cux2-CreERT2,175,0,7.004356505893965,174.34261975843816,1.3096255213758006,37.66130989241184,48.47606669246033,8.015706511669682,6.120609579484174,0.0539278152259478,ON,0.7786665432770399,0.0035094041559913,-5050.468874789976,0.7786665432770399,0.672059579435804,0.5960530826240811,0.0,1.77210801588501e-10,16,136.93121951219513,167.5319512195122,,0.0,174.34261975843816,order_class,8.015706511669682,6.120609579484174,0.845368242580203,0.26974123480167,,False,0
517424515,511510718,Cux2-CreERT2,175,0,9.549979461457648,159.66902535463765,1.7419858731211824,51.32770290632608,42.57257917825188,12.604474730710614,7.235692852162282,0.0003656829887815,ON,0.3831084268928197,7.493701573917925e-05,-8496.980878304601,0.3831084268928197,0.3507729570932725,0.3788468585758607,0.0,0.0148423429015238,16,276.41538461538465,51.65538461538461,,0.0,159.66902535463765,order_class,12.604474730710614,7.235692852162282,0.9800024375748247,0.5550257688229061,,False,0
517422409,511510718,Cux2-CreERT2,175,0,8.571588027339905,155.40527045220782,3.112880775952921,33.937862437153626,49.28414999930729,15.123159524244254,4.858252086321784,0.002480079005854,ON,0.4527018678269279,0.0004005679152802,-6995.073997723357,0.4527018678269279,0.3796866374014253,0.4301209283744115,0.0,1.051626097314795e-08,16,317.24550000000005,257.751,,0.0,155.40527045220782,order_class,15.123159524244254,4.858252086321784,0.933061289556851,1.1355485919637422,,False,0
517424086,511510718,Cux2-CreERT2,175,1,13.0806692708217,169.23321684409095,11.038636480016017,,,43.4597957547322,3.937061958096943,-5.938147606855509e-05,ON,0.3107561810736017,1.086226516942873e-05,-10227.47325471962,0.2784390688359992,0.3107561810736017,0.2805850704697322,0.0323171122376024,0.0930256512395965,16,,,134.84993251726368,7.02785770870042,134.84993251726368,order_class,43.4597957547322,3.937061958096943,1.1166299651800549,2.4014015259763752,0.0,True,0
517425156,511510718,Cux2-CreERT2,175,0,6.1130471058374365,126.8683652506757,1.4338896521035285,46.32902289550252,46.15836014024288,7.320076296328923,5.105048554880293,0.0007340762656043,OFF,0.4398541180932847,8.895876685418195e-05,-8343.294480065744,0.4398541180932847,0.3965456664204458,0.3931745499437622,0.0,8.39983176348369e-08,16,255.0196551724138,189.9972413793104,,0.0,126.8683652506757,order_class,7.320076296328923,5.105048554880293,0.7862577423833419,0.36039078810324027,,False,0
517426587,511510718,Cux2-CreERT2,175,2,8.314428433041764,44.321617178820205,2.876215055505104,,,14.100778061176444,4.902546502629356,0.0002193796164024,OFF,0.3481486477261406,3.8472180178610666e-05,-9094.355352884371,0.2808074587372881,0.2895742280514441,0.3481486477261406,0.0673411889888525,0.3269744157816171,16,,,168.8668132804045,30.67496499230161,44.321617178820205,order_class,14.100778061176444,4.902546502629356,0.9198323994475515,1.0564752129690296,0.0,True,0
517424485,511510718,Cux2-CreERT2,175,0,8.21894356123372,32.070673041532174,1.2706612473200505,51.368119698196345,42.10180870204383,9.26468996693349,7.291235163166919,0.0013825059621112,ON,0.6944696771402296,0.0001296445462362,-8005.839844483015,0.6944696771402296,0.6207429130398463,0.6104838305348446,0.0,0.0094191796333321,16,310.3176470588235,35.1,,0.0,32.070673041532174,order_class,9.26468996693349,7.291235163166919,0.914815998195506,0.23953743215151685,,False,0
517423114,511510718,Cux2-CreERT2,175,2,18.315873676516755,161.3770002113453,4.853250962845775,54.48972234887475,42.6999981104411,40.35004414979331,8.314023828294566,-0.0004845952879981,ON,0.4638955737767524,0.0001292309083647,-8008.703150691535,0.4387129689225528,0.3945820370419211,0.4638955737767524,0.0251826048541995,0.0,16,219.22828571428573,56.43485714285715,5.839750605633867,25.45680112937994,161.3770002113453,order_class,40.35004414979331,8.314023828294566,1.2628276395629705,1.5796487820152874,0.0,True,0
517425085,511510718,Cux2-CreERT2,175,2,9.337117117507011,142.6747868355514,2.680981433386844,51.82650231712894,43.2807406420804,15.288318067829458,5.702507998541397,0.0004552388480174,OFF,0.4414022411270285,7.451646802891153e-05,-8502.023407035818,0.3813439713476593,0.3416629689443535,0.4414022411270285,0.0600582697793692,4.3447397413132194e-07,16,323.0052100840336,176.04403361344538,157.43305913519563,28.627880692613243,142.6747868355514,order_class,15.288318067829458,5.702507998541397,0.9702128062919175,0.9861829339731636,0.0,True,0
517425100,511510718,Cux2-CreERT2,175,2,14.614843146406082,132.03644892669638,4.448538859029104,,,30.824983510858928,6.929237776195687,-0.0003543539318765,OFF,0.3259160818757372,0.0001016494046104,-8223.806864141601,0.2713895153329047,0.3092392874159493,0.3259160818757372,0.0545265665428325,0.0,16,,,8.192561020555274,29.227064733105507,132.03644892669638,order_class,30.824983510858928,6.929237776195687,1.1647941586591852,1.49257569597511,0.0,True,0
517422514,511510718,Cux2-CreERT2,175,0,5.798380897211843,17.086066885797948,1.99026670562028,,,8.18017095277477,4.110087823744891,0.0018678217982991,ON,0.4806037379709762,0.0001982775088877,-7625.155281855274,0.4806037379709762,0.3708511598305065,0.4073294848843665,0.0,0.3078309610717837,16,,,,0.0,17.086066885797948,order_class,8.18017095277477,4.110087823744891,0.7633067408782169,0.6882686526808951,,False,0
517423492,511510718,Cux2-CreERT2,175,0,6.2183414484625,166.5023707573239,2.1868707430079093,45.22323609400316,43.799422540326105,9.19572812336099,4.204971031215506,0.0011856936417887,OFF,0.5465346274775303,0.0001178675745134,-8091.170136966175,0.5465346274775303,0.4725594226168523,0.4848242494277975,0.0,1.0165235764247882e-08,16,280.25858823529416,77.59623529411765,,0.0,166.5023707573239,order_class,9.19572812336099,4.204971031215506,0.7936745654253737,0.7824716375282194,0.0,True,0
517422589,511510718,Cux2-CreERT2,175,2,17.32380142501277,89.08083562795704,2.425823663663252,43.43373963181321,52.18804260547997,26.981917563856385,11.122786032646257,-0.0011977714749557,ON,0.4808148100773639,0.0002888451140152,-7288.059476258381,0.4697418635677257,0.4510753103344191,0.4808148100773639,0.0110729465096381,0.0,16,370.7328358208956,283.1710447761194,169.10107758732505,25.451418264732222,89.08083562795704,order_class,26.981917563856385,11.122786032646257,1.2386431969629386,0.8861711218385717,0.0,True,0
517422765,511510718,Cux2-CreERT2,175,0,6.714189275291335,166.888534301856,1.5029611243036898,45.716602445570274,48.575366912008256,8.231281487108435,5.476709512976873,0.0178396209722706,OFF,0.7698451612793965,0.0011444193666491,-6054.480655067752,0.7698451612793965,0.6199799811450112,0.5731003063904264,0.0,2.5690560789826122e-12,16,252.5341121495328,263.0641121495327,,0.0,166.888534301856,order_class,8.231281487108435,5.476709512976873,0.8269935799944983,0.4074372450362489,0.0,True,0
517428239,511510718,Cux2-CreERT2,175,0,9.168676013033254,24.33675132479016,1.63978672029928,45.49255511953864,52.49870989701623,11.740870804479288,7.159998711500996,0.0135405059983801,ON,0.668026613397269,0.0014887357211993,-5818.805913513324,0.668026613397269,0.5494870053894136,0.5995280606466022,0.0,0.0260996665355512,16,372.3638961038961,301.28597402597404,,0.0,24.33675132479016,order_class,11.740870804479288,7.159998711500996,0.962306626646277,0.4945661847810549,,False,0
517425189,511510718,Cux2-CreERT2,175,1,12.857111744034947,173.23694928920546,7.493186931353301,40.67219776301397,45.12855610172228,35.194654160544665,4.696887250107395,-0.0001450246963677,OFF,0.372760296182709,2.0327634208312227e-05,-9665.962258698648,0.3528921612342485,0.372760296182709,0.3482230950695381,0.0198681349484605,0.0940784519302192,16,209.30920353982305,215.4180530973452,45.41005316422659,4.387604329755673,45.41005316422659,order_class,35.194654160544665,4.696887250107395,1.1091434184709346,2.0139941985357313,0.0,True,0
517422676,511510718,Cux2-CreERT2,175,0,5.490567222915017,161.98317255580614,1.27972177084625,49.281381409203874,49.82393789305453,6.2111925426699495,4.853549173085203,0.0013147634714753,OFF,0.3642944989141188,0.0001683394525036,-7771.817147593813,0.3642944989141188,0.351173015420321,0.2616353498315402,0.0,3.908560586296517e-09,16,348.8954054054054,93.53675675675676,,0.0,161.98317255580614,order_class,6.2111925426699495,4.853549173085203,0.7396172131307746,0.24664268777763132,,False,0
517422634,511510718,Cux2-CreERT2,175,0,8.799348786398644,168.1971033794344,3.280643603068246,29.57887297878462,39.06379859395745,15.937861882244816,4.858150963834905,0.0102370229295786,ON,0.403095314436515,0.0018745706347824,-5612.320573946945,0.403095314436515,0.3092870471004926,0.3834572240923832,0.0,0.029098392314152,16,280.83966101694915,100.60677966101696,,0.0,168.1971033794344,order_class,15.937861882244816,4.858150963834905,0.9444505324980519,1.1880396235949742,,False,0
589162125,511510718,Cux2-CreERT2,175,0,7.94940912123378,7.051618991280179,3.867521873150434,58.81158471626667,38.966145496517285,15.633320737351346,4.042206159422866,0.0003733592673233,ON,0.3883749104045569,6.425985412896785e-05,-8634.707624965711,0.3883749104045569,0.3371618942402011,0.3544851034202727,0.0,0.0139809828536177,16,369.4287341772152,17.683291139240506,,0.0,7.051618991280179,order_class,15.633320737351346,4.042206159422866,0.9003348487917526,1.3526139590794555,,False,0
589167189,511510718,Cux2-CreERT2,175,2,15.427188121790843,60.533041479703584,2.547822817398808,56.38062215105251,42.00900663029756,24.62472486414888,9.665006803451671,-2.264070986865767e-05,ON,0.3962001522101981,5.9954173211057045e-06,-10759.965583700789,0.367698134096005,0.3729724683558553,0.3962001522101981,0.028502018114193,0.0319474915501672,16,253.9181927710844,93.12072289156627,164.5829482642522,26.826251194887757,60.533041479703584,order_class,24.62472486414888,9.665006803451671,1.18828677541672,0.9352391973794884,,False,0
517473089,511510736,Cux2-CreERT2,175,1,10.578226578706593,116.3978907993146,2.138204558482495,,,15.468118504441854,7.234162158656949,-0.0003342705214857,OFF,0.329921145467501,5.554946476913368e-05,-8765.220062631566,0.2284933594169365,0.329921145467501,0.3100652933817516,0.1014277860505645,0.1533399065814172,16,,,157.36151771222617,5.790523196340789,157.36151771222617,order_class,15.468118504441854,7.234162158656949,1.024412865086835,0.759966485520205,0.0,True,0
517473098,511510736,Cux2-CreERT2,175,2,12.168201437671144,61.43203077563668,1.371284842629333,41.5089917167604,50.58716982707978,14.249191672445903,10.391124607724956,4.220254294028784e-06,OFF,0.4371587391539372,8.596162054565947e-07,-12500.23471874962,0.3555446252084091,0.3855845760218332,0.4371587391539372,0.081614113945528,0.1283559944228445,16,384.95010309278354,76.00577319587629,11.312556570000169,32.79893670837037,61.43203077563668,order_class,14.249191672445903,10.391124607724956,1.0852263906032016,0.315748141676893,0.0,True,0
587377366,511510736,Cux2-CreERT2,175,0,5.580974581460083,5.335349294999261,1.5097771192268774,28.40522787484686,45.07096673879142,6.857510230535845,4.542067927249699,0.02787074983095,OFF,0.819503034431262,0.0012877560737621,-5948.749231452525,0.819503034431262,0.5972641985099241,0.6197106212467703,0.0,0.0013086683078032,16,129.73808823529413,89.07485294117647,,0.0,5.335349294999261,order_class,6.857510230535845,4.542067927249699,0.7467100445276329,0.411962036771406,0.0,True,0
517472563,511510736,Cux2-CreERT2,175,0,5.832579310250698,2.478336213986239,1.3724253599544818,25.54260531643099,52.274413787709605,6.832899297326453,4.978703758106797,0.002968093494454,ON,0.5280454331481665,0.000288161383847,-7290.182927275652,0.5280454331481665,0.4514401336009456,0.4484739348159893,0.0,0.0001127508695913,16,81.02350515463918,208.9555670103093,,0.0,2.478336213986239,order_class,6.832899297326453,4.978703758106797,0.7658606529557266,0.3165795103759387,,False,0
517473947,511510736,Cux2-CreERT2,175,0,6.248419945052544,1.081995253338036,1.4833687905614117,35.048349010064186,50.078495633585646,7.610177365356815,5.130334016584364,0.0206364104273944,OFF,0.5627036171934758,0.0019945706131318,-5556.724529053644,0.5627036171934758,0.4216558160493712,0.5012382318898415,0.0,1.7129142548810703e-10,16,266.7449275362319,200.74637681159425,,0.0,1.081995253338036,order_class,7.610177365356815,5.130334016584364,0.7957702100001939,0.3943157109736154,0.0,True,0
517472207,511510736,Cux2-CreERT2,175,2,7.948678875080779,109.53884713555536,1.8826170207419957,,,10.906262398291448,5.793139166452965,1.8820667526539984e-05,OFF,0.3137296768877333,3.3812211133513736e-06,-11273.15717926666,0.236699505075729,0.2089629972164699,0.3137296768877333,0.0770301718120043,0.1479728365506014,16,,,176.75159717368933,34.26868070236699,109.53884713555536,order_class,10.906262398291448,5.793139166452965,0.9002949519343475,0.6326628411726556,0.0,True,0
587377064,511510736,Cux2-CreERT2,175,2,11.724596096471045,175.7298840838353,4.132777122860686,31.92900966736866,49.2781210302892,23.83520452756048,5.76735783686827,-0.002962140308503,ON,0.3977003896502509,0.0006242837840605,-6597.499337702469,0.3729697273440679,0.3435914592924971,0.3977003896502509,0.0247306623061829,0.2971905521365093,16,47.75901639344263,236.7449180327869,171.7787518710015,33.998486094932886,175.7298840838353,order_class,23.83520452756048,5.76735783686827,1.06909789052612,1.4189496078380897,,False,0
517472981,511510736,Cux2-CreERT2,175,0,6.505277916916679,11.77206176412065,1.6409250831527915,30.20746750633852,48.5174766597946,8.333169813150471,5.078336542421263,0.0163186595182208,ON,0.7259517929066395,0.0011419094585288,-6056.447894910393,0.7259517929066395,0.5873507862373024,0.6593635994264224,0.0,0.0097141120715746,16,331.41521739130434,348.0453260869565,,0.0,11.77206176412065,order_class,8.333169813150471,5.078336542421263,0.813265855118219,0.49526015789871786,,False,0
517473531,511510736,Cux2-CreERT2,175,1,9.155307682762356,117.63036725526398,2.1032064862385984,19.94949554702476,58.271784880411616,13.277426331599694,6.312944743407108,0.0027263338180884,OFF,0.6995053148148583,0.0001425322650694,-7920.924177460982,0.6978161516885886,0.6995053148148583,0.606549466241608,0.0016891631262697,0.2917419077022286,16,388.75432835820897,325.95268656716416,167.50989999358575,37.11287768422188,167.50989999358575,order_class,13.277426331599694,6.312944743407108,0.9616729442336163,0.743463078414419,0.0,True,0
517471959,511510736,Cux2-CreERT2,175,0,8.213041245102179,168.4994014222623,1.2991653458021757,29.90260758790649,44.8021627364192,9.361301172316171,7.20562721486078,0.0004704394663193,ON,0.5677023829699033,5.800288363757697e-05,-8726.495976364984,0.5677023829699033,0.4452931609413045,0.5333349080109739,0.0,0.0,16,274.28869565217394,19.58817391304348,,0.0,168.4994014222623,order_class,9.361301172316171,7.20562721486078,0.914504003817854,0.2617220165798279,,False,0
517473341,511510736,Cux2-CreERT2,175,2,7.904587675578166,155.05733244692257,3.618650750605331,,,15.03670071517802,4.155333507292094,-0.0006959211154987,ON,0.3051483957611021,0.0001294469034542,-8007.206836463303,0.2699234219180285,0.2606341729214517,0.3051483957611021,0.0352249738430735,0.0,16,,,167.4039869982205,32.17126093318103,155.05733244692257,order_class,15.03670071517802,4.155333507292094,0.8978792208980234,1.286101235532751,,False,0
517472135,511510736,Cux2-CreERT2,175,2,8.506626482791063,17.429657909839555,3.021943421500617,20.67742998087704,54.90431972299154,14.787696489011132,4.893439229801316,-0.0003246146659793,ON,0.4475464733886873,4.494514762627625e-05,-8955.020706997908,0.4177333548040197,0.4023077870899237,0.4475464733886873,0.0298131185846676,0.3285865934942099,16,152.21555555555557,279.1698412698413,161.47929747653876,36.97331695886503,17.429657909839555,order_class,14.787696489011132,4.893439229801316,0.9297573638000749,1.1059001414716507,,False,0
517472171,511510736,Cux2-CreERT2,175,0,6.275049703761712,167.85811914721646,1.719376116568831,23.76712336334604,56.57281718696727,8.22815785704499,4.785548535747381,0.0015478113035574,OFF,0.7834645494470949,8.958129573732669e-05,-8337.046155385417,0.7834645494470949,0.6973323832788592,0.6720008797681796,0.0,1.641427282983443e-08,16,175.90857142857143,274.78285714285715,,0.0,167.85811914721646,order_class,8.22815785704499,4.785548535747381,0.7976171701505181,0.5419615021003914,0.0,True,0
517472534,511510736,Cux2-CreERT2,175,0,7.308923768643294,2.7493464490411683,2.061366954573652,23.37901085088648,58.07976867252766,10.493759027419795,5.090679757011142,0.0005137339772092,OFF,0.5965064084125459,5.368116653489654e-05,-8795.873707497813,0.5965064084125459,0.5828836058143794,0.5289606381172529,0.0,0.0008181080711358,16,73.03384615384616,237.3876923076923,,0.0,2.7493464490411683,order_class,10.493759027419795,5.090679757011142,0.8638534322588238,0.7233693329175286,0.0,True,0
517471974,511510736,Cux2-CreERT2,175,0,5.81967799045475,172.78376461793002,1.8612086400847008,21.68499582069987,49.05451397966836,7.939560917816647,4.265809188085076,0.0030317181113064,ON,0.7199050280196946,0.0001937630677929,-7645.791503017493,0.7199050280196946,0.4737199755823086,0.5974733563603143,0.0,3.111426671864592e-09,16,120.31000000000002,314.86,,0.0,172.78376461793002,order_class,7.939560917816647,4.265809188085076,0.7648989552963663,0.6212260831894344,,False,0
517472903,511510736,Cux2-CreERT2,175,0,5.684840166947396,174.17689073476248,1.704490080978741,24.113202044346533,48.86238835499303,7.4219068242641,4.35432679080323,0.0145514683117748,OFF,0.809920990965494,0.000706300987215,-6486.900299105203,0.809920990965494,0.5598316887271066,0.8093766829923396,0.0,1.1470824290427117e-12,16,223.8770491803279,305.52131147540985,,0.0,174.17689073476248,order_class,7.4219068242641,4.35432679080323,0.7547182587179345,0.5332659932645681,0.0,True,0
517472544,511510736,Cux2-CreERT2,175,0,7.970021748388344,156.46327769513056,2.584548337547257,21.83432107681166,45.47144496388128,12.813029793117527,4.9575508443680825,0.0001140559643092,ON,0.3297508295335687,2.2375629280031053e-05,-9579.954200276668,0.3297508295335687,0.2789334514323536,0.3166950440254699,0.0,7.202748985024598e-07,16,41.14746835443038,284.3001265822785,,0.0,156.46327769513056,order_class,12.813029793117527,4.9575508443680825,0.9014595064892317,0.9495507683412224,,False,0
587377223,511510736,Cux2-CreERT2,175,0,7.118562858012709,154.55913447779588,1.2903090928316288,37.68301249427238,41.03182469782949,8.086101773513263,6.26679438162218,0.0002745523215508,ON,0.5728210936124689,2.937858612557756e-05,-9335.979082824118,0.5728210936124689,0.4997853975638961,0.4999841337265091,0.0,5.70616704553828e-07,16,88.0354189944134,98.45430167597766,,0.0,154.55913447779588,order_class,8.086101773513263,6.26679438162218,0.852392324278209,0.25488179651866877,,False,0
587377714,511510736,Cux2-CreERT2,175,0,6.018645250732546,14.832671644260673,1.4772619895697263,35.93267334322107,45.38747404630561,7.315221953579164,4.951878546411274,0.0131636917211171,ON,0.6985141973821383,0.0009150696215767,-6254.87332415987,0.6985141973821383,0.5059514397122007,0.6087394098196526,0.0,0.0067502773988663,16,295.02265822784807,90.59354430379749,,0.0,14.832671644260673,order_class,7.315221953579164,4.951878546411274,0.7794987460179827,0.3901903673520051,,False,0
517472772,511510736,Cux2-CreERT2,175,0,5.860607622416494,176.74168678584317,1.360437498920032,26.73449188272718,41.85867246861556,6.835683445785937,5.024621455386497,0.000368825137287,OFF,0.6914206084477534,2.5419415303185672e-05,-9465.677575348507,0.6914206084477534,0.4202729882014639,0.555597886414774,0.0,7.039803739949947e-08,16,104.31107142857144,92.95928571428573,,0.0,176.74168678584317,order_class,6.835683445785937,5.024621455386497,0.7679426456055151,0.3078063383990801,0.0,True,0
517474415,511510736,Cux2-CreERT2,175,0,6.118226645113793,175.90164281229735,1.7756128327981848,31.53903121403352,52.86174791402699,8.152666904661228,4.591466537112968,0.0026996203029216,ON,0.7559220349028897,0.0001648579237967,-7790.542164513191,0.7559220349028897,0.6100006690398736,0.6529892361746865,0.0,9.93863213949453e-10,16,374.9484375,373.254375,,0.0,175.90164281229735,order_class,8.152666904661228,4.591466537112968,0.7866255610597587,0.5741456212540508,,False,0
517472716,511510736,Cux2-CreERT2,175,0,5.334108206774146,4.510447607107679,1.6782055977249826,30.58392431459412,41.86931427919634,6.91010114247565,4.117553386690615,0.0006962610026371,ON,0.3842658822065111,8.312101410956018e-05,-8404.110857586844,0.3842658822065111,0.334820537303543,0.3566822931141038,0.0,0.0006319214755959,16,381.1326315789474,130.33697368421053,,0.0,4.510447607107679,order_class,6.91010114247565,4.117553386690615,0.7270618214641424,0.5177251260012321,,False,0
517472626,511510736,Cux2-CreERT2,175,0,6.30873643503462,173.32962723295012,1.3159945657504557,21.755371247025447,43.33229185573324,7.237180958859924,5.499400337366035,0.0874689574122121,ON,0.8330046453118607,0.0043331557529799,-4861.547435234531,0.8330046453118607,0.58044608492544,0.6741497241324486,0.0,0.0,16,38.35565217391304,182.676,,0.0,173.32962723295012,order_class,7.237180958859924,5.499400337366035,0.7999423839282379,0.27459270352564497,,False,0
517472514,511510736,Cux2-CreERT2,175,0,9.97740215853757,176.14218034993058,2.2256475302506398,25.615466098723594,42.7746293855306,14.88489143322391,6.687892503602159,5.698015061664143e-06,ON,0.3275065094982127,1.3721096824123966e-06,-12081.24833521233,0.3275065094982127,0.3122550075142484,0.2678517398346104,0.0,2.1060029893327226e-06,16,164.78554054054055,10.176891891891891,,0.0,176.14218034993058,order_class,14.88489143322391,6.687892503602159,0.9990174776521943,0.8000478981104397,,False,0
517511083,511510855,Cux2-CreERT2,175,0,6.239456185654939,179.4796354251649,1.9993819158340809,60.58868609287568,39.93903294113207,8.82255997236795,4.412643678777823,0.0107769480075196,OFF,0.7291497059115852,0.0007190766604038,-6470.838156213022,0.7291497059115852,0.459103216434333,0.5819779966089789,0.0,3.401201272335008e-05,16,256.3063917525773,17.07556701030928,,0.0,179.4796354251649,order_class,8.82255997236795,4.412643678777823,0.7951467393841617,0.6928380907136403,0.0,True,0
517512128,511510855,Cux2-CreERT2,175,0,5.89365030709428,178.95325135957415,1.3655209543242537,38.0147691588302,38.895107216472816,6.887054953974757,5.043536631323911,8.689727006098549e-05,OFF,0.4888702474172799,9.215692173738049e-06,-10374.764158846689,0.4888702474172799,0.4176382823088973,0.3509091181762677,0.0,0.0,16,164.5085,283.21475000000004,,0.0,178.95325135957415,order_class,6.887054953974757,5.043536631323911,0.7703843639189399,0.3115360073461065,,False,0
517514754,511510855,Cux2-CreERT2,175,1,8.73390922216917,111.47353815550872,2.966051534585633,,,15.04173800568076,5.0713002893869605,-1.804626065801895e-05,OFF,0.309064588907266,2.996212201584376e-06,-11381.472853200412,0.1283436793489968,0.309064588907266,0.3016447450182087,0.1807209095582692,0.1639685139247069,16,,,23.5303069633442,15.058894264074508,23.5303069633442,order_class,15.04173800568076,5.0713002893869605,0.9412086736723502,1.087231618677955,0.0,True,0
517512113,511510855,Cux2-CreERT2,175,0,7.594032501975336,57.99929912957171,1.4230644853167664,47.71525290661654,41.50507058895143,9.059093492409428,6.365905119466827,0.0001182901216268,ON,0.5191872251262653,1.4974411265660182e-05,-9939.814285377282,0.5191872251262653,0.4438970326542911,0.4371205841189379,0.0,1.0922436219917842e-06,16,186.3946753246753,290.7728571428572,,0.0,57.99929912957171,order_class,9.059093492409428,6.365905119466827,0.8804724515604723,0.35281263453687034,,False,0
517512106,511510855,Cux2-CreERT2,175,0,6.625869420223254,4.419417769316368,2.9403685201415004,39.98543726253687,43.47591490008106,11.361711438512112,3.864043353982496,9.685662887888406e-06,OFF,0.344589613516951,1.5473076479283867e-06,-11973.578748280295,0.344589613516951,0.3007304688125811,0.3397256495109328,0.0,7.932065957061418e-06,16,262.42552631578945,295.9826315789474,,0.0,4.419417769316368,order_class,11.361711438512112,3.864043353982496,0.8212428727419427,1.078534920482218,,False,0
517510232,511510855,Cux2-CreERT2,175,2,12.907974814137985,119.59555324765417,2.273726191302467,45.34521639010762,40.206474202178825,19.46378020138274,8.56030082946497,9.72224443620754e-06,OFF,0.4367501218449948,2.129857143602784e-06,-11687.272261704018,0.4263478229540224,0.3981605767673236,0.4367501218449948,0.0104022988909724,0.007698387292473,16,169.21809917355372,152.49322314049587,9.463000912995028,31.488609482189183,119.59555324765417,order_class,19.46378020138274,8.56030082946497,1.1108581093433048,0.8214199796804597,0.0,True,0
517514849,511510855,Cux2-CreERT2,175,1,11.27712616598278,141.26360172490848,1.4556174247168303,36.4544578602594,41.1146170034332,13.605736698104453,9.347055391804789,0.000193706154756,OFF,0.5232998580180386,2.6465918120885343e-05,-9429.528874183445,0.5054909031287416,0.5232998580180386,0.502269901536782,0.017808954889297,0.1526140128648078,16,303.4038620689655,348.627724137931,31.094610862076493,12.588244302017111,31.094610862076493,order_class,13.605736698104453,9.347055391804789,1.052198439250857,0.3754301574981988,0.0,True,0
517510176,511510855,Cux2-CreERT2,175,0,5.708791868382354,12.67043895848684,1.5432459260918268,42.65992504673026,42.70954780771218,7.091886547220949,4.595435132740448,0.0009308776524254,ON,0.4834189158788771,9.681737816380176e-05,-8267.44491176499,0.4834189158788771,0.3591508187025062,0.4452439645469382,0.0,1.3746861227126317e-07,16,62.91165137614679,73.17688073394496,,0.0,12.67043895848684,order_class,7.091886547220949,4.595435132740448,0.756544209750287,0.43388794246452306,,False,0
517510189,511510855,Cux2-CreERT2,175,1,10.90306577113269,2.8421709430404014e-14,1.483161940520704,67.19781001791472,37.34539992332392,13.278313502014967,8.952706470713007,0.0020981980373713,OFF,0.4148264746871959,0.0003459968695324,-7126.296424165275,0.3758672431568112,0.4148264746871959,0.3954487770426773,0.0389592315303847,0.0,16,133.69757142857142,76.50685714285714,34.753834350068615,16.88797870701778,34.753834350068615,order_class,13.278313502014967,8.952706470713007,1.0375486319109979,0.39417625511773924,0.0,True,0
517511135,511510855,Cux2-CreERT2,175,1,11.212543844708453,94.6012288541178,3.7460302740750713,54.6420301296852,42.99344735850712,21.70150212644269,5.79319987791636,-0.0001845200231277,ON,0.370322359954925,2.32146679303921e-05,-9546.970711659606,0.3523357500553015,0.370322359954925,0.3617487510286661,0.0179866098996235,0.3380642485055294,16,280.2788340807175,84.88358744394618,108.1613753928203,6.703058482764772,108.1613753928203,order_class,21.70150212644269,5.79319987791636,1.0497041542887338,1.3206966856964133,0.0,True,0
517512830,511510855,Cux2-CreERT2,175,2,9.61257299559427,75.89915530151424,1.1439145616447617,30.962681481769145,43.25859678211611,10.281025704671949,8.987581808460869,-0.0018246097914799,ON,0.4289828681388212,0.0003151491570186,-7209.968207112042,0.4265134449899364,0.3453444438689494,0.4289828681388212,0.0024694231488848,0.0945699615529095,16,65.37375,297.2670535714286,169.94664290227752,32.12765026502469,75.89915530151424,order_class,10.281025704671949,8.987581808460869,0.9828396507510664,0.13445620629167,,False,0
517514261,511510855,Cux2-CreERT2,175,0,7.043479946532763,2.6163426724267884,2.2092401926214515,43.85025515412854,46.61923799925039,10.469085588344592,4.738772010082856,0.0015236780687945,ON,0.649161178577111,0.0001374393387245,-7953.525808359091,0.649161178577111,0.5201365253826813,0.5125404520137056,0.0,0.0009438736066662,16,191.7779057591623,300.5531937172775,,0.0,2.6163426724267884,order_class,10.469085588344592,4.738772010082856,0.8477872824614897,0.7926486521717458,,False,0
517509862,511510855,Cux2-CreERT2,175,1,8.350166444331945,14.816218689713937,1.4947624896650302,52.48153683488748,43.458176027940674,10.208953550648838,6.829816523517806,-0.0064877483269257,ON,0.5544398800579602,0.0006184192935562,-6605.956100374137,0.5196994667052053,0.5544398800579602,0.4661483421408385,0.0347404133527549,0.0,16,73.41176470588236,72.82141176470589,93.74383266062164,10.625316749272406,93.74383266062164,order_class,10.208953550648838,6.829816523517806,0.9216951323859331,0.4019673244322306,1.0,True,1
517513693,511510855,Cux2-CreERT2,175,0,5.304560782839344,168.72891367885967,1.6806975230313068,34.32539754680244,42.34532014477977,6.876923768936672,4.091708159677329,0.0019537091871349,ON,0.5353949593557329,0.000170695451071,-7759.364101166704,0.5353949593557329,0.4247813337590016,0.3643249210346888,0.0,1.1905069152717827e-09,16,176.57714285714286,375.0462857142857,,0.0,168.72891367885967,order_class,6.876923768936672,4.091708159677329,0.7246494301815561,0.5192088995272426,,False,0
517513335,511510855,Cux2-CreERT2,175,0,6.9855644874037965,52.44486018854448,1.4347791383240736,33.460260386532426,43.114805982812186,8.367467475311345,5.831885376508301,0.0045611838329247,OFF,0.5651359922107821,0.0004871504162171,-6819.736107252275,0.5651359922107821,0.444625740505658,0.4975916316078037,0.0,0.0,16,373.2342391304348,372.5983695652174,,0.0,52.44486018854448,order_class,8.367467475311345,5.831885376508301,0.8442015062067003,0.36101092679057784,0.0,True,0
517514959,511510855,Cux2-CreERT2,175,0,7.370070454433195,178.41411987352325,1.974985564050664,38.90408413751851,45.09086404552901,10.357468050302026,5.24432595297508,0.0101325655875336,ON,0.649399492601057,0.0009527036434705,-6218.76118070677,0.649399492601057,0.5228511680988892,0.5838049534464222,0.0,9.583389637413119e-11,16,227.69945205479453,369.65945205479454,,0.0,178.41411987352325,order_class,10.357468050302026,5.24432595297508,0.8674716395314138,0.6805610889849358,,False,0
517513138,511510855,Cux2-CreERT2,175,2,7.600586072253014,37.08652634274629,2.501342943354087,42.52861641812018,34.70660718976188,12.020809123193391,4.805742113504242,0.0005727895568045,OFF,0.6035521142843118,5.502901032748772e-05,-8773.654445956216,0.5629702269120481,0.3536749077254192,0.6035521142843118,0.0405818873722636,0.1634806708789143,16,70.60334600760456,117.46266159695818,174.36781547335494,30.42531383358715,37.08652634274629,order_class,12.020809123193391,4.805742113504242,0.8808470815086931,0.9168277649876901,0.0,True,0
517514088,511510855,Cux2-CreERT2,175,1,6.996662270139003,155.14213528468602,1.0371672059701684,59.15336818356327,47.79146563961714,7.125499257713732,6.8701547992433145,0.0009435789001655,OFF,0.5528589755966119,7.56053425586469e-05,-8489.02531322544,0.4073699888186153,0.5528589755966119,0.4478716092127687,0.1454889867779966,0.3126220995053603,16,353.0626666666667,117.1456,86.09699410146376,4.620354650114408,86.09699410146376,order_class,7.125499257713732,6.8701547992433145,0.844890910963028,0.036493156336555845,1.0,True,1
517511166,511510855,Cux2-CreERT2,175,2,11.202116519667111,135.94799524201505,4.118625166765397,46.54531159551863,44.104173772926,22.73401908055882,5.519807741672498,-0.0018603257554209,ON,0.3865946084057862,0.0003917504008188,-7015.017545606965,0.3334324993410331,0.2821040016111067,0.3865946084057862,0.053162109064753,0.0,16,297.6734693877551,104.7030612244898,2.207661206202374,28.067269462570376,135.94799524201505,order_class,22.73401908055882,5.519807741672498,1.0493000857033057,1.415519410285033,0.0,True,0
517509819,511510855,Cux2-CreERT2,175,0,10.235979447735014,162.49171575247672,1.9370741695520568,46.52349070144101,38.74233979223662,14.24631458669606,7.354552969951832,0.0007957489927292,ON,0.4990976506063964,0.0001366038545213,-7958.989152706848,0.4990976506063964,0.4328506811670837,0.4902352511491428,0.0,0.0238807514961552,16,26.02791946308725,110.38308724832216,,0.0,162.49171575247672,order_class,14.24631458669606,7.354552969951832,1.0101294052198142,0.6611786746324386,,False,0
517512782,511510855,Cux2-CreERT2,175,0,5.492239625737549,174.3499734896066,1.787173591818982,45.37631582631391,33.000967027747805,7.342312189414212,4.108337445799666,0.0029829400604399,ON,0.5056290997638291,0.0002860571121228,-7296.749890611547,0.5056290997638291,0.310962784697118,0.3918262164233117,0.0,0.0015334380811329,16,37.72236559139785,88.06172043010753,,0.0,174.3499734896066,order_class,7.342312189414212,4.108337445799666,0.7397494771927704,0.5806353729361299,,False,0
517511116,511510855,Cux2-CreERT2,175,1,11.533649354992006,137.20701693923556,1.060891820247614,,,11.87961303827396,11.197760988958551,0.001167654478041,ON,0.3196052976019015,0.0002484403100627,-7423.07591624269,0.2695622929133444,0.3196052976019015,0.268700715893259,0.050043004688557,8.555295216705616e-08,16,,,131.06172749974195,16.034168623385145,131.06172749974195,order_class,11.87961303827396,11.197760988958551,1.0619667438923828,0.05910989425222836,0.0,True,0
517515120,511510855,Cux2-CreERT2,175,1,10.971515685938709,104.12394126354388,2.2370910071245707,37.89173425514475,44.46326668587151,16.409995212593465,7.335416914346251,-6.133168229026937e-05,OFF,0.3685656614593119,8.618230112799061e-06,-10434.821212669567,0.3365645910109506,0.3685656614593119,0.3642128537755621,0.0320010704483613,0.1018138150004341,16,205.4922580645161,233.99370967741936,33.54710423986403,14.832597671502327,33.54710423986403,order_class,16.409995212593465,7.335416914346251,1.040266628355874,0.8051763643468011,0.0,True,0
517514779,511510855,Cux2-CreERT2,175,0,5.051690535831269,21.46910733209728,1.5173532799984153,,,6.222717595593983,4.101034134648249,0.0002083190843963,OFF,0.3423513383338779,2.583025671400389e-05,-9451.31175502728,0.3423513383338779,0.2552378871635552,0.3098637557039826,0.0,0.2458692233226378,16,,,,0.0,21.46910733209728,order_class,6.222717595593983,4.101034134648249,0.7034367380239623,0.4169675539384168,,False,0
517514929,511510855,Cux2-CreERT2,175,0,5.4662621334773,8.482771938410679,1.430278715267595,33.29856687082137,39.67417143758863,6.537335777382613,4.570672630166019,0.0249286927164952,OFF,0.6017318715876565,0.0019572618059582,-5573.643102973772,0.6017318715876565,0.4854780925784053,0.5601401792334788,0.0,2.135180920959101e-12,16,212.7180487804878,362.4019512195122,,0.0,8.482771938410679,order_class,6.537335777382613,4.570672630166019,0.7376904543586558,0.3578693310616868,,False,0
588901357,511510855,Cux2-CreERT2,175,1,8.985535471825399,179.51972177232008,2.916921864525596,35.36673516918751,46.5237507546549,15.346394597416426,5.261160672163682,0.0003166121034182,ON,0.4600769111943007,3.924573464604366e-05,-9076.518340807146,0.4216611270875723,0.4600769111943007,0.3524419847671823,0.0384157841067284,0.0,16,356.122,238.65725000000003,175.71213120765248,17.034424702250117,175.71213120765248,order_class,15.346394597416426,5.261160672163682,0.9535439629730549,1.0705289042826016,0.0,True,0
517513889,511510855,Cux2-CreERT2,175,2,9.743030596746976,141.77562339270565,3.385693854986349,36.948009957080366,45.29132122245024,17.927424783249844,5.295051930595221,2.7760579239938917e-05,OFF,0.334778996612692,5.891562622141933e-06,-10775.622407974,0.3159099212879388,0.2942809020503424,0.334778996612692,0.0188690753247532,0.0974404600909942,16,145.99068062827226,312.9515183246074,6.155196755255787,31.3362341369959,141.77562339270565,order_class,17.927424783249844,5.295051930595221,0.9886940663984785,1.2195588646753477,,False,0
517512738,511510855,Cux2-CreERT2,175,0,9.28934539821278,173.13041391065684,2.906627244586818,37.945632495943634,35.483526021623,15.837250322189009,5.448669192681534,9.384476013488214e-05,ON,0.3565679560847513,1.9884749594450365e-05,-9685.69949497412,0.3565679560847513,0.2694303895263356,0.3155979575096468,0.0,0.0092701354112502,16,138.32532786885247,183.12737704918032,,0.0,173.13041391065684,order_class,15.837250322189009,5.448669192681534,0.9679851111991882,1.0669933865186554,,False,0
517513175,511510855,Cux2-CreERT2,175,0,5.120030796433981,166.83319902708683,1.092619182406614,61.710654935350746,41.547380586200006,5.3518875978263285,4.898218596197631,0.0004395739352655,ON,0.3611413248892203,5.29840283647019e-05,-8807.585957127616,0.3611413248892203,0.3387216943897126,0.3580378253693969,0.0,7.301611770760276e-08,16,157.68031914893618,144.2045744680851,,0.0,166.83319902708683,order_class,5.3518875978263285,4.898218596197631,0.7092725732182363,0.08857773348527055,,False,0
517510768,511510855,Cux2-CreERT2,175,0,5.556111301738096,172.5770796725907,1.598164259926907,45.23950626272895,40.18517008120515,7.023953765171548,4.395013667426647,0.0213418299804338,OFF,0.7870642313275177,0.0010881689455089,-6099.639940176823,0.7870642313275177,0.4442630562683216,0.6202477453853323,0.0,1.02873265461767e-12,16,160.161,156.81300000000002,,0.0,172.5770796725907,order_class,7.023953765171548,4.395013667426647,0.7447709370739509,0.4688556330044516,0.0,True,0
517509497,511510855,Cux2-CreERT2,175,0,5.755656393807313,143.96291207087438,1.42551506493139,49.86379948047602,42.52314025848482,6.8719622453185725,4.820687212905266,0.0004069313196368,ON,0.3702800999155984,5.381083172079768e-05,-8793.712057053051,0.3702800999155984,0.2747479192537535,0.2840630650967618,0.0,8.098154591351658e-08,16,256.5530303030303,158.26515151515153,,0.0,143.96291207087438,order_class,6.8719622453185725,4.820687212905266,0.7600948591478783,0.35453319748829293,,False,0
517511567,511510855,Cux2-CreERT2,175,1,10.784607510823063,156.24852340512058,1.2502055650373332,,,12.058549156593466,9.645253143816696,0.0004452860869218,OFF,0.5065895992065295,6.032708768838976e-05,-8691.293488372976,0.321530519345014,0.5065895992065295,0.4204047204607058,0.1850590798615154,0.4494511701694128,16,,,106.82046170527832,9.3227879883255,106.82046170527832,order_class,12.058549156593466,9.645253143816696,1.0328043442475159,0.22330798982332353,1.0,True,1
517514557,511510855,Cux2-CreERT2,175,0,6.072813697069822,174.6694672343612,1.54600431238837,39.95484678018876,43.03091467660437,7.550840706901655,4.884100675784414,0.0030231686382048,OFF,0.7801087093782794,0.0001712837562264,-7756.281329301909,0.7801087093782794,0.4785752487804532,0.6129018411975089,0.0,1.62047844032287e-08,16,231.3814285714286,227.58171428571427,,0.0,174.6694672343612,order_class,7.550840706901655,4.884100675784414,0.7833899579584572,0.4356737395457966,0.0,True,0
517515085,511510855,Cux2-CreERT2,175,1,8.104473420080483,143.28722596016837,1.054529332871966,48.93398867808089,40.88505408000519,8.322506338000508,7.892152525842515,-7.718752008088197e-05,OFF,0.3162914984676821,1.1711866070384735e-05,-10159.997600307885,0.3078277286407033,0.3162914984676821,0.2769183249168484,0.0084637698269788,0.0,16,270.0718032786885,264.57024590163934,32.30010456340217,14.54028430416664,32.30010456340217,order_class,8.322506338000508,7.892152525842515,0.9087248022588532,0.0530945374032636,0.0,True,0
517511183,511510855,Cux2-CreERT2,175,1,6.0833213175234055,165.42355574248867,1.1116025052048302,,,6.413801497302035,5.769869595715054,0.0151614373921854,OFF,0.4824950952053141,0.0012163501815002,-5999.862900584848,0.2886140385480117,0.4824950952053141,0.4041259882179734,0.1938810566573023,0.2374796178591937,16,,,20.968015369164387,1.81085784567169,20.968015369164387,order_class,6.413801497302035,5.769869595715054,0.7841407562528144,0.10580267257639439,1.0,True,1
517511287,511510855,Cux2-CreERT2,175,0,8.562327447999888,32.87629219110914,1.2712155495501052,41.42802364844001,34.71868387796916,9.653869655106066,7.594203562505712,0.0027418557453143,OFF,0.7152645553591664,0.0002537498809373,-7404.1287011514705,0.7152645553591664,0.60227392884345,0.6499900361005964,0.0,0.0085611600971248,16,78.07636363636364,122.8309090909091,,0.0,32.87629219110914,order_class,9.653869655106066,7.594203562505712,0.9325918324845308,0.23997356834782943,0.0,True,0
517509835,511510855,Cux2-CreERT2,175,2,8.13966302074377,13.630404100299572,3.0833574609990504,44.26978131014614,42.06279145204952,14.29283446364576,4.635477606613501,0.0001227963997241,OFF,0.3480434983885647,2.133283783058766e-05,-9622.715639249358,0.3196415808991836,0.2409679956192328,0.3480434983885647,0.0284019174893811,1.7099225277927843e-06,16,140.3614814814815,121.38148148148149,8.541335063194367,29.264943520867952,13.630404100299572,order_class,14.29283446364576,4.635477606613501,0.910606425618828,1.1260190880144887,,False,0
517509538,511510855,Cux2-CreERT2,175,1,8.956239512856632,110.06602211127183,1.5789628638823068,53.975972004677416,51.18579462462556,11.254122993074896,7.127541280738924,-0.0003830787325789,OFF,0.3946864166567795,5.4101581705448e-05,-8788.883833712307,0.3126534029496798,0.3946864166567795,0.3750848147598283,0.0820330137070997,0.3716802597108272,16,345.2299378881988,69.73975155279503,57.64622397788256,12.381852695121063,57.64622397788256,order_class,11.254122993074896,7.127541280738924,0.9521256992126088,0.4567682162396876,0.0,True,0
588898390,511510855,Cux2-CreERT2,175,0,8.998482450767169,7.45215071469861,3.8722992822883424,52.29011756966048,46.93422175894502,17.70735653610095,4.5728274715472805,0.0002914775713266,ON,0.4180017406605957,5.273217959360091e-05,-8811.85506458357,0.4180017406605957,0.3188138713575599,0.3976627412529274,0.0,3.042988316881434e-08,16,341.3729182879377,52.83361867704281,,0.0,7.45215071469861,order_class,17.70735653610095,4.5728274715472805,0.9541692740139273,1.3538484604067322,,False,0
517514147,511510855,Cux2-CreERT2,175,0,5.4621221403716005,166.76164984794102,1.3186262311586563,48.80499045294546,43.31618753397631,6.272234150283394,4.756642937985602,0.0005595433024348,OFF,0.583960633636651,4.554894587934791e-05,-8943.063876617576,0.583960633636651,0.4412116794517892,0.5042312903692407,0.0,0.0,16,187.353014354067,217.3998086124402,,0.0,166.76164984794102,order_class,6.272234150283394,4.756642937985602,0.7373614073189694,0.27659046068792303,0.0,True,0
517509916,511510855,Cux2-CreERT2,175,2,8.516562433769051,75.63759641083028,1.806772996810156,52.2079135667652,49.032786770384064,11.44764439221741,6.3359616357052815,-0.0021555280324798,ON,0.3935163142242888,0.0003460250319857,-7126.223497114518,0.3616971571388642,0.2800390278767748,0.3935163142242888,0.0318191570854246,0.0697599435982229,16,317.1452631578948,334.36,173.8298584432449,35.44951555534786,75.63759641083028,order_class,11.44764439221741,6.3359616357052815,0.930264334520234,0.591542379374562,,False,0
517513687,511510855,Cux2-CreERT2,175,1,17.565570341215775,1.9561547899621128,6.969963653001182,52.329440499236426,67.99527156041191,46.37431549040255,6.653451552854846,0.0016003819328308,OFF,0.3640161883466074,0.0002782376042209,-7321.58346561332,0.3619449312712495,0.3640161883466074,0.3580849656346772,0.0020712570753579,0.3250710621351075,16,101.19352941176471,32.35279411764706,107.98118252504958,16.702827546169036,107.98118252504958,order_class,46.37431549040255,6.653451552854846,1.2446622555810198,1.9416100099813867,0.0,True,0
517512391,511510855,Cux2-CreERT2,175,0,7.924122779478739,143.37010837831258,1.4595370192566934,61.05378093750117,43.31077751189295,9.57323573852472,6.55909073371783,0.0005945435738935,ON,0.4987670439678869,8.151584340324965e-05,-8421.582990485804,0.4987670439678869,0.4536499526939276,0.4769984504988336,0.0,1.8878426355506408e-07,16,286.8045283018868,16.828867924528303,,0.0,143.37010837831258,order_class,9.57323573852472,6.55909073371783,0.8989511960483627,0.37811927533205075,,False,0
517514715,511510855,Cux2-CreERT2,175,2,18.51715213681313,161.03800344058232,4.211067690425915,40.31866187110905,46.3442245289132,37.99883711201491,9.023563596093997,-0.0001130158998037,ON,0.4544270460242473,3.186124163935238e-05,-9263.291773129557,0.4163454408278746,0.4135461161199405,0.4544270460242473,0.0380816051963727,0.0,16,242.3081818181818,213.50727272727275,174.21534303161295,25.73089624344371,161.03800344058232,order_class,37.99883711201491,9.023563596093997,1.2675741947449066,1.4377162237183494,0.0,True,0
588901890,511510855,Cux2-CreERT2,175,2,10.374930468634885,7.605966002039906,4.5792794978135625,43.93703101053167,40.0009501705412,22.20157427622457,4.848268005223311,-0.0001973819554519,ON,0.4564800669712427,3.4140685880431994e-05,-9201.378592511055,0.4217327062049106,0.4549127606166556,0.4564800669712427,0.0347473607663321,0.0,16,184.86678260869567,145.6531304347826,177.91008660743486,29.519731240702235,7.605966002039906,order_class,22.20157427622457,4.848268005223311,1.0159851948116603,1.5215416708629403,0.0,True,0
517510755,511510855,Cux2-CreERT2,175,0,5.744387417565099,174.4666919964602,1.5747544203553614,61.09105438413337,45.53968514090843,7.208586933718595,4.577594347753534,0.0007984072816671,OFF,0.4779193150176749,8.44598295405004e-05,-8389.794135912513,0.4779193150176749,0.3475766762143288,0.4479566025430737,0.0,0.0,16,359.7269565217391,123.52260869565218,,0.0,174.4666919964602,order_class,7.208586933718595,4.577594347753534,0.7592437222573725,0.4540993365363531,0.0,True,0
517511691,511510855,Cux2-CreERT2,175,1,13.032543506116337,112.09711965358206,2.919559723109665,54.771915360307744,47.90746552821464,22.26834110805269,7.627294256660851,0.0016176398254527,ON,0.4452078866199193,0.0001970049788787,-7630.924274220281,0.4372074198493617,0.4452078866199193,0.4243414794905084,0.0080004667705575,0.2004634926680398,16,381.7376047904192,274.62538922155693,119.23751672868131,5.402778851601556,119.23751672868131,order_class,22.26834110805269,7.627294256660851,1.1150291833926278,1.071432825154816,0.0,True,0
517511626,511510855,Cux2-CreERT2,175,0,4.2549535677073,124.14476550254145,1.5853344181070108,46.49638989535867,44.94335672023569,5.357414754286715,3.3793593913666533,0.0003062212533256,ON,0.3039283666509953,3.51064457299186e-05,-9176.384721569424,0.3039283666509953,0.2303741325190476,0.3021018129367686,0.0,1.673468946750134e-07,16,367.6715151515152,259.5115151515152,,0.0,124.14476550254145,order_class,5.357414754286715,3.3793593913666533,0.6288948251965107,0.4607953744160857,,False,0
517510201,511510855,Cux2-CreERT2,175,0,5.936090336650615,171.58151213017192,1.442315093871009,47.52336054265569,41.24820876511294,7.129032190347695,4.942770286910184,0.0876331984690408,OFF,0.7517879541410734,0.0052584671341718,-4688.132479799864,0.7517879541410734,0.5271363265563225,0.6527190079278462,0.0,6.906031302378324e-12,16,219.67606694560672,139.5220920502092,,0.0,171.58151213017192,order_class,7.129032190347695,4.942770286910184,0.7735005015045199,0.36624952669228195,0.0,True,0
517510257,511510855,Cux2-CreERT2,175,1,6.458281552750157,52.29578929094385,1.0691226003630718,,,6.677758818994495,6.246017825015337,-0.0013023556087123,ON,0.3487012393391565,0.0001463778293717,-7897.070188333646,0.2921984034768641,0.3487012393391565,0.3456880881066423,0.0565028358622924,0.0702225207233869,16,,,137.81908926449108,6.476655815790502,137.81908926449108,order_class,6.677758818994495,6.246017825015337,0.8101169744284877,0.0668383124295103,1.0,True,1
517510210,511510855,Cux2-CreERT2,175,0,5.5160036484564445,136.84250873518278,1.562433935905032,56.38625677657048,45.932037073477794,6.894858795114211,4.412896210629475,0.037696320599714,ON,0.5378879941102901,0.0034016504221632,-5078.411113981225,0.5378879941102901,0.5338810067865918,0.5294298897113234,0.0,5.7492455241003875e-11,16,347.41270270270275,138.58351351351354,,0.0,136.84250873518278,order_class,6.894858795114211,4.412896210629475,0.7416245447597907,0.4462448207137725,,False,0
588898993,511510855,Cux2-CreERT2,175,2,7.163582373684407,169.25515668283575,3.170445120831691,62.812282290096704,47.220809067486655,12.755291239818847,4.0231862573520285,0.0005342456350444,OFF,0.4088450190774045,7.179222760131512e-05,-8535.393967249127,0.4002439057056733,0.2955389134126248,0.4088450190774045,0.0086011133717311,0.0,16,384.9130434782609,128.01043478260868,2.8713524025869788,31.22857961679766,169.25515668283575,order_class,12.755291239818847,4.0231862573520285,0.855130259185489,1.1538719946978404,,False,0
517510803,511510855,Cux2-CreERT2,175,0,6.588024715642771,19.00576112150918,1.5191096091315597,50.52594623448996,47.64957936217839,8.11988306981493,5.345159441428906,0.0007833365194068,ON,0.4291939091436609,0.0001041167072585,-8202.318300129975,0.4291939091436609,0.3484901024142361,0.4179462525081322,0.0,1.3397789877522824e-08,16,354.29634782608696,101.3457391304348,,0.0,19.00576112150918,order_class,8.11988306981493,5.345159441428906,0.8187552198005609,0.4181243797539395,,False,0
517510775,511510855,Cux2-CreERT2,175,0,6.924718249212718,41.466843306204325,1.74740113030436,42.62439294100246,41.192458811404784,9.153736650947264,5.238486167942949,0.0001522605175946,ON,0.4931578762356816,1.864104780938705e-05,-9743.569505453745,0.4931578762356816,0.4059659110415631,0.4064559505613773,0.0,0.0,16,274.45380281690143,120.74253521126762,,0.0,41.466843306204325,order_class,9.153736650947264,5.238486167942949,0.8404021076568494,0.5581296157308868,,False,0
517514947,511510855,Cux2-CreERT2,175,0,5.431628366779845,170.31726572320989,1.5091963179682506,34.2228747799354,37.63666922360975,6.672720227952502,4.421373249131448,0.0034104500769801,ON,0.5422012255761284,0.000300637828017,-7252.205405183017,0.5422012255761284,0.4414586047042369,0.4559248989854557,0.0,7.632157128512063e-10,16,297.3742168674699,357.330843373494,,0.0,170.31726572320989,order_class,6.672720227952502,4.421373249131448,0.7349300477639527,0.411577269380851,,False,0
517510502,511510855,Cux2-CreERT2,175,0,4.810270283438285,14.24048113580237,1.1416066408259649,52.62619022066819,46.2840673909636,5.139581092666232,4.502059561380695,0.010670432325746,OFF,0.3371568829394379,0.0012765536456144,-5956.577801767845,0.3371568829394379,0.3011635859004062,0.2971071453696504,0.0,0.0003614751338849,16,348.0266666666667,309.2666666666667,,0.0,14.24048113580237,order_class,5.139581092666232,4.502059561380695,0.6821694795563557,0.1324366042851232,,False,0
517511827,511510855,Cux2-CreERT2,175,0,5.4602928170265885,178.7884341911485,1.480238915550366,53.65536010768931,40.04274540061289,6.643269055016802,4.487970816891255,0.0109114093142673,OFF,0.7160313158112519,0.0006624433064643,-6544.339718706799,0.7160313158112519,0.4818520292279572,0.5609441442903573,0.0,1.5768830685658486e-11,16,166.1865671641791,45.34477611940299,,0.0,178.7884341911485,order_class,6.643269055016802,4.487970816891255,0.7372159330726817,0.39220350417361893,0.0,True,0
517514864,511510855,Cux2-CreERT2,175,0,6.46106958825562,7.519356427253115,2.5800309214986643,49.778647520462336,37.00087972365305,10.378076652713755,4.022462120990952,8.258211996565678e-05,OFF,0.4755092988275894,9.817762417724365e-06,-10318.060319852606,0.4755092988275894,0.3234926286930454,0.3657423440352793,0.0,1.3140400612066117e-07,16,259.37864406779664,195.9827118644068,,0.0,7.519356427253115,order_class,10.378076652713755,4.022462120990952,0.8103044185874015,0.9478013839387073,,False,0
517514881,511510855,Cux2-CreERT2,175,0,7.688430835535228,171.08549122285442,3.336227015238341,43.56343199008431,33.907087467982464,14.043181510740244,4.209300340353787,0.0008614003287039,ON,0.3517358199986986,0.0001555881011869,-7842.395384019986,0.3517358199986986,0.3334739929972777,0.2696636922243705,0.0,0.0167979318998298,16,142.37072463768115,189.55884057971016,,0.0,171.08549122285442,order_class,14.043181510740244,4.209300340353787,0.8858377118421936,1.2048405323125924,,False,0
588901378,511510855,Cux2-CreERT2,175,2,11.561050619302671,82.8616354497482,1.0614535438532575,,,11.91098830970459,11.22139388829554,-7.38020716430022e-05,OFF,0.355249708865783,1.689262970505311e-05,-9831.815296385004,0.2597011527696805,0.3248851018361893,0.355249708865783,0.0955485560961024,0.081381599402758,16,,,170.56473115581198,27.2419260562422,82.8616354497482,order_class,11.91098830970459,11.22139388829554,1.0629973027205648,0.05963923658101358,0.0,True,0
517514941,511510855,Cux2-CreERT2,175,0,5.693410531062172,17.9479405790876,1.3092905971101818,41.34541308182772,44.24280798901036,6.514641549013889,4.975703303294751,0.0052693706909541,ON,0.6232839436058922,0.0004110995925383,-6971.8208494688215,0.6232839436058922,0.4951970448675225,0.5644970607141413,0.0,0.0039717463162929,16,249.9180257510729,354.2237768240344,,0.0,17.9479405790876,order_class,6.514641549013889,4.975703303294751,0.7553725003312782,0.2694854616097907,,False,0
588900980,511510855,Cux2-CreERT2,175,0,5.419200941556526,17.10776848399368,1.6986099603143765,42.9594058612018,38.44267740861525,7.062884234784867,4.158037689522129,0.0024913918245228,ON,0.5472146987865897,0.0002169142329884,-7544.663635923705,0.5472146987865897,0.4081179753351618,0.3888099007700596,0.0,0.0146782202188474,16,55.63758139534883,239.1044651162791,,0.0,17.10776848399368,order_class,7.062884234784867,4.158037689522129,0.7339352547568527,0.529810246184079,,False,0
517513231,511510855,Cux2-CreERT2,175,0,5.128358849553178,172.95339713969386,1.5425476400078637,37.29294081572991,40.57808315910109,6.3693879149240695,4.129135301708802,0.0066108374799365,OFF,0.5378582885095826,0.0005561732121044,-6701.009978582455,0.5378582885095826,0.4659334278159462,0.5058967697509988,0.0,0.0,16,83.63237569060774,242.9032044198896,,0.0,172.95339713969386,order_class,6.3693879149240695,4.129135301708802,0.709978406707346,0.4334353612526406,0.0,True,0
662281854,650389885,Slc17a7-IRES2-Cre,175,0,5.613962253246566,0.3895044869324879,1.348498272980058,,,6.519205715128517,4.834419031714195,1.3067000134429826e-05,ON,0.3879865696632535,1.6249309924545427e-06,-11929.720507502432,0.3879865696632535,0.3601852406513941,0.3850239154804595,0.0,2.262218548210182e-05,16,,,,0.0,0.3895044869324879,order_class,6.519205715128517,4.834419031714195,0.7492694882304051,0.29899158289979977,,False,0
662279460,650389885,Slc17a7-IRES2-Cre,175,1,7.652166912538593,173.82437005025906,1.479339541344266,34.656242579309954,31.171048794045536,9.30718544595563,6.291446409590493,-0.0013061823110349,OFF,0.5509617149693827,0.000114904556066,-8113.982214418856,0.4722909092409678,0.5509617149693827,0.5482844540687137,0.0786708057284149,0.0073952196637981,16,323.92088495575223,132.47575221238938,81.23092244549217,6.158181819070367,81.23092244549217,order_class,9.30718544595563,6.291446409590493,0.8837844344869732,0.39159573232578065,1.0,True,1
662281930,650389885,Slc17a7-IRES2-Cre,175,2,15.449311435734735,148.18337939550085,1.882968307614748,,,21.199744812385504,11.258683816744798,-9.160332089599157e-05,OFF,0.3334250060406653,3.088930875645335e-05,-9291.049984265206,0.1587020196464836,0.3284351438006078,0.3334250060406653,0.1747229863941816,0.0563651935449605,16,,,4.55266555738524,26.63006549351948,148.18337939550085,order_class,21.199744812385504,11.258683816744798,1.1889091280116801,0.6328494187392963,0.0,True,0
662278022,650389885,Slc17a7-IRES2-Cre,175,1,17.42529767205349,20.121991510373164,1.06220819837073,,,17.959119089099072,16.90734369838766,-4.621024969236136e-06,OFF,0.3460491756694431,1.3075695133701407e-06,-12124.417067677916,0.2803605195449162,0.3460491756694431,0.3077253226532843,0.0656886561245269,3.3587707016780044e-06,16,,,90.92515622102712,15.752825312648612,90.92515622102712,order_class,17.959119089099072,16.90734369838766,1.2411802057787147,0.0603499472692869,0.0,True,0
662278543,650389885,Slc17a7-IRES2-Cre,175,0,6.207013968759788,12.11050360437713,1.2900521182576323,60.03964091686616,39.65532721031897,7.049955096884573,5.464860680517598,0.0121508718580377,OFF,0.840811162406775,0.0005760316544719,-6669.575757015744,0.840811162406775,0.5070396250033927,0.6438855783451605,0.0,1.3106182805699973e-12,16,35.18666666666667,69.82596491228071,,0.0,12.11050360437713,order_class,7.049955096884573,5.464860680517598,0.7928827227574718,0.2546826193075546,0.0,True,0
662285267,650389885,Slc17a7-IRES2-Cre,175,0,9.892802261858122,161.1330978195667,1.630642899177632,47.15733259442168,32.64639112844641,12.63277497639054,7.747113106592203,0.0019441312416402,OFF,0.6102842382101671,0.0002586159574256,-7387.109082346918,0.6102842382101671,0.4696996099073401,0.5199628948207966,0.0,0.015479422309954,16,160.95772727272728,227.28727272727272,,0.0,161.1330978195667,order_class,12.63277497639054,7.747113106592203,0.9953193284504888,0.4889743537302551,0.0,True,0
662281402,650389885,Slc17a7-IRES2-Cre,175,0,12.826771484444668,153.25696513731776,2.7307827561278324,,,21.19634274861051,7.762002561736652,2.685509890066101e-05,OFF,0.3068732523300287,8.273423672751357e-06,-10471.40608421919,0.3068732523300287,0.2740367701491317,0.2986076485269691,0.0,0.0603309468879756,16,,,,0.0,153.25696513731776,order_class,21.19634274861051,7.762002561736652,1.1081173576271364,1.0045882919557878,,False,0
662278837,650389885,Slc17a7-IRES2-Cre,175,1,17.7715777656291,50.6436088557105,1.943345817928649,,,24.77427940897658,12.74826085013665,-5.611187732469004e-06,OFF,0.3051499765986531,1.5431508065384355e-06,-11975.98909107337,0.1770118640472103,0.3051499765986531,0.2880199821405292,0.1281381125514428,1.685857112798672e-06,16,,,2.0852359923180472,5.781017957917049,2.0852359923180472,order_class,24.77427940897658,12.74826085013665,1.2497259863021373,0.6644111359937149,0.0,True,0
662278772,650389885,Slc17a7-IRES2-Cre,175,0,5.546735865129904,2.440509970454997,1.5027889839779809,65.57306961477133,27.21832189929127,6.799648872904716,4.524686396692635,0.0078165054653733,OFF,0.8098863588943923,0.0003706865127839,-7064.537833088348,0.8098863588943923,0.4938512904671476,0.6346033318542401,0.0,0.0002640568171172,16,28.028,315.05066666666664,,0.0,2.440509970454997,order_class,6.799648872904716,4.524686396692635,0.7440374853221723,0.40732270435941564,0.0,True,0
662284816,650389885,Slc17a7-IRES2-Cre,175,2,7.963605398382693,1.0067750080516769,2.450792479614755,35.07612995430486,28.702978701223948,12.467029922125644,5.086938215219823,0.0029830092543054,OFF,0.5310369963622672,0.000348020524575,-7121.071194733564,0.4183163697673222,0.5259186463444889,0.5310369963622672,0.1127206265949449,0.1882568258672449,16,329.49696,136.3596,4.249835463175032,29.74676510785469,1.0067750080516769,order_class,12.467029922125644,5.086938215219823,0.9011097323259014,0.8964114333216296,1.0,True,1
662283878,650389885,Slc17a7-IRES2-Cre,175,0,5.5520594816617015,3.606909395735299,1.0512764923140532,46.524112016008274,37.91071480496955,5.692625146024616,5.414964747755464,0.002195564327857,OFF,0.5148570190066653,0.0002087918899477,-7578.858599385112,0.5148570190066653,0.3632948627328866,0.419854587451158,0.0,5.430043400478368e-06,16,203.1855172413793,69.16896551724139,,0.0,3.606909395735299,order_class,5.692625146024616,5.414964747755464,0.7444541102600322,0.050005132761853456,0.0,True,0
662281813,650389885,Slc17a7-IRES2-Cre,175,0,6.024227320877784,7.1796374395594285,1.6589766774796044,59.31335585729717,30.49353431958784,7.759281208388416,4.677149060453751,0.0007276241615929,OFF,0.5554003289237031,6.894241079411202e-05,-8571.68616911815,0.5554003289237031,0.4288987281000084,0.5036334341793742,0.0,0.0,16,201.3556779661017,372.5921186440679,,0.0,7.1796374395594285,order_class,7.759281208388416,4.677149060453751,0.7799013513633228,0.5062009529296255,0.0,True,0
662285708,650389885,Slc17a7-IRES2-Cre,175,0,7.313426335750812,11.074057080900047,1.7473334181420153,44.43350084779205,34.84828207308336,9.667379841586122,5.532647485140927,6.771557930697973e-05,OFF,0.3535983431231114,1.1632659665039817e-05,-10166.077759084854,0.3535983431231114,0.2947659482582278,0.322505810231248,0.0,0.0035361414727702,16,286.7960352422908,183.38590308370044,,0.0,11.074057080900047,order_class,9.667379841586122,5.532647485140927,0.8641208913330541,0.5580908647691674,,False,0
662281168,650389885,Slc17a7-IRES2-Cre,175,0,7.541830724928881,137.2968370697714,1.4019687945081685,51.45599880788591,36.755662752457006,8.929886809724769,6.369533219787182,1.3835202243073888e-05,OFF,0.3216809657019669,2.6260819620671576e-06,-11499.615743451412,0.3216809657019669,0.247474769470933,0.2940173381328947,0.0,4.895870336363295e-06,16,112.50896907216494,51.89814432989691,,0.0,137.2968370697714,order_class,8.929886809724769,6.369533219787182,0.877476780515329,0.33787753052458086,,False,0
662281088,650389885,Slc17a7-IRES2-Cre,175,0,6.444238516316475,63.50139746138954,1.0889326466005746,53.31041658111092,38.23676546067821,6.724687627241003,6.175485369305535,0.000284613541144,ON,0.5396022022950366,2.967667458823493e-05,-9326.933672553423,0.5396022022950366,0.4554090696265834,0.4379653433751302,0.0,8.093985459645127e-08,16,127.2540350877193,39.41508771929825,,0.0,63.50139746138954,order_class,6.724687627241003,6.175485369305535,0.8091716062976273,0.08519799318647407,,False,0
662281194,650389885,Slc17a7-IRES2-Cre,175,2,8.150180439425956,138.49091230436002,2.1334713485861783,52.12726157626288,29.162921540945337,11.904485524673394,5.5798666021750565,0.0100164828092162,OFF,0.5541972240372413,0.0011419040387792,-6056.452147530554,0.5475579378876502,0.5432359347648523,0.5541972240372413,0.006639286149591,0.242973781263871,16,149.97666666666666,50.43638888888889,1.9341119644177809,24.635839175388764,138.49091230436002,order_class,11.904485524673394,5.5798666021750565,0.9111672238294911,0.7577503942546789,,False,0
662278991,650389885,Slc17a7-IRES2-Cre,175,2,12.498232428864576,163.4298362158934,1.486585881498605,,,15.238548404337834,10.250701687665757,-0.00015673717025,OFF,0.3044715398710148,4.6132502052698464e-05,-8931.65756913926,0.2810538609308647,0.2618392034714958,0.3044715398710148,0.0234176789401501,0.1158573534130334,16,,,6.988592007320477,31.677816381407307,163.4298362158934,order_class,15.238548404337834,10.250701687665757,1.0968485969544255,0.39648213608825805,,False,0
662279041,650389885,Slc17a7-IRES2-Cre,175,0,8.921195764431307,17.924056447757295,2.909002796958004,32.85266080423853,25.567463373600862,15.215812184157162,5.2305938653852815,2.7738023367978848e-05,ON,0.3753390521606832,5.448062010482162e-06,-10845.744543813533,0.3753390521606832,0.3574845922795584,0.3520349943047034,0.0,0.0,16,331.0775,224.61472222222224,,0.0,17.924056447757295,order_class,15.215812184157162,5.2305938653852815,0.9504230695206467,1.0678103409969626,,False,0
662284750,650389885,Slc17a7-IRES2-Cre,175,0,4.730074805339379,31.88053313226922,1.4494989713834894,,,5.694780179713694,3.9287921496613776,0.0003421269015711,OFF,0.3910465163702625,3.5834186041313725e-05,-9158.000949750034,0.3910465163702625,0.3716330308395297,0.222264212218382,0.0,0.2291768938863904,16,,,,0.0,31.88053313226922,order_class,5.694780179713694,3.9287921496613776,0.6748680090864829,0.3712179597439225,,False,0
662279927,650389885,Slc17a7-IRES2-Cre,175,1,6.262175527909824,177.0870696546732,1.200343038005337,,,6.860850019649165,5.715741086023327,-0.0003909476440742,OFF,0.3827505566839339,3.959009460153217e-05,-9068.690720157012,0.2590650223935469,0.3827505566839339,0.290263361773747,0.1236855342903869,0.0,16,,,35.22507320871259,12.009879304552966,35.22507320871259,order_class,6.860850019649165,5.715741086023327,0.7967252366654825,0.18260738094678694,0.0,True,0
662279767,650389885,Slc17a7-IRES2-Cre,175,0,6.040316569075461,4.446763313323775,1.7294455139967764,63.16676469777033,28.93057007003109,7.943522726314151,4.593103779231843,0.0293200336844397,OFF,0.8299247088882925,0.001409238397404,-5867.97645432973,0.8299247088882925,0.5176303549809222,0.6561770426105692,0.0,0.0017084352359674,16,38.913716814159294,312.4521238938053,,0.0,4.446763313323775,order_class,7.943522726314151,4.593103779231843,0.7810597003098441,0.547800844994102,0.0,True,0
662278429,650389885,Slc17a7-IRES2-Cre,175,2,21.37399394794224,87.87078635043984,1.244813362488788,58.27459634771963,34.10468987186669,23.84722245083508,19.157267402043868,-3.230326393686655e-05,ON,0.3988987344226719,1.080060978557038e-05,-10232.573535565794,0.3937943076289245,0.37131711223843,0.3988987344226719,0.0051044267937473,0.0519497646137673,16,239.8691803278689,358.4377049180328,176.07900429814177,27.375164049759608,87.87078635043984,order_class,23.84722245083508,19.157267402043868,1.329885682083729,0.21898560903153683,,False,0
662278448,650389885,Slc17a7-IRES2-Cre,175,0,6.761736721965406,174.567743284299,1.6520890700396365,60.794166367919246,39.94681489446607,8.69110478109965,5.260675673431539,0.0073667567622522,OFF,0.7325372240136498,0.0005257219989626,-6751.461251605942,0.7325372240136498,0.5599923382772274,0.6253775984574511,0.0,0.0,16,39.59451219512196,356.4837804878049,,0.0,174.567743284299,order_class,8.69110478109965,5.260675673431539,0.8300582568728732,0.5020405901342287,0.0,True,0
662283100,650389885,Slc17a7-IRES2-Cre,175,0,8.516346555687605,134.8845038965654,2.61492869021058,51.39353370089107,29.966157634080915,13.77156356116528,5.266515914074987,0.0001277009991502,ON,0.4141462659124257,2.217346372899513e-05,-9588.08642317795,0.4141462659124257,0.3640120353071984,0.3641430871884974,0.0,0.0,16,316.82110552763817,293.6170854271357,,0.0,134.8845038965654,order_class,13.77156356116528,5.266515914074987,0.9302533258710832,0.9612368276271236,,False,0
662281726,650389885,Slc17a7-IRES2-Cre,175,0,7.057224025719155,64.0418935733083,1.2769938241994208,48.56019295963874,28.91899963708843,7.974956125271328,6.245101561294572,0.0001447736912191,ON,0.5367721818501112,1.6531329879685466e-05,-9851.186864400815,0.5367721818501112,0.5153058904413147,0.5093619510774616,0.0,4.1738863609808163e-07,16,337.95272727272726,299.8887272727273,,0.0,64.0418935733083,order_class,7.974956125271328,6.245101561294572,0.848633903970817,0.24450874085971083,,False,0
662281531,650389885,Slc17a7-IRES2-Cre,175,0,16.26679103610641,10.98476549588355,2.2390906226650853,60.44472972919482,30.2792878970968,24.34096115620087,10.870913803046058,0.0001747055114405,ON,0.3992953946983163,5.111882563562305e-05,-8839.696517888724,0.3992953946983163,0.3569261861571445,0.3973268421358223,0.0,6.801040064452479e-09,16,102.35828571428571,276.5122285714286,,0.0,10.98476549588355,order_class,24.34096115620087,10.870913803046058,1.2113018877392931,0.8060698114134807,,False,0
662285288,650389885,Slc17a7-IRES2-Cre,175,1,15.986675707603354,53.98807067162876,3.7314720387078992,48.9540907842726,28.80769280122988,30.88149104558053,8.27595402705306,-7.641304220925475e-06,ON,0.3452179724819701,1.5336555886665225e-06,-11981.519333233033,0.3103064405272019,0.3452179724819701,0.3370851221422607,0.0349115319547682,0.0779498781425747,16,121.5381818181818,282.072192513369,28.28420462479579,26.28937995751852,28.28420462479579,order_class,30.88149104558053,8.27595402705306,1.2037581653135585,1.3168028042496662,0.0,True,0
662278629,650389885,Slc17a7-IRES2-Cre,175,1,16.180170807786915,77.86485172143328,2.154705400579534,39.94182512833053,34.060844608733646,23.75073489311136,11.022729551206078,-0.0002064072356498,ON,0.3448995980463005,3.95175712717006e-05,-9070.333567813212,0.3179366049649097,0.3448995980463005,0.3203781191736816,0.0269629930813908,0.1647873633265725,16,304.08375,252.74625000000003,170.4284819863825,6.059914875027593,170.4284819863825,order_class,23.75073489311136,11.022729551206078,1.2089831019788353,0.76765400914322,0.0,True,0
662278268,650389885,Slc17a7-IRES2-Cre,175,0,7.04041315982368,7.340034730820861,1.4407363749917634,45.62968380656376,37.782261070669335,8.45065567577399,5.8655114304463245,0.0017800675920734,ON,0.7245152742968666,0.0001346203333161,-7972.094670316219,0.7245152742968666,0.5177497235191626,0.5963858344427303,0.0,0.0015387025381774,16,135.18123711340206,115.8098969072165,,0.0,7.340034730820861,order_class,8.45065567577399,5.8655114304463245,0.8475981460407682,0.36515435440410804,,False,0
662279435,650389885,Slc17a7-IRES2-Cre,175,2,12.804866670504788,170.61064191484272,4.965383680911192,48.446936932036834,36.581109862697055,28.533264814465817,5.746437062690332,7.886290217233241e-06,OFF,0.3689756978803276,1.9641429895221094e-06,-11759.84727270216,0.3421890464545524,0.2836847562276209,0.3689756978803276,0.0267866514257751,1.2293819741104883e-06,16,120.1006611570248,123.51074380165292,156.38589879172525,26.280649834359,170.61064191484272,order_class,28.533264814465817,5.746437062690332,1.1073750607766855,1.602490571633506,,False,0
662279446,650389885,Slc17a7-IRES2-Cre,175,0,8.150252145669493,178.80063108604813,1.356580334617873,51.89199110514243,40.02938919985538,9.492788466666031,6.997586670265274,1.7373166539951654e-05,ON,0.5879279009962706,2.040796230345385e-06,-11725.544783470385,0.5879279009962706,0.4994278255445648,0.5560148921316026,0.0,7.078006693417294e-06,16,224.1288510638298,122.47991489361702,,0.0,178.80063108604813,order_class,9.492788466666031,6.997586670265274,0.9111710447864778,0.30496707334477374,,False,0
662284306,650389885,Slc17a7-IRES2-Cre,175,0,5.901720041801202,60.28986197641565,1.3604711314317353,61.61357577630684,38.630307909067,6.88372115234876,5.059806851692954,0.0004586148075098,OFF,0.4629178324597627,5.130246002124845e-05,-8836.483580562817,0.4629178324597627,0.4200777908824206,0.4364677610419392,0.0,9.287952995595816e-08,16,37.12982456140351,18.628771929824563,,0.0,60.28986197641565,order_class,6.88372115234876,5.059806851692954,0.7709786041499394,0.307831059928741,0.0,True,0
662285300,650389885,Slc17a7-IRES2-Cre,175,2,9.509957121828286,101.12196990108168,2.3423379586317714,,,14.554702640034993,6.213750063862186,0.0017615887676402,OFF,0.4416486774243264,0.0002907133202157,-7282.282945525087,0.3703409647724571,0.3523908376134456,0.4416486774243264,0.0713077126518693,0.341566156730548,16,,,4.681710211305443,30.12605099084509,101.12196990108168,order_class,14.554702640034993,6.213750063862186,0.9781785588096169,0.851149558194237,0.0,True,0
662282954,652842570,Slc17a7-IRES2-Cre,175,0,5.8444450848494425,50.402580615532514,1.4836256056340855,54.89791105482395,25.343660628210085,7.118777881155051,4.798230668250405,0.007010755641439,OFF,0.6453029208598301,0.0005348062052615,-6736.111074422454,0.6453029208598301,0.5444151122843888,0.4730286240039717,0.0,2.4258928199571983e-11,16,298.1036842105263,45.76136842105263,,0.0,50.402580615532514,order_class,7.118777881155051,4.798230668250405,0.7667432823022293,0.39448882560682436,0.0,True,0
662284902,652842570,Slc17a7-IRES2-Cre,175,0,6.014838854017722,15.464879181275547,1.65178505361521,42.26315325368923,25.72858509472387,7.730378568134519,4.6800148428606265,0.0002942654580409,OFF,0.5881753652666282,2.603785207450422e-05,-9444.139469761158,0.5881753652666282,0.4245394408819866,0.4582205680953574,0.0,7.375519306407341e-09,16,384.8754838709677,40.11548387096774,,0.0,15.464879181275547,order_class,7.730378568134519,4.6800148428606265,0.7792239964724768,0.5018565538096559,0.0,True,0
662282845,652842570,Slc17a7-IRES2-Cre,175,1,8.29309088207137,11.45539695721152,1.3036705491395828,29.518051525276668,22.4337288225044,9.468917922179005,7.263275164441238,0.002741787528123,OFF,0.6323480701670332,0.0002207793826871,-7528.838574595344,0.3361765287218977,0.6323480701670332,0.5025643313673394,0.2961715414451354,1.4499688782976252e-08,16,78.83484375,22.1203125,53.21548682841848,6.428472925958553,53.21548682841848,order_class,9.468917922179005,7.263275164441238,0.9187164247415194,0.2651837852186411,1.0,True,1
662282978,652842570,Slc17a7-IRES2-Cre,175,0,4.616110354053397,13.692122951843384,1.6524368471932558,40.064676416835766,23.864121245493028,5.9338780673627936,3.590986292421265,0.0022650436677981,ON,0.5026950076870431,0.000184875611416,-7687.861287458448,0.5026950076870431,0.3370658582961968,0.4563944840298838,0.0,0.006577242511028,16,98.08127388535031,27.80178343949045,,0.0,13.692122951843384,order_class,5.9338780673627936,3.590986292421265,0.6642761826397836,0.5022510754889296,,False,0
662288127,652842570,Slc17a7-IRES2-Cre,175,2,12.2818211910953,179.65765246513303,6.089686058070841,37.47594874118609,25.49868648803617,30.308205431792565,4.976973384633548,-3.812732982379388e-05,ON,0.4855450685183571,6.918629154147149e-06,-10631.638444735258,0.4816454824533549,0.4098859891135765,0.4855450685183571,0.0038995860650021,0.0,16,142.8008256880734,142.5002752293578,172.77258488739548,27.366218859922007,179.65765246513303,order_class,30.308205431792565,4.976973384633548,1.0892627702741324,1.8065965299941615,0.0,True,0
662288108,652842570,Slc17a7-IRES2-Cre,175,0,3.87611594653625,157.21973773942833,1.2107049153152982,44.34988694025215,28.5378708330108,4.264969330127788,3.5227157965383187,0.0022684379517608,OFF,0.3979361020780217,0.0001930849432276,-7648.932789597766,0.3979361020780217,0.289855017773985,0.3537616148908418,0.0,0.0,16,330.964769874477,140.40979079497907,,0.0,157.21973773942833,order_class,4.264969330127788,3.5227157965383187,0.588396759655236,0.19120276461866453,,False,0
662284952,652842570,Slc17a7-IRES2-Cre,175,1,8.564635614173579,4.699318374601177,1.256964826169667,37.77222870749125,20.631914939096745,9.602193488026703,7.639190284494551,0.0001238861728499,ON,0.477302129606122,1.4139387935893532e-05,-9991.225381255925,0.3469274887663817,0.477302129606122,0.3845707237696846,0.1303746408397403,0.0,16,125.4745945945946,142.54605405405405,60.91318197107941,21.625212762879556,60.91318197107941,order_class,9.602193488026703,7.639190284494551,0.9327088904632256,0.2286999468535634,1.0,True,1
662288155,652842570,Slc17a7-IRES2-Cre,175,0,5.015026671366271,150.6531815057627,1.3574344577437334,50.45735929378578,34.25609121892504,5.84295688572392,4.304411791222554,0.0007012602088655,OFF,0.6250069003229957,4.82493084943135e-05,-8891.459639557423,0.6250069003229957,0.4100938817093627,0.5164401205709392,0.0,1.013461260468418e-07,16,384.62666666666667,136.47833333333335,,0.0,150.6531815057627,order_class,5.84295688572392,4.304411791222554,0.7002732470665854,0.30559649007195,0.0,True,0
662286814,652842570,Slc17a7-IRES2-Cre,175,0,4.230733141148965,154.81491709006883,1.1748377063559432,48.06695860432394,23.89248755144858,4.585688717140768,3.903252927899671,0.0012747587794631,OFF,0.6430741117826388,7.153684032468668e-05,-8538.587000530348,0.6430741117826388,0.4314762506158844,0.529285469213647,0.0,0.0025459134425738,16,189.0401941747573,139.3473786407767,,0.0,154.81491709006883,order_class,4.585688717140768,3.903252927899671,0.6264156325207305,0.16113001580610473,0.0,True,0
662285259,652842570,Slc17a7-IRES2-Cre,175,0,4.517591760046094,169.56821376466087,1.11845874056735,42.896104577938125,18.46780388240452,4.777678991519732,4.271663154151045,0.0015078440137352,ON,0.723286372427548,7.488269983276135e-05,-8497.630553203488,0.723286372427548,0.5402950497968713,0.5511776514329418,0.0,0.000277902195845,16,213.9066257668712,70.7359509202454,,0.0,169.56821376466087,order_class,4.777678991519732,4.271663154151045,0.6549069825892406,0.11195161308469329,,False,0
662282790,652842570,Slc17a7-IRES2-Cre,175,0,4.544294237205706,173.1290110879895,1.3496762482802476,44.01650419252079,24.34544137875983,5.279359618719669,3.911574813179538,0.0138044284327506,OFF,0.6783553980339907,0.0007674628967471,-6412.488698714063,0.6783553980339907,0.4608392338175967,0.55505519588295,0.0,0.0009100998898667,16,135.16902127659574,81.88340425531915,,0.0,173.1290110879895,order_class,5.279359618719669,3.911574813179538,0.6574664436223601,0.2998647476011561,0.0,True,0
662284832,652842570,Slc17a7-IRES2-Cre,175,1,10.757065386293576,52.30100257035686,1.3523019176031417,,,12.509231805803068,9.25032468191333,-4.178495541209049e-06,ON,0.3133662429398473,8.469639491473418e-07,-12513.520504746542,0.2568624409070011,0.3133662429398473,0.3033432860141012,0.0565038020328461,6.531100078099872e-05,16,,,108.1900991900016,3.44499960317626,108.1900991900016,order_class,12.509231805803068,9.25032468191333,1.0316938084708456,0.30180826452703885,0.0,True,0
662287309,652842570,Slc17a7-IRES2-Cre,175,0,8.766083620752372,128.27294946667774,1.2200561751182666,42.86437589620336,22.708239195673883,9.68267874244569,7.936256493687347,0.0014507289115375,ON,0.5564653820770039,0.00019405866251,-7644.425654241309,0.5564653820770039,0.5097701967381754,0.4773513051309311,0.0,4.2374209363593713e-08,16,155.79352941176472,158.1564705882353,,0.0,128.27294946667774,order_class,9.68267874244569,7.936256493687347,0.9428056091263041,0.1988969028640255,,False,0
662284968,652842570,Slc17a7-IRES2-Cre,175,0,7.168667337785841,167.75539444191867,1.8379515235017767,54.9458519736468,27.1894681975617,9.718639071175032,5.287755932027245,0.0003935647730586,ON,0.496674973239133,4.941352084113113e-05,-8870.096677104118,0.496674973239133,0.4026943811504464,0.4625662933922155,0.0,0.0024349877161672,16,245.9904255319149,160.5140425531915,,0.0,167.75539444191867,order_class,9.718639071175032,5.287755932027245,0.8554384274056985,0.6086516489946986,,False,0
662282639,652842570,Slc17a7-IRES2-Cre,175,0,3.635373204651695,32.12555782477036,1.2457525851794524,41.88984039620039,26.615484728402752,4.057559531173139,3.2571150800290263,0.0004927224328559,OFF,0.35832636449343,4.281896075750046e-05,-8998.442472430152,0.35832636449343,0.2569852487457963,0.1936646187628392,0.0,5.3005941857975365e-08,16,186.395625,159.700125,,0.0,32.12555782477036,order_class,4.057559531173139,3.2571150800290263,0.560549001825325,0.21973983337646302,,False,0
662287515,652842570,Slc17a7-IRES2-Cre,175,1,7.795631759213027,60.98650549042753,2.6604322149594,45.93085110095277,29.0324438480032,12.71532354092682,4.779420227070458,-0.0015999882952121,ON,0.4653343277417403,0.0001638384019767,-7796.10045286989,0.4472860525636674,0.4653343277417403,0.4427003912869951,0.0180482751780729,0.1986451902369261,16,323.4932093023256,162.7660465116279,120.00691222299112,10.178172450863718,120.00691222299112,order_class,12.71532354092682,4.779420227070458,0.8918513162435691,0.9784885964208953,0.0,True,0
662285456,652842570,Slc17a7-IRES2-Cre,175,0,4.008071871665468,177.34586244215083,1.3812260795228766,44.447548944616685,32.32501774543108,4.71050951634167,3.4103826927224272,0.0045505136978165,OFF,0.6064610234157314,0.0002630531512792,-7371.866387277501,0.6064610234157314,0.3755730647640931,0.5439009849124239,0.0,5.893940890899785e-11,16,340.58424242424246,239.9090909090909,,0.0,177.34586244215083,order_class,4.71050951634167,3.4103826927224272,0.6029355005807114,0.3229715681414802,0.0,True,0
662285542,652842570,Slc17a7-IRES2-Cre,175,0,4.994227873204466,174.6212274139232,1.2687358415543657,47.4862402827404,32.83733054213308,5.625407120237996,4.433867899046773,0.035518019418819,ON,0.7210544186709968,0.0019547161155664,-5574.809233743789,0.7210544186709968,0.4178965399066326,0.5325971007241727,0.0,2.03883576688213e-11,16,319.3282857142857,231.7937142857143,,0.0,174.6212274139232,order_class,5.625407120237996,4.433867899046773,0.6984683541582016,0.23802100437967705,,False,0
662287593,652842570,Slc17a7-IRES2-Cre,175,0,4.624700421846471,165.86678458435787,1.1100259507013726,41.66631859944894,25.78265636549676,4.872481191419812,4.38952007233806,0.0164714608697007,ON,0.811315848844379,0.0006522490197901,-6558.235386538513,0.811315848844379,0.5412441671833952,0.5831652181718645,0.0,0.0004913743301868,16,251.76914285714287,353.2322857142857,,0.0,165.86678458435787,order_class,4.872481191419812,4.38952007233806,0.6650836053230836,0.1043833940612035,,False,0
662280431,652842570,Slc17a7-IRES2-Cre,175,0,3.945407724352543,76.67424690613848,1.2035627073615365,42.86497798308331,27.476015991520487,4.328388672360481,3.596313383495592,0.0005180622146904,ON,0.3826196128492015,4.6314060051228697e-05,-8928.138213262131,0.3826196128492015,0.3367976941161907,0.3590998305904297,0.0,2.671089178729602e-07,16,348.9934351145038,163.7702290076336,,0.0,76.67424690613848,order_class,4.328388672360481,3.596313383495592,0.5960918905078387,0.1852860810477498,,False,0
662287426,652842570,Slc17a7-IRES2-Cre,175,0,3.933590076349573,164.54510314441418,1.2477883632355506,,,4.393995068933292,3.521426548280622,0.00060491695336,OFF,0.3157207983788659,6.241439125474024e-05,-8660.816353367194,0.3157207983788659,0.3084885017840998,0.2585541947897326,0.0,0.1952872800816663,16,,,,0.0,164.54510314441418,order_class,4.393995068933292,3.521426548280622,0.5947890996465405,0.22137267482605164,,False,0
662282829,652842570,Slc17a7-IRES2-Cre,175,0,4.756440700220896,3.474966291081849,1.323201670324107,31.68440515679442,29.616768923624942,5.471357679481131,4.134938613054326,0.0008469177256271,OFF,0.6149151527538834,5.654415040864458e-05,-8749.317966414725,0.6149151527538834,0.4218110811569995,0.5059579007028775,0.0,0.0001979945227569,16,35.19811320754717,371.6479245283018,,0.0,3.474966291081849,order_class,5.471357679481131,4.134938613054326,0.6772820866546441,0.2800543076233333,,False,0
662287710,652842570,Slc17a7-IRES2-Cre,175,1,5.5051341245152505,50.02344592083415,1.3083372085963505,,,6.296913837294623,4.812913517953271,0.0001351876720616,OFF,0.3274594472691543,1.3581605667917772e-05,-10027.287607793614,0.2073288977315119,0.3274594472691543,0.245408070468156,0.1201305495376423,0.1170894814675306,16,,,159.9318924440701,10.21102600227144,159.9318924440701,order_class,6.296913837294623,4.812913517953271,0.7407679043844778,0.2687570245463471,0.0,True,0
662282181,652842570,Slc17a7-IRES2-Cre,175,2,12.626006244399544,106.0659332669688,3.386321882984094,37.37423516457246,25.45055976143525,23.234328123734485,6.861228473431455,-5.630404084074727e-06,ON,0.3268679142335235,1.4071355928043478e-06,-12058.663155233393,0.3198299872231245,0.2687149845730141,0.3268679142335235,0.007037927010399,0.1782116849593255,16,204.02283870967744,49.955225806451615,170.32002265100962,30.95192306597406,106.0659332669688,order_class,23.234328123734485,6.861228473431455,1.101265999778884,1.2197443420941385,,False,0
662287053,652842570,Slc17a7-IRES2-Cre,175,1,15.973813231121149,38.18019897603767,4.106330145928734,,,32.36946593117784,7.882821103235186,-1.42948230807645e-05,ON,0.3011179167724339,3.795338004861569e-06,-11169.636428377846,0.2008229693974053,0.3011179167724339,0.2746540860031173,0.1002949473750286,1.3724320836905337e-05,16,,,21.70510395595099,21.307136230994374,21.70510395595099,order_class,32.36946593117784,7.882821103235186,1.2034086022720087,1.412529721094704,0.0,True,0
662286008,652842570,Slc17a7-IRES2-Cre,175,0,5.076288189662952,8.347658813556393,1.4472269057547256,44.551675816411134,33.12000462699192,6.1068124704230895,4.219664826669596,0.0022112275510075,ON,0.6349873491973204,0.0001507058089244,-7870.96209248794,0.6349873491973204,0.4135327631325904,0.5014224945982791,0.0,3.081595645326729e-09,16,353.48458536585366,39.75717073170732,,0.0,8.347658813556393,order_class,6.1068124704230895,4.219664826669596,0.7055462697716709,0.36964924652004993,,False,0
662282814,652842570,Slc17a7-IRES2-Cre,175,0,4.762730978647686,168.48861368972484,1.392558121056829,40.18554088101316,28.676994795903788,5.620341650853746,4.035983536966056,0.0003077897540617,ON,0.3630726032901796,3.445530315873197e-05,-9193.159480518849,0.3630726032901796,0.2735844336085727,0.2941357591925445,0.0,0.0,16,94.78402877697842,98.91971223021584,,0.0,168.48861368972484,order_class,5.620341650853746,4.035983536966056,0.6778560512179853,0.3311424305887209,,False,0
662281616,652842570,Slc17a7-IRES2-Cre,175,2,14.81128194020629,171.20161807804172,4.571501279553516,51.338330014234494,19.76834088939401,31.668104681288693,6.927287721197273,-3.041246150021378e-05,ON,0.4709281637195861,7.011467158757738e-06,-10619.695370996738,0.4444245705707915,0.405261896781986,0.4709281637195861,0.0265035931487945,1.3432992038708846e-06,16,346.51227906976743,118.91916279069768,174.4716093987561,24.01128569851317,171.20161807804172,order_class,31.668104681288693,6.927287721197273,1.1705926490319225,1.5198416585202632,0.0,True,0
662282909,652842570,Slc17a7-IRES2-Cre,175,0,5.313843757835389,164.30961500179544,1.4298643357528735,54.76754978446773,23.034782619126364,6.354131490427922,4.443870185126514,0.0007883772236679,ON,0.4830254141468925,7.661233265562544e-05,-8477.170234131894,0.4830254141468925,0.3422606520361368,0.4332397958646022,0.0,2.011636166532327e-07,16,368.5115492957746,125.56352112676056,,0.0,164.30961500179544,order_class,6.354131490427922,4.443870185126514,0.72540878076536,0.3575795696684774,,False,0
662288170,652842570,Slc17a7-IRES2-Cre,175,0,4.564253736565944,148.7686606039594,1.2082716324310296,45.42531916731272,30.942961451413915,5.017092052398869,4.152288208823154,0.0008398828247343,ON,0.4450321062508973,7.60372020126615e-05,-8483.921902200613,0.4450321062508973,0.3207436771069528,0.3473533223990948,0.0,0.0026333974273509,16,348.6288,135.41840000000002,,0.0,148.7686606039594,order_class,5.017092052398869,4.152288208823154,0.6593697797705775,0.18919093551907884,,False,0
662288266,652842570,Slc17a7-IRES2-Cre,175,2,23.695517415223595,15.702390643806694,2.031944123036628,37.60838535296279,32.15710083804519,33.77707801081209,16.623034869843824,-4.5105806878539294e-05,ON,0.370785803319838,1.9197263990496837e-05,-9717.22553946337,0.3620985165161413,0.3555594872011641,0.370785803319838,0.0086872868036966,0.0,16,118.16660869565216,358.28113043478265,168.9677521759998,25.430145816709874,15.702390643806694,order_class,33.77707801081209,16.623034869843824,1.374666196391531,0.7089930308325483,,False,0
662281128,652842570,Slc17a7-IRES2-Cre,175,0,7.353973437259405,5.080998617026209,1.841032051925516,40.91640702553261,28.92415424973281,9.978212109611276,5.419901353251928,0.0003034580066326,ON,0.528443765494975,3.6608072276437255e-05,-9138.856641935456,0.528443765494975,0.4467209168484708,0.489803522712708,0.0,6.760854046605758e-07,16,147.0392125984252,318.676062992126,,0.0,5.080998617026209,order_class,9.978212109611276,5.419901353251928,0.8665220568528738,0.6103263121621338,,False,0
662280370,652842570,Slc17a7-IRES2-Cre,175,0,4.051283011914356,0.3666342758972264,1.2103363994625542,47.92897189135434,23.299753887792576,4.4570307470682975,3.682472698538544,0.0107462856343027,OFF,0.6387902409170825,0.0005844519463092,-6656.573050409574,0.6387902409170825,0.3893858810593494,0.5182563745156461,0.0,1.0268701953197734e-06,16,310.7512121212121,192.1242424242424,,0.0,0.3666342758972264,order_class,4.4570307470682975,3.682472698538544,0.6075925829069939,0.19089833705409498,,False,0
662286356,652842570,Slc17a7-IRES2-Cre,175,0,5.58049151798632,1.8945717732867564,2.1955964522426834,38.35916065888132,24.83805724382984,8.268918520621868,3.766137676245384,0.0003760961334266,ON,0.3722824275963133,4.803717012576999e-05,-8895.407780324196,0.3722824275963133,0.2715671998661222,0.3432041685586824,0.0,0.0,16,18.39,185.60625,,0.0,1.8945717732867564,order_class,8.268918520621868,3.766137676245384,0.7466724523691608,0.7864537418436321,,False,0
662279659,652842570,Slc17a7-IRES2-Cre,175,0,7.9595182302577,3.3848815922402764,3.310381914900987,46.94957442769875,20.19716029697261,14.481909598716994,4.374694512898868,0.0018898870453134,ON,0.6716915543399227,0.0001814352560248,-7704.692068876739,0.6716915543399227,0.5889517920348624,0.6376159051105434,0.0,0.0057178312151825,16,268.9319337016575,176.0903867403315,,0.0,3.3848815922402764,order_class,14.481909598716994,4.374694512898868,0.9008867817737767,1.197063564878277,,False,0
662286886,652842570,Slc17a7-IRES2-Cre,175,2,7.684473616477502,178.16171558251827,4.016720841196423,58.688220466363376,26.389357426617064,15.401036448764897,3.834231219358907,-0.0007151563468049,ON,0.3693070654052387,0.0001120916914123,-8136.189240054628,0.3618843379325803,0.318482050975349,0.3693070654052387,0.0074227274726583,0.0,16,359.51352272727274,74.72488636363636,0.3745769455060213,31.91311226128898,178.16171558251827,order_class,15.401036448764897,3.834231219358907,0.8856141238476442,1.3904658586123937,,False,0
662285236,652842570,Slc17a7-IRES2-Cre,175,0,6.757534124673068,151.9648700993028,1.8610018253830287,39.88407490616617,25.924715080525026,9.218529441945174,4.953530574881532,0.0002541011142858,ON,0.4442823089363571,3.354411571919107e-05,-9217.173592102425,0.4442823089363571,0.3289231698605087,0.3591175094667325,0.0,0.0287941065198282,16,188.11670103092783,61.18979381443299,,0.0,151.9648700993028,order_class,9.218529441945174,4.953530574881532,0.8297882475072469,0.621114958521013,,False,0
662285279,652842570,Slc17a7-IRES2-Cre,175,0,5.027356404418421,169.96482781976948,1.7274273899336343,49.06216834116965,23.81887577489148,6.60753657053418,3.825073406291209,0.0014123146129408,ON,0.7025189490277248,8.187864284547664e-05,-8417.604045517588,0.7025189490277248,0.4383448864488494,0.5116398903796939,0.0,1.5072587622455558e-10,16,285.61650000000003,70.66799999999999,,0.0,169.96482781976948,order_class,6.60753657053418,3.825073406291209,0.7013396747617032,0.5466332438999906,,False,0
662283030,652842570,Slc17a7-IRES2-Cre,175,0,3.722094574996434,33.78499867420181,1.2714957339521542,43.79710783913808,26.955159878851447,4.197056906010301,3.3008816262125458,0.0035523454038712,ON,0.38874020884531,0.0002959716930539,-7266.221078849663,0.38874020884531,0.3155953714915797,0.3585922168698761,0.0,0.0,16,316.8586592178771,70.8013407821229,,0.0,33.78499867420181,order_class,4.197056906010301,3.3008816262125458,0.5707874039579008,0.24019395074436886,,False,0
662283858,652842570,Slc17a7-IRES2-Cre,175,1,5.367669182905669,163.11573458234614,1.000171525382791,,,5.368129508922762,5.367208896362295,-0.0001756907885475,OFF,0.3910350064413781,1.4985798627562112e-05,-9939.133176880923,0.2618425753610717,0.3910350064413781,0.356159228506517,0.1291924310803064,0.2371884039031562,16,,,4.066456504779779,13.30833502506957,4.066456504779779,order_class,5.368129508922762,5.367208896362295,0.7297857417984445,0.00017151067399443108,1.0,True,1
662282753,652842570,Slc17a7-IRES2-Cre,175,0,5.8099318362475785,34.56055425797433,1.4644190988294892,43.309924996269054,24.76853240280766,7.030783572042724,4.801073393308263,6.966147906518379e-05,ON,0.4576155465046279,7.759454164722348e-06,-10528.872314993292,0.4576155465046279,0.3336262504690189,0.4085630474071701,0.0,0.0,16,168.16711864406778,231.06949152542373,,0.0,34.56055425797433,order_class,7.030783572042724,4.801073393308263,0.764171037155357,0.38145864426404374,,False,0
662287611,652842570,Slc17a7-IRES2-Cre,175,0,4.355746283200493,166.33957273065974,1.2918432775324156,39.813733911794806,32.51255248650757,4.95071002606586,3.832283770150775,0.0078404331293114,OFF,0.746286789797965,0.000354494773317,-7104.555992501852,0.746286789797965,0.4335449499698276,0.5446097568758823,0.0,0.0027177582554464,16,328.03982378854624,333.637268722467,,0.0,166.33957273065974,order_class,4.95071002606586,3.832283770150775,0.6390625747074561,0.2560700957832083,0.0,True,0
662286753,652842570,Slc17a7-IRES2-Cre,175,0,4.090551833178335,42.41319307335581,1.2052927244389962,36.0409042094025,25.026062690758085,4.490846053533325,3.725938075021229,0.0001436184027978,ON,0.3334529223787104,1.4789441510153538e-05,-9950.950950769366,0.3334529223787104,0.2441261113520314,0.268362164483377,0.0,9.467932596818328e-07,16,245.57742857142856,217.06285714285715,,0.0,42.41319307335581,order_class,4.490846053533325,3.725938075021229,0.6117819001682455,0.18672246228679562,,False,0
662286487,652842570,Slc17a7-IRES2-Cre,175,0,5.010685836620778,15.38319100517171,1.2558676203437125,36.14481106707003,26.223827296809468,5.615250116830319,4.4712117948335255,0.0013199776682077,ON,0.5807452309085007,9.95355833711252e-05,-8242.63583889609,0.5807452309085007,0.3751948544121655,0.5071052914265006,0.0,4.3759925683062315e-09,16,32.525338983050844,207.09330508474577,,0.0,15.38319100517171,order_class,5.615250116830319,4.4712117948335255,0.6998971739060751,0.22782666467575133,,False,0
662286947,652842570,Slc17a7-IRES2-Cre,175,0,5.050640267570019,16.260767335870028,1.404512001543762,50.22758928452186,24.009407907401823,5.985620306731007,4.261708194840588,0.0204168547318712,OFF,0.625216029134914,0.0014138958287764,-5865.020121430786,0.625216029134914,0.4412314477000103,0.484405874357163,0.0,1.3860190772874148e-10,16,275.4221052631579,202.2401913875598,,0.0,16.260767335870028,order_class,5.985620306731007,4.261708194840588,0.7033464369398068,0.33968991259063075,0.0,True,0
662287807,652842570,Slc17a7-IRES2-Cre,175,2,8.799432971975808,107.5776294531256,3.0804170988198143,,,15.443987810969384,5.0136028062194455,0.0002744569087977,OFF,0.3847472655166569,4.68206469908385e-05,-8918.39090447141,0.3702072098763397,0.3243151544262473,0.3847472655166569,0.0145400556403172,0.2052536574354428,16,,,173.37969140465293,25.840481432567277,107.5776294531256,order_class,15.443987810969384,5.0136028062194455,0.9444546874824276,1.125065009511538,,False,0
662288038,652842570,Slc17a7-IRES2-Cre,175,0,6.733628636612599,61.90623572744797,1.7366275516312033,43.87689906308477,29.40372698470164,8.873654281360954,5.109704883482925,0.0005571318543035,ON,0.4296474068737913,7.551677934096229e-05,-8490.07549239355,0.4296474068737913,0.3577688552625282,0.4143672320453897,0.0,3.1116866383573694e-07,16,229.98130434782607,195.13565217391303,,0.0,61.90623572744797,order_class,8.873654281360954,5.109704883482925,0.828249161128812,0.5519450437904682,,False,0
662283330,652842570,Slc17a7-IRES2-Cre,175,0,5.090334282411051,11.697518936962666,1.121559930132491,45.64736224476256,26.52825012531244,5.390853699922323,4.806567669803874,0.013869833769467,ON,0.7379769108905933,0.0007447694381848,-6439.382536320968,0.7379769108905933,0.5105515936690237,0.5529026604584719,0.0,0.0,16,261.64542857142857,91.90628571428572,,0.0,11.697518936962666,order_class,5.390853699922323,4.806567669803874,0.7067463034054273,0.11472051102920973,,False,0
662283218,652842570,Slc17a7-IRES2-Cre,175,0,5.022624211270229,172.85107876722154,1.1311798760133986,43.01346945822694,27.26755486975024,5.341909436272123,4.722422622208007,0.0279692946034491,ON,0.8526558567411086,0.0010343327543837,-6145.102872756941,0.8526558567411086,0.5673325792235373,0.6560240084036778,0.0,6.605938018822144e-12,16,140.98729411764705,87.29576470588236,,0.0,172.85107876722154,order_class,5.341909436272123,4.722422622208007,0.7009306858089807,0.12326122605620574,,False,0
662283288,652842570,Slc17a7-IRES2-Cre,175,1,15.317663601385448,109.20517389115506,3.668209044329569,41.99986225289668,28.60666792580573,29.337261109701316,7.997706988660246,4.222616021356395e-05,ON,0.4003403141034471,6.43803045136474e-06,-10696.14595406079,0.3840769791521854,0.4003403141034471,0.3594953410266854,0.0162633349512617,0.0276755247935636,16,227.520594059406,89.77722772277228,23.08286384527028,23.2536896791539,23.08286384527028,order_class,29.337261109701316,7.997706988660246,1.185192527541579,1.2997035441360216,0.0,True,0
662286865,652842570,Slc17a7-IRES2-Cre,175,2,15.886725828766512,15.854760875445464,2.7933794336576594,49.09684060291066,25.25065072988072,26.552130032907566,9.505378937418511,-2.3964407366846547e-05,ON,0.4674136835416221,6.1524793876720095e-06,-10736.795242810986,0.4301060434637116,0.4431059433203463,0.4674136835416221,0.0373076400779105,1.8707927748051745e-06,16,305.06054347826085,85.85510869565218,170.9729753110236,23.977988528402527,15.854760875445464,order_class,26.552130032907566,9.505378937418511,1.2010344006046014,1.0272521293857568,0.0,True,0
662287988,652842570,Slc17a7-IRES2-Cre,175,0,5.624680162670514,7.232157169541381,1.8127716926611324,38.99950641121289,29.752717123212964,7.573024947991546,4.177594442063697,0.0001486889707172,OFF,0.3907393286296331,1.841297206225039e-05,-9754.599803974415,0.3907393286296331,0.3208861143675292,0.3319274563836986,0.0,5.372667322145475e-07,16,65.56148936170213,177.5495744680851,,0.0,7.232157169541381,order_class,7.573024947991546,4.177594442063697,0.7500978321102483,0.5948569959121459,,False,0
662286574,652842570,Slc17a7-IRES2-Cre,175,0,5.060920282664312,1.0806457204128077,1.302664646654882,42.66118836113147,36.55344435339272,5.776247718512962,4.434178614845972,0.0009886625162639,OFF,0.5878667850878005,7.41888662644655e-05,-8505.9712365768,0.5878667850878005,0.4051512626214885,0.5734235741121589,0.0,9.374853116028703e-10,16,302.0305263157895,322.05157894736845,,0.0,1.0806457204128077,order_class,5.776247718512962,4.434178614845972,0.7042294965516911,0.2644118948368757,0.0,True,0
662287794,652842570,Slc17a7-IRES2-Cre,175,0,3.875377738159949,174.7033738913273,1.280630130152674,,,4.385568490861379,3.424539519727325,0.0006115283662636,OFF,0.3997672946149588,5.192559210165924e-05,-8825.666111584074,0.3997672946149588,0.2766523381445914,0.3807339567604479,0.0,0.1194422562583266,16,,,,0.0,174.7033738913273,order_class,4.385568490861379,3.424539519727325,0.5883140401592699,0.2473522459787369,,False,0
662281003,652842570,Slc17a7-IRES2-Cre,175,0,7.90426061273673,110.32952609403064,2.013999325467487,37.31260960977508,30.336730639715395,11.217366545977043,5.569697270565512,0.0019840749149757,ON,0.4689743923331096,0.0002881188879008,-7290.315072586767,0.4689743923331096,0.4529922870555377,0.4535574132946601,0.0,5.964367888466882e-10,16,100.14642857142856,309.74666666666667,,0.0,110.32952609403064,order_class,11.217366545977043,5.569697270565512,0.897861251013728,0.7001224593745106,,False,0
662280124,652842570,Slc17a7-IRES2-Cre,175,0,5.185354685811707,139.8974753095813,1.7334084629757005,29.385648817584126,24.069564836372308,6.82698461908182,3.938474263222472,1.810764407160191e-05,ON,0.3854547955285073,2.097521412224329e-06,-11700.979754425418,0.3854547955285073,0.2588646921918485,0.3210588315136319,0.0,2.1246511008321534e-06,16,142.94944444444445,308.23361111111114,,0.0,139.8974753095813,order_class,6.82698461908182,3.938474263222472,0.7147784681160914,0.5500896800043895,,False,0
662281903,652842570,Slc17a7-IRES2-Cre,175,0,4.255900579342967,4.351441580751185,1.3395845839346727,36.79244822441578,27.079653908516747,4.925797392399795,3.67710815089524,0.0009844507926723,OFF,0.336832087525704,0.0001047172210272,-8197.165288603308,0.336832087525704,0.2313347447685011,0.3110527158165523,0.0,3.328095687926691e-08,16,250.46759358288773,288.6375401069519,,0.0,4.351441580751185,order_class,4.925797392399795,3.67710815089524,0.6289914739986778,0.2923595539101193,,False,0
662281212,652842570,Slc17a7-IRES2-Cre,175,0,4.938099780484029,156.66511087545084,1.2901666153591984,34.95874573210119,27.676593511852,5.608965400795199,4.347473678222245,0.0055215202777126,ON,0.7054485007410731,0.0003122482008685,-7218.254105041437,0.7054485007410731,0.4447158820303653,0.5931846560811669,0.0,1.443386077326636e-09,16,79.1388,314.6403,,0.0,156.66511087545084,order_class,5.608965400795199,4.347473678222245,0.6935598611479188,0.25477136922642735,,False,0
662284561,652842570,Slc17a7-IRES2-Cre,175,0,5.310899376060067,1.5919828008932768,1.3020603362268264,35.19854498054556,24.686597070532297,6.060153542973883,4.654280123865297,0.0477437815462221,OFF,0.8680420367208769,0.0017474815651968,-5675.22335130738,0.8680420367208769,0.6335534086477295,0.629870887750994,0.0,0.0,16,29.97139896373057,313.7135751295337,,0.0,1.5919828008932768,order_class,6.060153542973883,4.654280123865297,0.7251680730561458,0.2639478839006965,0.0,True,0
662284412,652842570,Slc17a7-IRES2-Cre,175,0,4.722831369738241,115.89529633456394,1.3965894193157322,33.16986655805724,24.411012928153063,5.581318584284019,3.996391857972561,0.0002501383975972,ON,0.3758204826252367,2.702146483531813e-05,-9410.91559645399,0.3758204826252367,0.2638282927760548,0.3002642845527328,0.0,0.0,16,59.67557142857143,350.17542857142854,,0.0,115.89529633456394,order_class,5.581318584284019,3.996391857972561,0.6742024392248914,0.3340331353705484,,False,0
662281963,652842570,Slc17a7-IRES2-Cre,175,1,14.61292571439531,46.51851702588121,4.829015579886382,,,32.11193527828716,6.649789123074791,-6.813814492960173e-06,ON,0.313491047991406,1.3514735765943024e-06,-12094.826260241198,0.2922766446329014,0.313491047991406,0.2881748003062184,0.0212144033585046,0.067820680837186,16,,,13.407486081629116,27.565721772445283,13.407486081629116,order_class,32.11193527828716,6.649789123074791,1.1647371765373637,1.5746426332035293,0.0,True,0
662280320,652842570,Slc17a7-IRES2-Cre,175,0,6.054148375736735,179.56323588348374,1.5486527583908811,38.65921521845595,28.92384820625484,7.534077541509886,4.864923722047366,0.0001751755236542,OFF,0.4085081357335347,2.2428954998524345e-05,-9577.82138877534,0.4085081357335347,0.2996930830615997,0.3649506900153509,0.0,3.218647176561618e-07,16,249.09265486725667,337.44663716814165,,0.0,179.56323588348374,order_class,7.534077541509886,4.864923722047366,0.7820530604880913,0.43738536483320306,,False,0
662283533,652842570,Slc17a7-IRES2-Cre,175,0,4.265434079328041,176.6918637559666,1.4741592837519166,42.14065088470798,27.88360962630624,5.1788751384564975,3.513104177776246,0.0146741802550995,OFF,0.7120274979067879,0.00071087425905,-6481.117435201682,0.7120274979067879,0.4462144431874384,0.658885605285479,0.0,0.0003725310992827,16,172.989375,104.481,,0.0,176.6918637559666,order_class,5.1788751384564975,3.513104177776246,0.6299632344869197,0.3880878501757314,0.0,True,0
662286246,652842570,Slc17a7-IRES2-Cre,175,0,5.048899938123108,0.4992503583450353,1.7242772127592525,36.12800580737558,23.088600975454145,6.629798180002976,3.844972334462234,0.0411730254176141,ON,0.7138219457958189,0.0023336018851957,-5416.066729079898,0.7138219457958189,0.4651680002064473,0.5542125445500661,0.0,1.1573186853297555e-11,16,36.09272727272728,105.69818181818182,,0.0,0.4992503583450353,order_class,6.629798180002976,3.844972334462234,0.7031967636937828,0.5448079555792353,,False,0
662286834,652842570,Slc17a7-IRES2-Cre,175,0,5.722295233174736,46.79939202947132,1.2505404070425306,37.56253942550891,28.93640265292976,6.399103364211701,5.117070450642439,0.0009708531953959,ON,0.6705960923161371,6.861438324022485e-05,-8575.959505778463,0.6705960923161371,0.4318948025577191,0.5119516640873436,0.0,2.9499031217739e-08,16,211.36085889570552,108.06110429447853,,0.0,46.79939202947132,order_class,6.399103364211701,5.117070450642439,0.7575702608147517,0.22357578352243324,,False,0
662281094,652842570,Slc17a7-IRES2-Cre,175,0,5.266099130904033,142.86748253516578,1.6019420352239748,39.468514178773184,25.67694641766045,6.665188386155871,4.160692609095547,0.0002643714674902,ON,0.3630003067034922,3.2609627459291704e-05,-9242.48908114834,0.3630003067034922,0.2985792314385712,0.3511729647211338,0.0,0.0193975799465607,16,119.04486486486486,306.0164864864865,,0.0,142.86748253516578,order_class,6.665188386155871,4.160692609095547,0.7214890301592237,0.47121666523498573,,False,0
662281063,652842570,Slc17a7-IRES2-Cre,175,0,6.55904191234944,33.89124553706415,1.8931861493170927,49.76101009446813,24.89745112589916,9.024789175098077,4.766984576954297,0.0003884121322433,ON,0.5115913858865634,4.355884165061798e-05,-8983.09247565707,0.5115913858865634,0.4232182348480484,0.4680234146948733,0.0,5.1572167758529026e-08,16,286.8045945945946,305.377027027027,,0.0,33.89124553706415,order_class,9.024789175098077,4.766984576954297,0.8168404060573833,0.6382612030064457,,False,0
662283818,652842570,Slc17a7-IRES2-Cre,175,0,4.409598738590072,19.343163716068773,1.3040396951003117,43.77624218688951,26.86621880059205,5.035521764815441,3.861478898023952,0.0083201637073056,OFF,0.6800166284891478,0.0004475222081829,-6895.758817253642,0.6800166284891478,0.4664569473607974,0.5830649025453809,0.0,6.497380411474296e-11,16,167.95058823529413,269.60823529411766,,0.0,19.343163716068773,order_class,5.035521764815441,3.861478898023952,0.6443990716572401,0.26546690406898893,0.0,True,0
662286645,652842570,Slc17a7-IRES2-Cre,175,0,4.955774293013466,164.04748329744447,1.3301002736293264,,,5.715493167848075,4.297039314376439,1.1846321854670448e-05,OFF,0.3757337948367999,1.340743163527568e-06,-12101.968702286456,0.3757337948367999,0.30363898875516,0.3439130765426884,0.0,0.0024933448177331,16,,,,0.0,164.04748329744447,order_class,5.715493167848075,4.297039314376439,0.6951115185412043,0.2852543330979602,,False,0
662280906,652842570,Slc17a7-IRES2-Cre,175,0,4.078232032306395,177.54852896430788,1.0931695407948,36.275858190291096,23.69125376370046,4.26398523956335,3.9005708450888377,0.0011648869713501,OFF,0.4507128898538501,9.350628926088568e-05,-8298.623745762116,0.4507128898538501,0.343821130722724,0.2660042750743244,0.0,6.256294579731758e-06,16,24.42535211267605,127.79549295774648,,0.0,177.54852896430788,order_class,4.26398523956335,3.9005708450888377,0.6104719314675149,0.08908131225660808,,False,0
662282435,652842570,Slc17a7-IRES2-Cre,175,0,4.028548139795634,3.0018957868806524,1.363132748846011,37.68174124957763,27.495437941683672,4.703461933922293,3.4504797408059558,0.0034398514212152,OFF,0.373569587762996,0.0003209538860691,-7193.614939624476,0.373569587762996,0.2896681896068847,0.3582882711962135,0.0,1.2890430389767005e-08,16,204.7878857142857,121.69337142857144,,0.0,3.0018957868806524,order_class,4.703461933922293,3.4504797408059558,0.6051485576840984,0.30978554257640584,,False,0
662281581,652842570,Slc17a7-IRES2-Cre,175,0,4.656203567879831,173.25950281177987,1.1475139245546313,36.65231194879358,20.67374675244365,4.987821941867392,4.3466330430833295,0.005407365075166,OFF,0.5699899939068257,0.0003881884536879,-7023.201589265193,0.5699899939068257,0.4356825307892646,0.5021303593656932,0.0,0.0,16,141.54064516129034,120.68193548387096,,0.0,173.25950281177987,order_class,4.987821941867392,4.3466330430833295,0.6680319592866517,0.1375977975670703,0.0,True,0
662284810,652842570,Slc17a7-IRES2-Cre,175,0,4.71277263533915,160.04324534466986,1.2000034940330868,42.53734109594279,23.750107354196487,5.16259127746387,4.302146871350297,0.0025743231196823,ON,0.4530255229152302,0.0002366176138858,-7466.762386362066,0.4530255229152302,0.3215293944815088,0.3419027516882148,0.0,5.843971406793713e-08,16,106.99326633165828,12.393768844221109,,0.0,160.04324534466986,order_class,5.16259127746387,4.302146871350297,0.6732764880092751,0.18232446848395467,,False,0
662287207,652842570,Slc17a7-IRES2-Cre,175,0,6.222256910120209,11.785929118579247,2.031585681989565,40.863359563007634,21.016181187233126,8.868813255980342,4.36546355617892,0.0007362809880783,ON,0.5664385610647572,7.034117608299406e-05,-8553.689277131165,0.5664385610647572,0.3574021236399235,0.4040858692510974,0.0,0.0103587531140999,16,66.58363636363636,23.403223140495868,,0.0,11.785929118579247,order_class,8.868813255980342,4.36546355617892,0.7939479386827012,0.7088166122678071,,False,0
662288278,652842570,Slc17a7-IRES2-Cre,175,0,6.816201316739144,5.187649212694339,1.6231896586251948,49.33046015185359,14.942627248601356,8.684144522466179,5.350049192539493,0.003584890710775,ON,0.7428586138218667,0.0002509855509197,-7413.94320714558,0.7428586138218667,0.6796771840955327,0.5996282141560776,0.0,1.1379835962443963e-09,16,88.43076923076923,24.71076923076923,,0.0,5.187649212694339,order_class,8.684144522466179,5.350049192539493,0.8335424088504537,0.4843931385291305,,False,0
662286686,652842570,Slc17a7-IRES2-Cre,175,0,11.214230299313558,79.62088717695224,2.0250362791490333,39.44324051878602,23.731308942525985,15.958272427500772,7.880487175373868,0.0001199481292953,ON,0.3041845509565953,3.364575705297742e-05,-9214.462745935163,0.3041845509565953,0.289803468512687,0.2951687160595724,0.0,0.0033233559501476,16,129.22460176991152,274.1630973451328,,0.0,79.62088717695224,order_class,15.958272427500772,7.880487175373868,1.0497694706758036,0.7055876160271717,,False,0
662285904,652842570,Slc17a7-IRES2-Cre,175,0,5.802952167793928,166.9799520826157,1.3268984256028915,36.15132026344953,26.1908409451696,6.684483108845996,5.037675062285816,0.0028493055792968,ON,0.7611168068040018,0.0001631312412505,-7799.976145991088,0.7611168068040018,0.5052821287291075,0.6290875014319582,0.0,0.0027269470885757,16,51.276875,173.79781250000002,,0.0,166.9799520826157,order_class,6.684483108845996,5.037675062285816,0.763648990804274,0.28284420803674587,,False,0
662300294,653125128,Slc17a7-IRES2-Cre,175,0,4.159160562207311,13.247328952599332,1.174018593207132,47.6694671759278,22.400835058498323,4.506539415592438,3.838558811306109,0.0028348259807418,OFF,0.5001958331462579,0.0002099460719331,-7573.919235047242,0.5001958331462579,0.3486804402563803,0.4131632160736406,0.0,0.0,16,60.21797468354431,14.898987341772154,,0.0,13.247328952599332,order_class,4.506539415592438,3.838558811306109,0.6190056863987519,0.16043255876527338,,False,0
662301978,653125128,Slc17a7-IRES2-Cre,175,0,6.615571736446547,44.0780212573828,1.8240787162436929,44.030001333724535,26.582753129929625,8.934889195970603,4.898302423247465,0.0003020778776235,ON,0.5249315868290254,3.3250968719300016e-05,-9225.038284557108,0.5249315868290254,0.3481200925133962,0.4867623243439788,0.0,9.81316441439617e-08,16,16.77,162.313125,,0.0,44.0780212573828,order_class,8.934889195970603,4.898302423247465,0.8205673831046307,0.6010750465563113,,False,0
662302204,653125128,Slc17a7-IRES2-Cre,175,0,6.676026266715264,89.81669544405214,2.2443029568994595,41.7469898136264,38.47953525213157,10.00135349495064,4.456329509438275,0.0004101893790939,OFF,0.3442383172288009,6.607833642026399e-05,-8609.703965458704,0.3442383172288009,0.3357783006266526,0.3376863170545811,0.0,2.444954267932786e-07,16,240.919104477612,153.88119402985075,,0.0,89.81669544405214,order_class,10.00135349495064,4.456329509438275,0.8245180367350485,0.8083949860787067,,False,0
662299735,653125128,Slc17a7-IRES2-Cre,175,0,5.107800066341255,130.64301059817188,1.133304916679435,46.93011827955466,33.52163702535219,5.437600237267614,4.798002865106856,0.0009305795595605,ON,0.5734270632730389,7.256962690089891e-05,-8525.743820982523,0.5734270632730389,0.4166664983849205,0.5323890806239971,0.0,1.7748486347279883e-08,16,357.4228125,153.976875,,0.0,130.64301059817188,order_class,5.437600237267614,4.798002865106856,0.7082338894167293,0.12513806912151443,,False,0
662301993,653125128,Slc17a7-IRES2-Cre,175,0,6.220246354216903,179.97034886775023,1.610566041601513,48.58268003309604,28.22210416889917,7.893995132830846,4.901379346717892,0.0102862692624254,ON,0.6529203708308642,0.0008187622445653,-6354.514267075328,0.6529203708308642,0.4054403274405671,0.4723143206790293,0.0,4.782829909899534e-08,16,130.17901639344262,153.55770491803278,,0.0,179.97034886775023,order_class,7.893995132830846,4.901379346717892,0.7938075853593525,0.4765856958415658,,False,0
662297944,653125128,Slc17a7-IRES2-Cre,175,0,5.270460207659362,179.45001629536307,1.0541653383295768,40.17694248075584,28.472779881675923,5.411316112616749,5.133270764898685,0.0103368303095661,OFF,0.7293192368446209,0.0005868416112395,-6652.917019460741,0.7293192368446209,0.488027422147043,0.6187679336018707,0.0,3.3680835898053374e-11,16,161.23281553398058,147.39728155339807,,0.0,179.45001629536307,order_class,5.411316112616749,5.133270764898685,0.7218485387269244,0.05274930530212015,0.0,True,0
662298826,653125128,Slc17a7-IRES2-Cre,175,0,5.44524057135725,172.01041325566283,1.3779765353343163,38.84718069375993,30.58155581759128,6.392017905333856,4.6386986580893135,0.0059350207679076,ON,0.6863914569767565,0.0003857397045203,-7028.871589904893,0.6863914569767565,0.436280071091127,0.5696385509727837,0.0,0.0012089121247786,16,54.068936170212766,74.20510638297873,,0.0,172.01041325566283,order_class,6.392017905333856,4.6386986580893135,0.7360170716960143,0.3206161443872108,,False,0
662298985,653125128,Slc17a7-IRES2-Cre,175,0,9.215139155344286,179.96707588160535,2.955641984215029,48.785260811694485,27.06069493797484,15.84264939791442,5.360138163730265,0.0014042034785409,OFF,0.3914301263482036,0.0002741137991357,-7334.962622388225,0.3914301263482036,0.3663904738524611,0.3779931133966271,0.0,2.940947928520288e-07,16,325.11118421052635,88.33500000000001,,0.0,179.96707588160535,order_class,15.84264939791442,5.360138163730265,0.9645018977690749,1.0837158808033933,,False,0
662296626,653125128,Slc17a7-IRES2-Cre,175,0,6.234202267696977,170.38581742495742,1.843851589261744,49.41561019216781,38.75466591377315,8.465329553529347,4.591112214686847,0.0007288658840743,OFF,0.6309773921326937,6.098030376377093e-05,-8681.643833004251,0.6309773921326937,0.4296367034039137,0.5114983037366901,0.0,9.130676026369856e-08,16,371.6056310679612,109.62407766990292,,0.0,170.38581742495742,order_class,8.465329553529347,4.591112214686847,0.7947808887845187,0.6118566388486913,0.0,True,0
662297630,653125128,Slc17a7-IRES2-Cre,175,2,12.179218455834464,106.349485154023,1.3630842763448312,30.40048621054917,40.29356256618615,14.219383730151032,10.43177151766501,3.2233902863238465e-05,OFF,0.3510439413831074,8.19643014035712e-06,-10479.783415111608,0.3494098226091847,0.3278184205522892,0.3510439413831074,0.0016341187739227,0.301267642619544,16,20.124,254.3424,6.822987144053201,32.472856587352304,106.349485154023,order_class,14.219383730151032,10.43177151766501,1.0856194203815384,0.30974998231048645,,False,0
662302270,653125128,Slc17a7-IRES2-Cre,175,0,5.205847255892081,8.208085691274446,1.3617866389966164,35.73766469357419,32.88769288699288,6.074995433246527,4.461047905215658,0.0280323138808971,OFF,0.8077316340368169,0.0012595668744287,-5968.580681340824,0.8077316340368169,0.4796594625872226,0.6116968478348093,0.0,3.249434055163647e-11,16,64.65789473684211,364.1621052631579,,0.0,8.208085691274446,order_class,6.074995433246527,4.461047905215658,0.71649142138052,0.30879754273692434,0.0,True,0
662297178,653125128,Slc17a7-IRES2-Cre,175,2,10.88387277354046,84.76269855234978,1.2795039061114506,,,12.311309928449704,9.621940089159317,2.8654752701455804e-05,OFF,0.3589201374260833,6.3893122937742936e-06,-10702.951990191164,0.2850755777698669,0.2564587165805621,0.3589201374260833,0.0738445596562163,0.2590539007206193,16,,,179.7225444887537,32.07109050233197,84.76269855234978,order_class,12.311309928449704,9.621940089159317,1.0367834564748395,0.24647242945513376,0.0,True,0
662297168,653125128,Slc17a7-IRES2-Cre,175,0,5.367710354029916,179.49140217569078,1.2902963000296217,37.25947465088069,36.61595526976314,6.097247143044459,4.725462781614178,0.018681390277533,ON,0.6874478333335126,0.001194710430363,-6015.94689082257,0.6874478333335126,0.4749219301558396,0.6245406550873909,0.0,1.1867606897197902e-10,16,160.49825242718447,373.1997087378641,,0.0,179.49140217569078,order_class,6.097247143044459,4.725462781614178,0.7297890729134764,0.254871881944327,,False,0
662300707,653125128,Slc17a7-IRES2-Cre,175,0,5.891048990096465,174.31532020389142,1.566935014224125,35.01134658310657,32.516421270020274,7.374254586673909,4.706164914136726,0.0019442098004818,ON,0.64563947126021,0.0001493342417903,-7879.15388361352,0.64563947126021,0.4865666127701602,0.5131708545142781,0.0,0.0013994970280239,16,287.59489932885907,375.7453691275168,,0.0,174.31532020389142,order_class,7.374254586673909,4.706164914136726,0.7701926343537315,0.44912149105516025,,False,0
662301888,653125128,Slc17a7-IRES2-Cre,175,1,15.48204714565035,58.670034993766976,2.9373477428841284,,,26.534204244473678,9.033388814366331,6.812767728017533e-06,ON,0.3274071138961427,1.8648486070916688e-06,-11806.32829285109,0.1704158675203594,0.3274071138961427,0.2707127960737532,0.1569912463757833,0.133228726311533,16,,,156.54811524545994,24.16760968451853,156.54811524545994,order_class,26.534204244473678,9.033388814366331,1.1898283856283882,1.0775070459172835,0.0,True,0
662296909,653125128,Slc17a7-IRES2-Cre,175,0,5.857689759259036,113.90571200022686,1.138863290282295,39.3256074194592,33.883752509373174,6.251182290928485,5.488966361694719,0.0008480874155775,OFF,0.5593112117200608,7.762500014648745e-05,-8465.404430177869,0.5593112117200608,0.4655591768158096,0.5356060935718405,0.0,1.9125505068551263e-08,16,221.2891836734694,167.21448979591838,,0.0,113.90571200022686,order_class,6.251182290928485,5.488966361694719,0.7677263664220897,0.13003065117028828,,False,0
662302169,653125128,Slc17a7-IRES2-Cre,175,0,5.718088669615902,152.547740842926,1.6247286600355026,46.76941782075004,32.647291575218574,7.288552834898992,4.48601235035746,0.0165770564934541,ON,0.783336815197959,0.0008785165037838,-6291.399174315733,0.783336815197959,0.5003154655308185,0.6228458114824269,0.0,1.0855960574929212e-10,16,69.61389830508475,175.46474576271186,,0.0,152.547740842926,order_class,7.288552834898992,4.48601235035746,0.7572508856190884,0.48534082339955836,,False,0
662301618,653125128,Slc17a7-IRES2-Cre,175,0,5.65556290189064,158.21907288499892,1.3017235222587964,33.60947165878516,35.64470662635736,6.452606976488622,4.95697194231524,0.0288278342132532,OFF,0.897144811943717,0.0009733054130953,-6199.592122713881,0.897144811943717,0.5275362565496864,0.7071065960791658,0.0,8.559819519859958e-14,16,83.58103448275862,173.07258620689657,,0.0,158.21907288499892,order_class,6.452606976488622,4.95697194231524,0.7524758370278161,0.2636891727416954,0.0,True,0
662297000,653125128,Slc17a7-IRES2-Cre,175,2,9.10925985499144,142.48774483231267,1.5764580227714244,,,11.437320643487064,7.25507465360871,-0.0021579505046513,ON,0.390412176182467,0.0003830819316119,-7035.06645721918,0.2780084994402343,0.370353868899858,0.390412176182467,0.1124036767422327,0.0644773867462356,16,,,171.92482941625255,28.201258756217847,142.48774483231267,order_class,11.437320643487064,7.25507465360871,0.9594830911385833,0.4551805727987627,0.0,True,0
662299706,653125128,Slc17a7-IRES2-Cre,175,1,6.7797071783389375,123.30530541805132,1.2575915752770932,,,7.602925700417355,6.045623913107206,-1.421827382075438e-05,ON,0.3674880844387178,1.6104772453625178e-06,-11937.726077493273,0.2737313165750308,0.3674880844387178,0.3311715402264008,0.093756767863687,0.2519150057836784,16,,,94.51425247616903,7.721451570390883,94.51425247616903,order_class,7.602925700417355,6.045623913107206,0.8312109367021883,0.22919844362225342,0.0,True,0
662302597,653125128,Slc17a7-IRES2-Cre,175,2,17.885395647917914,100.63434999656089,1.4774635345072742,35.34079593509451,42.49951202990415,21.73986971855276,14.714318973566334,6.436262432725382e-06,OFF,0.4437965953142703,1.7704021750050856e-06,-11852.89622242569,0.3444437976651278,0.4207232900594144,0.4437965953142703,0.0993527976491425,0.0,16,209.5613903743316,227.2928342245989,179.05712462493327,31.99246753696656,100.63434999656089,order_class,21.73986971855276,14.714318973566334,1.2524985517428573,0.39032678945701493,0.0,True,0
662302554,653125128,Slc17a7-IRES2-Cre,175,0,4.302337071298465,3.1535524999653077,1.4935839209291848,43.29687438417776,32.97587497021265,5.25798384554058,3.5203805905124472,0.0048798681006727,ON,0.6150782849314862,0.0002963453192355,-7265.09070745672,0.6150782849314862,0.382686003828022,0.4741980152690012,0.0,0.0003082636367479,16,107.21750000000002,227.67062500000003,,0.0,3.1535524999653077,order_class,5.25798384554058,3.5203805905124472,0.6337044326600699,0.40117854787488577,,False,0
662301834,653125128,Slc17a7-IRES2-Cre,175,0,5.103526546636912,178.21890065057647,1.4679824081853836,34.560354253112,28.12223948647959,6.183449293027484,4.212209396072415,0.0027554299210294,ON,0.5808441234599171,0.0002115271541599,-7567.1968326133,0.5808441234599171,0.3449572094416585,0.3667022688096805,0.0,8.298048619304055e-05,16,45.12565445026178,239.4559162303665,,0.0,178.21890065057647,order_class,6.183449293027484,4.212209396072415,0.707870378150348,0.38388894659557776,,False,0
662302288,653125128,Slc17a7-IRES2-Cre,175,1,6.580326927804455,5.056406957587764,2.153660510120595,32.16734905202781,30.5705913626062,9.656863516936555,4.483930253425047,0.0010189463198982,OFF,0.318266379935022,0.0001249619316345,-8038.80126691666,0.3112846427089344,0.318266379935022,0.3084033126950718,0.0069817372260876,4.685449476182768e-07,16,186.9589090909091,357.8450909090909,23.688951211876937,2.345780744814605,23.688951211876937,order_class,9.656863516936555,4.483930253425047,0.8182474710325506,0.7671689572692229,0.0,True,0
662297192,653125128,Slc17a7-IRES2-Cre,175,0,4.544283279629182,8.505337219099033,1.2389788530648254,39.62842765643321,39.14580871484743,5.058215678093274,4.082568209764771,0.001592244623949,OFF,0.4413920995535072,0.0001445513403773,-7908.320731840186,0.4413920995535072,0.2816898205402777,0.3628887920557622,0.0,0.0004361013850551,16,278.0224390243903,383.3833170731708,,0.0,8.505337219099033,order_class,5.058215678093274,4.082568209764771,0.6574653964144752,0.21428753475706033,,False,0
662302499,653125128,Slc17a7-IRES2-Cre,175,0,4.759621018053527,169.7933946808313,1.2215951870518762,32.175108209553706,42.24211636080201,5.260609079031968,4.306343979405815,0.0012233523735287,OFF,0.572279174387863,8.932634249512625e-05,-8339.599855852368,0.572279174387863,0.4655391211872806,0.4997593433162335,0.0,2.073960003734498e-09,16,101.33644444444444,334.0595555555556,,0.0,169.7933946808313,order_class,5.260609079031968,4.306343979405815,0.6775723736615434,0.20015753504212433,,False,0
662301457,653125128,Slc17a7-IRES2-Cre,175,0,4.839232776884381,155.99902213972845,1.2784046848327877,34.781720768301035,28.64292384038917,5.47155400084792,4.2799858806553,0.0019327496867047,OFF,0.5282313985771377,0.0001567510927407,-7835.722860889722,0.5282313985771377,0.4442830543548089,0.4473129892077083,0.0,0.0,16,77.72641791044776,342.9555223880597,,0.0,155.99902213972845,order_class,5.47155400084792,4.2799858806553,0.6847765130540582,0.24561296062953186,0.0,True,0
662300519,653125128,Slc17a7-IRES2-Cre,175,2,12.733145310050736,157.4988772180389,6.460099527821702,,,32.363486351572675,5.009750424462176,7.030043461809252e-06,OFF,0.3039239177566577,1.9311388029291354e-06,-11775.03100545349,0.2626168922162948,0.2642744571947149,0.3039239177566577,0.0413070255403629,0.0468702587503302,16,,,1.5269301800725543,30.178981982942517,157.4988772180389,order_class,32.363486351572675,5.009750424462176,1.1049356952540625,1.8656447244593726,,False,0
662297471,653125128,Slc17a7-IRES2-Cre,175,0,4.433608250492511,134.37949895444575,1.2478832353374307,37.98312202282848,27.36028779661871,4.952725881279787,3.968901689700605,0.0005356606910419,OFF,0.3004013779179438,6.44393010820357e-05,-8632.209013784006,0.3004013779179438,0.2576857592742976,0.2963805562237802,0.0,1.5406001141471393e-07,16,143.24470588235295,185.51382352941172,,0.0,134.37949895444575,order_class,4.952725881279787,3.968901689700605,0.6467573166166202,0.2214487041417517,,False,0
662296942,653125128,Slc17a7-IRES2-Cre,175,0,7.988404415330723,7.383231813428324,2.672276733187114,38.84006503105745,33.506585111690804,13.05872445738624,4.886741068097256,0.0005365013011264,ON,0.5272836126679386,6.999316567186984e-05,-8558.133206730558,0.5272836126679386,0.4941949259750214,0.4832395484348208,0.0,0.0,16,284.67257812500003,155.5003125,,0.0,7.383231813428324,order_class,13.05872445738624,4.886741068097256,0.9024600430415116,0.9829308181211726,,False,0
662298148,653125128,Slc17a7-IRES2-Cre,175,1,12.040558073155326,48.59215651470538,5.020296870991051,,,26.978097286925376,5.373805171326384,-0.0005605517838304,ON,0.3109590505701131,9.074972890735156e-05,-8325.434944575249,0.2723814414483401,0.3109590505701131,0.2953451617214603,0.0385776091217729,0.090656196137187,16,,,2.329263467852656,11.60953179536258,2.329263467852656,order_class,26.978097286925376,5.373805171326384,1.0806466166954731,1.6134890696026958,0.0,True,0
662297124,653125128,Slc17a7-IRES2-Cre,175,0,5.5902959477126215,171.06314472508697,1.5433839301804155,45.84866326421908,38.48032200054512,6.944992592595047,4.49984767677554,0.0174332026284295,ON,0.4714877724774488,0.0018201003818364,-5638.741807605074,0.4714877724774488,0.3606950811516903,0.4366273931654464,0.0,5.312127404621947e-10,16,211.9303896103896,355.8083116883117,,0.0,171.06314472508697,order_class,6.944992592595047,4.49984767677554,0.7474347998464134,0.43397736302682355,,False,0
662299631,653125128,Slc17a7-IRES2-Cre,175,1,19.823352669938075,62.76142940731776,2.6013725058789814,,,31.97263135869825,12.29067781966696,-5.904025558808144e-06,ON,0.356556772871978,1.8636672807343737e-06,-11806.896062163814,0.2522059750132778,0.356556772871978,0.3060892568080307,0.1043507978587002,0.1357744125940018,16,,,156.5082633135121,13.829514734109374,156.5082633135121,order_class,31.97263135869825,12.29067781966696,1.29717710741052,0.9560391926207055,0.0,True,0
662300827,653125128,Slc17a7-IRES2-Cre,175,0,4.603874109149898,177.37949532122389,1.5467333855682557,26.611400994118537,32.600751198072025,5.725734015963445,3.701823513597893,0.0142776297202004,OFF,0.7603237629948318,0.0006566896231699,-6552.155963466972,0.7603237629948318,0.4609509558235033,0.5861250613231002,0.0,1.4307666162949316e-11,16,35.3808,356.61946666666665,,0.0,177.37949532122389,order_class,5.725734015963445,3.701823513597893,0.6631234395344205,0.436145213860526,0.0,True,0
662301014,653125128,Slc17a7-IRES2-Cre,175,1,6.38381609262261,128.16311633452662,1.296125679672196,,,7.267816018679913,5.607338958455033,0.0032906738829232,ON,0.4449717688262633,0.0002987613379002,-7257.81549186015,0.3386376605048077,0.4449717688262633,0.3918463408546484,0.1063341083214556,0.2812358484880558,16,,,162.48353704798976,14.581867572944482,162.48353704798976,order_class,7.267816018679913,5.607338958455033,0.8050803672039462,0.25937956828401304,1.0,True,1
662301154,653125128,Slc17a7-IRES2-Cre,175,0,5.714408179937438,148.50856739598692,1.041042412474937,33.109665181458425,33.575448320915555,5.830495579122114,5.600632125314571,0.0105009403477317,OFF,0.8282600287633853,0.0004815437498218,-6830.108068523159,0.8282600287633853,0.4892381608710995,0.6647191712467102,0.0,1.3164846990321166e-10,16,170.06166666666667,363.7075,,0.0,148.50856739598692,order_class,5.830495579122114,5.600632125314571,0.7569712587914035,0.04022253085374899,0.0,True,0
662302305,653125128,Slc17a7-IRES2-Cre,175,0,7.695604709276941,66.43301329652412,2.948869235681864,,,13.215101680750736,4.481413255238841,1.4959543989038902e-05,OFF,0.3129949843762803,2.952326078991353e-06,-11394.693808479224,0.3129949843762803,0.3015868178023692,0.2805946645829738,0.0,0.1464889007832938,16,,,,0.0,66.43301329652412,order_class,13.215101680750736,4.481413255238841,0.8862427517287242,1.0814217869313447,,False,0
662300653,653125128,Slc17a7-IRES2-Cre,175,0,5.345899386293133,83.76614216921037,1.534440277253835,38.35598667321848,35.076509324952966,6.622100623385709,4.315645725382798,2.526440221566061e-05,OFF,0.461623177054721,2.577577571213303e-06,-11516.31983128174,0.461623177054721,0.3664211377987874,0.4262867734895841,0.0,0.0010563522433124,16,304.67337931034484,242.8866206896552,,0.0,83.76614216921037,order_class,6.622100623385709,4.315645725382798,0.7280207807600454,0.4281656743162332,,False,0
662296310,653125128,Slc17a7-IRES2-Cre,175,0,6.012581560950117,62.34867896517928,1.357935115784466,35.372818656362696,37.76862136917801,7.006489737707777,5.159664593886133,0.0016558571451647,OFF,0.6096152052798587,0.0001400731972999,-7936.517508980889,0.6096152052798587,0.5315603072079111,0.5986043146651392,0.0,2.0626576224813675e-08,16,191.51412371134023,362.51505154639176,,0.0,62.34867896517928,order_class,7.006489737707777,5.159664593886133,0.7790609806468074,0.30596524874943304,0.0,True,0
662301689,653125128,Slc17a7-IRES2-Cre,175,0,5.49763016906918,173.70417463628155,1.2290207554456511,39.33323986691346,25.79351805026348,6.09473924537573,4.959020601052207,0.0068740995680987,OFF,0.7091963146361544,0.0004271695356274,-6937.463307796711,0.7091963146361544,0.5252811763402518,0.5507441412120397,0.0,0.0003705022162467,16,57.871125,52.913250000000005,,0.0,173.70417463628155,order_class,6.09473924537573,4.959020601052207,0.740175521077702,0.2062177185174969,0.0,True,0
662298495,653125128,Slc17a7-IRES2-Cre,175,0,4.901349422447495,3.946759398544531,1.4541724940428142,48.91747401419373,29.158893830533096,5.910491917039469,4.064505374192184,0.0039795366877553,ON,0.4997527416977416,0.0003458903764998,-7126.572242973887,0.4997527416977416,0.3180816511079105,0.3979869842789396,0.0,1.9035605314243753e-09,16,82.85237569060774,35.0353591160221,,0.0,3.946759398544531,order_class,5.910491917039469,4.064505374192184,0.6903156649348663,0.3744370062170924,,False,0
662301673,653125128,Slc17a7-IRES2-Cre,175,0,4.685475932541338,178.5165434977283,1.327834431511678,54.69067548397618,34.101479693326965,5.399153494980854,4.066134577361552,0.0189864101119214,ON,0.7421086046383911,0.0009306202273953,-6239.774717501314,0.7421086046383911,0.4022434068040095,0.5792782525244977,0.0,1.3417045252595017e-12,16,354.26140350877193,29.525964912280703,,0.0,178.5165434977283,order_class,5.399153494980854,4.066134577361552,0.6707537114198424,0.28354936821515236,,False,0
662298838,653125128,Slc17a7-IRES2-Cre,175,0,5.445174456564298,172.77362365061572,1.424839625612228,50.01679584441168,35.49696535581516,6.499722135630232,4.561721908062052,0.0068621093932359,OFF,0.6568722820107976,0.0004768736945526,-6838.839968516553,0.6568722820107976,0.4565063998445572,0.4962932012803923,0.0,1.9516266380747996e-10,16,366.77196850393705,125.77653543307088,,0.0,172.77362365061572,order_class,6.499722135630232,4.561721908062052,0.736011798565527,0.3540592639571114,0.0,True,0
662296153,653125128,Slc17a7-IRES2-Cre,175,2,20.75981884403584,64.09586717622372,2.3279849448163548,,,31.674782623849083,13.606094272378456,2.5354329794321892e-05,ON,0.3029803450093997,9.667409326714045e-06,-10331.88817265516,0.1116649100404846,0.288948127180497,0.3029803450093997,0.1913154349689151,0.07863886075639,16,,,171.72034973825873,31.700703222783225,64.09586717622372,order_class,31.674782623849083,13.606094272378456,1.317223559418286,0.8450030628449962,0.0,True,0
662301383,653125128,Slc17a7-IRES2-Cre,175,1,10.98778642476976,59.79734832958249,5.028943491992956,,,24.640447283949435,4.899726418318632,-5.584162229046645e-05,OFF,0.3026616061085638,8.11173529349941e-06,-10489.090073835368,0.2777887594591589,0.3026616061085638,0.2761845055560321,0.0248728466494049,0.1751010741380032,16,,,171.9635511402397,19.623010096933363,171.9635511402397,order_class,24.640447283949435,4.899726418318632,1.0409102092263713,1.6152099206965844,0.0,True,0
662302432,653125128,Slc17a7-IRES2-Cre,175,0,5.04892130299517,0.2031912100194972,1.5088089519387071,53.31657350564565,32.832089928230495,6.201771022917954,4.110375283066249,0.0034736102175143,ON,0.6691198501552189,0.0002184893204704,-7538.180985384847,0.6691198501552189,0.402614399071544,0.5500196701049773,0.0,4.196459868488489e-08,16,378.396862745098,56.27215686274511,,0.0,0.2031912100194972,order_class,6.201771022917954,4.110375283066249,0.7031986014458724,0.41132056603077194,,False,0
662300751,653125128,Slc17a7-IRES2-Cre,175,0,5.150315736107451,31.260543960240028,1.3144008818651396,43.05258732013304,37.6469532671296,5.904699150644848,4.492312225373783,0.0002751817677542,OFF,0.4220696154283619,2.934848475525717e-05,-9336.89759722521,0.4220696154283619,0.3971218302447331,0.3795607575224002,0.0,0.0,16,328.12,248.2309375,,0.0,31.260543960240028,order_class,5.904699150644848,4.492312225373783,0.7118338539433319,0.27338095866670015,,False,0
662297913,653125128,Slc17a7-IRES2-Cre,175,2,6.728695883610753,78.54210665084254,1.5363346221334635,,,8.340148986283653,5.428601859340986,-0.002324289751699,ON,0.4100862355263165,0.0002925319531045,-7276.695243664547,0.3752859124089882,0.3847052424630315,0.4100862355263165,0.0348003231173282,0.1307879917317861,16,,,179.0955649950192,33.878289529257934,78.54210665084254,order_class,8.340148986283653,5.428601859340986,0.8279308999693893,0.4293994639504457,,False,0
662302328,653125128,Slc17a7-IRES2-Cre,175,0,5.5135265778419935,174.0620879855457,1.228264747758461,36.92934226968005,37.31494806881602,6.110481958008607,4.974889956876168,0.0242508582565223,OFF,0.7400181136877018,0.001398809199109,-5874.632042825308,0.7400181136877018,0.4541599203657394,0.5798996185359337,0.0,6.564970789213476e-12,16,198.10213740458016,364.25404580152673,,0.0,174.0620879855457,order_class,6.110481958008607,4.974889956876168,0.7414294724230446,0.20560239912538103,0.0,True,0
662301517,653125128,Slc17a7-IRES2-Cre,175,1,7.306915939914321,156.38237616399084,1.5334071561632912,37.30405475994306,33.343468068356174,9.048213801120731,5.900724908419035,0.0007454702550123,ON,0.4644498850936083,7.44838745933609e-05,-8502.41540235885,0.4440285431001293,0.4644498850936083,0.402307257668538,0.020421341993479,0.4639502814163586,16,30.94123222748816,331.9066350710901,146.86243886843042,11.913093412362052,146.86243886843042,order_class,9.048213801120731,5.900724908419035,0.8637341111715002,0.42749215899187626,1.0,True,1
662297327,653125128,Slc17a7-IRES2-Cre,175,1,7.894601335196392,137.23373868946692,1.0274059454639208,31.67307151805909,40.380227751684245,8.002049637420518,7.788595805533542,-0.0014981123633567,OFF,0.5045167906542953,0.0001492516917626,-7879.649317713758,0.4236448208882101,0.5045167906542953,0.4478448003425401,0.0808719697660852,9.943095713449425e-08,16,16.7895,331.87050000000005,116.96606145187408,13.73540263087393,116.96606145187408,order_class,8.002049637420518,7.788595805533542,0.8973302037178587,0.02703712593707091,1.0,True,1
662299541,653125128,Slc17a7-IRES2-Cre,175,0,6.241487180948703,158.1261516108386,1.7603173106044965,41.85680452456814,38.43614690933064,8.28101483684776,4.704273932296924,0.001156914483749,OFF,0.5852587517416683,0.0001066660358756,-8180.643757011372,0.5852587517416683,0.3918871763969602,0.5009792069726584,0.0,0.0211038529864178,16,380.69396226415097,306.49094339622644,,0.0,158.1261516108386,order_class,8.28101483684776,4.704273932296924,0.7952880828757121,0.5654940829159417,0.0,True,0
662301656,653125128,Slc17a7-IRES2-Cre,175,0,5.94856413833125,8.88787821417398,1.1413928372120972,45.23338937422944,32.29416352650816,6.355207280187213,5.567940390891264,0.0090293529925854,OFF,0.7961048315181765,0.0004781524821835,-6836.440464859023,0.7961048315181765,0.5293964286010486,0.6372696025698603,0.0,6.776357253102106e-12,16,153.82,207.03,,0.0,8.88787821417398,order_class,6.355207280187213,5.567940390891264,0.7744121485766156,0.13224930366017826,0.0,True,0
662296986,653125128,Slc17a7-IRES2-Cre,175,2,10.932389539643273,22.806299097222222,7.89245102476036,,,30.71291556216847,3.89142935012397,-0.0075028480165246,ON,0.3296885466490404,0.0016896243997728,-5705.391124969261,0.2973015139121503,0.3181222014706982,0.3296885466490404,0.0323870327368901,0.048264163114733,16,,,3.814073195429984,30.705284937610017,22.806299097222222,order_class,30.71291556216847,3.89142935012397,1.038715097947766,2.0659067361422374,,False,0
662299814,653125128,Slc17a7-IRES2-Cre,175,1,14.16007293902456,141.03869867447065,1.7677216387483283,,,18.82662315138016,10.650219321131768,0.0002863776022957,OFF,0.3328326545752216,7.195703638623176e-05,-8533.339435185575,0.2704137482432983,0.3328326545752216,0.2888823972276764,0.0624189063319232,4.835135680725245e-08,16,,,147.80221053934227,21.565790004390788,147.80221053934227,order_class,18.82662315138016,10.650219321131768,1.1510654904253814,0.5696915076729477,0.0,True,0
662302010,653125128,Slc17a7-IRES2-Cre,175,0,5.057402638640166,164.10413387669763,1.4383915183193272,44.75242351308264,32.38306055081119,6.065492744537361,4.2168579745412575,0.0054081036483387,ON,0.6862538924956514,0.000327524013302,-7175.458467535445,0.6862538924956514,0.4228384268242261,0.5609499584278697,0.0,0.0067074771166371,16,234.51617647058825,189.86117647058825,,0.0,164.10413387669763,order_class,6.065492744537361,4.2168579745412575,0.7039275308084718,0.3635254881100245,,False,0
662301702,653125128,Slc17a7-IRES2-Cre,175,0,5.415843067754377,3.28783181609397,1.463793989785605,53.06611863993792,26.503582491733017,6.55248524012114,4.4763711873696455,0.0061047944536354,ON,0.7039118948213487,0.0003787329986169,-7045.296464898382,0.7039118948213487,0.4564046296841006,0.576042812247902,0.0,1.1761702722878908e-11,16,212.9527173913044,75.3675,,0.0,3.28783181609397,order_class,6.55248524012114,4.4763711873696455,0.733666071519824,0.3810316882779438,,False,0
662299951,653125128,Slc17a7-IRES2-Cre,175,0,4.85897260685445,172.11081468797437,1.4335541046393907,41.66828625581862,23.7326625728201,5.817702312522163,4.058237002492209,0.0069376730825926,OFF,0.6073659999034259,0.0004807529672621,-6831.580673220666,0.6073659999034259,0.5254074054404712,0.5015920556629013,0.0,0.0012649268662187,16,216.16993288590604,223.5773154362416,,0.0,172.11081468797437,order_class,5.817702312522163,4.058237002492209,0.6865444506733193,0.3601567486631429,0.0,True,0
662296198,653125128,Slc17a7-IRES2-Cre,175,0,5.733694810653341,168.0372945731027,1.7026501810938253,42.39258786263144,30.919792899549755,7.481648273696086,4.394119447888989,0.000613325969631,ON,0.5312283903457501,5.820520761268976e-05,-8723.376013496276,0.5312283903457501,0.3641006098440863,0.4574415504918545,0.0,0.0070298396268124,16,318.3588079470199,227.49139072847683,,0.0,168.0372945731027,order_class,7.481648273696086,4.394119447888989,0.758434572883825,0.5321859672472985,,False,0
662298191,653125128,Slc17a7-IRES2-Cre,175,0,4.804223823296142,170.45355171264472,1.5131398766761757,43.98959027523195,37.859561488130105,5.909663748006143,3.9055634175655656,0.0033420371165376,OFF,0.7083534507219601,0.0001828145806199,-7697.906172932722,0.7083534507219601,0.440779242253387,0.5578382603756972,0.0,0.0035869411924277,16,386.8131428571429,322.5946285714286,,0.0,170.45355171264472,order_class,5.909663748006143,3.9055634175655656,0.6816232324856687,0.4141868804181044,0.0,True,0
662298169,653125128,Slc17a7-IRES2-Cre,175,0,5.178356679667413,160.56892924678874,1.6699105183253171,40.96434778798547,35.94666449771633,6.691732332601013,4.007240064163359,0.0066859200376701,ON,0.688938802399055,0.0004115932772608,-6970.745499041752,0.688938802399055,0.4155618051487709,0.5395574025153567,0.0,0.0204981329100499,16,252.0383783783784,320.52027027027026,,0.0,160.56892924678874,order_class,6.691732332601013,4.007240064163359,0.7141919608683455,0.5127700431519782,,False,0
662299672,653125128,Slc17a7-IRES2-Cre,175,0,4.640803804752681,168.95327441375707,1.394576362525121,46.136287082074816,28.85953411774452,5.480426509900794,3.929814571055497,0.0032162229576917,OFF,0.6542335931523856,0.0001926978475035,-7650.730888909373,0.6542335931523856,0.4126496373137839,0.5365687612428951,0.0,0.0,16,263.39223529411765,207.5534117647059,,0.0,168.95327441375707,order_class,5.480426509900794,3.929814571055497,0.666593208515052,0.3325906863746856,0.0,True,0
662301716,653125128,Slc17a7-IRES2-Cre,175,0,4.908467688057192,18.41572066577939,1.2847284665994103,50.256908631436296,31.7308089287689,5.563545062572474,4.330522135388502,0.0184218322064547,OFF,0.7585941411098093,0.0009041858805591,-6265.594136364873,0.7585941411098093,0.4689568682681049,0.5665082966396668,0.0,4.18420853520729e-12,16,330.8242574257426,93.8741584158416,,0.0,18.41572066577939,order_class,5.563545062572474,4.330522135388502,0.6909459364236757,0.2505473859787017,0.0,True,0
662296566,653125128,Slc17a7-IRES2-Cre,175,1,10.477188848339052,128.5941561989429,1.7296693834745418,40.78926883281268,35.017606151069366,13.779273522067674,7.966420434862536,-0.0002650137502482,OFF,0.4403718576141366,3.959165308297956e-05,-9068.655449418038,0.4129971821213334,0.4403718576141366,0.4260350119350787,0.0273746754928032,0.2279911382850573,16,194.1378947368421,102.75017543859649,134.55509049544105,18.250453003497512,134.55509049544105,order_class,13.779273522067674,7.966420434862536,1.0202447720154566,0.5479302824280776,0.0,True,0
662302041,653125128,Slc17a7-IRES2-Cre,175,0,4.439652174158099,139.9380994168155,1.413987550845577,32.355008744408664,30.0420730565598,5.279244053772662,3.73358595032582,0.0038498670810401,OFF,0.4829682635403743,0.0003143516341518,-7212.23851679563,0.4829682635403743,0.3669788600898083,0.4414641655025156,0.0,5.084777043862232e-11,16,44.07554502369669,89.55582938388626,,0.0,139.9380994168155,order_class,5.279244053772662,3.73358595032582,0.6473489465197952,0.34641376322457496,,False,0
662302637,653125128,Slc17a7-IRES2-Cre,175,0,5.250124679100932,175.51169644640748,1.389794665361748,36.0227995160343,31.13376765252508,6.189348504350488,4.453426580637701,0.0082119355896625,OFF,0.7650969261487041,0.0004224343860901,-6947.45087449019,0.7650969261487041,0.5072116750907947,0.7555900580762218,0.0,0.000496676959738,16,140.69487804878048,210.7807317073171,,0.0,175.51169644640748,order_class,6.189348504350488,4.453426580637701,0.7201696170826418,0.32915601346918616,0.0,True,0
662297464,653125128,Slc17a7-IRES2-Cre,175,0,6.208302072916596,163.60678813291486,1.483049561366261,32.88712617655833,32.00971106857801,7.560502690869813,5.09794337817321,0.0006976326288932,OFF,0.6018541533522923,6.183305417324155e-05,-8669.200941464942,0.6018541533522923,0.4359637448081843,0.5708282298367868,0.0,3.45507051857652e-08,16,19.84015037593985,202.1842105263158,,0.0,163.60678813291486,order_class,7.560502690869813,5.09794337817321,0.7929728399204258,0.3941004822644379,0.0,True,0
662299773,653125128,Slc17a7-IRES2-Cre,175,1,8.416668538900339,21.253374966984733,1.29260801651619,26.5434168482308,27.829114255400363,9.569156268216236,7.402983848117254,-0.0068557386367141,OFF,0.5738957730851268,0.0006331459899941,-6584.869339336277,0.4698561433862449,0.5738957730851268,0.5342636577718733,0.1040396296988819,2.091604667242564e-11,16,56.72676258992807,270.3738129496403,47.76554633094739,10.822624894471245,47.76554633094739,order_class,9.569156268216236,7.402983848117254,0.925140224341037,0.2566618956812019,1.0,True,1
662299307,653125128,Slc17a7-IRES2-Cre,175,0,5.162211384175744,169.6146519599614,1.472578807101807,42.33384735316742,38.02479856508436,6.264336191673518,4.253990456376595,0.0302257100784385,OFF,0.7498464071839751,0.0015948152639929,-5757.133644775468,0.7498464071839751,0.4696677860632875,0.5952542182295588,0.0,5.230260669009112e-13,16,177.9621686746988,290.1693975903615,,0.0,169.6146519599614,order_class,6.264336191673518,4.253990456376595,0.7128357842259574,0.3870151543656989,0.0,True,0
662299286,653125128,Slc17a7-IRES2-Cre,175,0,4.586402326966509,2.3303869142634963,1.7795334850541609,45.48701934836234,27.2306694291472,6.118221999927966,3.438104453393725,0.0040476360967994,ON,0.4527296545798298,0.0003635417893596,-7081.976208158258,0.4527296545798298,0.2943749482023284,0.3830223903758321,0.0,6.421217113583566e-09,16,336.531,288.682875,,0.0,2.3303869142634963,order_class,6.118221999927966,3.438104453393725,0.6614721491112155,0.5763512429049571,,False,0
662300439,653125128,Slc17a7-IRES2-Cre,175,2,8.572629993677005,144.37760997052078,2.151363695625558,45.097271885226014,33.91614623568508,12.573928810810612,5.844631866000907,-1.0427120420919305e-05,ON,0.3656869579345551,1.8362495401962063e-06,-11820.1756824364,0.3216209549254222,0.3278366657642692,0.3656869579345551,0.0440660030091328,0.1593309674135415,16,185.8555778894473,271.33025125628143,5.4652097551333725,31.14323563030514,144.37760997052078,order_class,12.573928810810612,5.844631866000907,0.9331140793931134,0.7661019181060537,,False,0
662301108,653125128,Slc17a7-IRES2-Cre,175,0,6.143716367733337,160.1565681138449,1.5296333634845125,39.5169237115766,36.62048279028948,7.598446877337122,4.967495518029119,0.0071376204842083,OFF,0.7841774747447026,0.0004040245038132,-6987.375385840109,0.7841774747447026,0.506566695938824,0.6263083216864571,0.0,4.951794529972631e-11,16,131.3850909090909,296.2676363636364,,0.0,160.1565681138449,order_class,7.598446877337122,4.967495518029119,0.7884311577442182,0.4250280749786094,0.0,True,0
662297382,653125128,Slc17a7-IRES2-Cre,175,0,5.592983457989831,122.00119046967872,1.0313228628055404,31.15019728719584,36.7520706864329,5.679902196813398,5.507394824315422,0.0193766300184502,OFF,0.8361530467761831,0.0008462243184015,-6324.954569229802,0.8361530467761831,0.5201156856242956,0.6525120083997481,0.0,1.381117442633695e-12,16,59.824375,299.6296875,,0.0,122.00119046967872,order_class,5.679902196813398,5.507394824315422,0.7476435348450801,0.030842311012554087,0.0,True,0
662301728,653125128,Slc17a7-IRES2-Cre,175,0,4.797442089421332,173.55300956925174,1.2938893871018156,39.77592815717581,33.08473287581205,5.457054816698708,4.217558990047807,0.0074987474791459,OFF,0.8235200022641953,0.0002954627506495,-7267.763134817994,0.8235200022641953,0.5183130202371073,0.7893345295649665,0.0,0.0,16,290.10558139534885,263.44953488372096,,0.0,173.55300956925174,order_class,5.457054816698708,4.217558990047807,0.6810097410111454,0.2576527110507914,0.0,True,0
662299438,653125128,Slc17a7-IRES2-Cre,175,0,4.397819843847583,174.70318750808303,1.884654057950296,41.68057892882996,34.2928704121181,6.03744596055337,3.203477017484869,0.0001630409235363,ON,0.3115506876527646,1.8852689985397775e-05,-9733.454034712557,0.3115506876527646,0.2321271184461761,0.2897416273414209,0.0,0.0011748715169621,16,221.21297872340423,310.70553191489364,,0.0,174.70318750808303,order_class,6.03744596055337,3.203477017484869,0.6432374345687878,0.633744280423656,,False,0
662297397,653125128,Slc17a7-IRES2-Cre,175,0,4.427373318577618,178.020853623925,1.306690811086349,34.68445780963406,27.23652535397207,5.060956005154144,3.8731090493753406,0.0609720627262847,OFF,0.7444590889456532,0.0028136193502016,-5248.46210510385,0.7444590889456532,0.4581899961756739,0.5940764846644309,0.0,6.226438179923743e-05,16,20.57441176470589,307.27411764705886,,0.0,178.020853623925,order_class,5.060956005154144,3.8731090493753406,0.6461461434748057,0.2674978428357537,0.0,True,0
662297646,653125128,Slc17a7-IRES2-Cre,175,0,4.987323732043823,173.55281352404833,1.123033546130665,39.55049251512296,35.404399779659904,5.285230398901898,4.706208836870276,0.02772160974378,ON,0.7529231011991178,0.0014030485355198,-5871.920664388295,0.7529231011991178,0.5000027063483243,0.5696361043249359,0.0,6.618927628210258e-12,16,125.6743949044586,247.2103184713376,,0.0,173.55281352404833,order_class,5.285230398901898,4.706208836870276,0.6978675596113986,0.11603354719854293,,False,0
662297888,653125128,Slc17a7-IRES2-Cre,175,2,10.264301515814704,22.39885156065327,1.872791422140988,48.7531299507355,30.8228659118249,14.046693519753966,7.500404665296731,-0.0001495049223558,ON,0.4533985523962347,2.6278079622169384e-05,-9435.910794917132,0.3900501289349889,0.3873243650962683,0.4533985523962347,0.0633484234612458,0.0,16,288.8098245614035,122.14070175438596,3.7826038007945897,29.685349180180047,22.39885156065327,order_class,14.046693519753966,7.500404665296731,1.01132940103749,0.6274300569517958,0.0,True,0
662299509,653125128,Slc17a7-IRES2-Cre,175,0,6.837627619399759,87.04732215998933,2.161469562824947,34.68716951004189,25.114064113166705,10.052637158991985,4.650834474788358,0.00044770656945,ON,0.3858137558933445,6.74229483472892e-05,-8591.654505787174,0.3858137558933445,0.3115976888819917,0.3748603765526943,0.0,0.0008935251496363,16,49.81989304812835,313.2513368983957,,0.0,87.04732215998933,order_class,10.052637158991985,4.650834474788358,0.8349054452111571,0.7707883435204809,,False,0
662297581,653125128,Slc17a7-IRES2-Cre,175,0,6.646099571656203,154.1612274075203,1.9012360045422116,42.79157802843809,27.17365599585809,9.163995318210024,4.820019869346297,0.0047945788284285,ON,0.6414245222722362,0.0004165857846851,-6959.942664133599,0.6414245222722362,0.4556963722866385,0.5564532271273653,0.0,0.0371507045701717,16,305.536,113.66,,0.0,154.1612274075203,order_class,9.163995318210024,4.820019869346297,0.8225668435777969,0.6425042033767435,,False,0
662297828,653125128,Slc17a7-IRES2-Cre,175,0,6.097091968284165,49.41922087403095,1.1953946634612824,32.54053500706254,34.77275809296837,6.666200967580896,5.576569120928493,5.6330575308557546e-05,OFF,0.41720336420096,7.131877445097943e-06,-10604.43869355736,0.41720336420096,0.3347098063151812,0.3404899135179711,0.0,1.120426958434173e-06,16,23.4624,120.0459,,0.0,49.41922087403095,order_class,6.666200967580896,5.576569120928493,0.7851227459514074,0.17847639316957825,,False,0
662297847,653125128,Slc17a7-IRES2-Cre,175,2,6.837990648518052,83.79737889336617,2.0022648030400405,38.93611424180983,33.83606107951337,9.675852941314858,4.832454192184771,0.0036800559837418,OFF,0.4102592464455683,0.0004705336997066,-6850.832106672863,0.3950774898411926,0.3253117286348053,0.4102592464455683,0.0151817566043757,0.2356392207726778,16,373.4002816901408,120.77549295774648,4.850640248226085,33.63374668519484,83.79737889336617,order_class,9.675852941314858,4.832454192184771,0.8349285025296334,0.6942789413969923,,False,0
662299371,653125128,Slc17a7-IRES2-Cre,175,1,8.551979441983898,1.5567070491354371,1.81871331711954,42.08249763275976,37.58345579474916,11.533172071550307,6.341390895963984,0.0012660588099304,OFF,0.3914605097544626,0.0001719052173754,-7753.036296151175,0.3896625537827484,0.3914605097544626,0.363631339298118,0.0017979559717142,0.0004089933596899,16,352.828524590164,286.0255737704918,152.78990874148226,18.001767444588584,152.78990874148226,order_class,11.533172071550307,6.341390895963984,0.9320666482059037,0.5981292824529103,1.0,True,1
662300461,653125128,Slc17a7-IRES2-Cre,175,1,21.488030986264214,106.6706325207712,1.2173867764668878,,,23.70887307111473,19.475218171765317,7.967619334245894e-06,ON,0.3075240117370752,2.117293559987808e-06,-11692.573229124037,0.1478537252109438,0.3075240117370752,0.2804083980761741,0.1596702865261313,0.0333778905128498,16,,,173.0140296224155,22.56167545173161,173.0140296224155,order_class,23.70887307111473,19.475218171765317,1.3321966215883156,0.19670657490836674,0.0,True,0
662296275,653125128,Slc17a7-IRES2-Cre,175,0,6.0546839241402735,158.71327785337064,1.55426396025972,41.53090906756268,38.72467722277416,7.548381903685288,4.856563683316662,0.0014055482476855,OFF,0.5360982030641357,0.00013913285708,-7942.552822394657,0.5360982030641357,0.3922971259608299,0.4488535424305351,0.0,0.0100748337942233,16,76.51744680851064,374.8923404255319,,0.0,158.71327785337064,order_class,7.548381903685288,4.856563683316662,0.7820914763668219,0.4410020961181059,0.0,True,0
662297775,653125128,Slc17a7-IRES2-Cre,175,2,15.59664722210636,146.48380388372598,5.108848229802842,,,35.25272958271032,6.900328214304926,0.0005337350538773,OFF,0.3515974113974155,0.0001581734033048,-7827.629499170631,0.3342602435966013,0.3155458886281179,0.3515974113974155,0.0173371678008141,0.0,16,,,18.61324745181008,28.192163034128946,146.48380388372598,order_class,35.25272958271032,6.900328214304926,1.1930312490317927,1.6309739834683559,,False,0
662297562,653125128,Slc17a7-IRES2-Cre,175,2,7.091879353798808,124.49834331804055,1.667434303745275,44.29362336776178,27.34665927163812,9.157685082221803,5.492081494096919,-0.0021458222807635,ON,0.4607767054471318,0.0002567467524499,-7393.608640697581,0.4042421540720864,0.389504353774854,0.4607767054471318,0.0565345513750453,0.0934847381604071,16,169.4406779661017,127.09593220338984,8.754171127342744,33.38512510737026,124.49834331804055,order_class,9.157685082221803,5.492081494096919,0.8507613388260721,0.5112860999777099,0.0,True,0
662301960,653125128,Slc17a7-IRES2-Cre,175,1,11.138223755639682,90.73985015949124,2.0820282283335505,35.68587815697772,29.65355499007066,16.07160481098799,7.719206008965428,0.0007504363666125,ON,0.395589443814899,0.0001094328673013,-8157.698555530622,0.3542854230570587,0.395589443814899,0.3619093703950496,0.0413040207578403,1.8462384476780613e-07,16,135.23250000000002,133.87875,116.17412653980269,8.769024433569765,116.17412653980269,order_class,16.07160481098799,7.719206008965428,1.0468159381778668,0.7333425283782663,0.0,True,0
662297257,653125128,Slc17a7-IRES2-Cre,175,2,16.098641007536727,103.6756455868034,1.1122478979326345,50.50363937453548,23.806184506250165,16.978136181620293,15.264705119405503,-0.0010110154451033,ON,0.3577835717777458,0.0003185593104081,-7200.3248866003805,0.3522378146133845,0.341549281382814,0.3577835717777458,0.0055457571643612,0.0377869410994836,16,87.30828729281768,16.022320441988953,5.763684764510401,27.825574366416426,103.6756455868034,order_class,16.978136181620293,15.264705119405503,1.2067892159176568,0.10638310077877076,,False,0
662301762,653125128,Slc17a7-IRES2-Cre,175,0,6.4311624546420525,26.298084507348733,1.1628817519068937,29.77349321681258,34.4953531658234,6.935172343134401,5.963781211427648,0.0011421954138564,OFF,0.3908302050914877,0.0001606619653687,-7813.642362803277,0.3908302050914877,0.3686305072456738,0.3786597941555929,0.0,1.1392581023006445e-07,16,153.08465346534655,255.7280198019802,,0.0,26.298084507348733,order_class,6.935172343134401,5.963781211427648,0.8082894802348422,0.15090119330870733,,False,0
673033247,661437138,Slc17a7-IRES2-Cre,175,0,5.263253561891459,162.92933918755347,2.061933521805123,51.78968030001849,31.00562001844937,7.557734349979285,3.665362762696081,0.0004377010180148,ON,0.3901778265761936,5.0919907689676194e-05,-8843.189911025565,0.3901778265761936,0.2752389933569975,0.3349480206024003,0.0,0.0204463786325923,16,203.7718032786885,88.94877049180329,,0.0,162.92933918755347,order_class,7.557734349979285,3.665362762696081,0.7212542930417241,0.7236441454073202,,False,0
673033219,661437138,Slc17a7-IRES2-Cre,175,0,5.685321014262992,161.8797924921147,2.760922375773082,62.36541456183204,33.510237538664015,9.446742768492063,3.4215894120699044,0.0018492366826196,ON,0.3977077516567185,0.0002280807118604,-7499.686649069525,0.3977077516567185,0.2682395292025621,0.2829841005259362,0.0,0.0470100306234214,16,276.4583561643836,71.28986301369864,,0.0,161.8797924921147,order_class,9.446742768492063,3.4215894120699044,0.7547549915896322,1.0155648180193237,,False,0
673033116,661437138,Slc17a7-IRES2-Cre,175,0,10.73543753751227,132.7856621797311,1.4517440952343057,58.951325309298376,29.842953920456026,12.934950871113344,8.90993868242715,0.000266732965711,ON,0.450064578331705,5.258804987843911e-05,-8814.307400778598,0.450064578331705,0.4372237521424373,0.4464413020695102,0.0,4.501458128469693e-07,16,217.5836440677966,29.96389830508475,,0.0,132.7856621797311,order_class,12.934950871113344,8.90993868242715,1.030819749401507,0.3727656579184102,,False,0
673033518,661437138,Slc17a7-IRES2-Cre,175,0,3.386603269038808,177.51915274999357,2.4188300849685853,63.76708834447469,39.71696547599264,5.267044699585544,2.177517442137301,0.0088475832965498,ON,0.3963705176001018,0.0005896085352346,-6648.702359828594,0.3963705176001018,0.3047205830170985,0.3677800354293475,0.0,0.0013381036946543,16,365.9186938775511,184.25510204081635,,0.0,177.51915274999357,order_class,5.267044699585544,2.177517442137301,0.5297643232584577,0.8832839873123602,,False,0
673033511,661437138,Slc17a7-IRES2-Cre,175,0,4.229312958368792,2.097973045366717,1.389811862723332,51.1430478523723,31.77207262851572,4.985948979955147,3.587499224668578,0.0095021650654313,OFF,0.6259071944901232,0.0005537723397848,-6704.886177644129,0.6259071944901232,0.3833440979309854,0.5086993275273075,0.0,7.750466934908219e-13,16,227.83754385964912,183.68771929824564,,0.0,2.097973045366717,order_class,4.985948979955147,3.587499224668578,0.6262698230196329,0.3291683874231329,0.0,True,0
673033449,661437138,Slc17a7-IRES2-Cre,175,1,6.1065072010922,13.614979904979464,1.850030531947815,54.37504824545322,39.34929186522825,8.305816298436293,4.489556337046755,0.003995762073333,OFF,0.475095603107127,0.0003267423514155,-7177.599397961598,0.3016901863077592,0.475095603107127,0.3810888129773723,0.1734054167993678,0.4049590696407819,16,160.81511811023623,174.6524409448819,5.046248130606671,18.435826406699636,5.046248130606671,order_class,8.305816298436293,4.489556337046755,0.7857928735766941,0.6152021427096236,1.0,True,1
673033014,661437138,Slc17a7-IRES2-Cre,175,0,5.110143689222883,162.92456498785833,1.6643818453958474,68.80423864950626,40.25859663708895,6.592643579830905,3.961016276444031,0.0018163964386664,OFF,0.5330282331632626,0.0001537620967325,-7852.973162887987,0.5330282331632626,0.4394462547890005,0.4582197837739354,0.0,2.450110114793347e-09,16,260.67333333333335,172.42,,0.0,162.92456498785833,order_class,6.592643579830905,3.961016276444031,0.708433111985839,0.5094537904703377,,False,0
673031592,661437138,Slc17a7-IRES2-Cre,175,0,7.132127765913618,1.1280575742295014,1.8512134289008773,59.89121160644369,35.54619955296621,9.703923420720532,5.241925792685099,0.0015063713583968,ON,0.6804921900120295,0.0001281263814296,-8016.39410991055,0.6804921900120295,0.538635947125573,0.64315846036883,0.0,1.679332872761563e-08,16,307.57257142857145,126.82057142857144,,0.0,1.1280575742295014,order_class,9.703923420720532,5.241925792685099,0.8532191145838339,0.6158413315909018,,False,0
673032254,661437138,Slc17a7-IRES2-Cre,175,0,7.367076947412772,154.11335683116926,1.7417424205534633,47.564768166284686,32.79653757891043,9.722706382880656,5.582172351174136,0.0002897782336712,ON,0.4252121047989676,4.309648058152784e-05,-8992.654022221908,0.4252121047989676,0.3653107189906146,0.4106837069714341,0.0,0.0157409883296526,16,225.3177049180328,143.8609836065574,,0.0,154.11335683116926,order_class,9.722706382880656,5.582172351174136,0.8672952059838704,0.5548860032915026,,False,0
673033649,661437138,Slc17a7-IRES2-Cre,175,1,4.1714217782533,133.5799392533824,1.1821358660623935,45.06880938239495,33.25680636713957,4.53542303224982,3.8366343179798568,-0.0301618625336156,OFF,0.4371310674735813,0.0018250633259182,-5636.301971701103,0.3611355617302071,0.4371310674735813,0.3553848223587756,0.0759955057433742,0.32607857582191,16,115.4908695652174,331.51413043478266,13.950608330514491,8.517886301059665,13.950608330514491,order_class,4.53542303224982,3.8366343179798568,0.6202841041846217,0.16732285828540217,0.0,True,0
673033490,661437138,Slc17a7-IRES2-Cre,175,0,4.298155119652262,153.41037771790593,1.2990407121412073,49.17167743223767,30.139114332554204,4.898842378218561,3.771123054445156,0.0005491858558649,ON,0.6115929141902292,3.344555623086083e-05,-9219.810098975557,0.6115929141902292,0.378012859362869,0.498947342892271,0.0,8.155554009903199e-10,16,214.73125628140704,195.2547738693468,,0.0,153.41037771790593,order_class,4.898842378218561,3.771123054445156,0.6332820850487132,0.2616260783376066,,False,0
673033198,661437138,Slc17a7-IRES2-Cre,175,0,4.36663484665973,80.33948087103386,1.1213764200213698,52.004279788948345,35.440957920524134,4.624050687303125,4.12354906411801,0.0010928805856571,OFF,0.5536079857865381,7.622084265216847e-05,-8481.760543920363,0.5536079857865381,0.3401116681612056,0.4713785289034098,0.0,3.7053968005018596e-08,16,171.897375,211.54575,,0.0,80.33948087103386,order_class,4.624050687303125,4.12354906411801,0.640146876210046,0.11455687721809596,0.0,True,0
673032947,661437138,Slc17a7-IRES2-Cre,175,0,4.697250832105431,14.00387079875034,1.2202147651276098,41.12565265384012,33.474106665584145,5.188739767664773,4.252316818279228,1.901457861605667e-05,ON,0.3705128230904311,2.0665133516617164e-06,-11714.324376843622,0.3705128230904311,0.319046183234013,0.3143117531746214,0.0,0.0008848071387771,16,114.89678571428573,291.7826785714286,,0.0,14.00387079875034,order_class,5.188739767664773,4.252316818279228,0.6718437520271214,0.1990268802423166,,False,0
673031977,661437138,Slc17a7-IRES2-Cre,175,0,5.181252486821255,168.73743333458913,1.7587703526108716,54.440390641982496,32.38330705570354,6.871306553815674,3.906881045393624,0.0006845825419839,ON,0.5000955576482624,6.277760161004073e-05,-8655.617340491279,0.5000955576482624,0.3695646073514537,0.3780533594812204,0.0,0.0062602040234986,16,155.71823788546254,257.1560352422908,,0.0,168.73743333458913,order_class,6.871306553815674,3.906881045393624,0.7144347563406676,0.5646149015818478,,False,0
673033725,661437138,Slc17a7-IRES2-Cre,175,0,4.86975930644634,164.8786955086684,1.4076024708489212,46.354547079488135,33.398342992186095,5.7776004709770366,4.104568292987282,0.0305748883580135,ON,0.8608507864884588,0.0010614444364566,-6121.919661810037,0.8608507864884588,0.46118274248278,0.6412638727066299,0.0,1.198596777385319e-12,16,66.11819548872181,255.4705263157895,,0.0,164.8786955086684,order_class,5.7776004709770366,4.104568292987282,0.6875074962319964,0.3418878818267257,,False,0
673033455,661437138,Slc17a7-IRES2-Cre,175,0,10.58104587187688,174.73222078661405,4.933312715351618,47.079337724347866,32.1315889722991,23.501626501982138,4.7638631195726,0.0003103886928794,ON,0.3942302147701382,6.79601381433641e-05,-8584.543948688362,0.3942302147701382,0.3073203761498544,0.3603133159977165,0.0,0.0152483604727639,16,166.32909090909092,223.57242424242423,,0.0,174.73222078661405,order_class,23.501626501982138,4.7638631195726,1.024528597182712,1.5960107127726082,,False,0
673033757,661437138,Slc17a7-IRES2-Cre,175,0,4.545938537988151,165.33812233681508,1.6166791487000487,42.04229718398305,31.82109875270974,5.780101677931468,3.575293021239975,0.0060742966119421,OFF,0.7290692448152739,0.0002993236425691,-7256.130697397047,0.7290692448152739,0.4018465291413435,0.5214268770978725,0.0,0.010310248355651,16,22.357815126050426,268.470756302521,,0.0,165.33812233681508,order_class,5.780101677931468,3.575293021239975,0.6576235596790891,0.4803741370968675,0.0,True,0
673032828,661437138,Slc17a7-IRES2-Cre,175,0,4.966577096196287,170.02626879979118,1.427339828167851,53.20956892114853,34.42366219375024,5.933635627019583,4.157128884041623,0.0037320448922428,ON,0.7822731794751365,0.0001732182260003,-7746.218669435233,0.7822731794751365,0.4771705474150308,0.6018978549984588,0.0,4.0754399854847634e-11,16,103.91782383419688,35.3020725388601,,0.0,170.02626879979118,order_class,5.933635627019583,4.157128884041623,0.6960571814150682,0.3558124518168085,,False,0
673032746,661437138,Slc17a7-IRES2-Cre,175,2,7.4129706205260115,68.9041900033874,1.187591307731645,48.85739544219113,26.8377988984096,8.078408010977785,6.802346866623608,-0.0029922016827804,ON,0.5990603616994818,0.0002830073394478,-7306.353802686403,0.5650765630094916,0.5919405405273408,0.5990603616994818,0.0339837986899902,2.195676085392506e-09,16,156.19024390243902,154.56682926829268,175.39642817410328,25.902597413905227,68.9041900033874,order_class,8.078408010977785,6.802346866623608,0.8699922789064823,0.1719271446921044,0.0,True,0
673032378,661437138,Slc17a7-IRES2-Cre,175,0,4.124823015341659,12.603403504037304,1.4580924659171577,54.40725446745304,37.41769060137586,4.980785647472674,3.41596007379388,0.0042425007060335,OFF,0.4821520331155338,0.0003241291100739,-7184.794295763525,0.4821520331155338,0.3528104273422183,0.4238467130773272,0.0,2.2330615134791287e-10,16,144.76378378378377,170.44054054054055,,0.0,12.603403504037304,order_class,4.980785647472674,3.41596007379388,0.6154053189200108,0.37712905127178975,0.0,True,0
673033240,661437138,Slc17a7-IRES2-Cre,175,0,5.239455233144346,34.433448789243215,1.5348047852215128,56.83989758601624,35.358978690261175,6.491016398472727,4.229213031503484,0.0006805105403967,OFF,0.402874766987332,7.676710345475834e-05,-8475.361977606675,0.402874766987332,0.4020948566627581,0.3740147311149143,0.0,7.307028337955046e-08,16,211.0498604651163,71.25572093023256,,0.0,34.433448789243215,order_class,6.491016398472727,4.229213031503484,0.7192861340183704,0.4284031972001814,,False,0
673032975,661437138,Slc17a7-IRES2-Cre,175,0,5.518880288556997,14.604636922037429,1.7935611534320093,49.96081712405766,28.94082600087577,7.391099830672111,4.1209076236565,0.0024652612485986,ON,0.5499853653845883,0.0002172093012917,-7543.445635886315,0.5499853653845883,0.3865102969960617,0.4494395033522185,0.0,8.422833541743556e-10,16,144.355020746888,321.4732780082988,,0.0,14.604636922037429,order_class,7.391099830672111,4.1209076236565,0.7418509737748165,0.5842031146667828,,False,0
673032384,661437138,Slc17a7-IRES2-Cre,175,0,5.61403245421343,3.761808625952271,1.3710048266470622,,,6.573465845914879,4.794633627943519,1.1753289356521051e-05,ON,0.3077397200303923,1.7454496844495126e-06,-11865.614509668494,0.3077397200303923,0.2476255941802957,0.3012368110746707,0.0,0.0851703656413471,16,,,,0.0,3.761808625952271,order_class,6.573465845914879,4.794633627943519,0.7492749189227643,0.3155439211042956,,False,0
673032005,661437138,Slc17a7-IRES2-Cre,175,0,4.731709173437184,15.760746376089871,1.4627603968085148,57.61564753318665,29.53078413987493,5.722748238999912,3.9122936685228415,0.0021727464520503,OFF,0.5471871605152153,0.0001659071414286,-7784.857754337105,0.5471871605152153,0.4284683007273002,0.4929464425702282,0.0,7.396875223442123e-09,16,304.8377358490566,226.50415094339624,,0.0,15.760746376089871,order_class,5.722748238999912,3.9122936685228415,0.6750180435947589,0.3803253333748539,0.0,True,0
673031631,661437138,Slc17a7-IRES2-Cre,175,0,9.647633596705903,175.2743950055907,2.460839401544408,62.71589120573871,33.205835838607825,15.134303436838168,6.150057345205042,0.0011568525134342,ON,0.4872428863184126,0.0001933407168493,-7647.746671686007,0.4872428863184126,0.404753257632793,0.4368990224812276,0.0,0.0035748091579294,16,255.33925925925928,105.79432098765432,,0.0,175.2743950055907,order_class,15.134303436838168,6.150057345205042,0.9844208012274147,0.9005025118819222,,False,0
673033233,661437138,Slc17a7-IRES2-Cre,175,0,4.230605762247074,167.60630226756257,1.3367282356308958,49.31126409971972,32.455032505674424,4.8912979396063685,3.6591565953552414,0.0261398813725666,ON,0.8274202951407134,0.000900521352304,-6269.232867090068,0.8274202951407134,0.4459968561980766,0.6094296610092833,0.0,0.0032167255540025,16,168.20488372093024,84.12813953488373,,0.0,167.60630226756257,order_class,4.8912979396063685,3.6591565953552414,0.6264025565868061,0.2902250131588154,,False,0
673033275,661437138,Slc17a7-IRES2-Cre,175,0,4.223753879788077,173.83388774999693,1.5986441946394443,60.68426971166344,32.6401196182843,5.340408901977008,3.3405863042473154,0.0020082662390675,ON,0.4486276800393592,0.0001683288232486,-7771.8737244272015,0.4486276800393592,0.3128243995331183,0.3722170608143199,0.0,0.0012198073427244,16,240.20794520547943,102.2441095890411,,0.0,173.83388774999693,order_class,5.340408901977008,3.3405863042473154,0.6256986037103938,0.4691558916674049,,False,0
673032509,661437138,Slc17a7-IRES2-Cre,175,0,8.759462663176874,95.06687661619864,1.2326140713033722,54.55581504749364,24.37751089949908,9.725031717742803,7.889762046493197,0.0002096507502231,ON,0.4300964347380164,3.613526393401117e-05,-9150.504230914912,0.4300964347380164,0.3469704580399573,0.4189106782111039,0.0,6.732657243935236e-07,16,32.785161290322584,213.63193548387096,,0.0,95.06687661619864,order_class,9.725031717742803,7.889762046493197,0.9424774658056716,0.2091371754336044,,False,0
673032140,661437138,Slc17a7-IRES2-Cre,175,0,5.278659773727899,143.71867521471492,1.221775316884067,48.29106454298722,32.677207822615244,5.834710931998836,4.775600596416767,0.0013483114499017,ON,0.609036685878787,0.0001008208521665,-8231.140159862596,0.609036685878787,0.3886099256615788,0.4597065922492503,0.0,2.3592136466632496e-08,16,135.55721739130436,259.14991304347825,,0.0,143.71867521471492,order_class,5.834710931998836,4.775600596416767,0.7225236712538061,0.20030497877382775,,False,0
673032125,661437138,Slc17a7-IRES2-Cre,175,0,5.101769459068128,170.64824260138676,1.8282507650216275,47.30431464125197,31.043056211193868,6.8982465362125,3.7731402432263694,0.0009240159605789,ON,0.417419759024024,9.853195165892972e-05,-8251.716193336128,0.417419759024024,0.399942190977508,0.3175985809775526,0.0,0.0043314330836481,16,40.626101694915256,254.002372881356,,0.0,170.64824260138676,order_class,6.8982465362125,3.7731402432263694,0.7077208296330963,0.6033596436135933,,False,0
673032487,661437138,Slc17a7-IRES2-Cre,175,0,8.922473811739088,70.36025278788091,1.197102246285793,68.89206882724918,40.93255285874272,9.762272018877317,8.154919138416433,0.0005443377916788,ON,0.4474879298635696,9.203915315333892e-05,-8312.793658349894,0.4474879298635696,0.4299137837719876,0.4188755187239512,0.0,2.9108156329726853e-08,16,251.517251908397,130.87923664122138,,0.0,70.36025278788091,order_class,9.762272018877317,8.154919138416433,0.9504852819363117,0.17990384171298304,,False,0
673031655,661437138,Slc17a7-IRES2-Cre,175,0,8.216335630089413,170.73088002905203,2.377256733146444,71.30216306384223,36.53788178617719,12.66823801856356,5.328931386302723,0.0167088176381605,ON,0.6509612812075297,0.0017292781166325,-5684.6059031355735,0.6509612812075297,0.4624408352857271,0.5130056393607481,0.0,0.0145357721870796,16,362.0845569620253,114.52506329113923,,0.0,170.73088002905203,order_class,12.66823801856356,5.328931386302723,0.9146781714994726,0.8659471897591786,,False,0
673033747,661437138,Slc17a7-IRES2-Cre,175,0,7.6250744484501825,33.26529347619956,1.8220238120870291,46.63038170905177,37.44212408992835,10.292505614483211,5.648941328979508,9.64521119497565e-06,ON,0.4105752690043582,1.526003740880128e-06,-11986.000923614018,0.4105752690043582,0.3958947907110769,0.3259192983608092,0.0,0.023446133135227,16,65.79130434782608,315.3404347826087,,0.0,33.26529347619956,order_class,10.292505614483211,5.648941328979508,0.8822440883326934,0.599947867954906,,False,0
673033762,661437138,Slc17a7-IRES2-Cre,175,0,6.553220996379617,170.0249725911125,2.00844825560319,44.13421000371845,35.494399021994,9.287207260691217,4.624070963631582,0.0092676485200068,ON,0.880368585485751,0.0003917803920862,-7014.948953087445,0.880368585485751,0.619692008449954,0.7479515235145604,0.0,0.0141701444049423,16,228.2736585365854,279.3858536585366,,0.0,170.0249725911125,order_class,9.287207260691217,4.624070963631582,0.8164548140556092,0.697362411778435,,False,0
673032133,661437138,Slc17a7-IRES2-Cre,175,0,4.731822122987147,167.33507268278734,1.3493702520960484,46.42142428343993,33.27399426754918,5.496598008835375,4.073454265274648,0.031162127942837,ON,0.8436935610942394,0.0011264850809387,-6068.633125550609,0.8436935610942394,0.4600828963578202,0.5837647890806611,0.0,2.3534063586794215e-11,16,64.90545454545455,255.5248484848485,,0.0,167.33507268278734,order_class,5.496598008835375,4.073454265274648,0.6750284104155044,0.29963800368587534,,False,0
673033092,661437138,Slc17a7-IRES2-Cre,175,2,13.063440211189834,36.8529639366809,1.81199893367126,45.2684467375024,36.96789564266085,17.584763459924982,9.704621306976598,-5.83424393703431e-06,ON,0.3808722355086466,1.5129196667477335e-06,-11993.716421038953,0.3749158035549624,0.3706835263158838,0.3808722355086466,0.0059564319536841,0.003211564163113,16,235.82,355.095,161.86948457740357,26.75354696854199,36.8529639366809,order_class,17.584763459924982,9.704621306976598,1.116057561930686,0.5944306191389699,,False,0
673033146,661437138,Slc17a7-IRES2-Cre,175,0,4.773973903165117,151.3814263136585,1.7196910265870284,44.244199222333776,30.38234262701085,6.260445701767981,3.640447967093674,0.0010543358299787,ON,0.3980524255664545,0.0001097909223512,-8154.771705205906,0.3980524255664545,0.301196105015456,0.3148347147341682,0.0,0.0167004092422387,16,20.37476635514019,328.71168224299066,,0.0,151.3814263136585,order_class,6.260445701767981,3.640447967093674,0.6788800406149413,0.5421446389837199,,False,0
673031684,661437138,Slc17a7-IRES2-Cre,175,0,5.935683402204807,11.471322889773788,1.5032493935861142,51.13134589365738,29.58387070232717,7.277567581833384,4.841224358968276,0.0022182562004582,ON,0.523561458958778,0.0002209644364592,-7528.087876193373,0.523561458958778,0.4115731444559712,0.4690719782563136,0.0,2.987558755940256e-08,16,216.78543209876543,140.20098765432098,,0.0,11.471322889773788,order_class,7.277567581833384,4.841224358968276,0.7734707284666795,0.4076290275355732,,False,0
673032268,661437138,Slc17a7-IRES2-Cre,175,2,6.377517435652155,11.78660344108251,2.600794607445564,50.01302268745158,33.732705617753105,10.285009155189568,3.954564165023108,0.000149517620611,OFF,0.3676918205772905,1.950342892411752e-05,-9703.048557969156,0.3394423506154278,0.307317381380237,0.3676918205772905,0.0282494699618627,0.0209605586050899,16,354.96254716981133,145.04320754716983,153.966760353942,29.13141310508321,11.78660344108251,order_class,10.285009155189568,3.954564165023108,0.8046516546118423,0.9558170165839864,,False,0
673031698,661437138,Slc17a7-IRES2-Cre,175,0,3.931959661533472,2.546086781492104,1.398311725415696,54.89546927141832,37.9390917341993,4.649551402973721,3.325117939343234,0.0002880468937259,OFF,0.3137824793637107,2.996214738265876e-05,-9318.355851298076,0.3137824793637107,0.2319522033457514,0.3031463785907857,0.0,6.485088293040064e-07,16,370.8955980861245,143.0572248803828,,0.0,2.546086781492104,order_class,4.649551402973721,3.325117939343234,0.5946090537014803,0.33526559850880344,,False,0
673033110,661437138,Slc17a7-IRES2-Cre,175,0,4.536077100919869,158.46789919977434,1.264610732819351,47.28734093835227,38.71904659504373,5.101041531305195,4.033685148261252,0.0112937232905673,OFF,0.8134573885382365,0.0004357950954703,-6919.5511970822845,0.8134573885382365,0.5098755768820821,0.6518900251383235,0.0,0.0056928727999973,16,315.1592452830189,368.5867924528302,,0.0,158.46789919977434,order_class,5.101041531305195,4.033685148261252,0.6566804277674504,0.2347643537322112,0.0,True,0
673033656,661437138,Slc17a7-IRES2-Cre,175,0,4.2147398623376615,164.79132299371437,1.5561181199631964,54.35223265305391,36.19078704809764,5.257654633540304,3.3786989342844054,0.0012902294669516,ON,0.4447708043511231,0.0001082367920496,-8167.545533884274,0.4447708043511231,0.317983544050663,0.3243135425136785,0.0,0.0056411650584898,16,335.26194690265487,322.39194690265487,,0.0,164.79132299371437,order_class,5.257654633540304,3.3786989342844054,0.6247707747287992,0.4421943354477346,,False,0
673033184,661437138,Slc17a7-IRES2-Cre,175,0,5.100548846118514,6.118453423075513,2.1494769592104546,60.95476486240817,26.93070314605794,7.477962932766613,3.4789686396607933,0.0027941681756728,ON,0.5440309531110732,0.0002311648509873,-7487.651997347103,0.5440309531110732,0.3904867140735226,0.4039215327024257,0.0,0.0034459867205653,16,191.919,170.32600000000002,,0.0,6.118453423075513,order_class,7.477962932766613,3.4789686396607933,0.7076169110029911,0.7652245377576256,,False,0
673033443,661437138,Slc17a7-IRES2-Cre,175,0,9.512082752316156,161.1780001869149,4.938475204132647,51.28616613186034,31.465269260775763,21.138397414109114,4.2803490025463615,0.0002209017743589,ON,0.365848740331846,4.682634377541062e-05,-8918.28189255461,0.365848740331846,0.3306922848016923,0.3459105431120531,0.0,0.0686285599226169,16,117.5779856115108,163.04244604316546,,0.0,161.1780001869149,order_class,21.138397414109114,4.2803490025463615,0.9782756198610496,1.5970566204225192,,False,0
673032174,661437138,Slc17a7-IRES2-Cre,175,0,4.329850230935221,2.404951341212751,1.4570442693508854,51.27515543366639,27.724850697519315,5.226479460186461,3.587042322684445,0.0372049367204094,OFF,0.7787738016663888,0.0015315265010753,-5793.415333746069,0.7787738016663888,0.4066106013807948,0.6311305082686924,0.0,0.0002001851192021,16,20.085882352941177,159.69176470588235,,0.0,2.404951341212751,order_class,5.226479460186461,3.587042322684445,0.636472874412647,0.3764099106573788,0.0,True,0
673033163,661437138,Slc17a7-IRES2-Cre,175,2,10.392355827261698,21.07636150255044,2.927655155607617,,,17.78172823623626,6.073709945714481,-4.859741586269554e-05,ON,0.3332109258562286,1.1142347673306465e-05,-10204.662812289438,0.2831598386588355,0.2689573598408744,0.3332109258562286,0.050051087197393,0.073622773238674,16,,,176.22194797557344,29.26117162053128,21.07636150255044,order_class,17.78172823623626,6.073709945714481,1.0167140082700012,1.0742018144389032,0.0,True,0
673032360,661437138,Slc17a7-IRES2-Cre,175,2,15.434012073907777,37.57477776652584,3.9639695908115615,63.04902277119236,31.31930428298545,30.72868622025508,7.751998474328318,-5.784799403989937e-06,ON,0.4247738274642384,1.4933882885920977e-06,-12005.35884843556,0.3751811145884699,0.3638191504628957,0.4247738274642384,0.0495927128757684,0.0,16,132.76714285714286,13.118571428571428,179.09209600399657,28.326764334664567,37.57477776652584,order_class,30.72868622025508,7.751998474328318,1.188478835659268,1.3772459450991545,0.0,True,0
673033060,661437138,Slc17a7-IRES2-Cre,175,0,6.292865758002088,163.6864270628235,1.3812015516628209,54.71945260861593,27.77649347943153,7.3956610033179295,5.3545125216622695,0.0053774835423067,ON,0.5934346167447803,0.0004912897787646,-6812.154875433236,0.5934346167447803,0.428963070780868,0.5158277436988539,0.0,0.0,16,112.70029850746268,14.61044776119403,,0.0,163.6864270628235,order_class,7.3956610033179295,5.3545125216622695,0.7988484672979743,0.32295380994953377,,False,0
673033404,661437138,Slc17a7-IRES2-Cre,175,0,5.535047303666732,177.3788926154775,1.8937545326758924,55.54198468971232,32.41128883072779,7.616986387649614,4.022161402769948,0.0023728488682036,ON,0.7556250563341579,0.0001318888266554,-7990.461886447996,0.7556250563341579,0.460895817656372,0.5616357054725383,0.0,4.88404313658819e-08,16,229.09714285714287,18.650357142857143,,0.0,177.3788926154775,order_class,7.616986387649614,4.022161402769948,0.7431213368016703,0.6385613837648982,,False,0
673033628,661437138,Slc17a7-IRES2-Cre,175,0,7.70138335703156,166.58241538035395,1.717762078855236,38.55120270324502,32.54969519274471,10.093696628471816,5.876073731467242,0.0008624573137975,OFF,0.4269098899947571,0.000133152038721,-7981.920965187001,0.4269098899947571,0.3986465198849903,0.3871011059445464,0.0,0.004097779386422,16,124.16976,350.19504,,0.0,166.58241538035395,order_class,10.093696628471816,5.876073731467242,0.8865687421029091,0.5410223266931398,,False,0
673033635,661437138,Slc17a7-IRES2-Cre,175,0,3.9558439941698182,22.095020536195165,1.3303912346160034,,,4.562772795467852,3.429647367441372,0.0003418754450356,OFF,0.4240108626819843,2.808560819215516e-05,-9376.306936017809,0.4240108626819843,0.3290397840860505,0.3991338788836746,0.0,0.3402806498060812,16,,,,0.0,22.095020536195165,order_class,4.562772795467852,3.429647367441372,0.5972391560780372,0.28547306034210684,,False,0
673033741,661437138,Slc17a7-IRES2-Cre,175,0,7.7956769211393535,20.18697477770988,2.5335433894658945,52.92188649425202,26.574078795346622,12.408463439191824,4.897671573648359,1.0590827768425295e-05,ON,0.3750376453177401,1.8422179824245284e-06,-11817.26809720068,0.3750376453177401,0.2899429560955663,0.3421440534185528,0.0,4.868951232528396e-06,16,34.970000000000006,307.4021052631579,,0.0,20.18697477770988,order_class,12.408463439191824,4.897671573648359,0.8918538322062504,0.9296188720811921,,False,0
673031987,661437138,Slc17a7-IRES2-Cre,175,0,4.5927390507533925,162.92148289610154,1.384934682938121,44.38179660356411,33.09076735097717,5.404884481149543,3.902627717924682,0.0037964717823252,ON,0.8088845841426179,0.000150590288207,-7871.6491678854145,0.8088845841426179,0.3945251600060303,0.5926460022707757,0.0,2.030442480815964e-11,16,64.25155339805825,246.0104854368932,,0.0,162.92148289610154,order_class,5.404884481149543,3.902627717924682,0.6620717704696667,0.32565297819373173,,False,0
673450012,661732156,Slc17a7-IRES2-Cre,175,0,7.921652744760559,145.94558463954803,1.2728507271558862,44.0945444970976,31.62495494107071,8.937262997981598,7.02145413229359,0.0005205920494957,ON,0.45968984033862,7.71698278734082e-05,-8470.673799152843,0.45968984033862,0.3898303944565825,0.4232378045248395,0.0,0.0,16,312.28644067796614,29.983728813559324,,0.0,145.94558463954803,order_class,8.937262997981598,7.02145413229359,0.8988158006610858,0.24125905202089748,,False,0
673449918,661732156,Slc17a7-IRES2-Cre,175,0,5.6697822357075935,8.99612508275672,1.4250789970262652,45.791244158701765,28.279390644647307,6.768397378841955,4.749489251448991,0.0011999474011775,ON,0.6975503367158924,7.897886944040354e-05,-8449.911874174953,0.6975503367158924,0.4838660719825534,0.5736344724492937,0.0,0.0022974148748793,16,268.4169491525424,279.14305084745763,,0.0,8.99612508275672,order_class,6.768397378841955,4.749489251448991,0.7535663788846677,0.3542272486937271,,False,0
673449583,661732156,Slc17a7-IRES2-Cre,175,0,5.926657117274176,2.853241583794869,1.808217868909216,61.21433067612857,35.035505492117764,7.969575338378643,4.4074198554326784,0.0015954639355562,ON,0.4176547982530946,0.0001964149292526,-7633.611910765546,0.4176547982530946,0.3423535041188524,0.392395869084081,0.0,8.740183465860696e-09,16,130.63607142857143,263.78625,,0.0,2.853241583794869,order_class,7.969575338378643,4.4074198554326784,0.7728098021532605,0.5923417574253902,,False,0
673449981,661732156,Slc17a7-IRES2-Cre,175,0,6.185098560652335,5.7786202232312585,1.1884694104471831,72.72094191996621,25.395297032599508,6.742805441408788,5.673520397021985,0.0016513781916294,ON,0.6168147943162219,0.0001413351246226,-7928.481538668573,0.6168147943162219,0.5049874418535177,0.5116563689723883,0.0,0.0001598426760041,16,183.8148,286.09360000000004,,0.0,5.7786202232312585,order_class,6.742805441408788,5.673520397021985,0.7913466245805627,0.17266626953752276,,False,0
673449913,661732156,Slc17a7-IRES2-Cre,175,1,7.700649000196238,57.938576953604056,1.226493984706037,58.958370311629736,33.70097437711189,8.528252294011232,6.953358434982672,0.0007802556500661,ON,0.3486086742006674,0.0001045886310081,-8198.266229360484,0.3378037843474307,0.3486086742006674,0.2825666603004747,0.0108048898532366,0.3377583218676617,16,58.326081081081085,283.65648648648653,166.25161755998093,16.08277632061207,166.25161755998093,order_class,8.528252294011232,6.953358434982672,0.8865273284616216,0.20415968026576375,0.0,True,0
673449540,661732156,Slc17a7-IRES2-Cre,175,1,6.306132746534265,25.90004628139866,1.8007023243171183,,,8.462215309210288,4.699397115744502,0.0002559098912163,OFF,0.3852509752031225,2.595941713700761e-05,-9446.842602382008,0.2645845280486906,0.3852509752031225,0.3097539089863242,0.1206664471544319,7.546158621307697e-07,16,,,18.23062300333164,7.089669639033548,18.23062300333164,order_class,8.462215309210288,4.699397115744502,0.7997631085749892,0.5881767689778056,1.0,True,1
673448384,661732156,Slc17a7-IRES2-Cre,175,0,5.6949907079641,109.7599763141356,1.2009853043598708,46.31966175671126,34.669296720890515,6.2411104214885,5.196658442723438,0.0014319760661609,OFF,0.6982142437473446,9.450044168270272e-05,-8289.147820427681,0.6982142437473446,0.508184719740602,0.5538925765999421,0.0,1.585353714972371e-08,16,296.8795945945946,163.14121621621624,,0.0,109.7599763141356,order_class,6.2411104214885,5.196658442723438,0.7554930198140288,0.18314230685301794,0.0,True,0
673448003,661732156,Slc17a7-IRES2-Cre,175,0,5.485976384835098,155.88690148782297,1.1058174986923996,54.25110203004939,34.68516019085255,5.768935227405334,5.21689630904462,0.0008826727283722,ON,0.6470920533635888,6.312993293272117e-05,-8650.602713045977,0.6470920533635888,0.4252990235416568,0.544578587025579,0.0,1.3770972906446133e-07,16,332.52398104265404,176.09516587677726,,0.0,155.88690148782297,order_class,5.768935227405334,5.21689630904462,0.739253933790224,0.10058487926058811,,False,0
673448310,661732156,Slc17a7-IRES2-Cre,175,2,8.180734015558906,123.96584574429444,3.123265517752872,,,14.457617335846358,4.62900680511093,-0.0001438460661165,ON,0.3324264891114852,2.594246184147052e-05,-9447.428012607634,0.2544428610601407,0.2343759108572305,0.3324264891114852,0.0779836280513445,0.1187006282740966,16,,,6.027946303791424,27.384976397659266,123.96584574429444,order_class,14.457617335846358,4.62900680511093,0.9127922724494689,1.1388790947807172,0.0,True,0
673448342,661732156,Slc17a7-IRES2-Cre,175,0,7.054115275697694,166.1902123448629,1.3325942475525283,49.275085184509095,31.709238996006395,8.143132840283245,6.110736899276805,0.0006955016662567,ON,0.6536988686355607,6.219733108914651e-05,-8663.937827036227,0.6536988686355607,0.5208808185201685,0.5622153633253956,0.0,4.18726484596732e-08,16,199.89614457831328,178.2863855421687,,0.0,166.1902123448629,order_class,8.143132840283245,6.110736899276805,0.8484425524664785,0.28712760442718854,,False,0
673448151,661732156,Slc17a7-IRES2-Cre,175,0,5.1719718659045935,9.800214447689385,1.2571439904558874,43.06476416271733,27.250386310231985,5.798940672303767,4.612789558180089,0.0011095765059361,OFF,0.6018912243456604,8.258175363623213e-05,-8409.942734705926,0.6018912243456604,0.4250293765886829,0.5679378850272043,0.0,0.00093377692943,16,317.3625,147.966,,0.0,9.800214447689385,order_class,5.798940672303767,4.612789558180089,0.7136561537730082,0.2288424739274425,0.0,True,0
673450926,661732156,Slc17a7-IRES2-Cre,175,2,13.71219822898084,119.20649168559623,2.367503448000792,47.2154651122975,32.33422782524347,21.098539489725013,8.91172492590936,-0.0002028957277938,ON,0.3841453913431292,5.139841101314734e-05,-8834.80935690941,0.3663751278261827,0.3561323575202602,0.3841453913431292,0.0177702635169464,0.0814996552045473,16,252.01210084033613,156.26873949579831,8.247147297111098,30.21772962150206,119.20649168559623,order_class,21.098539489725013,8.91172492590936,1.137107082957934,0.8618360024659659,,False,0
673448245,661732156,Slc17a7-IRES2-Cre,175,0,8.419305554844504,171.46233492239656,1.5292479741844454,43.41549085451764,29.645460748259392,10.4115461431369,6.808278525717469,0.0005052334674242,ON,0.6851645802547099,4.948225491996896e-05,-8868.851209457378,0.6851645802547099,0.6074138845634396,0.6558739585759894,0.0,3.318472829860752e-09,16,335.5354929577465,64.10281690140846,,0.0,171.46233492239656,order_class,10.4115461431369,6.808278525717469,0.9252762712933821,0.4247760944278372,,False,0
673448260,661732156,Slc17a7-IRES2-Cre,175,0,6.854239839586444,49.132187359486885,1.7110423828891177,36.961929423994704,37.10838502643502,8.96581308297584,5.239971360520565,0.0002243488938746,ON,0.4178550630702917,3.167488199266189e-05,-9268.547955368682,0.4178550630702917,0.3562905463594423,0.405643768468352,0.0,1.569361710584971e-07,16,302.44964285714286,98.1732142857143,,0.0,49.132187359486885,order_class,8.96581308297584,5.239971360520565,0.8359592969404402,0.5371027654326729,,False,0
673450313,661732156,Slc17a7-IRES2-Cre,175,0,8.380569479010518,175.23302482382883,2.286630208345616,51.248570070441815,28.48231627216084,12.67276843526546,5.542115375285908,0.0007177230976438,ON,0.6143407702073289,8.182137763700141e-05,-8418.230919341251,0.6143407702073289,0.5057947103558509,0.6025539726424738,0.0,4.588014634876458e-08,16,158.86774468085105,126.46289361702128,,0.0,175.23302482382883,order_class,12.67276843526546,5.542115375285908,0.923273530943952,0.8270792090703997,,False,0
673450292,661732156,Slc17a7-IRES2-Cre,175,2,9.869791085430844,157.96448954031888,1.7584127182771363,40.95111998217902,29.305723573726564,13.087851785692674,7.442991994800819,0.0001015999456948,OFF,0.448166953755908,1.7353578552621065e-05,-9807.693787318927,0.3837461476888187,0.3552432136021779,0.448166953755908,0.0644208060670892,0.0302635422734451,16,326.9381818181818,101.9830303030303,0.0863846836904826,31.453956470500163,157.96448954031888,order_class,13.087851785692674,7.442991994800819,0.994307960024772,0.5644115375102259,0.0,True,0
673450825,661732156,Slc17a7-IRES2-Cre,175,0,7.164656243525149,9.867810653445105,2.0569870268846357,61.43882503588072,33.297790979705795,10.275693323758704,4.995507112809326,0.0004496010991298,ON,0.390837094992572,6.997000742482557e-05,-8558.429710290486,0.390837094992572,0.3208207151308263,0.3647657045991409,0.0,0.0,16,40.882592592592594,97.70703703703704,,0.0,9.867810653445105,order_class,10.275693323758704,4.995507112809326,0.8551953580101876,0.7212423038374346,,False,0
673450299,661732156,Slc17a7-IRES2-Cre,175,0,10.261032953454691,176.17056187467537,2.209508269580581,49.489046188900986,31.86979681640266,15.252424996256137,6.903085725563464,0.0004676853720214,ON,0.5703617555560749,6.970040751806277e-05,-8561.88873654984,0.5703617555560749,0.5016730631080493,0.5147001672107462,0.0,4.8327504220679884e-09,16,175.656,111.41236363636364,,0.0,176.17056187467537,order_class,15.252424996256137,6.903085725563464,1.0111910823551966,0.7927699883200926,,False,0
673450306,661732156,Slc17a7-IRES2-Cre,175,0,8.049264812702443,177.1958014280221,1.922495568150616,53.49177449105894,30.04367660300508,11.160634589736224,5.80528495078531,0.0021914686265432,ON,0.6074401639614286,0.000244405744989,-7437.746018699243,0.6074401639614286,0.4755260946264168,0.5039129505866802,0.0,0.0006834026839808,16,138.24034682080926,114.8899421965318,,0.0,177.1958014280221,order_class,11.160634589736224,5.80528495078531,0.9057562154775234,0.6536241171417492,,False,0
673450673,661732156,Slc17a7-IRES2-Cre,175,2,10.521885294929934,92.39764755263896,1.3487548732183985,54.96385870283119,28.69144570758893,12.219686847141212,9.059976048859497,-0.0002995112065175,ON,0.4967947276099355,4.925964919896563e-05,-8872.891136896556,0.4235451844092268,0.3973654387735977,0.4967947276099355,0.0732495432007086,0.1280620759789447,16,153.66384236453203,319.7385221674877,171.80437979453194,30.43086070347872,92.39764755263896,order_class,12.219686847141212,9.059976048859497,1.0220935629952108,0.2991818507205834,0.0,True,0
673450478,661732156,Slc17a7-IRES2-Cre,175,0,5.635314432875509,18.592240082975508,3.216636034009242,65.43111178814183,33.79108495885084,10.106926669797865,3.1420796642635715,0.0056799168014404,ON,0.4612786177059704,0.0006099594882548,-6618.297742066572,0.4612786177059704,0.3206664429517092,0.4001293589428946,0.0,3.580835628014256e-11,16,56.18085561497327,307.05304812834225,,0.0,18.592240082975508,order_class,10.106926669797865,3.1420796642635715,0.7509181533285283,1.1683361035315047,,False,0
673451264,661732156,Slc17a7-IRES2-Cre,175,0,4.800506314897175,15.844768484853368,1.152779468959011,55.21938788541529,25.415878463974884,5.154186889001187,4.47109532030055,0.0383237600179525,OFF,0.7112892629620771,0.0020788342954325,-5519.649387624466,0.7112892629620771,0.3954191248725915,0.5071987737030614,0.0,6.891154313848348e-13,16,324.86016806722694,323.12974789915967,,0.0,15.844768484853368,order_class,5.154186889001187,4.47109532030055,0.6812870453275723,0.14217595582824707,0.0,True,0
673449868,661732156,Slc17a7-IRES2-Cre,175,0,5.322037510440653,158.82294956910175,1.178701007313304,64.46515741318551,36.46317569470973,5.778029549316849,4.902031569894996,0.0121911968843081,ON,0.7211172985770735,0.000713162632389,-6478.237756607715,0.7211172985770735,0.4950361594623004,0.6114465284312132,0.0,0.0021080298595036,16,38.66741116751269,107.75086294416244,,0.0,158.82294956910175,order_class,5.778029549316849,4.902031569894996,0.7260779311924426,0.1644129908468689,,False,0
673449863,661732156,Slc17a7-IRES2-Cre,175,0,4.5825874627314365,6.770790381848712,1.3452648707501806,51.389733048907935,41.77885610315877,5.315139450418084,3.950998473225664,0.0138146388910356,OFF,0.648977033586948,0.0008275981090934,-6344.896675624943,0.648977033586948,0.571668946979821,0.4500756509460148,0.0,5.101508104843333e-11,16,93.05931818181818,106.7846590909091,,0.0,6.770790381848712,order_class,5.315139450418084,3.950998473225664,0.6611107626073363,0.2965909235914348,0.0,True,0
673447392,661732156,Slc17a7-IRES2-Cre,175,0,8.116059816432411,153.90887731778753,2.690131304681285,46.65338514472775,33.59364694917679,13.311652698839874,4.948328237984272,0.0001482168814876,ON,0.5075594770872377,2.0406305473915983e-05,-9662.501285261014,0.5075594770872377,0.4497409752358128,0.3840281722600805,0.0,1.871541019937695e-07,16,240.1020408163265,98.08897959183672,,0.0,153.90887731778753,order_class,13.311652698839874,4.948328237984272,0.9093452391807751,0.9895900045716501,,False,0
673450630,661732156,Slc17a7-IRES2-Cre,175,0,6.620507383265618,22.813228788174143,1.1075297545294445,36.82878297915979,38.89440031909248,6.967371625831548,6.290911460696395,0.0022631053798732,ON,0.6428897515877767,0.0001952989762748,-7638.717149865738,0.6428897515877767,0.5820211664322605,0.5263469934792384,0.0,3.5917468999002717e-10,16,305.43647727272725,128.6734090909091,,0.0,22.813228788174143,order_class,6.967371625831548,6.290911460696395,0.820891274229504,0.10213208896853351,,False,0
673448081,661732156,Slc17a7-IRES2-Cre,175,0,5.38845187219601,161.9007817310722,1.46008767186095,45.80725720866605,29.249092079138563,6.511086653857562,4.45938061072653,0.0023378484475908,ON,0.581182606594036,0.0001889189417788,-7668.476492881459,0.581182606594036,0.3956491657416154,0.4363046824971376,0.0,0.0079062477238925,16,271.9431,116.5593,,0.0,161.9007817310722,order_class,6.511086653857562,4.45938061072653,0.7314640082410939,0.37849648313719153,,False,0
673451312,661732156,Slc17a7-IRES2-Cre,175,0,7.422309140817132,175.62950091322006,1.845433976718787,46.594440649122994,32.003723685542816,10.082965819689344,5.463736956668062,0.0009199381793443,ON,0.7794827042037137,6.30228241239705e-05,-8652.124194112901,0.7794827042037137,0.5697444634657061,0.6046026721606019,0.0,0.0022929846893051,16,304.09226519337017,115.13834254143646,,0.0,175.62950091322006,order_class,10.082965819689344,5.463736956668062,0.8705390388506828,0.6127144675668965,,False,0
673449903,661732156,Slc17a7-IRES2-Cre,175,0,6.569568317479949,157.02612482799051,2.034242273640708,54.53782340436383,33.805241707608914,9.369969362126756,4.606122625382869,0.0002843360986056,ON,0.3866039824945549,4.116973069279811e-05,-9033.635308140389,0.3866039824945549,0.3263957083269065,0.3301556323548319,0.0,0.0302667123434716,16,177.68814159292037,123.77150442477875,,0.0,157.02612482799051,order_class,9.369969362126756,4.606122625382869,0.8175368332590547,0.7101234024508593,,False,0
673447527,661732156,Slc17a7-IRES2-Cre,175,0,7.016556841359884,168.59323614937225,1.533355081225805,52.85751688953443,32.74094431083764,8.688512217448293,5.666340643357353,0.0008715253006944,ON,0.5949733903867738,8.79121838030589e-05,-8353.898249141717,0.5949733903867738,0.4424055102082749,0.571344927725113,0.0,7.74691615301748e-08,16,239.6120338983051,203.4279661016949,,0.0,168.59323614937225,order_class,8.688512217448293,5.666340643357353,0.8461240477943542,0.4274581981344897,,False,0
673451211,661732156,Slc17a7-IRES2-Cre,175,2,15.274541246442904,167.32187512461195,7.433624930772159,60.47163563552744,30.1282236684645,41.64554001192722,5.602319245289301,-8.323435743124788e-05,ON,0.3345311532423842,2.397459575184548e-05,-9518.11015552214,0.3338078737399038,0.2902683118906518,0.3345311532423842,0.0007232795024804,0.0488965982093333,16,104.21697841726618,203.19280575539568,13.669938404486004,28.543517769955105,167.32187512461195,order_class,41.64554001192722,5.602319245289301,1.1839681755672755,2.0060136173835503,,False,0
673450341,661732156,Slc17a7-IRES2-Cre,175,0,4.587201940052182,64.4391406051276,1.3260169545661218,,,5.282291913384035,3.983577958935241,0.0011352274274194,ON,0.337831895768322,0.0001295236467213,-8006.675795622931,0.337831895768322,0.2722809224322284,0.3135607057472904,0.0,0.0463379084952128,16,,,,0.0,64.4391406051276,order_class,5.282291913384035,3.983577958935241,0.6615478592773698,0.282179677930888,,False,0
673451216,661732156,Slc17a7-IRES2-Cre,175,0,5.761911242884881,10.770738621782824,1.5762735206799152,51.91859356908131,31.693629345435102,7.234064123870309,4.589345712506763,0.018836969622149,ON,0.8272346214970834,0.0008738208997653,-6296.201070642313,0.8272346214970834,0.5286058335087176,0.6607705520499724,0.0,0.0060404428029723,16,190.7084210526316,206.2326315789474,,0.0,10.770738621782824,order_class,7.234064123870309,4.589345712506763,0.7605665640759087,0.4550635301078916,,False,0
673448782,661732156,Slc17a7-IRES2-Cre,175,0,3.998125711443295,177.64106313565884,1.1143917154256422,49.779468634429136,32.01836196794454,4.220611546743178,3.787368021783179,0.0039686589513521,OFF,0.5386446186446253,0.0002619631303036,-7375.586882171139,0.5386446186446253,0.3958560157264541,0.4524128928946639,0.0,1.1536911520226845e-05,16,206.7856097560976,87.23634146341463,,0.0,177.64106313565884,order_class,4.220611546743178,3.787368021783179,0.6018564453418304,0.1083087093438751,0.0,True,0
673449731,661732156,Slc17a7-IRES2-Cre,175,0,6.674944170328373,178.73613141024435,1.6131700165582086,53.040887108036245,30.0823158393436,8.477888651444784,5.255421663200044,0.0009577524257654,ON,0.63278119623682,8.513141199205501e-05,-8382.697766824114,0.63278119623682,0.4287372522565774,0.6029592369981998,0.0,6.591462476202015e-05,16,94.35016393442623,95.45409836065576,,0.0,178.73613141024435,order_class,8.477888651444784,5.255421663200044,0.8244476375842212,0.4782011975303195,,False,0
673450245,661732156,Slc17a7-IRES2-Cre,175,0,6.426724466451244,21.010697155990695,1.0371542326617318,53.65235040606702,22.461874948134263,6.545025648469222,6.310561575468095,0.000612533851204,OFF,0.3670914973559509,9.055844599049308e-05,-8327.325532875424,0.3670914973559509,0.3385774372593054,0.3539114280810236,0.0,7.966684124405266e-05,16,201.166875,250.453125,,0.0,21.010697155990695,order_class,6.545025648469222,6.310561575468095,0.807989680762287,0.03648064785238826,,False,0
673449925,661732156,Slc17a7-IRES2-Cre,175,0,6.049731111728015,8.59535366577856,2.061297409440695,57.23292876530865,31.013771515339112,8.685731520593714,4.213720679419313,0.0005489976745095,ON,0.606321622159337,4.703373999685741e-05,-8914.322226008824,0.606321622159337,0.4020423648247673,0.5261663861682552,0.0,2.4265501119558053e-07,16,183.2477319587629,251.0876288659794,,0.0,8.59535366577856,order_class,8.685731520593714,4.213720679419313,0.7817360722908357,0.7233355949622534,,False,0
673450113,661732156,Slc17a7-IRES2-Cre,175,1,11.41385528546686,96.55821192948272,1.4723291444482105,57.256610297344245,28.97860979031872,13.849523016319768,9.406540017592466,6.55673747605833e-06,OFF,0.3463146127884249,1.1485607512690015e-06,-12240.592824347554,0.3122623527220948,0.3463146127884249,0.3155488050810903,0.0340522600663301,0.1150483548202697,16,299.2182142857143,370.1982142857143,159.40725194821255,13.705046652448669,159.40725194821255,order_class,13.849523016319768,9.406540017592466,1.0574323618942416,0.38684559887649367,0.0,True,0
673450210,661732156,Slc17a7-IRES2-Cre,175,1,6.000355255540313,122.5209921747859,1.1093226979605673,53.30233085621026,33.83962132345615,6.31983752821206,5.69702354403345,-2.505950073176373e-05,ON,0.3440524873248403,2.6440139733268105e-06,-11493.51826655821,0.3142059488300736,0.3440524873248403,0.2233379576944588,0.0298465384947667,0.0967022577884285,16,58.76797546012271,250.05938650306751,62.16500854867181,1.3368839881646637,62.16500854867181,order_class,6.31983752821206,5.69702354403345,0.7781769638758833,0.1037496470699258,0.0,True,0
673449307,661732156,Slc17a7-IRES2-Cre,175,0,4.684956917395041,178.5367909893102,1.3467984252783678,55.98744903005011,32.70744653132606,5.4369695591932,4.0369586547960505,0.0130230788117172,OFF,0.7684126286080893,0.0005949027738578,-6640.69286366228,0.7684126286080893,0.4653927435595223,0.6256783897339931,0.0,5.2593514311416456e-05,16,241.1585046728972,308.8836448598131,,0.0,178.5367909893102,order_class,5.4369695591932,4.0369586547960505,0.6707056014941002,0.29773023907211765,0.0,True,0
673449569,661732156,Slc17a7-IRES2-Cre,175,1,11.580083248644192,62.18407179845593,1.331678565471856,,,13.36322824484584,10.03487522539707,0.0003188315653676,OFF,0.3799257780370364,6.002413055128043e-05,-8695.804455061725,0.2713480530896807,0.3799257780370364,0.3133492423421176,0.1085777249473557,0.0,16,,,158.55683125077778,17.67675918810123,158.55683125077778,order_class,13.36322824484584,10.03487522539707,1.0637116815241325,0.28644022578319217,0.0,True,0
673450680,661732156,Slc17a7-IRES2-Cre,175,0,7.6482708116304465,177.55466068151338,2.0538368520873407,58.942849862790176,33.1769127135168,10.960900319510268,5.336792115873549,0.001215171828655,ON,0.5639653704080516,0.0001414757646062,-7927.590388854136,0.5639653704080516,0.4457404802989964,0.4802906955005829,0.0,0.0005623415270863,16,195.99272727272728,315.12417112299465,,0.0,177.55466068151338,order_class,10.960900319510268,5.336792115873549,0.8835632571334331,0.7197096789881727,,False,0
673449318,661732156,Slc17a7-IRES2-Cre,175,0,6.94466058175596,166.55406502680012,1.0743841544348818,66.32939685183538,34.474863568275495,7.198314573515532,6.699944841704961,0.0033272308291294,ON,0.7174334728523502,0.0002528466300971,-7407.323802549987,0.7174334728523502,0.5200047015267895,0.5687702453444177,0.0,1.8938184354055918e-10,16,53.76428571428572,318.5,,0.0,166.55406502680012,order_class,7.198314573515532,6.699944841704961,0.8416510245772149,0.07174761782595361,,False,0
673448632,661732156,Slc17a7-IRES2-Cre,175,0,8.636669793511272,105.2444438546134,1.4421279518368848,49.29843854700795,33.65284826312282,10.371658599177364,7.191912885376536,0.0001394279413943,ON,0.350981823119301,2.802706063701232e-05,-9378.176696609818,0.350981823119301,0.3475610303369576,0.3181742785273679,0.0,1.715112360134441e-06,16,182.24649350649352,176.50285714285715,,0.0,105.2444438546134,order_class,10.371658599177364,7.191912885376536,0.9363463154994057,0.36611976712939837,,False,0
673450980,661732156,Slc17a7-IRES2-Cre,175,0,6.876980545331552,174.75056280645956,2.2432907207107817,44.30360819642625,30.49679267843252,10.30007947451356,4.591504515852499,0.0002221953402046,ON,0.3866346848393033,3.3578236832987e-05,-9216.26264308374,0.3866346848393033,0.3639574347508025,0.3290703891344015,0.0,0.0019317834534091,16,313.4459649122807,180.33508771929823,,0.0,174.75056280645956,order_class,10.30007947451356,4.591504515852499,0.8373977957442176,0.8079438595826093,,False,0
673447855,661732156,Slc17a7-IRES2-Cre,175,0,6.790603343603457,174.37633364779126,1.317256284358453,45.71313786282737,35.76925288218216,7.79369673229106,5.916613816791807,0.0029804697472278,ON,0.7837128108287668,0.0001856601043311,-7684.067285032562,0.7837128108287668,0.5426055557587658,0.607281159514454,0.0,3.6921017354529795e-09,16,210.9108695652174,157.18130434782609,,0.0,174.37633364779126,order_class,7.79369673229106,5.916613816791807,0.8319083629633777,0.2755510009126954,,False,0
673450990,661732156,Slc17a7-IRES2-Cre,175,2,13.231798155921007,5.954889244506632,6.552684869307031,56.114027457323104,30.349259359870445,33.871038191783214,5.169032063549425,-8.819949488143471e-05,ON,0.4109555178321494,2.022581211396541e-05,-9670.461643906305,0.3926464618545576,0.3521980200286723,0.4109555178321494,0.0183090559775918,2.860001712123861e-07,16,187.707,157.014,6.647833699028581,24.16739880159737,5.954889244506632,order_class,33.871038191783214,5.169032063549425,1.1216188673264953,1.879874869370582,,False,0
673448754,661732156,Slc17a7-IRES2-Cre,175,2,15.253664852630866,120.74560865211218,3.204330746386161,50.591944539083016,34.801681271567915,27.30504323276612,8.521293647218128,-0.0001356124439543,ON,0.4211215696205262,3.236864441100463e-05,-9249.1350504855,0.3961123460189081,0.3847445029480146,0.4211215696205262,0.0250092236016181,0.11820373945439,16,243.90963730569948,156.5860103626943,171.76220296278694,25.814124839407526,120.74560865211218,order_class,27.30504323276612,8.521293647218128,1.1833742000144074,1.1645032530875086,,False,0
673450517,661732156,Slc17a7-IRES2-Cre,175,0,7.946806984297386,175.52406209306983,2.124489781819964,59.24575798862232,30.32513343523997,11.5829715090982,5.452119190319447,0.0003550978626353,ON,0.6291862014100835,3.7381006302328966e-05,-9120.135660539583,0.6291862014100835,0.4343743383418852,0.4832210356449861,0.0,0.0,16,295.16410958904106,378.9980821917808,,0.0,175.52406209306983,order_class,11.5829715090982,5.452119190319447,0.900192664800893,0.7535316708741605,,False,0
673450327,661732156,Slc17a7-IRES2-Cre,175,0,6.644528283223257,5.795273585826021,1.3871179661296176,47.54415477763044,27.79535339556713,7.825657793159727,5.641667099875533,0.0016889256764258,ON,0.6756292324401312,0.0001359619405546,-7963.209461989174,0.6756292324401312,0.5412425975587962,0.6004757299543004,0.0,0.000754105643977,16,220.75471698113208,187.9240754716981,,0.0,5.795273585826021,order_class,7.825657793159727,5.641667099875533,0.8224641543886122,0.3272281889991089,,False,0
673447546,661732156,Slc17a7-IRES2-Cre,175,2,5.439128039492281,179.99999999998312,1.500821781583106,,,6.663368699455607,4.439813428365167,0.000354780302252,OFF,0.3213353029155072,4.373706763709785e-05,-8979.43386880902,0.1938225588830444,0.3073391061311782,0.3213353029155072,0.1275127440324628,0.1788581950583049,16,,,179.701799070257,30.981601961119296,179.99999999998312,order_class,6.663368699455607,4.439813428365167,0.7355292824206966,0.40601281247947535,0.0,True,0
673447510,661732156,Slc17a7-IRES2-Cre,175,1,16.99354766584608,125.7236573751213,3.2970279046490174,,,30.85640779209033,9.358855516078844,-1.2482122989455446e-05,ON,0.3042698034067485,2.5807664993091798e-06,-11515.212002917116,0.2939055749741756,0.3042698034067485,0.2840033337075971,0.0103642284325728,0.1378772380106093,16,,,45.000346517203695,3.848390160587038,45.000346517203695,order_class,30.85640779209033,9.358855516078844,1.230284054022878,1.193021427702251,0.0,True,0
673451030,661732156,Slc17a7-IRES2-Cre,175,0,6.806776058441423,175.42014657893958,1.924542641405797,58.74702508333525,31.08967381461056,9.44289654535672,4.9065665484341165,0.0005880195411213,ON,0.6937816918361086,4.6425614236659775e-05,-8925.982661194017,0.6937816918361086,0.4427233693621479,0.6060293565841053,0.0,0.0025712549416634,16,220.2265,288.8925,,0.0,175.42014657893958,order_class,9.44289654535672,4.9065665484341165,0.8329414626388276,0.6546883506309328,,False,0
673450588,661732156,Slc17a7-IRES2-Cre,175,0,6.4700145017956485,174.72918429794888,1.7349395765450384,51.16110366504182,30.043875577959465,8.522115798742957,4.912053372898389,0.0001806179561628,ON,0.5689740128809201,1.7812476853206114e-05,-9784.30781386722,0.5689740128809201,0.3905832224086328,0.4352317203687208,0.0,8.490485436940531e-08,16,282.13813333333337,291.8066666666667,,0.0,174.72918429794888,order_class,8.522115798742957,4.912053372898389,0.8109052540910759,0.5509725865935512,,False,0
673448483,661732156,Slc17a7-IRES2-Cre,175,0,5.8479769438725775,18.48307389194227,1.330796012121538,71.98762773893823,28.390863881972376,6.746233938549772,5.069322328216939,0.0071085125108941,ON,0.7282459642657717,0.0004470576170025,-6896.689474805584,0.7282459642657717,0.582084227733838,0.6378012802345081,0.0,0.0057214961434983,16,195.4076381909548,296.2588944723618,,0.0,18.48307389194227,order_class,6.746233938549772,5.069322328216939,0.7670056517116624,0.28577726855530383,,False,0
673448464,661732156,Slc17a7-IRES2-Cre,175,0,6.295509801452397,169.6725574400618,1.456503604050985,56.28679228024204,32.069690139482645,7.597779513253098,5.216450884241779,0.0008983033191885,ON,0.5800591861069649,8.43983417582493e-05,-8390.446672356658,0.5800591861069649,0.3773707453844889,0.4891238975511249,0.0,1.1750028172663464e-08,16,145.12952380952382,297.37396825396826,,0.0,169.6725574400618,order_class,7.597779513253098,5.216450884241779,0.7990309044189269,0.37603877187428725,,False,0
673450943,661732156,Slc17a7-IRES2-Cre,175,0,8.111337194613915,174.2831396198174,1.4320335583205115,62.03255375187682,38.1332048496785,9.706642919282556,6.778223082052981,0.0002778565976767,ON,0.4844310767961322,4.004525783966727e-05,-9058.448266525294,0.4844310767961322,0.4264682543466539,0.4674878642168106,0.0,0.0007110706318684,16,91.7983695652174,327.8501086956522,,0.0,174.2831396198174,order_class,9.706642919282556,6.778223082052981,0.90909245573653,0.3590955028452311,,False,0
673450501,661732156,Slc17a7-IRES2-Cre,175,0,5.143990762157148,42.5505270585763,1.2362916392032424,46.02784522956734,34.39626366181261,5.719534000968834,4.626363084243557,0.0017395875890734,ON,0.6265206992929234,0.0001222671343007,-8058.334844269996,0.6265206992929234,0.4309479729979393,0.5155471182604352,0.0,6.094442728254991e-10,16,236.5384821428572,297.92866071428574,,0.0,42.5505270585763,order_class,5.719534000968834,4.626363084243557,0.7113001799885261,0.21211628525065146,,False,0
673447932,661732156,Slc17a7-IRES2-Cre,175,1,10.279839324075663,125.282390475893,4.235151231569761,,,21.155377926434053,4.995188310806271,-6.468731156205853e-06,ON,0.3395967902156646,9.974768288346593e-07,-12366.961078250806,0.2829340915650207,0.3395967902156646,0.3171126234258552,0.0566626986506438,0.1141478096117127,16,,,11.706792351510272,2.8137178085530565,11.706792351510272,order_class,21.155377926434053,4.995188310806271,1.0119863266035514,1.4434190374002611,0.0,True,0
673450133,661732156,Slc17a7-IRES2-Cre,175,0,4.811817221942703,24.591817414893995,1.4281983971673444,58.55178368335086,30.89486050759076,5.750470672334421,4.026380847184657,0.0234675884522085,ON,0.6922255455517831,0.0013353214819184,-5916.250552302098,0.6922255455517831,0.4556633869150877,0.6086520362740724,0.0,0.0,16,110.62329896907217,134.119793814433,,0.0,24.591817414893995,order_class,5.750470672334421,4.026380847184657,0.6823091221987084,0.35641378785759253,,False,0
673448119,661732156,Slc17a7-IRES2-Cre,175,0,7.63660810166052,170.6110635492456,2.020261172495354,58.7186227497518,48.10884767718779,10.854361025120207,5.372751391204185,0.0077940814668748,ON,0.6574010691289756,0.0007439499550172,-6440.368963979105,0.6574010691289756,0.5107722103052639,0.6029522782304549,0.0,4.543497800213458e-10,16,19.131557788944725,135.91989949748745,,0.0,170.6110635492456,order_class,10.854361025120207,5.372751391204185,0.882900503886165,0.7032267963699849,,False,0
673448557,661732156,Slc17a7-IRES2-Cre,175,0,6.305976209750522,53.68868001251059,1.0883647048724865,49.39972974345689,34.81556531034256,6.57869197743884,6.044565712198105,0.0012876885665019,ON,0.728177905039701,8.700992521001679e-05,-8363.14157319683,0.728177905039701,0.5223671075531209,0.6756687668089628,0.0,7.569748827762623e-09,16,182.7892857142857,91.96571428571428,,0.0,53.68868001251059,order_class,6.57869197743884,6.044565712198105,0.7997523279733256,0.0846762989488128,,False,0
673447705,661732156,Slc17a7-IRES2-Cre,175,0,6.265262357099741,158.12301628697017,1.970551986348316,42.8028409173514,29.24266721907849,8.794946664844154,4.46318936306893,0.0009056493008013,ON,0.6198677356586367,7.795613176855552e-05,-8461.590415229924,0.6198677356586367,0.3935078687478103,0.4858959267385165,0.0,0.0362764888324805,16,331.6656994818653,52.2519170984456,,0.0,158.12301628697017,order_class,8.794946664844154,4.46318936306893,0.7969392617395951,0.6783136996181931,,False,0
673448698,661732156,Slc17a7-IRES2-Cre,175,0,6.044493187988644,171.96416751674164,1.6943645558596587,47.92470268149493,31.49178980938386,7.867981343245501,4.643617759847186,0.0005694664220643,ON,0.5501899010473452,5.4705107289642704e-05,-8778.94392148237,0.5501899010473452,0.3649935388614416,0.3967784251041037,0.0,0.0,16,329.31329479768783,69.14947976878612,,0.0,171.96416751674164,order_class,7.867981343245501,4.643617759847186,0.7813598924776468,0.5273077772442166,,False,0
673447675,661732156,Slc17a7-IRES2-Cre,175,0,5.760835248563296,94.88557760472968,1.2590218936693782,43.15127528292446,34.85461055302994,6.464011142185182,5.134153087160409,0.0005733567813184,ON,0.4735091573812041,6.13575957405305e-05,-8676.11725972954,0.4735091573812041,0.3421765617010968,0.4474400278710623,0.0,2.2386666964635538e-08,16,288.6500917431193,78.28623853211009,,0.0,94.88557760472968,order_class,6.464011142185182,5.134153087160409,0.76048545521907,0.23033514464046106,,False,0
673449699,661732156,Slc17a7-IRES2-Cre,175,0,7.999404295982804,168.48327244727614,1.8808233673632564,51.23013299613538,32.56949320351735,10.97063214013278,5.832888048127884,0.0007683743490445,ON,0.7011330326371872,6.920451943769443e-05,-8568.286171361253,0.7011330326371872,0.5366147384530776,0.5647424099260316,0.0,5.221546054423598e-07,16,281.5282653061225,225.9771428571429,,0.0,168.48327244727614,order_class,10.97063214013278,5.832888048127884,0.9030576469169196,0.6317096423282068,,False,0
673449243,661732156,Slc17a7-IRES2-Cre,175,2,10.954602837781746,162.49872605468636,1.606211324552566,62.67700720616943,32.93251775967885,13.883468475934553,8.643612620401614,-8.197239213424998e-06,ON,0.448977694607846,1.5515692332510838e-06,-11971.114382639043,0.4130774656878865,0.3567861531191615,0.448977694607846,0.0359002289199594,0.2157647545670239,16,185.7228318584071,237.99663716814163,173.16127467175804,26.97308144753946,162.49872605468636,order_class,13.883468475934553,8.643612620401614,1.0395966367131073,0.473878191271941,,False,0
673449223,661732156,Slc17a7-IRES2-Cre,175,0,8.906982508679375,9.258291577571846,2.839381244348863,55.98019535651601,30.602745213446312,15.008678478619368,5.285897590713012,0.0001329608395569,ON,0.5837454831606167,1.7057815539596914e-05,-9823.096254580145,0.5837454831606167,0.4691867555143465,0.5578488491311879,0.0,2.3293272499724798e-07,16,245.5325853658537,225.3781463414634,,0.0,9.258291577571846,order_class,15.008678478619368,5.285897590713012,0.9497305994593596,1.0435861567274793,,False,0
673449684,661732156,Slc17a7-IRES2-Cre,175,1,5.793353965882995,152.7826730171724,1.846524046739381,55.13669101965708,24.381544937622746,7.872407165272213,4.263365635109612,0.0013633009671161,OFF,0.4285112932021115,0.0001161442652521,-8104.367016348518,0.3876844384505935,0.4285112932021115,0.3813260175748029,0.040826854751518,0.0,16,219.1587272727273,225.90218181818184,153.5379930156477,14.147413457136722,153.5379930156477,order_class,7.872407165272213,4.263365635109612,0.7629300640995174,0.6133049781010596,0.0,True,0
673449554,661732156,Slc17a7-IRES2-Cre,175,0,5.034505157848999,3.3186312327025007,1.760909010717876,69.6408315643438,33.67651236310421,6.680750425690358,3.793921426392607,0.0693915456514878,ON,0.813468896399825,0.0029629255892614,-5202.133999118688,0.813468896399825,0.4882239397156687,0.6623223685030597,0.0,0.0009819464686947,16,26.941802575107296,353.2060944206009,,0.0,3.3186312327025007,order_class,6.680750425690358,3.793921426392607,0.7019567901275959,0.5658301590808652,,False,0
673450412,661732156,Slc17a7-IRES2-Cre,175,0,8.329891100696477,8.24430392730153,2.920619515529672,54.44493376750077,32.06922314947346,14.235634048598277,4.874183019357302,6.98031706596298e-05,ON,0.4447324405373384,1.1161437863277708e-05,-10203.12900858933,0.4447324405373384,0.3452601193543263,0.3649664043922623,0.0,0.0101826136452954,16,337.55129032258066,347.8894354838709,,0.0,8.24430392730153,order_class,14.235634048598277,4.874183019357302,0.9206393237746449,1.0717957566294627,,False,0
673451236,661732156,Slc17a7-IRES2-Cre,175,0,5.273424662858245,15.407873455623587,1.377141371868861,59.3931958992171,32.216228566937325,6.188451743339608,4.493693871778406,0.0082492823042123,ON,0.8109192366678604,0.0003714246836278,-7062.755347397639,0.8109192366678604,0.4860007210056087,0.586801163307564,0.0,3.983591234657524e-12,16,158.95348314606744,351.95966292134835,,0.0,15.407873455623587,order_class,6.188451743339608,4.493693871778406,0.7220927459777543,0.3200098810480974,,False,0
673450006,661732156,Slc17a7-IRES2-Cre,175,0,7.546534390018039,6.209051414191379,1.4394832626322764,71.8380954957094,32.55967525855399,9.054216298765327,6.289907311745016,0.0012831139792905,ON,0.7416773962211671,9.903834379454993e-05,-8247.123110696235,0.7416773962211671,0.5384942950164382,0.6556244305775816,0.0,0.0,16,88.686,358.3268,,0.0,6.209051414191379,order_class,9.054216298765327,6.289907311745016,0.8777475554924128,0.3642842037932413,,False,0
673451243,661732156,Slc17a7-IRES2-Cre,175,0,6.241750750311303,4.683624306517719,2.713520734755512,70.68414522326991,34.14649907589921,10.281890973009016,3.789133003966308,0.0002345233132569,ON,0.4433566624480544,2.876429998606372e-05,-9354.91246910897,0.4433566624480544,0.350190415115543,0.3812562240810661,0.0,0.0033423295019976,16,47.48513513513514,360.6551351351352,,0.0,4.683624306517719,order_class,10.281890973009016,3.789133003966308,0.7953064221432039,0.998246955824544,,False,0
673450108,661732156,Slc17a7-IRES2-Cre,175,0,5.554077516723986,5.559018661721026,1.5641828569895455,66.87631043850706,27.659488898596955,6.946334577046362,4.440871184597561,0.0100003835242476,ON,0.8207219791961872,0.0004580948969402,-6874.837040290941,0.8207219791961872,0.5183338797115637,0.6224957324846092,0.0,0.0014983669879183,16,226.1451891891892,359.9172972972973,,0.0,5.559018661721026,order_class,6.946334577046362,4.440871184597561,0.7446119367845222,0.44736355152267393,,False,0
673450235,661732156,Slc17a7-IRES2-Cre,175,0,8.603568521448727,164.37305549892716,2.1780731633225225,55.69352506301572,32.237808594651625,12.697401541631786,5.82964877188177,0.0121691969949173,ON,0.8847179691751007,0.0006471131557915,-6565.318489608404,0.8847179691751007,0.6209407176869429,0.6981932376545694,0.0,4.842570788810008e-12,16,247.4079310344828,242.6786206896552,,0.0,164.37305549892716,order_class,12.697401541631786,5.82964877188177,0.9346786219092097,0.7784406159220175,,False,0
673449163,661732156,Slc17a7-IRES2-Cre,175,0,9.879195289456463,169.42238457251966,2.45043670513646,51.94996593716743,33.032087033583444,15.464764650836356,6.311023916030981,0.0013728691869757,ON,0.8012427381547405,0.0001136915675903,-8123.49110597397,0.8012427381547405,0.5645408315526916,0.696530927130649,0.0,7.017572301037944e-09,16,221.11292929292927,244.29757575757577,,0.0,169.42238457251966,order_class,15.464764650836356,6.311023916030981,0.9947215705408958,0.8962662556670011,,False,0
673449562,661732156,Slc17a7-IRES2-Cre,175,1,8.217794521779489,172.30927724130467,1.645689273165196,59.36047506603155,30.903172545051824,10.542150140563342,6.405917758877626,0.0002385891412122,ON,0.3584504687482123,3.3402335271133355e-05,-9220.968728947031,0.3195442160598222,0.3584504687482123,0.3561034162864366,0.0389062526883901,0.0905297639486827,16,311.6486138613862,362.5764356435644,134.96538696571074,7.879183936102841,134.96538696571074,order_class,10.542150140563342,6.405917758877626,0.9147552779366864,0.49815930749939485,0.0,True,0
673449427,661732156,Slc17a7-IRES2-Cre,175,1,10.664728324240286,67.46000476535076,3.0562320896033386,55.53213950388449,32.294106701825584,18.64416605336393,6.100376380703376,0.0006337533379372,ON,0.4004736441266657,8.573953743413075e-05,-8376.320056645909,0.3863735746527499,0.4004736441266657,0.3784794657370077,0.0141000694739158,0.0757917475798172,16,20.13317647058824,57.15105882352941,147.0468350713663,19.11449679706936,147.0468350713663,order_class,18.64416605336393,6.100376380703376,1.0279497966081277,1.1171828139713873,0.0,True,0
673449020,661732156,Slc17a7-IRES2-Cre,175,0,10.709194162293157,176.64349792964506,2.362826737644746,53.977437159556544,33.04538724712948,16.46162601556443,6.966920491162759,9.023937312185496e-05,ON,0.4339041980063418,1.8341186248732507e-05,-9758.09982539545,0.4339041980063418,0.3655146769364148,0.406702183581632,0.0,0.0015825898182775,16,45.42845637583893,54.17597315436242,,0.0,176.64349792964506,order_class,16.46162601556443,6.966920491162759,1.029756792583841,0.8598586724715391,,False,0
673449724,661732156,Slc17a7-IRES2-Cre,175,0,4.369916162395319,161.01057220646095,1.0059446692123664,45.31003663816468,36.01433053284898,4.382885768986728,4.356984934786161,0.0243007698502596,OFF,0.6927493670003937,0.001257715458097,-5969.898665669243,0.6927493670003937,0.4302772971188979,0.5319460285524882,0.0,2.480406762650489e-06,16,312.17288659793815,61.11742268041237,,0.0,161.01057220646095,order_class,4.382885768986728,4.356984934786161,0.6404731050348715,0.005927069382012915,0.0,True,0
673449179,661732156,Slc17a7-IRES2-Cre,175,2,16.66294752896049,161.6182672358936,2.3938162693256224,55.23558652851114,31.19368747694052,25.78085011013336,10.769769777442546,-8.05027938121542e-05,ON,0.3664552638916405,2.7458588129159784e-05,-9396.53709074335,0.3581158535060186,0.3088909852131175,0.3664552638916405,0.0083394103856219,0.0110618939811391,16,304.5864220183486,249.08119266055047,166.71483326548264,29.68336532095555,161.6182672358936,order_class,25.78085011013336,10.769769777442546,1.2217518267428749,0.8728888578771915,,False,0
673450240,661732156,Slc17a7-IRES2-Cre,175,2,9.532874761055185,77.20774275909537,1.1920503928577926,59.21225358726445,34.12577938142163,10.408093741342055,8.731253144751664,-0.0007367436786491,ON,0.3887945592939605,0.0001373324326275,-7954.223026034383,0.3324277100767783,0.297754806256312,0.3887945592939605,0.0563668492171822,0.1110943322908022,16,79.75110000000001,247.2015,179.34120839640562,30.46144169716313,77.20774275909537,order_class,10.408093741342055,8.731253144751664,0.9792238874793113,0.17567484363696775,0.0,True,0
673448512,661732156,Slc17a7-IRES2-Cre,175,0,5.041087819551144,105.21205677141108,1.136222922737848,49.50605639082254,32.16686421632844,5.37348494687643,4.729252367069356,0.0009157772895266,ON,0.5760350338425166,7.013765644997856e-05,-8556.285450739308,0.5760350338425166,0.3811006672443841,0.5099211582626608,0.0,0.000647487211725,16,247.4090445859873,189.7735031847134,,0.0,105.21205677141108,order_class,5.37348494687643,4.729252367069356,0.7025242632414145,0.1277095358518725,,False,0
673448043,661732156,Slc17a7-IRES2-Cre,175,0,5.1856173325665935,168.71435864708624,1.0417696574459734,47.934771880108265,31.307625075115634,5.292810161258115,5.08059543050437,0.0195542006989714,ON,0.8775031865663732,0.0006702710798055,-6533.814184290811,0.8775031865663732,0.5024198601886052,0.6463902942935179,0.0,5.525222704050314e-05,16,189.3831746031746,196.8942857142857,,0.0,168.71435864708624,order_class,5.292810161258115,5.08059543050437,0.7148004652897717,0.04092086078095976,,False,0
673448028,661732156,Slc17a7-IRES2-Cre,175,0,6.757105732585639,32.46646843304605,1.835334257772171,47.24458063717933,32.64955264798146,9.154155811070694,4.98773221951543,0.0007263136009223,ON,0.5655548874757106,7.513454714867943e-05,-8494.622160347413,0.5655548874757106,0.454326883623166,0.526897294017634,0.0,0.0507378196903181,16,229.0620967741936,181.8909677419355,,0.0,32.46646843304605,order_class,9.154155811070694,4.98773221951543,0.8297607146507759,0.6072266217420651,,False,0
673449835,661732156,Slc17a7-IRES2-Cre,175,0,4.705044106282868,173.28945388117447,1.2857121280853878,64.20554568846953,25.851014505249083,5.33501407185106,4.149462352661845,0.001132257057413,ON,0.3508806985298194,0.0001285581114495,-8013.380055900581,0.3508806985298194,0.3078261104380811,0.336783255875267,0.0,0.0002517823027977,16,303.6026765799256,188.8266914498141,,0.0,173.28945388117447,order_class,5.33501407185106,4.149462352661845,0.6725636989695423,0.2513127501236885,,False,0
673450802,661732156,Slc17a7-IRES2-Cre,175,0,5.0558341776247095,174.21011908078543,1.4388800630024072,77.59669304261342,37.46620119009771,6.064641297690485,4.214834476916606,0.0034918300378187,ON,0.6948380529256466,0.0002072265479073,-7585.601344223329,0.6948380529256466,0.430603960595613,0.5107990003931939,0.0,0.0010850231235067,16,42.88340425531915,226.1294680851064,,0.0,174.21011908078543,order_class,6.064641297690485,4.214834476916606,0.7037928214207791,0.3638650769697946,,False,0
673448223,661732156,Slc17a7-IRES2-Cre,175,0,8.235273904703433,172.5446361276359,1.2138652810937136,48.18398277892594,30.059659285777848,9.07325868968184,7.474683419157253,0.0001092087341681,ON,0.4994189977064441,1.5485581799877133e-05,-9909.738651374577,0.4994189977064441,0.4420407536932881,0.4739798820928381,0.0,1.914402954605876e-06,16,211.65014634146343,222.9049756097561,,0.0,172.5446361276359,order_class,9.07325868968184,7.474683419157253,0.915678048353742,0.19380971538706637,,False,0
673450790,661732156,Slc17a7-IRES2-Cre,175,0,5.257215320214964,3.792621092956351,1.6747349910043543,61.19306038560424,28.04592045690006,6.803443962042189,4.062400319206383,0.0012249294021518,ON,0.731327145706548,6.905582456884374e-05,-8570.213414560509,0.731327145706548,0.3995818194027631,0.6584913138418156,0.0,0.0008530982659088,16,228.35491525423728,209.8508474576271,,0.0,3.792621092956351,order_class,6.803443962042189,4.062400319206383,0.7207557648187254,0.5156549384340644,,False,0
673448859,661732156,Slc17a7-IRES2-Cre,175,0,5.556413255101335,7.965282318334431,1.773915940026415,51.0073812142495,28.87550274693892,7.400499894673211,4.171843618792338,0.0044547883596409,ON,0.7818646295215231,0.0002307044489975,-7489.438304943299,0.7818646295215231,0.4624550368984622,0.6384820952145991,0.0,0.0053895130606406,16,324.1315736040609,165.4669035532995,,0.0,7.965282318334431,order_class,7.400499894673211,4.171843618792338,0.7447945386738948,0.5731894983376613,,False,0
673449054,661732156,Slc17a7-IRES2-Cre,175,0,5.831193565584064,21.535094244628,1.0648795549914938,46.055009247116246,33.958337909408066,6.017383661153137,5.650764570459993,0.0136328028916205,OFF,0.8370532121494738,0.0006175552365895,-6607.2088691803365,0.8370532121494738,0.521081800718929,0.633677704670338,0.0,0.0003805070866392,16,288.00947368421055,161.02736842105264,,0.0,21.535094244628,order_class,6.017383661153137,5.650764570459993,0.7657574579996376,0.06286169886108992,0.0,True,0
673449031,661732156,Slc17a7-IRES2-Cre,175,0,6.980659485283391,147.93172616156025,2.2088034972138657,50.38459353164686,29.933529152189635,10.374686791753351,4.69697137153203,0.0009281990584937,ON,0.6571136679497709,8.158221195241128e-05,-8420.853782241089,0.6571136679497709,0.529246639594632,0.5668983886621355,0.0,0.0917631804310643,16,124.8129281767956,159.9689502762431,,0.0,147.93172616156025,order_class,10.374686791753351,4.69697137153203,0.8438964537535297,0.7924509649419827,0.0,True,0
673448408,661732156,Slc17a7-IRES2-Cre,175,0,5.039801143628068,172.6950437795701,1.6875790015634404,55.09700659423216,28.86114174012956,6.547046977653687,3.879549918307968,0.001512781466707,ON,0.6350743466693489,0.0001023666298507,-8217.507001834649,0.6350743466693489,0.3974120451771241,0.5002904632743466,0.0,0.0027544530553678,16,142.58146341463413,268.9921951219512,,0.0,172.6950437795701,order_class,6.547046977653687,3.879549918307968,0.7024134007453657,0.5232949584100233,,False,0
673451359,661732156,Slc17a7-IRES2-Cre,175,0,6.091997907503461,24.65647253870401,1.4256432790807256,34.02071846043133,34.30460998343524,7.273864071110198,5.102162776512008,0.0004294952068938,ON,0.4149868851040719,5.45823288205352e-05,-8780.957136514546,0.4149868851040719,0.3600511227676586,0.3917405222104657,0.0,1.048983208074006e-07,16,19.606153846153845,24.244615384615383,,0.0,24.65647253870401,order_class,7.273864071110198,5.102162776512008,0.7847597454913431,0.3546231357757903,,False,0
673451389,661732156,Slc17a7-IRES2-Cre,175,0,7.586984682772293,154.69040719223867,2.738423947263084,51.08069351854537,29.793966117334858,12.555081877145913,4.584783846085659,6.454337531827641e-05,ON,0.4263137684590762,9.840677629027288e-06,-10315.97144214124,0.4263137684590762,0.3689389521163785,0.351300736404705,0.0,0.0587441209737156,16,266.60872727272726,33.23745454545455,,0.0,154.69040719223867,order_class,12.555081877145913,4.584783846085659,0.8800692072755887,1.0073825531791991,,False,0
673449807,661732156,Slc17a7-IRES2-Cre,175,0,6.574048736275628,12.018584838964756,2.84850476733583,60.16985086222887,31.158500974509604,11.095359917679044,3.895152307593429,0.000441039396942,ON,0.4398844414764064,5.724238162127609e-05,-8738.321532866019,0.4398844414764064,0.3321064307023179,0.3790522897724646,0.0,5.341614706111386e-09,16,43.72425531914894,157.46595744680852,,0.0,12.018584838964756,order_class,11.095359917679044,3.895152307593429,0.8178329193709657,1.0467942135671848,,False,0
673450610,661732156,Slc17a7-IRES2-Cre,175,0,4.913523968393881,29.65869185964493,1.245322003998445,57.94574369626808,34.053821394982414,5.483197762045209,4.403036117919632,0.0012087119813712,ON,0.5279097886038051,9.95432218138452e-05,-8242.567081755678,0.5279097886038051,0.3652022210778267,0.4332280048363478,0.0,0.0047314313314048,16,80.09238095238095,143.52825396825398,,0.0,29.65869185964493,order_class,5.483197762045209,4.403036117919632,0.6913930789014884,0.21939413422544907,,False,0
673448191,661732156,Slc17a7-IRES2-Cre,175,0,5.820507564202192,12.854785836716388,1.5084973896750276,58.02110783540248,31.94590010756136,7.148799874426486,4.7390203810472205,0.00298130127396,ON,0.7515677904343294,0.0001756773964803,-7733.587652603292,0.7515677904343294,0.4797097933499095,0.6125553475688912,0.0,0.0,16,61.22020100502513,268.80994974874375,,0.0,12.854785836716388,order_class,7.148799874426486,4.7390203810472205,0.7649608579696123,0.4111140492044955,,False,0
673448169,661732156,Slc17a7-IRES2-Cre,175,0,9.089528370824777,173.46646863248205,1.8470503602648256,52.13454109710938,31.468544579542165,12.353235417114416,6.688088036399418,4.141302561793483e-05,ON,0.468638161194709,6.82058119646888e-06,-10644.427019803388,0.468638161194709,0.3640485722360442,0.4573790187021669,0.0,0.001637646038697,16,237.9771875,253.825,,0.0,173.46646863248205,order_class,12.353235417114416,6.688088036399418,0.9585413495297647,0.6135899668252659,,False,0
673449003,661732156,Slc17a7-IRES2-Cre,175,0,8.638707715459061,168.8810410384541,2.719808421076482,62.07599972625358,31.52192949243602,14.24681999918146,5.238170412584672,0.0005714361081713,ON,0.4381404277894065,9.567453575459162e-05,-8278.084307567035,0.4381404277894065,0.3551481746990839,0.3726242128323204,0.0,6.7603865949728e-08,16,155.02117647058824,147.57294117647058,,0.0,168.8810410384541,order_class,14.24681999918146,5.238170412584672,0.9364487802079333,1.0005614443995916,,False,0
673450030,661732156,Slc17a7-IRES2-Cre,175,0,4.414770248465621,42.07878708821293,1.8184176665538845,63.773942831336335,30.46972545290219,5.953261069490479,3.273868913060336,0.0002432664077176,OFF,0.3461075309119208,2.624531878186771e-05,-9437.02853358633,0.3461075309119208,0.273060956923995,0.3237609533538875,0.0,1.600280622460204e-07,16,214.06827906976747,370.12632558139535,,0.0,42.07878708821293,order_class,5.953261069490479,3.273868913060336,0.6449081071389796,0.5979667089477856,,False,0
673449800,661732156,Slc17a7-IRES2-Cre,175,0,5.38612472892617,7.845789150519766,1.3510535701663426,44.49216174690542,37.40839287003874,6.260552921452374,4.633830263800399,0.0061896978190944,ON,0.7199389799144489,0.0003673652599632,-7072.6019357020095,0.7199389799144489,0.4259758430350369,0.5687569039384137,0.0,0.0012594241452232,16,183.4524545454545,144.14045454545453,,0.0,7.845789150519766,order_class,6.260552921452374,4.633830263800399,0.7312764063456654,0.30088471042460685,,False,0
673450659,661732156,Slc17a7-IRES2-Cre,175,0,8.638126213295523,5.526750380236816,2.176703564428764,61.432886320498525,29.22047927313048,12.744394002324409,5.85490565210194,0.0010821673577274,ON,0.5814265854287176,0.0001357462828462,-7964.631791758111,0.5814265854287176,0.4258907045806914,0.5436801839341279,0.0,2.743133864502312e-08,16,176.74697368421053,360.3907894736842,,0.0,5.526750380236816,order_class,12.744394002324409,5.85490565210194,0.936419545316636,0.7778116059752215,,False,0
673447895,661732156,Slc17a7-IRES2-Cre,175,0,6.116550469451391,175.53281998166048,2.155237954205446,55.433784105193446,32.35306649549533,8.979541807552417,4.166380695937044,0.0014651214684754,ON,0.6993942385833021,0.0001032357675858,-8209.931681126816,0.6993942385833021,0.4948546689381448,0.5884223288255148,0.0,0.0035551213991551,16,283.8191379310345,332.28672413793106,,0.0,175.53281998166048,order_class,8.979541807552417,4.166380695937044,0.7865065635760089,0.7679011370448111,,False,0
673450453,661732156,Slc17a7-IRES2-Cre,175,1,8.015178851078273,107.69750222248751,1.540186109711159,,,9.947176381569214,6.458424938941094,-0.0003105691503531,OFF,0.3693042016710846,4.142455252717266e-05,-9028.10656985166,0.2510221604832573,0.3693042016710846,0.3225416409412381,0.1182820411878272,0.0,16,,,144.2603555672954,10.395108251347269,144.2603555672954,order_class,9.947176381569214,6.458424938941094,0.9039132176658042,0.43190325958550063,0.0,True,0
673449355,661732156,Slc17a7-IRES2-Cre,175,0,4.333186150258007,174.60162885591984,1.459452396847986,48.45227969194996,32.212729866716174,5.234826755383092,3.586843097238986,0.0091010583022354,ON,0.6771435607367164,0.0004855667490884,-6822.653639812937,0.6771435607367164,0.419638760030351,0.5307704141773351,0.0,0.0008352861958595,16,123.76440677966102,82.69322033898305,,0.0,174.60162885591984,order_class,5.234826755383092,3.586843097238986,0.636807346383402,0.37806129471159067,,False,0
673449391,661732156,Slc17a7-IRES2-Cre,175,0,5.561929329358117,124.29503253862032,1.0771618454755183,43.76421532551273,34.1511557572666,5.772526658189804,5.359015158619449,0.0005795625309807,ON,0.5802074568621878,4.837713567820578e-05,-8889.089000245132,0.5802074568621878,0.417778754556854,0.4879437845048705,0.0,0.0,16,286.0290789473684,70.50276315789473,,0.0,124.29503253862032,order_class,5.772526658189804,5.359015158619449,0.7452254663575566,0.07432966123472003,,False,0
673450635,661732156,Slc17a7-IRES2-Cre,175,0,5.096501169325017,2.4325678655339686,1.488676330453785,51.88235416220303,37.12470729984714,6.218308579495042,4.177072243500741,0.002166285816588,ON,0.6245465053347479,0.0001515920118206,-7865.708729643818,0.6245465053347479,0.4267563998174939,0.5144834375274678,0.0,0.00019628055056,16,224.37529411764703,134.01882352941178,,0.0,2.4325678655339686,order_class,6.218308579495042,4.177072243500741,0.7072721281911761,0.397887356300966,,False,0
673449856,661732156,Slc17a7-IRES2-Cre,175,0,8.364198201711421,151.88870923809233,1.915787476672148,49.19815513641807,34.12748985325184,11.577051906777736,6.042972953810019,0.0005395157284604,ON,0.5712556582459101,6.713296250082406e-05,-8595.516509604928,0.5712556582459101,0.5085386686059207,0.5604893409078895,0.0,0.0468424816708475,16,321.70517241379315,215.2396551724138,,0.0,151.88870923809233,order_class,11.577051906777736,6.042972953810019,0.9224243155002129,0.6501287530793051,0.0,True,0
673451144,661732156,Slc17a7-IRES2-Cre,175,1,9.786754258854383,65.3893815950772,1.265439358920756,62.29067974748405,37.954330711159606,11.009291034433216,8.69997519582654,-0.0004695328299108,OFF,0.409467080373363,7.02723501742829e-05,-8554.566404969026,0.3479429106442515,0.409467080373363,0.3689459679837988,0.0615241697291114,0.0561264190571235,16,46.43711229946524,212.8816042780749,172.25063777126525,20.844637147783025,172.25063777126525,order_class,11.009291034433216,8.69997519582654,0.9906386835100873,0.23541938118304137,0.0,True,0
673449674,661732156,Slc17a7-IRES2-Cre,175,0,10.560288621548391,165.1704386852819,1.6071078753852468,50.95580646960471,33.66803780380441,13.387463588491428,8.330158661740278,0.0006121165473589,ON,0.67435828863345,7.48148245478878e-05,-8498.443075116138,0.67435828863345,0.5713626106720513,0.6266324771875382,0.0,0.0112092615717144,16,263.7338144329897,214.71443298969072,,0.0,165.1704386852819,order_class,13.387463588491428,8.330158661740278,1.023675787992575,0.4744362129312662,,False,0
673451126,661732156,Slc17a7-IRES2-Cre,175,0,8.347935627282615,4.648140622923577,2.2542377188931257,52.066840124814505,30.40021148173372,12.53368996193642,5.560056890579713,0.0004613694097149,ON,0.4917440165506807,6.725229701163512e-05,-8593.925207847882,0.4917440165506807,0.404789159897714,0.4308365301578707,0.0,8.085694126469534e-07,16,225.5464864864865,202.785945945946,,0.0,4.648140622923577,order_class,12.53368996193642,5.560056890579713,0.9215790914686757,0.8128118754039441,,False,0
673449484,661732156,Slc17a7-IRES2-Cre,175,0,4.560010500282439,0.69236768829478,1.5615889861610313,65.81751647998051,33.24751067007617,5.69835119000171,3.649072349063107,0.0019647732137987,OFF,0.4363877103311657,0.0001811252289949,-7706.224416156495,0.4363877103311657,0.2721828772724131,0.3550337491718464,0.0,1.8117335409684186e-09,16,126.93330000000002,367.0992,,0.0,0.69236768829478,order_class,5.69835119000171,3.649072349063107,0.6589658427103716,0.44570388373239744,,False,0
673448605,661732156,Slc17a7-IRES2-Cre,175,0,7.278407397573951,161.31501320039914,1.5433057716176042,49.7107285573821,26.82674138522986,9.04195520322231,5.858822904384692,0.0006381218834809,ON,0.5093663644242818,7.921847693933809e-05,-8447.197688531172,0.5093663644242818,0.490823015313104,0.4189379503758834,0.0,4.498943750874673e-08,16,318.1788235294118,386.3791176470589,,0.0,161.31501320039914,order_class,9.04195520322231,5.858822904384692,0.862036360891122,0.4339267207074595,,False,0
673449967,661732156,Slc17a7-IRES2-Cre,175,1,7.479758551564322,46.68492049709363,1.577090524976059,,,9.393250195826766,5.95606279225434,0.0002942978787351,ON,0.3242286861850205,4.046861796475606e-05,-9049.025439357243,0.2431866701265955,0.3242286861850205,0.2518650949132222,0.0810420160584249,0.167839023182548,16,,,97.4640407793442,16.26591707893381,97.4640407793442,order_class,9.393250195826766,5.95606279225434,0.8738875789586178,0.4555817096156147,0.0,True,0
673449953,661732156,Slc17a7-IRES2-Cre,175,0,4.351439555202218,48.00178493889673,1.0968831659584646,57.66970550369502,36.76519526346573,4.5573579504566855,4.154825319499213,0.0017873268913396,ON,0.4341642779250807,0.0001579167672548,-7829.084438126323,0.4341642779250807,0.3185549202206643,0.3464500662876083,0.0,5.233521838121646e-09,16,50.98714285714286,228.58714285714285,,0.0,48.00178493889673,order_class,4.5573579504566855,4.154825319499213,0.6386329552202992,0.09247267239283931,,False,0
673450230,661732156,Slc17a7-IRES2-Cre,175,1,8.205247858361991,177.35045197025005,2.150116110113621,55.07437178707029,34.132386660951774,12.031579943512051,5.595781496133365,-0.0010289735822299,ON,0.5353113196393993,0.0001001697031875,-8236.945721475196,0.3966408355081576,0.5353113196393993,0.495967819873794,0.1386704841312416,0.2475134524795286,16,224.6266666666667,219.1133333333333,63.560148163471965,8.691806893346476,63.560148163471965,order_class,12.031579943512051,5.595781496133365,0.9140917044498165,0.7655218453853797,1.0,True,1
673449635,661732156,Slc17a7-IRES2-Cre,175,2,7.44889939691762,13.436976007996748,4.16766579402996,56.3492251155879,28.21249776708349,15.206825121926272,3.648763090291341,-0.0002709257724117,ON,0.3668774961490858,4.136020711517338e-05,-9029.499422860128,0.3650508457990131,0.2553813478253145,0.3668774961490858,0.0018266503500726,0.0,16,314.394,268.62,2.973783903415381,27.56220812778394,13.436976007996748,order_class,15.206825121926272,3.648763090291341,0.8720921088347608,1.4273561174621734,,False,0
673448441,661732156,Slc17a7-IRES2-Cre,175,0,6.996134899076881,172.87760636444835,2.14142479880974,52.12713102230055,34.55322316848902,10.237869485928211,4.780868089142653,0.0008145343264272,ON,0.6563350774219049,7.186267539419319e-05,-8534.5151775084,0.6563350774219049,0.4611468855505902,0.5758694577143362,0.0,4.980800516474204e-08,16,209.49668393782383,265.43440414507774,,0.0,172.87760636444835,order_class,10.237869485928211,4.780868089142653,0.8448581749289765,0.7614714013276999,,False,0
673450260,661732156,Slc17a7-IRES2-Cre,175,0,7.441196010214949,174.59725605275986,1.3538581424523228,56.78453315991435,32.10009024464686,8.658234122833687,6.395229936831136,0.0003228244619711,ON,0.5213166954719112,3.99373452029699e-05,-9060.866036827145,0.5213166954719112,0.3622893208117681,0.4633215306519583,0.0,3.163169596254179e-07,16,227.44800000000004,266.1289090909091,,0.0,174.59725605275986,order_class,8.658234122833687,6.395229936831136,0.8716427445366901,0.3029583997638279,,False,0
673451166,661732156,Slc17a7-IRES2-Cre,175,0,4.311822269799768,169.42796416225306,1.2847572170106152,62.34046307666105,37.61277967350679,4.8873268488434745,3.8040859270013296,0.0038992408771711,OFF,0.5374561464274753,0.000277754684921,-7323.139946917255,0.5374561464274753,0.3509062353064385,0.43462563890585,0.0,0.0011633764947052,16,86.39766233766234,262.5493506493507,,0.0,169.42796416225306,order_class,4.8873268488434745,3.8040859270013296,0.6346608512426879,0.2505697643179853,0.0,True,0
673449291,661732156,Slc17a7-IRES2-Cre,175,0,7.7234841507308785,9.647174955047774,2.0120440482675126,61.73466059080799,30.56536062558857,10.955494918929572,5.444957792232676,0.0002359887795759,ON,0.4431888232419702,3.5339277726205614e-05,-9170.46191410634,0.4431888232419702,0.4338453893245674,0.4392208510923427,0.0,0.0061635912574971,16,68.41770000000001,267.2046,,0.0,9.647174955047774,order_class,10.955494918929572,5.444957792232676,0.8878132596733368,0.6991511447749431,0.0,True,0
673450255,661732156,Slc17a7-IRES2-Cre,175,0,4.804113001308686,154.05050728780958,1.0932953573833153,58.32278229598901,34.05735736681851,5.023217304816811,4.594565659584744,0.0016653096849436,ON,0.623171589327303,0.0001103425880539,-8150.280853236068,0.623171589327303,0.4365331307650408,0.5144385947214456,0.0,0.0008252396865305,16,135.21434482758622,254.48441379310347,,0.0,154.05050728780958,order_class,5.023217304816811,4.594565659584744,0.6816132142320404,0.08919639902407357,,False,0
673449275,661732156,Slc17a7-IRES2-Cre,175,0,4.677604442449909,179.6552896356637,1.107739274897756,48.140492593948125,28.58355835521282,4.923140954482397,4.444313807449683,0.0137895577448769,ON,0.7197307711272982,0.0007145544559144,-6476.49080788231,0.7197307711272982,0.4137031196886179,0.548062302351463,0.0,2.8210989100330156e-11,16,282.25255102040813,262.0879591836735,,0.0,179.6552896356637,order_class,4.923140954482397,4.444313807449683,0.6700234932908671,0.10232124917088634,,False,0
674569996,666589599,Slc17a7-IRES2-Cre,175,0,10.545515695764168,1.707219971389236,2.434546059126053,43.7307754741609,51.67717254124607,16.454201828964397,6.758632381295378,4.753944762954912e-05,ON,0.5249802449289058,7.948990024912109e-06,-10507.249247720933,0.5249802449289058,0.490537255041988,0.5007333589191503,0.0,0.0004191594794237,16,65.99341040462427,43.49965317919075,,0.0,1.707219971389236,order_class,16.454201828964397,6.758632381295378,1.0230678224205503,0.8897603157987021,,False,0
674570166,666589599,Slc17a7-IRES2-Cre,175,1,18.916462512535453,79.22534630963953,2.1151790961871404,31.770826789532936,34.173608947512925,27.51145103645045,13.006676874806054,-5.740618381111132e-06,OFF,0.3801270954474598,1.0910924132496625e-06,-12286.584710054009,0.3777332157219881,0.3801270954474598,0.3742476007782375,0.0023938797254716,0.0625707080429176,16,170.91701492537314,187.5686567164179,168.26553174961518,34.42020846787389,168.26553174961518,order_class,27.51145103645045,13.006676874806054,1.2768399240887005,0.7491394879614663,0.0,True,0
674570145,666589599,Slc17a7-IRES2-Cre,175,0,11.175871032761586,11.488989762202038,2.7213535748005646,37.41480014630714,36.69213827731365,18.436304280040385,6.774681706470832,4.605719613880616e-05,ON,0.3908374798983429,1.0613100266802188e-05,-10248.26561533246,0.3908374798983429,0.3713854180325856,0.3740104184560985,0.0,0.0162055577146266,16,229.65376744186045,198.9036279069768,,0.0,11.488989762202038,order_class,18.436304280040385,6.774681706470832,1.0482813814666159,1.0011293943216075,,False,0
674570187,666589599,Slc17a7-IRES2-Cre,175,0,6.489792123194181,19.363624641898756,1.5308795675044389,30.81749394141209,42.97048182590618,8.02973659938324,5.2451785038015135,0.0006223514571687,OFF,0.3934799006019803,8.780320046244897e-05,-8355.009695201103,0.3934799006019803,0.3362083075630246,0.3007638917112346,0.0,0.0087510255409227,16,26.58,158.76461538461538,,0.0,19.363624641898756,order_class,8.02973659938324,5.2451785038015135,0.8122307859844126,0.4258424509455805,,False,0
674570702,666589599,Slc17a7-IRES2-Cre,175,1,10.182573626280076,163.36987116042124,1.6755982254495565,43.28797231058718,39.35985455420078,13.180822294566996,7.866338179625746,3.715764262769922e-05,ON,0.4377834186790379,5.460166370543602e-06,-10843.756042897034,0.3574086999565585,0.4377834186790379,0.4167491019548625,0.0803747187224793,0.0,16,213.96514285714284,68.65114285714286,139.42048969754185,22.99090377060464,139.42048969754185,order_class,13.180822294566996,7.866338179625746,1.0078575589860304,0.5161702510364439,1.0,True,1
674569070,666589599,Slc17a7-IRES2-Cre,175,2,13.28651081319208,164.9731641080738,3.178889643759581,34.87218890508029,41.22573903029181,23.68910598957651,7.45200640609848,-0.0005425500802294,ON,0.531276454440565,9.91199027245294e-05,-8246.385550623194,0.5079206435032414,0.4950892139103982,0.531276454440565,0.0233558109373236,0.2072040041479287,16,154.2627272727273,268.66809917355374,175.15328299656153,32.68902484920094,164.9731641080738,order_class,23.68910598957651,7.45200640609848,1.123410945312068,1.1565319671894634,,False,0
674569900,666589599,Slc17a7-IRES2-Cre,175,0,4.756967056958642,170.7480464457277,1.5440088008908055,39.335761563550655,43.77700811720506,5.91091929314545,3.8282937828691033,0.0010755042460172,OFF,0.4380116236145874,0.0001027306258801,-8214.326649337057,0.4380116236145874,0.4062757484343809,0.4223072736408814,0.0,1.520086156947542e-08,16,100.3846551724138,265.395,,0.0,170.7480464457277,order_class,5.91091929314545,3.8282937828691033,0.6773301438456704,0.434382151645151,0.0,True,0
674569788,666589599,Slc17a7-IRES2-Cre,175,0,5.889176507013564,171.03557468686645,1.531915629584167,40.36315896546853,36.30429869996358,7.2890678776796145,4.758139245343561,0.0002648692514431,ON,0.688962018367397,1.844532914395528e-05,-9753.02664668249,0.688962018367397,0.4579400237117034,0.5996252552254877,0.0,0.0028539012324355,16,91.81714285714284,220.5644155844156,,0.0,171.03557468686645,order_class,7.2890678776796145,4.758139245343561,0.7700545709393412,0.4265189977288792,,False,0
674569872,666589599,Slc17a7-IRES2-Cre,175,0,9.787272222082322,36.50990775228723,1.7330472097994178,36.57509624057728,39.5281947185408,12.884479078033555,7.434580549900195,0.0006992645130778,ON,0.6210319821902178,9.010697874736452e-05,-8331.803594933393,0.6210319821902178,0.5444548690873456,0.5906500322209645,0.0,5.0948580132548216e-08,16,163.1847204968944,140.57440993788822,,0.0,36.50990775228723,order_class,12.884479078033555,7.434580549900195,0.9906616679044319,0.5498812520239438,,False,0
674569928,666589599,Slc17a7-IRES2-Cre,175,0,6.249698401890528,5.442776516638317,1.4029354638483764,33.94006089729402,44.749239639839736,7.402491313783833,5.276430387951091,0.0012903674195501,OFF,0.4581014134852899,0.0001539010468636,-7852.163840558785,0.4581014134852899,0.4145044011476472,0.4060196632540045,0.0,0.0005379754829872,16,204.522654028436,31.4550710900474,,0.0,5.442776516638317,order_class,7.402491313783833,5.276430387951091,0.7958590596552558,0.33856680137979783,,False,0
674569775,666589599,Slc17a7-IRES2-Cre,175,0,5.700419756742439,6.0193286286836525,1.4533930411452962,27.394882589435777,32.92258664423977,6.872240899322176,4.728411864354836,0.0004391670263361,ON,0.6669290808339575,3.11823551512446e-05,-9282.58971418341,0.6669290808339575,0.4060074510536512,0.5093281170733668,0.0,1.0904769420783111e-08,16,181.74,19.45031847133758,,0.0,6.0193286286836525,order_class,6.872240899322176,4.728411864354836,0.7559068366066947,0.3739008512057905,,False,0
674570731,666589599,Slc17a7-IRES2-Cre,175,0,5.254258672883546,8.695367627819039,1.7810397719395454,33.35672785380139,34.157473647896275,7.012102545331847,3.937083638337674,0.0004458648780487,ON,0.5213753428969566,3.967788089576029e-05,-9066.706146909324,0.5213753428969566,0.2658417028929073,0.4668131347978872,0.0,1.5725950430756086e-08,16,81.81406779661017,119.05576271186442,,0.0,8.695367627819039,order_class,7.012102545331847,3.937083638337674,0.7205114497672539,0.5771973352988068,,False,0
674569270,666589599,Slc17a7-IRES2-Cre,175,2,20.501203163858342,5.25267824968978e-06,1.7584822174193755,31.095264838802475,24.67576183310645,27.186189505855875,15.460030949731417,-2.1019035409120107e-05,ON,0.3643511651643746,8.009437055830921e-06,-10500.461511254129,0.3502829523298487,0.3496709540979534,0.3643511651643746,0.0140682128345258,5.6883351584602344e-08,16,213.1112195121952,123.4809756097561,10.37353266875877,31.429074639547657,5.25267824968978e-06,order_class,27.186189505855875,15.460030949731417,1.3117793494504517,0.5644510605232922,,False,0
674569235,666589599,Slc17a7-IRES2-Cre,175,2,7.627018472202597,10.409343134533112,2.3645062353067505,34.551881586559205,32.166433782424555,11.72802896887766,4.960033005519297,0.0047074361692012,OFF,0.616062206415936,0.0004419475447365,-6906.990146556261,0.588720400063242,0.601708235394794,0.616062206415936,0.027341806352694,0.2914668689840232,16,182.8941891891892,139.482972972973,170.45429998731356,30.49751598454793,10.409343134533112,order_class,11.72802896887766,4.960033005519297,0.8823547982263882,0.860569220149173,,False,0
674569228,666589599,Slc17a7-IRES2-Cre,175,2,14.50912592318213,74.41930626135084,1.3812846066645017,,,17.052294948398885,12.345243598693555,3.5303154783346e-05,ON,0.4273259838007034,9.188886271052538e-06,-10377.3741730735,0.1123037608846613,0.3476064094872557,0.4273259838007034,0.3150222229160421,0.062527642347376,16,,,178.74479959218436,31.324085309382543,74.41930626135084,order_class,17.052294948398885,12.345243598693555,1.161641249917205,0.32301394056879895,0.0,True,0
674569049,666589599,Slc17a7-IRES2-Cre,175,2,11.71465687301427,145.08579912418202,3.0331640719012007,35.947347766330864,41.76553263017732,20.40222458933316,6.726383441745357,-3.690884650135583e-05,ON,0.3696491725648486,8.662818497646968e-06,-10430.197502340245,0.3567287747676121,0.3337484237608076,0.3696491725648486,0.0129203977972365,4.013643129185951e-06,16,123.15157894736842,293.38736842105266,172.6868753888248,31.35856500851502,145.08579912418202,order_class,20.40222458933316,6.726383441745357,1.0687295724601797,1.1096063228256587,,False,0
674569625,666589599,Slc17a7-IRES2-Cre,175,0,6.662778952121105,103.73589927044118,1.242712379333977,43.20301305977264,37.39880876252544,7.427466769133505,5.976818846138962,0.0001651542849918,ON,0.6009870217648312,1.5675078792228304e-05,-9898.840846577075,0.6009870217648312,0.4954885508762107,0.5136127530676636,0.0,0.0017890863342077,16,73.2166265060241,300.6289156626506,,0.0,103.73589927044118,order_class,7.427466769133505,5.976818846138962,0.8236554051236828,0.2172963934233727,,False,0
674569084,666589599,Slc17a7-IRES2-Cre,175,0,9.185195403967104,29.93678021094109,2.2882799047574838,47.4002119626008,33.57571552921679,13.894501602368228,6.072028851663056,0.0007361288172475,OFF,0.6093226913418746,9.20117109713948e-05,-8313.060847480692,0.6093226913418746,0.525863998595488,0.597634150036302,0.0,3.9591408151906655e-08,16,105.25942196531793,283.12647398843933,,0.0,29.93678021094109,order_class,13.894501602368228,6.072028851663056,0.9630883998320254,0.8278004020305175,0.0,True,0
674569077,666589599,Slc17a7-IRES2-Cre,175,0,12.416113149743094,156.3376103244199,1.6021239461431356,44.84883381332792,38.32482894369305,15.71569955324412,9.80929071753607,0.0011958826886506,ON,0.6919284367688119,0.0001596596540905,-7819.24968857714,0.6919284367688119,0.5991812585720644,0.6308427788969038,0.0,0.0257092036304589,16,39.668101265822784,287.0992405063291,,0.0,156.3376103244199,order_class,15.71569955324412,9.80929071753607,1.0939856617173624,0.47133021528071767,,False,0
674568874,666589599,Slc17a7-IRES2-Cre,175,0,5.060733582112716,174.1292695538803,1.7264440016015905,35.43711539707603,37.555582490165705,6.6495112174861495,3.8515649574023367,0.0122384909060155,OFF,0.676884056000302,0.0007584192413577,-6423.109715775551,0.676884056000302,0.4339802218573003,0.5342489151154248,0.0,1.8715540228697591e-10,16,128.13101449275362,72.84144927536232,,0.0,174.1292695538803,order_class,6.6495112174861495,3.8515649574023367,0.7042134748579207,0.5460638026862691,0.0,True,0
674569949,666589599,Slc17a7-IRES2-Cre,175,0,5.215895926901695,12.075284085002096,1.2479909107575171,45.91031873873226,45.98063838604276,5.826860602560442,4.668992820647708,0.015630560061659,ON,0.7222716437935226,0.0008942458623385,-6275.49870689158,0.7222716437935226,0.469510062252343,0.5874307274053037,0.0,0.0014323236266281,16,78.38374331550801,49.79069518716578,,0.0,12.075284085002096,order_class,5.826860602560442,4.668992820647708,0.7173289173053,0.22153498687385312,,False,0
674569983,666589599,Slc17a7-IRES2-Cre,175,2,10.80497543201692,169.45069065227946,3.5737054396801047,36.89065818115059,36.88807536872024,20.425992134677504,5.715633948976475,-3.275737928527914e-05,ON,0.416803739491921,6.353192068869391e-06,-10708.031652285215,0.4038083988339717,0.3664624036797703,0.416803739491921,0.0129953406579493,0.0878898691808014,16,51.37574257425743,68.49712871287129,5.008829860597047,27.5876787617221,169.45069065227946,order_class,20.425992134677504,5.715633948976475,1.033623783736464,1.273602995791788,,False,0
674569976,666589599,Slc17a7-IRES2-Cre,175,0,6.129772531790453,174.80836602325587,1.9029384380041447,24.758609145659776,41.05592478116523,8.455839440908697,4.443569624762752,0.0005918752053905,ON,0.4371727751633604,7.231073559251617e-05,-8528.946005946982,0.4371727751633604,0.4129939831708559,0.4296503536495563,0.0,6.771891829515653e-07,16,318.4228125,68.0225,,0.0,174.80836602325587,order_class,8.455839440908697,4.443569624762752,0.7874443586911483,0.6433992378191932,,False,0
674569969,666589599,Slc17a7-IRES2-Cre,175,0,8.08623445908567,21.446785761437468,2.879408332829818,33.662585095436725,35.55500250000031,13.721385250852345,4.765348871991099,0.0009758996768048,ON,0.4874010682661683,0.0001394521144233,-7940.4991961476835,0.4874010682661683,0.3079224771396811,0.3694215959019363,0.0,0.0765630730722047,16,134.8973949579832,52.04042016806724,,0.0,21.446785761437468,order_class,13.721385250852345,4.765348871991099,0.9077463294798388,1.0575848330525228,,False,0
674569921,666589599,Slc17a7-IRES2-Cre,175,0,8.54402551987776,137.70658625385556,1.873207225623408,42.52405818109594,52.51466256168457,11.69379427138814,6.242659173758216,0.0008011401503071,ON,0.4994485252547663,0.0001175372729295,-8093.684532201704,0.4994485252547663,0.4840982619729366,0.4795866689591971,0.0,1.357914538591132e-07,16,65.40372670807454,37.14447204968944,,0.0,137.70658625385556,order_class,11.69379427138814,6.242659173758216,0.9316625368667774,0.6276520556887017,,False,0
674569639,666589599,Slc17a7-IRES2-Cre,175,0,6.822886006795891,170.56502194589996,1.3819698110115812,45.23158978375873,35.85586681573393,8.020794572432496,5.803885517992172,7.32685626475793e-05,ON,0.5737155272093412,7.522221090759336e-06,-10556.693598795291,0.5737155272093412,0.4510780692511651,0.5293744695725509,0.0,0.0014906305645315,16,81.57013215859031,317.7658149779736,,0.0,170.56502194589996,order_class,8.020794572432496,5.803885517992172,0.833968115375893,0.3235098806869007,,False,0
674568886,666589599,Slc17a7-IRES2-Cre,175,2,11.293936791726097,6.263817092438324,3.83041546722962,28.6341304394309,40.64184038164968,22.10386879515781,5.7706191362955765,-0.0005583257226738,ON,0.4386777276042986,0.0001028841564116,-8212.988580349542,0.4212231589997416,0.3641488248970902,0.4386777276042986,0.0174545686045569,0.4012736975548311,16,146.25258278145697,76.05774834437086,7.540341606545155,33.09908446537593,6.263817092438324,order_class,22.10386879515781,5.7706191362955765,1.0528453528110442,1.342973274392793,,False,0
674569481,666589599,Slc17a7-IRES2-Cre,175,0,5.825955830476215,82.44714089548873,1.1123836662071964,34.084394313576915,39.31798989036736,6.144612348670018,5.5238246796816055,0.0010804245666105,ON,0.5278172954433176,0.0001048285400828,-8196.213306728756,0.5278172954433176,0.3743165636323925,0.437546786983761,0.0,3.7901137783791234e-08,16,146.92991150442478,118.10787610619472,,0.0,82.44714089548873,order_class,6.144612348670018,5.5238246796816055,0.7653671876975592,0.10650515988906935,,False,0
674569542,666589599,Slc17a7-IRES2-Cre,175,0,6.093655710027326,176.525657276357,1.34169838319653,30.898536774347303,39.52164066238237,7.058385292275925,5.260783929290927,0.0014451412872758,ON,0.6933795332519788,0.0001028879372238,-8212.955654526897,0.6933795332519788,0.4896257717149732,0.6536403395304125,0.0,1.2125920711980598e-08,16,202.05319148936167,119.49765957446807,,0.0,176.525657276357,order_class,7.058385292275925,5.260783929290927,0.7848779130538291,0.2939362615725924,,False,0
674568914,666589599,Slc17a7-IRES2-Cre,175,2,18.762767543619976,176.10513934376218,3.35325137868806,25.290633986755708,32.68874554261633,34.35816444174265,10.246223906775842,-3.588633923616372e-05,ON,0.4010442294396583,1.1558810064550967e-05,-10171.784121507231,0.3688098138080767,0.3523318780434676,0.4010442294396583,0.0322344156315815,0.0033981402340987,16,315.6609677419355,97.6132258064516,8.527899330620443,32.522622836414435,176.10513934376218,order_class,34.35816444174265,10.246223906775842,1.2732968980235804,1.209930435949776,,False,0
674569549,666589599,Slc17a7-IRES2-Cre,175,0,7.049472886743048,13.334116825520397,1.7342035098156818,28.87062929280841,34.994289478442184,9.283391692320736,5.353115502175066,0.0004369942785404,ON,0.5541581346637162,4.813112048938922e-05,-8893.657108620564,0.5541581346637162,0.4072867619818323,0.5414796987729835,0.0,5.6025638572876354e-09,16,218.9784688995216,107.84899521531102,,0.0,13.334116825520397,order_class,9.283391692320736,5.353115502175066,0.8481566445180264,0.5505482358405968,,False,0
674570707,666589599,Slc17a7-IRES2-Cre,175,0,6.041386224782873,154.81477720640885,1.49320286031467,39.76382881547392,46.3470767871251,7.382373392692735,4.943985568804101,0.0030140682020818,OFF,0.728996621136855,0.0001951484018045,-7639.408227535322,0.728996621136855,0.5199090613590662,0.5904698602324618,0.0,3.1892782859088693e-09,16,88.7653448275862,146.31387931034482,,0.0,154.81477720640885,order_class,7.382373392692735,4.943985568804101,0.7811366009885655,0.4009233836167772,0.0,True,0
674569454,666589599,Slc17a7-IRES2-Cre,175,0,5.893964620712276,14.367527926730643,1.6213586568746243,29.10568126369105,35.04461577716074,7.504937363797249,4.628795320502358,0.001239397522813,ON,0.4431084719134496,0.0001441152116317,-7911.028157765481,0.4431084719134496,0.3367074606815778,0.3680551985071307,0.0,0.0043271476242549,16,156.66857142857145,142.65806722689075,,0.0,14.367527926730643,order_class,7.504937363797249,4.628795320502358,0.7704075246127275,0.4832644748342817,,False,0
674569345,666589599,Slc17a7-IRES2-Cre,175,0,12.085017380736938,154.6326791388988,2.8792919266460126,35.090646958026824,33.36631312878562,20.506433269125893,7.122040345875288,0.0005138250516632,ON,0.4712839608660194,0.0001070588379761,-8177.350260359121,0.4712839608660194,0.3907492529062312,0.4375294506158277,0.0,0.0,16,114.94536585365854,140.40634146341463,,0.0,154.6326791388988,order_class,20.506433269125893,7.122040345875288,1.0822472793487758,1.0575444051161564,,False,0
674569393,666589599,Slc17a7-IRES2-Cre,175,0,5.361014272355823,6.524243695630247,1.3517138550574972,39.25791139167651,33.83975814438816,6.232888330871352,4.611100424509762,0.0047517166556194,OFF,0.7598475060135496,0.0002530496260281,-7406.604744593918,0.7598475060135496,0.5505704140361839,0.6303298897433858,0.0,5.6169402462558076e-11,16,51.1476923076923,138.79384615384615,,0.0,6.524243695630247,order_class,6.232888330871352,4.611100424509762,0.7292469634269718,0.30137330955313574,0.0,True,0
674569418,666589599,Slc17a7-IRES2-Cre,175,0,5.473970023533015,18.590491241778395,1.5206160902380887,26.656888147913364,33.11254860607665,6.7501310673467305,4.439076444528373,0.0001282020333032,ON,0.3847596646315311,1.5667947275917765e-05,-9899.248582493234,0.3847596646315311,0.3214697166007385,0.3593296771331633,0.0,3.144321992776256e-07,16,231.9142731277533,71.99709251101322,,0.0,18.590491241778395,order_class,6.7501310673467305,4.439076444528373,0.7383024148041295,0.41911557526225834,,False,0
696526001,680156909,Slc17a7-IRES2-Cre,175,2,9.517313664939929,14.430701208430028,2.2525624066340297,46.37455192003527,41.210698794248856,14.284097260173692,6.341265937008248,0.0005506665023957,OFF,0.4592037269238376,8.86983600898608e-05,-8345.921164758289,0.4240628764762567,0.3604199215549816,0.4592037269238376,0.0351408504475808,2.285545267488587e-07,16,315.87654135338346,243.9875187969925,7.29714984093394,30.176269560644823,14.430701208430028,order_class,14.284097260173692,6.341265937008248,0.9785143827198634,0.8120684156144702,0.0,True,0
696520070,680156909,Slc17a7-IRES2-Cre,175,2,12.389590054906126,8.455149186615992,6.688100987703843,,,32.04116864425672,4.790772254062073,-0.0002851475071075,OFF,0.305482993522299,7.859140571392397e-05,-8454.318393086207,0.2685728600583806,0.2463538947059091,0.305482993522299,0.0369101334639183,0.0611339438110338,16,,,177.34211785706376,24.745790504220658,8.455149186615992,order_class,32.04116864425672,4.790772254062073,1.0930569367362288,1.9003299755045,,False,0
696521788,680156909,Slc17a7-IRES2-Cre,175,0,6.57565904603748,128.19229781647888,1.4225966413600275,39.0329016156069,37.03084816359665,7.842963178360731,5.513132078579012,0.0010981794073193,ON,0.4991967210658388,0.0001265488001523,-8027.494766799897,0.4991967210658388,0.366990357758671,0.4278600913679454,0.0,0.0,16,227.7922018348624,236.3829357798165,,0.0,128.19229781647888,order_class,7.842963178360731,5.513132078579012,0.81793928654791,0.35248382239787857,,False,0
696524433,680156909,Slc17a7-IRES2-Cre,175,2,7.031147636512223,155.53028804802693,2.3057803899316847,,,10.676654468990696,4.630386534472619,0.0002450950216689,OFF,0.3564996517545479,3.610926431271382e-05,-9151.149142363667,0.2329804465415439,0.262002245795385,0.3564996517545479,0.1235192052130039,1.0919277304566323e-07,16,,,11.163891808611254,32.28073992533784,155.53028804802693,order_class,10.676654468990696,4.630386534472619,0.8470262171288439,0.8354191831104518,0.0,True,0
696518929,680156909,Slc17a7-IRES2-Cre,175,0,5.574223642267838,103.0276609465748,2.016491028880945,48.51757075900071,31.725244582891875,7.915576237377265,3.925421003122453,0.0052834004085829,ON,0.5359165664844113,0.0004833600173916,-6826.734928693353,0.5359165664844113,0.4704844990704225,0.5004093232210003,0.0,9.948188939290503e-10,16,39.02612440191388,100.52296650717705,,0.0,103.0276609465748,order_class,7.915576237377265,3.925421003122453,0.746184388965448,0.7013588864649279,,False,0
696525602,680156909,Slc17a7-IRES2-Cre,175,0,4.862261344934932,12.42520713124867,1.1212078286457376,46.1486153570966,38.25321675348841,5.148507610646281,4.591929773505915,0.0009657174737419,OFF,0.5139111599916883,8.097064330795597e-05,-8427.59581196439,0.5139111599916883,0.3779752824653599,0.4255166698008996,0.0,0.0002924633916274,16,373.2710526315789,296.5385526315789,,0.0,12.42520713124867,order_class,5.148507610646281,4.591929773505915,0.6868382983190711,0.11440652266526255,0.0,True,0
696519586,680156909,Slc17a7-IRES2-Cre,175,0,4.130789714340405,92.6601231807714,1.0675952056008726,51.409450517734754,42.67677605814416,4.268117769571283,3.997880233237903,0.006094317795871,OFF,0.5576443352673184,0.000399592744899,-6997.25794186762,0.5576443352673184,0.380385911433356,0.5444560292612437,0.0,0.0,16,326.27625,226.63125,,0.0,92.6601231807714,order_class,4.268117769571283,3.997880233237903,0.6160330869576791,0.06540864771843359,0.0,True,0
696526024,680156909,Slc17a7-IRES2-Cre,175,0,5.583153375095405,12.110251563761809,1.5663909804354796,37.30350948370376,34.765772410922715,6.987625892059492,4.460971736518062,0.0036705211290566,ON,0.5172724959822725,0.0003492125084338,-7118.007603287175,0.5172724959822725,0.4033486356327066,0.3608386499338001,0.0,1.1240347541630058e-09,16,42.23470588235294,238.0238823529412,,0.0,12.110251563761809,order_class,6.987625892059492,4.460971736518062,0.7468795585405001,0.44877423462857746,,False,0
696519229,680156909,Slc17a7-IRES2-Cre,175,0,4.758068540326192,21.49160831548716,2.2642344013151927,58.49734228316637,41.68043726686593,7.159643302346603,3.162059236529524,0.0031483418150985,ON,0.346873668850425,0.0003650040139922,-7078.379577654199,0.346873668850425,0.3200758332697204,0.3333185814063208,0.0,1.0428824470665175e-10,16,352.0775722543353,42.80080924855491,,0.0,21.49160831548716,order_class,7.159643302346603,3.162059236529524,0.6774306937901622,0.8172366891314664,,False,0
696521092,680156909,Slc17a7-IRES2-Cre,175,0,4.60502856061446,175.99058354641355,1.134552446753763,44.02151556605037,40.35564587716518,4.905063301015618,4.323346457054695,0.024934160897108,OFF,0.7020895735138163,0.0013281709922738,-5921.061419369,0.7020895735138163,0.4305315619090266,0.5249876450161703,0.0,0.0,16,224.8721860465116,298.5114418604651,,0.0,175.99058354641355,order_class,4.905063301015618,4.323346457054695,0.6632323280570361,0.12623825312803794,0.0,True,0
696526866,680156909,Slc17a7-IRES2-Cre,175,0,10.556588991364924,38.94917272537242,3.8156122354339024,60.89456496797408,37.0744338722941,20.62081041932041,5.404325478313564,0.0010178727080016,ON,0.4320639226794825,0.000205412753167,-7593.478298986997,0.4320639226794825,0.4084802640078507,0.4109418551161354,0.0,1.0837793174012235e-07,16,264.1228571428572,56.18476190476191,,0.0,38.94917272537242,order_class,20.62081041932041,5.404325478313564,1.0235236131285015,1.3391011329705085,,False,0
696519186,680156909,Slc17a7-IRES2-Cre,175,0,4.523258688474413,173.4105241090189,1.1941110485062711,48.66253773081572,32.59850088716745,4.942808495012022,4.139320627838629,0.0008563627071775,ON,0.3158856671403668,0.0001013245937127,-8226.674530100407,0.3158856671403668,0.2503074866877459,0.2981867183852182,0.0,0.0,16,11.093828571428572,50.09382857142857,,0.0,173.4105241090189,order_class,4.942808495012022,4.139320627838629,0.6554514260754135,0.17740201609481002,,False,0
696521145,680156909,Slc17a7-IRES2-Cre,175,2,8.164836372271663,98.84666181510676,1.5434655101724115,52.724726876851584,34.08070834945105,10.143689579482723,6.572022188140525,0.0002593722855656,OFF,0.4788240780721144,3.4457505200701835e-05,-9193.10221889644,0.4124448519942254,0.3956009218967475,0.4788240780721144,0.066379226077889,0.0875066248616092,16,314.9706382978724,55.43393617021277,12.393417844824173,26.654907997382765,98.84666181510676,order_class,10.143689579482723,6.572022188140525,0.9119474856640446,0.4340302195030407,0.0,True,0
696523122,680156909,Slc17a7-IRES2-Cre,175,0,5.904440564618567,158.1198740242191,1.2316416105921997,49.76961531242287,34.83021058546659,6.552709754296568,5.320305596971417,0.001089860322084,OFF,0.4305546552629726,0.0001302250477384,-8001.836835102622,0.4305546552629726,0.3738871426789938,0.4283377307483507,0.0,0.0024166773268478,16,211.7453164556962,67.33177215189873,,0.0,158.1198740242191,order_class,6.552709754296568,5.320305596971417,0.7711787552588009,0.20834792229822768,0.0,True,0
696526853,680156909,Slc17a7-IRES2-Cre,175,2,16.074970803594184,46.22593712595432,9.117933018823038,55.55759801520325,31.81007409313115,48.53984571221175,5.323558048957612,-0.0006317787644366,ON,0.3201386738949486,0.0001795829920155,-7713.886302819631,0.3157642710953593,0.3165111117447541,0.3201386738949486,0.0043744027995893,1.1211599426630414e-08,16,304.27125,380.3325,5.0785209638212905,29.064133954105703,46.22593712595432,order_class,48.53984571221175,5.323558048957612,1.2061501928031366,2.2102431357259955,,False,0
696520790,680156909,Slc17a7-IRES2-Cre,175,1,8.894338623607313,164.48747698636302,1.9066342131970733,51.81772221062403,41.97254233270503,12.281385135292066,6.441395549437064,-0.0015974343957591,ON,0.3456427563522197,0.0002489401538674,-7421.2750405259,0.3233541887439013,0.3456427563522197,0.3297954951129169,0.0222885676083184,0.0,16,271.05,322.8114432989691,22.45507934833125,9.903086126792305,22.45507934833125,order_class,12.281385135292066,6.441395549437064,0.9491136598064842,0.6453394955282511,0.0,True,0
696520666,680156909,Slc17a7-IRES2-Cre,175,0,5.1068057393383794,12.022383086541836,1.5830355044795674,47.5031037582411,38.15574606182369,6.425318576550233,4.058859424421183,0.0028508478957406,OFF,0.5003199160255327,0.0002575695175791,-7390.741929191006,0.5003199160255327,0.3716070780900063,0.4833534152067352,0.0,0.0054767852349218,16,322.36829268292684,317.9356097560976,,0.0,12.022383086541836,order_class,6.425318576550233,4.058859424421183,0.7081493377971885,0.45934420925100106,0.0,True,0
696520700,680156909,Slc17a7-IRES2-Cre,175,0,5.049508646946252,177.62695484173082,2.218122870499988,42.27949137458749,33.53837903847892,7.5204169590414205,3.390442007996717,0.0112962474037048,ON,0.5473804264967042,0.0009198507104602,-6250.204058405435,0.5473804264967042,0.3441984303934776,0.4260841348099945,0.0,0.0006159719591162,16,204.88631067961165,317.4221359223301,,0.0,177.62695484173082,order_class,7.5204169590414205,3.390442007996717,0.7032491202371075,0.7966612843730744,,False,0
696520652,680156909,Slc17a7-IRES2-Cre,175,2,8.453653911520604,97.41780171011148,1.219693702557419,,,9.336193727349372,7.654539584629737,0.0011726505412902,ON,0.3114279917118128,0.0002298901893557,-7492.606285368465,0.2681579996246137,0.2178300727418418,0.3114279917118128,0.043269992087199,0.0646801531870581,16,,,1.6744913360806493,31.607946659424723,97.41780171011148,order_class,9.336193727349372,7.654539584629737,0.9270444640520842,0.19859976374592886,,False,0
696523033,680156909,Slc17a7-IRES2-Cre,175,0,4.959205160534753,43.92989683709709,1.236302529370234,41.99230592745666,38.210639693387,5.514097666904654,4.460152378490649,0.0004796495935609,OFF,0.3737807167535337,5.455548335332197e-05,-8781.397928548564,0.3737807167535337,0.2668866783043746,0.3137363626986224,0.0,1.0656138949016737e-07,16,143.34821428571428,306.0525,,0.0,43.92989683709709,order_class,5.514097666904654,4.460152378490649,0.6954120752693521,0.21212509394811604,,False,0
696525381,680156909,Slc17a7-IRES2-Cre,175,0,5.017247381744052,163.8515239087644,1.3079323310809787,52.075683517396335,37.585254855238205,5.737968406378498,4.3870529613991485,0.0044486760270249,ON,0.5488946815160352,0.0003584277232655,-7094.670040186266,0.5488946815160352,0.4579249536183957,0.4801126000723037,0.0,4.923628393882495e-09,16,184.3348,166.7692,,0.0,163.8515239087644,order_class,5.737968406378498,4.3870529613991485,0.7004655149957951,0.26844751704915415,,False,0
696521438,680156909,Slc17a7-IRES2-Cre,175,1,11.074093998917716,77.34563987527135,2.32633180952448,61.79653170451781,37.215500776099546,16.890559473097948,7.260597737581773,-0.0006839208146872,ON,0.3809365538369063,0.0001001451042356,-8237.1657817026,0.3685602986233036,0.3809365538369063,0.3405586428300549,0.0123762552136026,0.0725449403543271,16,243.43932203389832,38.78847457627119,17.208666380128108,26.089380223414963,17.208666380128108,order_class,16.890559473097948,7.260597737581773,1.0443082055618647,0.8442926963406752,0.0,True,0
696521210,680156909,Slc17a7-IRES2-Cre,175,0,9.020188028946894,42.65466854818328,3.125460552205282,55.954105044438464,35.379775309923865,15.946765268111164,5.102212938460973,0.0005626959457219,ON,0.4318508059010161,9.916740065677214e-05,-8245.956293203502,0.4318508059010161,0.3873873213099519,0.3267173303218056,0.0,0.0959903283306506,16,291.18056074766355,49.96009345794393,,0.0,42.65466854818328,order_class,15.946765268111164,5.102212938460973,0.9552155906553512,1.1395816490351751,,False,0
696521980,680156909,Slc17a7-IRES2-Cre,175,0,5.425354990400896,4.161530431361882,1.4269506619725865,58.76194415313628,40.62661294311404,6.480859982628356,4.541754774947406,0.0026311918915117,ON,0.3918108045233839,0.0003141144604617,-7212.914790784669,0.3918108045233839,0.2977758002311768,0.3528595881945099,0.0,0.0002949091444249,16,372.2440449438202,52.19865168539327,,0.0,4.161530431361882,order_class,6.480859982628356,4.541754774947406,0.7344281600926059,0.35553976324567643,,False,0
696520854,680156909,Slc17a7-IRES2-Cre,175,0,5.96340614856943,159.4609024017999,1.5867490542015812,34.40592010153753,36.85835606624368,7.511877772764864,4.734130928185543,0.0006884640947116,ON,0.3835841630279383,9.154009290760832e-05,-8317.66522298816,0.3835841630279383,0.3297634933558578,0.3408284596559529,0.0,3.601576359368863e-08,16,206.98153846153843,372.2769230769231,,0.0,159.4609024017999,order_class,7.511877772764864,4.734130928185543,0.7754943887647875,0.46168730314413003,,False,0
696525477,680156909,Slc17a7-IRES2-Cre,175,0,5.158211715230262,176.84638629783086,1.3858183791888483,38.737745749246784,35.41394777233861,6.072287448201548,4.38173395546666,0.0254407288402863,ON,0.7644153787443276,0.0012889666890753,-5947.90730044147,0.7644153787443276,0.4783622862944017,0.6065358672061467,0.0,1.5163981181842697e-11,16,164.5143925233645,364.2964485981309,,0.0,176.84638629783086,order_class,6.072287448201548,4.38173395546666,0.7124991634842115,0.3262908526349945,,False,0
696524574,680156909,Slc17a7-IRES2-Cre,175,0,5.854595690711652,13.449178220726402,1.993078015560519,54.5999350296536,38.86048940948806,8.265308309586437,4.1470069134559,0.0012459416046773,ON,0.4650297254610138,0.0001377190784964,-7951.703971146649,0.4650297254610138,0.3309790951581541,0.3533125977336762,0.0,2.163211298977785e-08,16,285.7812413793104,217.23806896551724,,0.0,13.449178220726402,order_class,8.265308309586437,4.1470069134559,0.7674969087413053,0.6896801852515345,,False,0
696521048,680156909,Slc17a7-IRES2-Cre,175,0,5.044299706234469,0.5901443815525056,1.544718658965649,44.08666394032609,39.26807461820405,6.26939420972456,4.058599391764049,0.0083470517481047,OFF,0.5760640273574269,0.0006393140415747,-6576.182830738464,0.5760640273574269,0.454763721328373,0.5245366817413899,0.0,1.229615786391136e-05,16,48.484,292.888,,0.0,0.5901443815525056,order_class,6.26939420972456,4.058599391764049,0.7028008822025914,0.43484179601103773,0.0,True,0
696519042,680156909,Slc17a7-IRES2-Cre,175,2,8.515680970835046,2.8421709430404014e-14,1.3074939012085485,,,9.737314979970405,7.447311969080672,6.654367778365937e-05,OFF,0.3020024987144915,1.3435856518481226e-05,-10036.954874381328,0.2113491922605954,0.2762863053152889,0.3020024987144915,0.090653306453896,0.0,16,,,179.25311724070073,31.534495938917036,2.8421709430404014e-14,order_class,9.737314979970405,7.447311969080672,0.9302193827802325,0.2681122524784129,0.0,True,0
696522250,680156909,Slc17a7-IRES2-Cre,175,0,4.628894490436664,146.5569939404245,1.3695185165691353,42.99414727515707,40.20460173332111,5.41702994039467,3.955426578652769,0.0002646191156629,ON,0.3066847132146328,3.27002329414748e-05,-9240.003007418569,0.3066847132146328,0.2067195820515445,0.2493602084506218,0.0,2.4160517801963266e-06,16,338.93900826446287,370.7836363636364,,0.0,146.5569939404245,order_class,5.41702994039467,3.955426578652769,0.6654772817239708,0.3144592303080408,,False,0
696522476,680156909,Slc17a7-IRES2-Cre,175,1,5.642783583757074,107.83753697424449,1.4214113062490348,,,6.727493347851057,4.732967381274217,0.001496538419306,OFF,0.3280941031202203,0.0001538863453913,-7852.249435482796,0.2793255856191063,0.3280941031202203,0.234587850903053,0.0487685175011139,0.2706100130490769,16,,,22.67785883124168,14.526721477214044,22.67785883124168,order_class,6.727493347851057,4.732967381274217,0.7514933942036883,0.3516502556839575,0.0,True,0
696519434,680156909,Slc17a7-IRES2-Cre,175,0,4.887272930838014,1.3291494110910609,1.6354000901127057,50.08737464409359,36.96609178146572,6.249979626557376,3.8216823298124254,0.0014727735794181,OFF,0.4967788277711281,0.0001285835403469,-8013.202843908301,0.4967788277711281,0.3461831730942919,0.4260857483992357,0.0,7.701466965737147e-05,16,368.248064516129,145.3651612903226,,0.0,1.3291494110910609,order_class,6.249979626557376,3.8216823298124254,0.6890665929768308,0.4918874778470626,,False,0
696519601,680156909,Slc17a7-IRES2-Cre,175,0,6.14796968050514,155.85679210399672,1.5172568367529171,42.35135141252352,36.333980559818265,7.572883375179262,4.991167738868784,0.0032588486990866,OFF,0.4038371937871899,0.0004275048524043,-6936.760247422631,0.4038371937871899,0.3848423546936086,0.3235816565025969,0.0,0.0079650848417465,16,102.5997142857143,221.53857142857143,,0.0,155.85679210399672,order_class,7.572883375179262,4.991167738868784,0.7887317170544836,0.41690399173976844,,False,0
696521859,680156909,Slc17a7-IRES2-Cre,175,1,15.986435371080818,0.2222763108777099,9.954298509376311,56.58739881880177,38.63303421061643,50.43789652918828,5.066946353043261,0.0009214516245687,ON,0.3376076211997129,0.0001662536521195,-7782.9883362855635,0.3369599950596795,0.3376076211997129,0.2859875174162466,0.0006476261400333,0.1899016761593059,16,23.663823529411765,218.2585294117647,153.09367937130258,12.907144150941203,153.09367937130258,order_class,50.43789652918828,5.066946353043261,1.2037516362757503,2.2980044688732137,0.0,True,0
696525363,680156909,Slc17a7-IRES2-Cre,175,0,5.194741544935773,33.71173556226114,1.3867330835191478,49.20342342553329,34.27359918812134,6.117308506026093,4.411309269770968,0.0003561739509812,OFF,0.4261585592356182,3.7982014030571874e-05,-9105.844451443474,0.4261585592356182,0.3216372774699376,0.3642994367169914,0.0,1.1608300432008889e-08,16,158.78503067484664,171.51865030674847,,0.0,33.71173556226114,order_class,6.117308506026093,4.411309269770968,0.715563944886371,0.3269506812266648,,False,0
696523183,680156909,Slc17a7-IRES2-Cre,175,2,7.989045299283126,87.96208053624618,1.8777131701962504,48.536957072249486,36.75799746534933,10.947362771709969,5.830157100387059,0.0005762499108698,OFF,0.4381830196262735,8.128667238393959e-05,-8424.105523604354,0.4336734785820576,0.3577485840131233,0.4381830196262735,0.0045095410442158,0.0898081071611434,16,183.9430534351145,77.3569465648855,165.93620101811462,32.862612212051665,87.96208053624618,order_class,10.947362771709969,5.830157100387059,0.902494883691201,0.6300546375965308,,False,0
696519372,680156909,Slc17a7-IRES2-Cre,175,0,5.536704223796634,178.9106645214383,1.3121183703554735,40.57062355421495,39.102911399103455,6.3421693085745705,4.833534421788772,0.0085472304080484,OFF,0.6852489972425035,0.0005659764880301,-6685.354387001189,0.6852489972425035,0.4367283589453733,0.5565041245202287,0.0,0.0,16,169.5295588235294,336.5011764705883,,0.0,178.9106645214383,order_class,6.3421693085745705,4.833534421788772,0.7432513236918128,0.27164290775972544,0.0,True,0
696524736,680156909,Slc17a7-IRES2-Cre,175,0,4.944989675319727,108.95552791608831,1.7187349983277411,44.11725194908129,36.20138603222824,6.482907864590236,3.771906588798064,0.0115598904505641,ON,0.4529798608730815,0.0011127216494261,-6079.647910183143,0.4529798608730815,0.3274238154984237,0.3861853296580549,0.0,0.0134911362363951,16,219.89097345132743,369.3127433628319,,0.0,108.95552791608831,order_class,6.482907864590236,3.771906588798064,0.6941653891675054,0.5415885541489751,,False,0
696523327,680156909,Slc17a7-IRES2-Cre,175,0,6.397309114812687,14.761852294555524,2.220228804532255,44.1293492065704,37.26801944929307,9.53226708793565,4.293371506791099,0.0024877331631151,ON,0.4310732741964322,0.0003204075235942,-7195.141507604813,0.4310732741964322,0.3431601564402088,0.412202427518287,0.0,1.1086687123906812e-11,16,239.0588571428572,159.8064,,0.0,14.761852294555524,order_class,9.53226708793565,4.293371506791099,0.8059973361191574,0.7976102556779645,,False,0
696524380,680156909,Slc17a7-IRES2-Cre,175,0,5.369480288616931,6.754009933240468,1.887021817902968,42.3145392916469,32.124823425637814,7.37599669063171,3.908803078296464,0.0129802610675282,OFF,0.5226595494853639,0.0011775848942391,-6028.883515338121,0.5226595494853639,0.3674858451365972,0.4401063905168543,0.0,0.0,16,92.19820754716982,157.04122641509434,,0.0,6.754009933240468,order_class,7.37599669063171,3.908803078296464,0.7299322524204844,0.6349998285363005,,False,0
696524479,680156909,Slc17a7-IRES2-Cre,175,0,3.771402280166394,119.42318113057908,1.0502830994704997,,,3.865058288703112,3.68001569353223,0.0068607996238228,OFF,0.4457718352599737,0.0005159895297725,-6768.203979109111,0.4457718352599737,0.3465235801124345,0.4416770524277347,0.0,0.4177911995411904,16,,,,0.0,119.42318113057908,order_class,3.865058288703112,3.68001569353223,0.5765028593052259,0.0490597463722175,0.0,True,0
696519315,680156909,Slc17a7-IRES2-Cre,175,0,6.7799208430511975,10.203810276189133,2.250578130731556,48.466386411582405,37.31967823723798,10.171187740857365,4.519366647160653,0.0003121539164705,ON,0.3589156592018386,4.939687556599332e-05,-8870.398551546625,0.3589156592018386,0.2576692710347948,0.3026676724307494,0.0,0.0,16,295.3025581395349,312.19953488372096,,0.0,10.203810276189133,order_class,10.171187740857365,4.519366647160653,0.8312246234206401,0.8111871302029068,,False,0
696520477,680156909,Slc17a7-IRES2-Cre,175,0,3.895037133294684,120.57593329962891,1.2362454571591577,55.634628172114965,43.003344480581006,4.330758402994273,3.503154149456841,0.0198406816902387,OFF,0.5483786201648262,0.0012526375628783,-5973.523494753748,0.5483786201648262,0.4268354843753725,0.4851945323213841,0.0,1.9442225607235738e-11,16,357.1050810810811,174.42908108108108,,0.0,120.57593329962891,order_class,4.330758402994273,3.503154149456841,0.5905116023700989,0.21207892925372182,0.0,True,0
696522408,680156909,Slc17a7-IRES2-Cre,175,0,4.806690951295505,104.38384607618828,1.1323953466534955,57.355504040552695,39.04640991727064,5.114995286721475,4.516969538807745,0.0062604540292152,OFF,0.5093282674089546,0.0005238459590639,-6754.664347749449,0.5093282674089546,0.3326054256070631,0.3912399568569521,0.0,0.0,16,310.811027027027,30.061621621621622,,0.0,104.38384607618828,order_class,5.114995286721475,4.516969538807745,0.6818461998357985,0.12433516496907845,,False,0
696523064,680156909,Slc17a7-IRES2-Cre,175,0,5.148543158692728,22.068931940299198,1.246425460518885,42.6682167176032,41.09983024353402,5.748009979793566,4.611595447834224,0.0344536451997617,ON,0.6310385633461122,0.0024003440346853,-5390.800310887921,0.6310385633461122,0.4798454264910078,0.5332750147618741,0.0,4.054201419023684e-12,16,189.95578512396696,358.3004132231405,,0.0,22.068931940299198,order_class,5.748009979793566,4.611595447834224,0.7116843576534175,0.2202798231712886,,False,0
696524282,680156909,Slc17a7-IRES2-Cre,175,2,7.096468510816696,119.52960299393143,1.7721134710292263,52.91398604428791,34.006356199155825,9.446872272962786,5.330850663572989,0.003148785687403,OFF,0.3479645870852544,0.0004770534439443,-6838.502300259835,0.3292981340737037,0.2850484255996572,0.3479645870852544,0.0186664530115507,0.1624429512664881,16,119.81146666666667,135.9904,5.879120225767053,34.13281570449063,119.52960299393143,order_class,9.446872272962786,5.330850663572989,0.8510422800121744,0.5721728857022405,,False,0
696523613,680156909,Slc17a7-IRES2-Cre,175,0,3.580244431454345,142.6398173400113,1.0772946046912308,41.75080601283704,36.82226377005972,3.716036065579601,3.4494149041474818,0.0110107329329262,ON,0.4170583863066808,0.0008367746462254,-6335.016364185985,0.4170583863066808,0.2884213405725666,0.368790247062893,0.0,5.074940467864053e-12,16,65.46,353.06625,,0.0,142.6398173400113,order_class,3.716036065579601,3.4494149041474818,0.5539126779310289,0.07445290272875932,,False,0
696519384,680156909,Slc17a7-IRES2-Cre,175,0,4.858236852305701,168.40256398045068,1.4337505786177136,49.33729107982109,48.34524142215898,5.8172199803225055,4.05734446916905,0.0480990444462933,OFF,0.647589818048504,0.0030554949298046,-5174.569068925772,0.647589818048504,0.5006177772147551,0.5474485117303548,0.0,1.7266543750338315e-10,16,317.69010000000003,343.39500000000004,,0.0,168.40256398045068,order_class,5.8172199803225055,4.05734446916905,0.6864786840265242,0.3602937930308222,0.0,True,0
696526688,680156909,Slc17a7-IRES2-Cre,175,1,7.40834430427121,176.42419475696377,2.4546019584328898,41.45963002553008,41.4193926947676,11.606778491310072,4.728578681131778,-0.000360145758008,ON,0.4106725924590642,4.0700665396637366e-05,-9043.902440686525,0.3433876810470881,0.4106725924590642,0.3863571587723757,0.067284911411976,0.0066437343087145,16,146.49063829787232,347.00042553191486,149.30093239722942,8.093908230892012,149.30093239722942,order_class,11.606778491310072,4.728578681131778,0.8697211580651203,0.8979646130432885,1.0,True,1
696525428,680156909,Slc17a7-IRES2-Cre,175,0,5.382734310989017,135.61298267386115,1.2007520842995034,47.384941240118536,34.20988859326021,5.898337490926728,4.912202583739598,0.0029393951956968,ON,0.4762960943132885,0.0002931088631803,-7274.929958251539,0.4762960943132885,0.3509396433066395,0.4109241132072462,0.0,9.575803483485854e-10,16,264.13508982035927,351.02335329341315,,0.0,135.61298267386115,order_class,5.898337490926728,4.912202583739598,0.731002943791342,0.1829480973926484,,False,0
696520316,680156909,Slc17a7-IRES2-Cre,175,2,17.614543833839644,9.756113507118442,7.590093695382663,,,48.52828786932281,6.393634890020445,-0.0016560730522229,ON,0.3165738171634553,0.0005304689497854,-6743.407222018143,0.3039712512060853,0.2957648173454927,0.3165738171634553,0.0126025659573699,0.0,16,,,178.88084012894427,28.872335279099147,9.756113507118442,order_class,48.52828786932281,6.393634890020445,1.2458714006815248,2.026843935914041,,False,0
696526753,680156909,Slc17a7-IRES2-Cre,175,1,13.412560392229114,46.52214557963286,4.414166655009561,,,28.1796797564783,6.383918406093179,-0.0017185083956362,OFF,0.3391342705004625,0.0002854664944376,-7298.601760344468,0.3033711299691952,0.3391342705004625,0.2917842929827029,0.0357631405312672,2.6977812206396834e-09,16,,,176.0160837702211,13.533048542473807,176.0160837702211,order_class,28.1796797564783,6.383918406093179,1.1275116904597713,1.4848190631275955,0.0,True,0
696526803,680156909,Slc17a7-IRES2-Cre,175,2,16.9497870202522,128.5224941639377,2.650729461711596,50.07993323539992,41.850605677265975,27.59605158335639,10.410738621940473,-0.0009890004937326,ON,0.3508160805587151,0.0003145485478695,-7211.677427128647,0.3272773313861161,0.3423731325883419,0.3508160805587151,0.023538749172599,0.0921686345227105,16,201.50246445497632,86.2436018957346,175.1809939363305,27.14402167837973,128.5224941639377,order_class,27.59605158335639,10.410738621940473,1.2291642455178415,0.9748348706891028,,False,0
696520373,680156909,Slc17a7-IRES2-Cre,175,0,7.305671999201679,15.066639039935763,2.677645447559488,50.15033721881738,36.44098409148372,11.9546455842904,4.464611098973666,0.0003122925186162,ON,0.4665225308562305,4.2388400106422455e-05,-9007.497690735085,0.4665225308562305,0.3389780309258284,0.3999766740483856,0.0,0.0283058440590187,16,248.1422068965517,209.50800000000004,,0.0,15.066639039935763,order_class,11.9546455842904,4.464611098973666,0.8636601699105997,0.9849378440154415,,False,0
696523193,680156909,Slc17a7-IRES2-Cre,175,0,4.055230707658796,179.2475851959263,1.2769851936628696,,,4.582563564342681,3.588580029810825,4.2583518944079707e-05,ON,0.3033895886126794,4.6752101268707205e-06,-10982.8198585813,0.3033895886126794,0.2709276387446168,0.2705689620455214,0.0,0.0064124196501873,16,,,,0.0,179.2475851959263,order_class,4.582563564342681,3.588580029810825,0.6080155668611025,0.2445019823573967,,False,0
696522974,680156909,Slc17a7-IRES2-Cre,175,0,5.567343820712635,2.2721646125620225,1.8453105432649488,40.24596209782888,44.47704261863292,7.562802764469473,4.098390263943563,0.0396064166499538,OFF,0.6625005094539624,0.0027754905207691,-5260.6872937145545,0.6625005094539624,0.4235186730779501,0.5400714120045056,0.0,7.149092429159509e-11,16,136.7827888446215,285.7286055776892,,0.0,2.2721646125620225,order_class,7.562802764469473,4.098390263943563,0.7456480427237571,0.6126475794616831,0.0,True,0
696520974,680156909,Slc17a7-IRES2-Cre,175,0,3.654956195616331,123.43895090116126,1.6289149859642804,41.7775604350748,41.25690920129888,4.664782355968684,2.863735920022393,0.0118703382537835,ON,0.3170430336571878,0.0011414155452253,-6056.835528143617,0.3170430336571878,0.26475763707179,0.2527638075580278,0.0,1.673917671141112e-10,16,193.1847272727273,287.61436363636363,,0.0,123.43895090116126,order_class,4.664782355968684,2.863735920022393,0.562882176337351,0.4879141403908428,,False,0
696524451,680156909,Slc17a7-IRES2-Cre,175,0,4.0947123237199765,26.99569915546809,1.2092021957296268,48.92912278658986,43.64727304687574,4.5026984117115845,3.72369354572225,0.009034059787599,OFF,0.3880416909651686,0.0008266833904655,-6345.887544439395,0.3880416909651686,0.3032179978739192,0.3383541275172831,0.0,0.0023086412210381,16,326.5172602739726,247.687397260274,,0.0,26.99569915546809,order_class,4.5026984117115845,3.72369354572225,0.6122233955690581,0.1899607997746655,,False,0
696524160,680156909,Slc17a7-IRES2-Cre,175,0,5.069843598644434,10.39390953728548,1.052275436856932,39.13556090072405,36.89656011295779,5.200669773090162,4.9423084402921855,0.045992200927095,ON,0.5993376294695548,0.0033756328219511,-5085.290532612657,0.5993376294695548,0.4840783201503132,0.5377802897160394,0.0,5.040321455640484e-05,16,223.2461111111112,243.4538888888889,,0.0,10.39390953728548,order_class,5.200669773090162,4.9423084402921855,0.7049945618395721,0.05095490215344154,,False,0
696525940,680156909,Slc17a7-IRES2-Cre,175,0,4.882348027173798,6.56989063691708,1.5927815236969818,55.1600807699231,34.31966570026482,6.161789226163663,3.868571511214936,0.0065485364225153,ON,0.3343004169541783,0.0007992766693551,-6376.095848733779,0.3343004169541783,0.3197450065714947,0.3168544314056909,0.0,8.618428193329919e-11,16,343.6258895705522,243.71889570552148,,0.0,6.56989063691708,order_class,6.161789226163663,3.868571511214936,0.6886287338877949,0.4654818738116839,,False,0
696524586,680156909,Slc17a7-IRES2-Cre,175,0,6.5533260672930025,148.22066123966482,1.2448822007442506,45.5821800004798,33.454582446749846,7.311826977646906,5.873509134659925,0.0024849413846755,ON,0.5925788199687736,0.0002362989886967,-7467.969737557189,0.5925788199687736,0.3860218875595915,0.4839203317630358,0.0,2.1157758878231903e-09,16,270.4472727272728,249.8836363636364,,0.0,148.22066123966482,order_class,7.311826977646906,5.873509134659925,0.8164617772500601,0.2190409075640134,,False,0
696526139,680156909,Slc17a7-IRES2-Cre,175,0,3.9403026757691606,130.2716452625122,1.248640650878725,35.7272929739725,36.69937410916151,4.402996279414186,3.526231727531535,0.0093996155420383,OFF,0.3551264182696136,0.0008897507178373,-6280.014027202837,0.3551264182696136,0.2058970820159741,0.2895547129811856,0.0,1.4334300413310075e-10,16,106.42870588235294,259.49529411764706,,0.0,130.2716452625122,order_class,4.402996279414186,3.526231727531535,0.5955295835939796,0.2220554802825406,,False,0
696522738,680156909,Slc17a7-IRES2-Cre,175,2,7.731255319422338,101.22794122863031,1.059080436702461,58.65835786704299,38.68984109919827,7.956361160828949,7.512518298989423,-0.0005935159470958,ON,0.327329470636853,0.0001025899820472,-8215.554162690372,0.3067094300656708,0.2756404510563786,0.327329470636853,0.0206200405711821,0.10305061718235,16,205.63547169811324,38.52415094339623,0.0015999192817446,28.32709291375193,101.22794122863031,order_class,7.956361160828949,7.512518298989423,0.8882500157858036,0.05740101907235471,,False,0
696526566,680156909,Slc17a7-IRES2-Cre,175,0,5.762185407896778,9.821307985118892,2.042014703601337,54.96010669042279,38.25541592176889,8.234109929965506,4.032346052868116,0.0001700637158218,ON,0.3476996616043283,2.3646327437039055e-05,-9530.463257870671,0.3476996616043283,0.2631453464107756,0.2729977260410365,0.0,9.915967366103118e-07,16,224.8036363636364,149.10545454545456,,0.0,9.821307985118892,order_class,8.234109929965506,4.032346052868116,0.7605872283163135,0.7139369203048637,,False,0
696526436,680156909,Slc17a7-IRES2-Cre,175,1,13.354378726355632,36.261961487723084,6.380231281236252,68.76703998858594,44.38580221888071,33.731985079582685,5.286953339573402,0.0017865278812064,OFF,0.3177030755612325,0.0002957402588913,-7266.921977385107,0.3158708244893375,0.3177030755612325,0.3006084148061295,0.0018322510718949,0.1056546974252921,16,322.976186440678,147.1522881355932,131.01830814585716,3.5238077115228523,131.01830814585716,order_class,33.731985079582685,5.286953339573402,1.1256236885392261,1.8532043476771167,0.0,True,0
696524336,680156909,Slc17a7-IRES2-Cre,175,0,4.135694232302055,170.69430647786425,1.2055725307339684,45.8355197107654,36.62999982389238,4.540933001078892,3.7666194984671,0.0121917771527064,ON,0.4440756785348988,0.0010057284091605,-6170.230720430961,0.4440756785348988,0.3170167498570123,0.4071587246184469,0.0,0.0004032259733464,16,64.5746543778802,143.99806451612903,,0.0,170.69430647786425,order_class,4.540933001078892,3.7666194984671,0.616548422220123,0.18695458334426926,,False,0
696526496,680156909,Slc17a7-IRES2-Cre,175,2,10.0664775158576,100.75402850747396,4.069581450810019,,,20.307310085990984,4.990024239949533,0.0089798403472212,OFF,0.3056541194870936,0.0009642858688996,-6207.933995480095,0.2547554569532344,0.2484646675143033,0.3056541194870936,0.0508986625338592,0.218843938116951,16,,,0.2046624121155389,32.13636383330831,100.75402850747396,order_class,20.307310085990984,4.990024239949533,1.0028775278476472,1.4035401565275352,0.0,True,0
696520865,680156909,Slc17a7-IRES2-Cre,175,0,5.072250964932156,105.92779906998756,1.4157649153145777,,,6.035264474246231,4.2629001530986645,0.0010366810100982,ON,0.3506320331041336,0.0001266867565736,-8026.518529755943,0.3506320331041336,0.2984729741744528,0.2970032768080367,0.0,0.2246395190324067,16,,,,0.0,105.92779906998756,order_class,6.035264474246231,4.2629001530986645,0.7052007334361311,0.34766996123057287,,False,0
696519360,680156909,Slc17a7-IRES2-Cre,175,0,5.671469217391191,27.10124453897626,1.6909091436131705,44.5572028831462,31.67346009395193,7.374892862129623,4.361495642735006,0.0088101235946598,OFF,0.5726972693038193,0.0007608701643832,-6420.218852550213,0.5726972693038193,0.4043061353917282,0.5266396388276638,0.0,0.0237674746017106,16,66.74777777777778,329.01194444444445,,0.0,27.10124453897626,order_class,7.374892862129623,4.361495642735006,0.7536955792369731,0.5252663390898639,0.0,True,0
696524123,680156909,Slc17a7-IRES2-Cre,175,0,4.517721319153575,56.06293642862365,1.1108704088322112,37.39116883509155,38.19146490639461,4.761580561515039,4.286351066386396,0.013566149669192,OFF,0.6371844664220585,0.0008218676676251,-6351.122323086158,0.6371844664220585,0.3871624147815597,0.5333527662254804,0.0,1.648419178934546e-10,16,49.02795580110497,184.57558011049724,,0.0,56.06293642862365,order_class,4.761580561515039,4.286351066386396,0.6549194374549371,0.10514386013870428,0.0,True,0
696521489,680156909,Slc17a7-IRES2-Cre,175,0,4.649190912974735,159.26169712458187,1.2828187405081564,43.27028390708181,32.21404791628803,5.265747475412272,4.104825809861788,0.0171362958781348,ON,0.6794870435648714,0.0009716977339648,-6201.073334537296,0.6794870435648714,0.3831542842760963,0.5187235597790297,0.0,1.7222756554247098e-10,16,31.08973821989529,180.42094240837696,,0.0,159.26169712458187,order_class,5.265747475412272,4.104825809861788,0.667377380286998,0.24905979779481965,,False,0
696520468,682734790,Slc17a7-IRES2-Cre,205,0,4.386301767675992,64.50926135289069,1.2510422255798934,38.12223103878765,39.56890409513064,4.906078479262736,3.921593035749557,0.0014978881015866,ON,0.4197870146015449,0.0001373715721884,-7953.967703605754,0.4197870146015449,0.2938992521750243,0.363579831602662,0.0,0.0,16,120.41960264900662,227.4707284768212,,0.0,64.50926135289069,order_class,4.906078479262736,3.921593035749557,0.6420985068509014,0.22397698437628466,,False,0
696522461,682734790,Slc17a7-IRES2-Cre,205,0,4.893697645771263,7.566893331595821,1.243370583684665,42.19828618371831,33.6102051834634,5.456792346639927,4.38870954343234,0.0031626103230872,ON,0.3489666226460882,0.000374741263187,-7054.790162527464,0.3489666226460882,0.2439169778016486,0.3024121578633674,0.0,4.789201812904764e-09,16,97.03675126903552,272.3031472081218,,0.0,7.566893331595821,order_class,5.456792346639927,4.38870954343234,0.6896371332157056,0.2178259046069157,,False,0
696522292,682734790,Slc17a7-IRES2-Cre,205,0,5.2321550110102,42.07536297104227,1.3247873422544765,48.29864334334832,35.69750627864448,6.022179375263594,4.545770617807429,0.0160188363125707,OFF,0.6100983502992532,0.0011850021893837,-6023.257548506701,0.6100983502992532,0.395386212599309,0.5019083047218036,0.0,1.9822365970867395e-10,16,211.21750000000003,139.1325,,0.0,42.07536297104227,order_class,6.022179375263594,4.545770617807429,0.7186806021795741,0.28125195014554233,0.0,True,0
696518529,682734790,Slc17a7-IRES2-Cre,205,1,5.905199088937085,163.4069486974753,1.3812829411969807,,,6.940262040557408,5.024504273210797,0.0027564932389847,ON,0.3053939743223957,0.0003126067911545,-7217.225716261466,0.2572339702643812,0.3053939743223957,0.2280156223270953,0.0481600040580144,0.2183545891785734,16,,,119.5641006919646,18.21357505816567,119.5641006919646,order_class,6.940262040557408,5.024504273210797,0.771234544078111,0.3230127348299403,0.0,True,0
696522063,682734790,Slc17a7-IRES2-Cre,205,1,6.445750883293209,165.28972524252086,1.5973836983674112,35.84293385243371,41.7808328534866,8.146632788593017,5.099984929681701,0.0029445250300053,ON,0.4147934908533844,0.0002870766959326,-7293.561985642507,0.3850040798678623,0.4147934908533844,0.3458291861210668,0.0297894109855221,0.0,16,129.07841584158416,268.2582178217822,1.0005126340533366,9.589518032771633,1.0005126340533366,order_class,8.146632788593017,5.099984929681701,0.8092735167981343,0.4683671023454177,0.0,True,0
696520090,682734790,Slc17a7-IRES2-Cre,205,2,8.160078439355141,72.97428902937143,3.1196431145719936,47.6626781924708,38.43328322272168,14.412747903798229,4.619998946826844,-2.7845921031005283e-05,ON,0.3627382187098862,4.65877504391058e-06,-10985.97517740413,0.3145952716607451,0.2927064077278946,0.3627382187098862,0.0481429470491411,0.0730746399523885,16,334.33039603960395,58.70079207920792,3.469116164569499,29.355862149927287,72.97428902937143,order_class,14.412747903798229,4.619998946826844,0.9116943334616272,1.1377186089236426,,False,0
696519941,682734790,Slc17a7-IRES2-Cre,205,0,4.670138715468313,169.97094966474157,1.1758434082741285,50.0571837081114,31.93912385999082,5.064126257802429,4.306803288743541,0.0221552681382183,ON,0.4386497353280212,0.0020781340227335,-5519.951263557219,0.4386497353280212,0.328583481146957,0.3825404584989913,0.0,7.645657440491505e-10,16,270.6704,41.48213333333334,,0.0,169.97094966474157,order_class,5.064126257802429,4.306803288743541,0.669329780452138,0.1619856843808748,,False,0
696520061,682734790,Slc17a7-IRES2-Cre,205,0,3.821881265646174,50.30086648336791,1.3215480950474454,50.55297564160164,33.13725693376928,4.393581402193176,3.3245717039419893,0.0094934940854912,OFF,0.4430692494097359,0.0007266661758392,-6461.430856204824,0.4430692494097359,0.3142930501350843,0.3965902545604983,0.0,0.0,16,160.88822033898305,40.85084745762712,,0.0,50.30086648336791,order_class,4.393581402193176,3.3245717039419893,0.582277190705476,0.2788038486848131,,False,0
696518870,682734790,Slc17a7-IRES2-Cre,205,0,5.01315307214412,54.887796475825176,1.3912706411815217,57.63885833382181,35.24859956725533,5.913121134825012,4.2501587827680725,0.0004748903110924,ON,0.3873553121833695,5.30312266292841e-05,-8806.78815405933,0.3873553121833695,0.3464320645347511,0.318880056397831,0.0,9.519847543604244e-08,16,282.0017441860465,72.41302325581395,,0.0,54.887796475825176,order_class,5.913121134825012,4.2501587827680725,0.7001109656089813,0.3302174599263255,,False,0
696518931,682734790,Slc17a7-IRES2-Cre,205,2,10.171078666766514,14.06006047894502,5.0606708744738444,56.85310674591827,38.78476809460044,22.880792364583595,4.521296273186803,-0.0003099335996875,ON,0.4048689147994303,5.94532039174779e-05,-8704.367655100667,0.3720885673245556,0.317163481823406,0.4048689147994303,0.0327803474748746,0.1038196317017265,16,313.8682258064516,77.81129032258065,176.46369089228153,25.36505956954735,14.06006047894502,order_class,22.880792364583595,4.521296273186803,1.0073670133143908,1.6214990583990188,,False,0
696522658,682734790,Slc17a7-IRES2-Cre,205,1,9.175003153509678,120.4470417462318,1.9153624328272567,,,12.697894216484457,6.629499461227899,0.0004273154212536,ON,0.3528514179607491,6.669182468081321e-05,-8601.423650228307,0.3020379484876977,0.3528514179607491,0.3211099524419689,0.0508134694730514,0.3051784997073026,16,,,108.68070578533916,13.306267539084514,108.68070578533916,order_class,12.697894216484457,6.629499461227899,0.9626062221940579,0.649906864687216,0.0,True,0
696522724,682734790,Slc17a7-IRES2-Cre,205,2,9.735291816545743,4.626628086280431,5.072717394770198,40.62741747380549,31.824858525820595,21.92649973873158,4.322436680848231,-0.0097836597757805,ON,0.4272369455889688,0.0016795389472236,-5710.755419629434,0.4189003321771748,0.3283336945091512,0.4272369455889688,0.008336613411794,5.747192721727855e-10,16,253.7377540106952,338.04449197860964,171.23408462179694,28.35505753436236,4.626628086280431,order_class,21.92649973873158,4.322436680848231,0.98834897408061,1.623876649319475,0.0,True,0
696522698,682734790,Slc17a7-IRES2-Cre,205,0,10.310920467031082,168.32986249343298,1.9585101709914905,41.91631152469964,34.74785747323879,14.429801357892975,7.367743896161607,0.0006302292904472,OFF,0.4484896219009264,0.0001205075356669,-8071.323250218706,0.4484896219009264,0.3164641382356168,0.4054639006676344,0.0,0.0105270943209934,16,32.135138121546966,335.71889502762434,,0.0,168.32986249343298,order_class,14.429801357892975,7.367743896161607,1.0132974369526355,0.6721840673660672,,False,0
696522750,682734790,Slc17a7-IRES2-Cre,205,0,4.942698576093786,15.293084475500962,1.3435964193392491,43.01036095244917,36.80548344754351,5.7292601825702505,4.264122842324761,0.0022976588218934,OFF,0.4868524741750824,0.0002066426479624,-7588.129557015671,0.4868524741750824,0.3548146179970908,0.4154692302992188,0.0,0.0026699387360072,16,75.88127659574468,331.3672340425532,,0.0,15.293084475500962,order_class,5.7292601825702505,4.264122842324761,0.6939641263963041,0.2953499137771959,0.0,True,0
696520178,682734790,Slc17a7-IRES2-Cre,205,0,4.572716935147845,163.55466585126666,1.0482034526348372,57.14282140111249,40.7949831814737,4.681630254391141,4.466337372409019,0.012008799232193,OFF,0.6420391260737618,0.0007283229355274,-6459.390349770019,0.6420391260737618,0.3530072410155922,0.5356895660920282,0.0,1.3171819190915812e-10,16,296.9864661654135,23.669774436090226,,0.0,163.55466585126666,order_class,4.681630254391141,4.466337372409019,0.6601743180856439,0.047077701250793275,0.0,True,0
696518557,682734790,Slc17a7-IRES2-Cre,205,0,5.837853898445659,169.1335545811384,2.0175027140083897,54.270316863347055,32.40762897444245,8.29201894543806,4.110041036308405,0.002759503386312,OFF,0.5546744941446801,0.0002541861113229,-7402.589678410077,0.5546744941446801,0.3895029833045632,0.4192064404625621,0.0,0.009035561931259,16,323.59031250000004,27.523437500000004,,0.0,169.1335545811384,order_class,8.29201894543806,4.110041036308405,0.7662532218796723,0.7018604663944645,,False,0
696518550,682734790,Slc17a7-IRES2-Cre,205,0,4.29400644560575,20.973453449031798,1.213870403821507,56.23371150404796,32.462801343996006,4.730955394720642,3.897413908294204,0.0051788532233827,OFF,0.5412762417579073,0.0003644946584643,-7079.6308002934165,0.5412762417579073,0.3775477612043165,0.5238298553933105,0.0,7.371603327754882e-10,16,235.8430379746836,41.376202531645575,,0.0,20.973453449031798,order_class,4.730955394720642,3.897413908294204,0.6328626920072883,0.19381393555635837,0.0,True,0
696520504,682734790,Slc17a7-IRES2-Cre,205,0,5.396274929185777,170.49340943331777,1.3643057844052529,54.30285649634635,35.815385688083765,6.303038040457428,4.6199599184468285,3.226060358167115e-05,ON,0.4849632177997033,3.16925217718504e-06,-11331.16535412388,0.4849632177997033,0.3421036531288337,0.4220349374705111,0.0,0.0012256864491868,16,188.81432835820897,222.3737313432836,,0.0,170.49340943331777,order_class,6.303038040457428,4.6199599184468285,0.7320940679803423,0.31064571641150296,,False,0
696523706,682734790,Slc17a7-IRES2-Cre,205,0,4.739823345029423,172.81831365054217,1.0494751751982674,40.11253779339647,36.44777545133518,4.855659680658932,4.62675039430218,0.0068478453852364,ON,0.7065295379229379,0.0003711931931265,-7063.313953653713,0.7065295379229379,0.4229140634577744,0.5486011161367143,0.0,6.224998294612759e-11,16,12.24278350515464,297.6021649484536,,0.0,172.81831365054217,order_class,4.855659680658932,4.62675039430218,0.6757621556596123,0.048290206066698,,False,0
696523766,682734790,Slc17a7-IRES2-Cre,205,2,10.096998283744304,77.09657286514688,3.3157925383626683,41.79802974952079,33.623086766447976,18.385945032380903,5.544962424416289,0.0004110863212475,OFF,0.3999189088255899,7.558225399280778e-05,-8489.298977939008,0.3935558367193469,0.3197861061141607,0.3999189088255899,0.0063630721062429,2.8679023600375334e-08,16,171.30450511945395,310.7088737201365,19.01809274546181,30.869191426256464,77.09657286514688,order_class,18.385945032380903,5.544962424416289,1.004192282439724,1.1986966714927714,,False,0
696518415,682734790,Slc17a7-IRES2-Cre,205,2,9.820990393676247,58.686349784326495,3.482039851590472,,,18.32618873395323,5.263061169613691,-8.889955414678132e-05,ON,0.3017263455128262,2.016842297977567e-05,-9673.00758635139,0.1993122945534039,0.2672852051862349,0.3017263455128262,0.1024140509594222,2.2644999730925266e-07,16,,,15.249401109170776,32.12364738279025,58.686349784326495,order_class,18.32618873395323,5.263061169613691,0.9921552862411263,1.2476182863093581,0.0,True,0
696523139,682734790,Slc17a7-IRES2-Cre,205,1,16.032955036149055,57.56860603118916,1.3989454715053242,43.00152950880515,40.044681685453696,18.96330228528164,13.555426334720773,-0.0001256376659618,ON,0.3487484237808623,2.7453873035209046e-05,-9396.69096198134,0.3015874417374423,0.3487484237808623,0.3274416080082486,0.04716098204342,0.088895370107647,16,322.9934782608696,140.00434782608696,13.118402468389633,22.10446329022568,13.118402468389633,order_class,18.96330228528164,13.555426334720773,1.2050135746073165,0.3357187181584152,0.0,True,0
696524004,682734790,Slc17a7-IRES2-Cre,205,0,11.775798432918409,172.35011331224965,2.122988303878295,45.06665719316249,38.93448901780847,17.1579012500089,8.081957502386937,8.678970117510698e-05,ON,0.3155739054795852,2.4560286831752155e-05,-9496.484279238888,0.3155739054795852,0.2863234988679116,0.2857471472607473,0.0,0.0,16,179.04170731707316,245.0690243902439,,0.0,172.35011331224965,order_class,17.1579012500089,8.081957502386937,1.0709903632111144,0.7528246734635008,,False,0
696524021,682734790,Slc17a7-IRES2-Cre,205,0,4.054859452422667,104.45489636650431,1.0444847476870127,42.14240989276068,34.61176642033481,4.144067843627045,3.9675714296489137,0.0013031927668641,OFF,0.3728621636772011,0.000122129345855,-8059.345157186808,0.3728621636772011,0.3367217122617462,0.3564542157664779,0.0,1.0959560925449809e-08,16,105.31405405405404,245.9881081081081,,0.0,104.45489636650431,order_class,4.144067843627045,3.9675714296489137,0.6079758055027553,0.04352369940620259,,False,0
696520350,682734790,Slc17a7-IRES2-Cre,205,0,5.482754304968612,172.38550533092615,1.207948090886901,44.17926994389322,35.719073117695565,6.0259138777216,4.988553666488472,0.0009862969051328,ON,0.4268871669481578,0.0001106148561087,-8148.072714909348,0.4268871669481578,0.2994820263971308,0.3442358695396085,0.0,2.6927146401511948e-08,16,163.38084112149534,188.04196261682245,,0.0,172.38550533092615,order_class,6.0259138777216,4.988553666488472,0.7389987845690262,0.18892312746922305,,False,0
696524930,682734790,Slc17a7-IRES2-Cre,205,0,5.121874369523824,35.171503916482294,1.713613381865975,53.72617409621825,38.611499820946,6.704792537556415,3.9126635030449415,0.0285373060599982,ON,0.5240406213664375,0.0024655123930658,-5366.798640644577,0.5240406213664375,0.399187869767188,0.4625478690598673,0.0,0.0316780677269352,16,267.97439024390246,96.87536585365854,,0.0,35.171503916482294,order_class,6.704792537556415,3.9126635030449415,0.7094289217911977,0.5386042298930257,,False,0
696520748,682734790,Slc17a7-IRES2-Cre,205,0,7.324942080637176,168.61567582327842,1.8000066788105449,39.681502057247535,38.836111743508,9.827459286230988,5.45967934559278,0.0002570399356888,ON,0.3459055148246913,4.497433834247031e-05,-8954.438966959098,0.3459055148246913,0.2856477141057324,0.331359447541683,0.0,4.501706425408258e-07,16,39.39764705882353,369.6996078431373,,0.0,168.61567582327842,order_class,9.827459286230988,5.45967934559278,0.8648041950112504,0.587790375345538,,False,0
696523506,682734790,Slc17a7-IRES2-Cre,205,0,5.006873042624485,119.56400205851163,1.0719433809997223,46.52737964103116,29.614304551383206,5.183850912951423,4.835937237764207,0.0084294469995066,OFF,0.5850991274086723,0.0006295523832447,-6589.969338526759,0.5850991274086723,0.3994256353064846,0.4270337631295081,0.0,0.0,16,49.36223463687151,22.26268156424581,,0.0,119.56400205851163,order_class,5.183850912951423,4.835937237764207,0.6995665792985177,0.06947324502218165,,False,0
696520378,682734790,Slc17a7-IRES2-Cre,205,1,12.466634142636076,167.31533371345745,2.123908796075704,46.36949270821282,38.70210485683817,18.168419384865224,8.554237083265809,-0.0002950161665649,ON,0.347969641022171,6.410808213329569e-05,-8636.826343634046,0.3363876262754737,0.347969641022171,0.329558307719244,0.0115820147466972,0.0225048602856132,16,231.38206896551725,187.91724137931035,172.27915894999688,19.65420637366573,172.27915894999688,order_class,18.168419384865224,8.554237083265809,1.0957492144573868,0.7532581627570528,0.0,True,0
696519164,682734790,Slc17a7-IRES2-Cre,205,2,6.604284267859143,166.43613913885605,3.27159517163938,57.36509417947494,37.63641926471215,11.945533143193522,3.651287068383732,-0.0005871246819245,ON,0.3761351694194758,7.797410095486851e-05,-8461.38390760499,0.3613151363358505,0.339140803514513,0.3761351694194758,0.0148200330836252,0.0,16,334.26700729927006,193.43430656934308,177.7841200450619,28.765551106326125,166.43613913885605,order_class,11.945533143193522,3.651287068383732,0.8198257583075361,1.1852776860368361,,False,0
696520269,682734790,Slc17a7-IRES2-Cre,205,0,4.845292387674638,33.83945103583292,1.2568169454615368,41.9184792327739,33.70604761316919,5.431952997344688,4.321992169949563,0.0047979557095754,OFF,0.458456178682361,0.0004480371746714,-6894.728377433876,0.458456178682361,0.3470516150734254,0.386229006670912,0.0,1.97481431207791e-09,16,53.24546341463415,194.38741463414635,,0.0,33.83945103583292,order_class,5.431952997344688,4.321992169949563,0.6853199895441091,0.2285822908899712,,False,0
696518606,682734790,Slc17a7-IRES2-Cre,205,0,4.881747197398587,13.558728039030882,1.23259688283109,37.82989407805921,35.67636721548751,5.419831916978187,4.397083906726785,0.0034863145246997,ON,0.6276225462343159,0.0002323938538695,-7482.900973793772,0.6276225462343159,0.4002889229129377,0.5383500544734185,0.0,0.0015530651120838,16,162.38625000000002,355.5703125,,0.0,13.558728039030882,order_class,5.419831916978187,4.397083906726785,0.6885752856060514,0.2091232306048638,,False,0
696521201,682734790,Slc17a7-IRES2-Cre,205,0,5.405787773308579,15.203910534467468,1.7375839689832178,56.27078574664673,31.052981287443544,7.125771506058755,4.10096526743887,0.0026594130796783,ON,0.4918746989707089,0.0002580848505094,-7388.951045654003,0.4918746989707089,0.3472854759063395,0.4360559380155391,0.0,0.0124109161232391,16,360.1139285714286,20.25678571428572,,0.0,15.203910534467468,order_class,7.125771506058755,4.10096526743887,0.7328589916604851,0.552495624761431,,False,0
696522378,682734790,Slc17a7-IRES2-Cre,205,0,4.261632577271281,156.67961466717688,1.4309726953872026,42.59074710013431,42.94347450845336,5.097904284997727,3.5625447651314546,0.0011659506236531,ON,0.3147702485262256,0.0001304777118108,-8000.10009031216,0.3147702485262256,0.2821290725344199,0.2649137379627444,0.0,2.23189117187772e-08,16,124.60046511627908,144.90767441860464,,0.0,156.67961466717688,order_class,5.097904284997727,3.5625447651314546,0.6295760036742475,0.35835441960066083,,False,0
696522392,682734790,Slc17a7-IRES2-Cre,205,1,11.319312801349716,92.84845761565478,3.152044440312224,,,20.096305653280755,6.375641598279664,7.08266360073903e-05,ON,0.3346865105889502,1.2427252304244776e-05,-10106.874382472402,0.2283149158810856,0.3346865105889502,0.3257906189554933,0.1063715947078646,0.1330569048923706,16,,,25.12154036928399,12.785776839360748,25.12154036928399,order_class,20.096305653280755,6.375641598279664,1.0538200615129423,1.148051270980069,0.0,True,0
696518321,682734790,Slc17a7-IRES2-Cre,205,0,6.787787791559044,23.10533778662,2.8574342162959545,,,11.474040456394215,4.015504675823414,0.0001333485332525,ON,0.3098418212105978,2.358966978955425e-05,-9532.612689637646,0.3098418212105978,0.296701405297438,0.2827189255546726,0.0,0.0,16,,,,0.0,23.10533778662,order_class,11.474040456394215,4.015504675823414,0.8317282563923188,1.0499240950030932,,False,0
696518394,682734790,Slc17a7-IRES2-Cre,205,2,14.293305275202762,2.058194987518192,9.717939254755994,,,44.55739162462207,4.585065872151396,-6.3444240923719935e-06,ON,0.3388798194290793,1.6627923480737357e-06,-11909.082959343832,0.3001396375667218,0.3202763366693485,0.3388798194290793,0.0387401818623575,0.0,16,,,172.12610952164084,28.45269081706557,2.058194987518192,order_class,44.55739162462207,4.585065872151396,1.1551326694345074,2.2739735851673024,,False,0
696523178,682734790,Slc17a7-IRES2-Cre,205,0,4.115704075233246,129.78190593360998,1.2616044910566206,40.46415641118712,33.91544596247486,4.6228069124848,3.664228326115978,0.0040719025412306,ON,0.4231785585538151,0.0003483890151293,-7120.122995294295,0.4231785585538151,0.3052636471470078,0.2462017730893486,0.0,1.590741205426127e-09,16,200.8339175257732,131.4018556701031,,0.0,129.78190593360998,order_class,4.6228069124848,3.664228326115978,0.6144441408441668,0.2323843164706128,,False,0
696518716,682734790,Slc17a7-IRES2-Cre,205,0,5.067392761669088,2.64371270568243,1.3223019159653808,42.14326385596199,28.73690105782945,5.8270652380098005,4.406758522886659,0.0021726610225394,OFF,0.4585536452777355,0.000211842040569,-7565.864008788941,0.4585536452777355,0.3174139528212362,0.4223046144186404,0.0,8.862882650007008e-10,16,12.54673796791444,226.46278074866308,,0.0,2.64371270568243,order_class,5.8270652380098005,4.406758522886659,0.7047845667368945,0.2793740935438049,0.0,True,0
696518765,682734790,Slc17a7-IRES2-Cre,205,0,7.005919431060836,156.73758759915438,2.2611387369673053,46.21613968644242,39.93540951008234,10.534859396743473,4.659094651959784,0.0007431618847525,ON,0.4637286185452335,9.756763183295348e-05,-8260.528425503055,0.4637286185452335,0.3180539113012423,0.3553658228567163,0.0,1.3195292392076396e-07,16,265.4054838709677,220.7064516129032,,0.0,156.73758759915438,order_class,10.534859396743473,4.659094651959784,0.845465138570185,0.8158685523011259,,False,0
696523911,682734790,Slc17a7-IRES2-Cre,205,0,5.808724898820656,27.071338240998102,1.4371510654548787,56.85920251917578,32.71698388477695,6.963571182659546,4.845399589538262,0.0008742315933354,ON,0.4492199578986593,9.90220437360728e-05,-8247.270589478949,0.4492199578986593,0.3058492087151907,0.387971466077911,0.0,5.405789149648399e-09,16,105.20963414634146,112.54829268292684,,0.0,27.071338240998102,order_class,6.963571182659546,4.845399589538262,0.7640808087789873,0.36266272714908937,,False,0
696521509,682734790,Slc17a7-IRES2-Cre,205,2,8.312075785921017,154.94671353664702,5.0162615766011545,58.64765677588858,34.75516820972199,18.616566318785512,3.7112431308654874,1.3712730948968298e-05,OFF,0.313912489332059,2.6280969703266037e-06,-11498.928500967968,0.3051153640673371,0.2788326917405683,0.313912489332059,0.0087971252647219,0.0592820480013114,16,344.5484745762712,76.66474576271186,3.86694784065412,32.746997742665634,154.94671353664702,order_class,18.616566318785512,3.7112431308654874,0.9197094942768951,1.612684950416143,,False,0
696524708,682734790,Slc17a7-IRES2-Cre,205,0,5.4552626430484175,115.37636100122953,1.288561886539829,32.92348144159822,32.74979448242027,6.1925326524675794,4.805770461748148,0.0004042339734378,ON,0.4394622912145882,4.3977136967791495e-05,-8974.529243420802,0.4394622912145882,0.3221620334033171,0.3967229086868173,0.0,3.737141354154261e-07,16,219.8374869109948,313.22104712041886,,0.0,115.37636100122953,order_class,6.1925326524675794,4.805770461748148,0.7368156644900405,0.25352677986749966,,False,0
696519530,682734790,Slc17a7-IRES2-Cre,205,0,4.44343185041254,9.374001807277097,1.3131584488651449,39.55851454698461,36.31030692704044,5.091867451738676,3.877572775881815,0.0079240150262135,ON,0.4035553563656944,0.0007611836606246,-6419.849755700089,0.4035553563656944,0.2497575596940168,0.3722299272639511,0.0,0.0009584025915287,16,178.93119170984457,307.0815544041451,,0.0,9.374001807277097,order_class,5.091867451738676,3.877572775881815,0.6477185237151036,0.27243526501247123,,False,0
696522107,682734790,Slc17a7-IRES2-Cre,205,0,6.436896595924368,15.06530082565805,1.936331012982548,47.84767361011575,32.48921332286492,8.957077527124744,4.62579872298181,0.0006685481883485,ON,0.335687012947393,0.0001060519706859,-8185.816839885203,0.335687012947393,0.2595373688001468,0.2986020233302913,0.0,5.149764537026869e-08,16,180.7671428571429,270.87,,0.0,15.06530082565805,order_class,8.957077527124744,4.62579872298181,0.8086765325591141,0.6607949520195922,,False,0
696519799,682734790,Slc17a7-IRES2-Cre,205,2,12.746034829184788,14.763826653820018,7.562809303636111,,,35.052312572005235,4.634826975625643,-1.0863257434885228e-05,ON,0.3331247748718041,2.788247280864436e-06,-11445.927247358904,0.3139964148685481,0.2958895187529931,0.3331247748718041,0.019128360003256,0.0,16,,,174.82122769181723,30.85539533324734,14.763826653820018,order_class,35.052312572005235,4.634826975625643,1.1053751008771042,2.0232427221749534,,False,0
696524592,682734790,Slc17a7-IRES2-Cre,205,1,9.25398129283026,27.528656107255102,2.0764012544584585,46.39908490189689,38.07622036988369,13.33473098091602,6.4220395514998,7.158450882867502e-05,ON,0.413561448438921,1.0045176753749376e-05,-10297.542495439462,0.3425963781545482,0.413561448438921,0.2806930534569701,0.0709650702843728,2.1803140712872704e-06,16,213.58900763358776,281.32992366412213,40.89552172672694,16.66565544072777,40.89552172672694,order_class,13.33473098091602,6.4220395514998,0.9663286172268994,0.7306362291214279,0.0,True,0
696520647,682734790,Slc17a7-IRES2-Cre,205,0,6.095761734839836,5.077021437655389,1.3052165618854228,49.11882347253928,29.78302744604441,6.964168514322117,5.335642159077552,0.0016295664514481,OFF,0.5303961074438905,0.0001642176843747,-7794.028629213926,0.5303961074438905,0.409409338580646,0.4283555220908702,0.0,2.5837152417551582e-08,16,56.92120481927712,36.91373493975904,,0.0,5.077021437655389,order_class,6.964168514322117,5.335642159077552,0.7850279833862404,0.2663689748117646,,False,0
696521612,682734790,Slc17a7-IRES2-Cre,205,0,5.033424913074652,24.046942904267286,1.243663675935122,43.41491169868798,39.34318918486278,5.613258844282835,4.513486204429164,0.0128031259975797,ON,0.4735912907634296,0.0012032283025859,-6009.581385726871,0.4735912907634296,0.3185511769337998,0.4377262378410431,0.0,0.0032506198074662,16,264.84319148936174,166.57563829787233,,0.0,24.046942904267286,order_class,5.613258844282835,4.513486204429164,0.701863594337975,0.218061600798619,,False,0
696521626,682734790,Slc17a7-IRES2-Cre,205,2,9.364780132439227,96.53440078691456,2.7108878467949475,,,15.418898895459517,5.687767169596893,-0.002455541883328,ON,0.357324911071427,0.0004577235343642,-6875.563692812666,0.3456738060404276,0.3226921479708302,0.357324911071427,0.0116511050309994,0.1209865223515371,16,,,8.987216331343575,28.278534001852535,96.53440078691456,order_class,15.418898895459517,5.687767169596893,0.9714975854070046,0.9972761999798307,,False,0
696521679,682734790,Slc17a7-IRES2-Cre,205,2,6.898989990022625,167.70056888119038,2.4039195239869704,,,10.69659314118242,4.449646934703458,1.5542792909938436e-05,OFF,0.3015374381354483,2.545333652907149e-06,-11527.598938433586,0.2332521198665574,0.2194453447409129,0.3015374381354483,0.0682853182688908,0.0946539166196321,16,,,2.8540714637185545,31.70356939066993,167.70056888119038,order_class,10.69659314118242,4.449646934703458,0.8387855148145332,0.8771005402336673,0.0,True,0
696524458,682734790,Slc17a7-IRES2-Cre,205,0,5.728195362436611,130.21173458305796,1.0547726881395207,37.55453827361644,32.95687415286792,5.882978473447712,5.577484646312284,0.0026749265881267,ON,0.4040826542757331,0.0003278878114547,-7174.463785517296,0.4040826542757331,0.2989684691920794,0.3626318529330047,0.0,1.6338267405657803e-09,16,24.772222222222226,172.90722222222223,,0.0,130.21173458305796,order_class,5.882978473447712,5.577484646312284,0.7580178213426311,0.05332528223374336,,False,0
696519355,682734790,Slc17a7-IRES2-Cre,205,0,4.943596878353916,177.877061397477,1.3329471227482672,45.276502888758266,37.48921681750908,5.707547179168749,4.281900670899039,0.0055912076713193,OFF,0.7486090242982619,0.0002839084866694,-7303.505307183639,0.7486090242982619,0.4720832570989725,0.7280351465956643,0.0,9.42979028195623e-12,16,202.7359701492537,178.4337313432836,,0.0,177.877061397477,order_class,5.707547179168749,4.281900670899039,0.6940430493290705,0.2873923725540179,0.0,True,0
696520734,682734790,Slc17a7-IRES2-Cre,205,2,22.57071127607724,0.5033109006015763,6.778076620296668,43.42164423471603,38.18578627026185,58.76225889211669,8.669459226258308,-0.0001030505338454,ON,0.3302613187625293,3.802634401121228e-05,-9104.799311983008,0.329419708376554,0.3125629749709347,0.3302613187625293,0.0008416103859752,0.0001029229525896,16,173.01921951219512,370.8043902439025,2.4771347564432062,29.599658442000518,0.5033109006015763,order_class,58.76225889211669,8.669459226258308,1.353545245316492,1.91369337738427,,False,0
696519136,682734790,Slc17a7-IRES2-Cre,205,2,7.879355268145523,59.15316444146551,2.861685320593294,53.120246474724894,38.97945097895518,13.329124376731448,4.657788290282039,-0.0001802489355319,ON,0.4004019956106672,2.7071068713705728e-05,-9409.272298032653,0.3880370717584838,0.3900512147747705,0.4004019956106672,0.0123649238521834,0.1617787836105206,16,285.1083962264151,212.34028301886792,5.383590405958188,26.92791524187421,59.15316444146551,order_class,13.329124376731448,4.657788290282039,0.8964906825984258,1.0514107242133603,,False,0
701726228,688678764,Slc17a7-IRES2-Cre,205,0,5.292002503296334,156.56422853698308,1.3841120774164275,42.72808580036876,32.32367919341203,6.22595059453086,4.49815495155,0.035521083694811,OFF,0.7029780171157914,0.0021601694340219,-5485.26148234233,0.7029780171157914,0.4490007476540822,0.5409380635524332,0.0,0.0,16,136.7475,20.0025,,0.0,156.56422853698308,order_class,6.22595059453086,4.49815495155,0.723620040951504,0.3250588347089269,0.0,True,0
701723010,688678764,Slc17a7-IRES2-Cre,205,0,5.811641463199794,29.15445965714914,1.827946735735665,44.592092893038334,40.6009808144769,7.857431108586986,4.298501129697703,0.0039947451510407,OFF,0.5654275147745318,0.000358413494414,-7094.705610269791,0.5654275147745318,0.4240308479942899,0.4627455052779666,0.0,1.969246987698625e-11,16,208.7405687203792,174.9824644549763,,0.0,29.15445965714914,order_class,7.857431108586986,4.298501129697703,0.7642988135824696,0.6031933346072552,0.0,True,0
701723039,688678764,Slc17a7-IRES2-Cre,205,1,8.987024815527352,6.826678995067823,2.012296799027875,,,12.7485842705398,6.335339934297239,0.0003524384314051,OFF,0.3963157364168125,4.977979176602462e-05,-8863.479693930318,0.2472333704443661,0.3963157364168125,0.343505522105031,0.1490823659724464,0.3129482817669726,16,,,34.21797187229112,4.187702744961819,34.21797187229112,order_class,12.7485842705398,6.335339934297239,0.9536159408930123,0.6992767557856828,0.0,True,0
701720637,688678764,Slc17a7-IRES2-Cre,205,0,5.814940880047421,127.22938506927092,1.1557148763137268,40.58094206287879,31.28312513701676,6.251304522929912,5.409036996105043,0.0045044477103491,OFF,0.578319464898352,0.0003938558685152,-7010.214876263819,0.578319464898352,0.3988475927450282,0.5091527826827984,0.0,1.9787183003217024e-10,16,14.358534031413614,197.3440837696336,,0.0,127.22938506927092,order_class,6.251304522929912,5.409036996105043,0.7645453036560932,0.14471909304043082,0.0,True,0
701724135,688678764,Slc17a7-IRES2-Cre,205,0,6.3080830690871625,153.04239926336192,1.2788250582135008,42.472270903339,37.34104111180682,7.133505042273687,5.57817114738046,0.0015762899528784,ON,0.5416002034198752,0.0001604318028241,-7814.926882752014,0.5416002034198752,0.4215973331864556,0.4561253705830244,0.0,0.0041612270693087,16,296.48751219512195,342.97551219512195,,0.0,153.04239926336192,order_class,7.133505042273687,5.57817114738046,0.7998974037768131,0.24594173311127132,,False,0
701730004,688678764,Slc17a7-IRES2-Cre,205,0,5.568573945687043,178.87562265327074,1.305115186977357,46.62360524960828,34.261185399391586,6.361630092900904,4.874382090085414,0.0198740406238131,OFF,0.6874156871390107,0.0013166350612655,-5928.877689842188,0.6874156871390107,0.4764936244810218,0.6046295141673943,0.0,2.313484805172017e-05,16,48.66664122137405,101.3136641221374,,0.0,178.87562265327074,order_class,6.361630092900904,4.874382090085414,0.7457439910778697,0.266291302762485,0.0,True,0
701731639,688678764,Slc17a7-IRES2-Cre,205,0,7.570257098418383,36.27648778215576,1.4236093384918398,53.76005295488552,34.93494287023351,9.03245992142562,6.344760235272505,0.0017302778796396,ON,0.3565897843787273,0.0003048553509058,-7239.723145247811,0.3565897843787273,0.3193762804962268,0.3203601768496635,0.0,0.0068925181994261,16,264.3370212765957,110.33182978723406,,0.0,36.27648778215576,order_class,9.03245992142562,6.344760235272505,0.8791106291075192,0.35319543440468076,,False,0
701729879,688678764,Slc17a7-IRES2-Cre,205,0,5.847173700000385,31.49870780659293,1.6393490052467805,40.0945519778839,36.10902838319018,7.486549599758523,4.566782043236444,0.0024482440496037,OFF,0.5317469020729353,0.0002364941677315,-7467.229961937391,0.5317469020729353,0.3715940176571601,0.4821526519268786,0.0,5.460153440495219e-09,16,247.68679245283025,357.15537735849057,,0.0,31.49870780659293,order_class,7.486549599758523,4.566782043236444,0.7669459954673802,0.49429921501113094,,False,0
701719883,688678764,Slc17a7-IRES2-Cre,205,1,8.63308692626881,160.69160904549636,1.986597043148642,,,12.16805057657094,6.12507232834963,-0.0004752442863902,OFF,0.4592005461541537,5.669556771393864e-05,-8746.921810920001,0.2308695844393974,0.4592005461541537,0.3980732053668812,0.2283309617147563,0.2506501931147945,16,,,8.628146675353168,17.888169342103485,8.628146675353168,order_class,12.16805057657094,6.12507232834963,0.9361661138300521,0.6864231464000656,1.0,True,1
701727263,688678764,Slc17a7-IRES2-Cre,205,2,10.54007739989341,86.28190818171528,1.9294079657186511,38.83639604223262,37.40279979494892,14.6404974634831,7.588077650560502,0.0010797163897124,OFF,0.5826043883260542,0.0001483345509512,-7885.172158832613,0.5152497315236902,0.4479047769313838,0.5826043883260542,0.0673546568023639,0.225987209389876,16,159.7128,324.6003428571429,177.5387134238858,28.39235506274474,86.28190818171528,order_class,14.6404974634831,7.588077650560502,1.0228438000817637,0.6572132023446591,0.0,True,0
701721940,688678764,Slc17a7-IRES2-Cre,205,2,8.176530306354907,89.27521774644006,1.433600673303438,42.92597932723764,41.86963420328268,9.790010305048654,6.828966034516143,0.0028306482280242,OFF,0.5322996010506931,0.0003382557639845,-7146.570592406644,0.5004057636889918,0.4692101216976067,0.5322996010506931,0.0318938373617012,0.0783637655357367,16,354.8214388489209,314.8562589928057,168.03464838602142,30.651268444843023,89.27521774644006,order_class,9.790010305048654,6.828966034516143,0.9125690508012659,0.36018923289762494,0.0,True,0
701730962,688678764,Slc17a7-IRES2-Cre,205,0,5.095481944746974,13.232250332910866,1.3958958335307678,37.537992050017095,38.18597266963024,6.020211826204784,4.312794466172528,0.0049354396590845,OFF,0.3603016340840612,0.0005932273097016,-6643.219888101457,0.3603016340840612,0.2602502415729157,0.3402217013827332,0.0,0.0022679523154407,16,236.6068421052632,315.85894736842107,,0.0,13.232250332910866,order_class,6.020211826204784,4.312794466172528,0.7071852670559907,0.3335363837414969,,False,0
701723119,688678764,Slc17a7-IRES2-Cre,205,2,8.038377096386535,169.0624091452548,2.7890501386202717,47.84333191010381,35.576825028534124,13.424451084679324,4.813269901028144,0.0004538777323197,OFF,0.4531924138765039,6.25012063772742e-05,-8659.570930637145,0.4066610759510417,0.3494597566107935,0.4531924138765039,0.0465313379254621,2.7911700650751214e-07,16,95.19830357142855,183.34875,158.90323932012274,29.319650729161168,169.0624091452548,order_class,13.424451084679324,4.813269901028144,0.9051683759588212,1.025701085758869,0.0,True,0
701732025,688678764,Slc17a7-IRES2-Cre,205,0,5.753944278040214,10.84881612690758,1.2701545004329555,38.89725702511571,34.35856765634594,6.48476029777272,5.105489368074727,2.22048630005561e-05,OFF,0.4524890514202483,2.476050444092234e-06,-11552.325863796168,0.4524890514202483,0.3893696868800116,0.3032876456615581,0.0,0.0008067712457927,16,161.40428571428572,349.23233766233767,,0.0,10.84881612690758,order_class,6.48476029777272,5.105489368074727,0.7599656518092894,0.23913854695548317,,False,0
701723600,688678764,Slc17a7-IRES2-Cre,205,1,9.514304945580427,99.9902075469177,2.862498552261339,,,16.09717645840834,5.623470602523718,0.0014755019062717,ON,0.3777266259694711,0.000198141480444,-7625.770194327331,0.3182191430597217,0.3777266259694711,0.3447308903138635,0.0595074829097493,0.2323819220800469,16,,,98.42453398196284,17.267896198086387,98.42453398196284,order_class,16.09717645840834,5.623470602523718,0.9783770669977429,1.0516948631199992,0.0,True,0
701729980,688678764,Slc17a7-IRES2-Cre,205,0,5.784671721973676,149.71973548750088,1.4228361565346752,38.657093548344434,37.81041556496663,6.900112384797015,4.849548103698935,0.002980397122498,OFF,0.3895738380150595,0.0003801202279708,-7042.020577435069,0.3895738380150595,0.3804149301871024,0.3827940419528303,0.0,0.0,16,140.20685714285713,353.0094285714286,,0.0,149.71973548750088,order_class,6.900112384797015,4.849548103698935,0.7622787179324243,0.3526521730089987,,False,0
701730030,688678764,Slc17a7-IRES2-Cre,205,0,5.106440686488407,174.49964783893515,2.010592635193624,31.63141538935037,32.560521738775805,7.240696356928321,3.6012746839844207,0.0006427365044593,ON,0.3393903339729813,8.124342365523021e-05,-8424.582368973704,0.3393903339729813,0.3144124713286588,0.3267552836954228,0.0,0.0016575687461686,16,26.42391304347826,352.2547826086957,,0.0,174.49964783893515,order_class,7.240696356928321,3.6012746839844207,0.7081182917552535,0.6984295219931294,,False,0
701728643,688678764,Slc17a7-IRES2-Cre,205,0,6.596575804176962,166.87800500293065,1.4496196850413752,37.4365674265193,37.80735153456303,7.942287363178948,5.478876594416734,0.0002323603325168,OFF,0.5322030245800728,2.513832174710777e-05,-9475.640933526647,0.5322030245800728,0.4285617241473844,0.2989871729415754,0.0,1.0345166945313622e-09,16,147.3130964467005,366.34263959390864,,0.0,166.87800500293065,order_class,7.942287363178948,5.478876594416734,0.8193185574731419,0.37130123585108565,,False,0
701721144,688678764,Slc17a7-IRES2-Cre,205,0,6.128888194012205,176.26222779366208,1.3944539345319915,49.506547747937525,26.700843520122746,7.237420143616573,5.190146454027975,0.0164953587022946,ON,0.5552526166865557,0.0015892412082108,-5760.27074936287,0.5552526166865557,0.4455246982721027,0.4845782704335003,0.0,0.0003179740192715,16,238.2814847161572,48.08751091703057,,0.0,176.26222779366208,order_class,7.237420143616573,5.190146454027975,0.7873816988253622,0.33250289385888726,,False,0
701727187,688678764,Slc17a7-IRES2-Cre,205,0,5.80241402617568,179.3824593808419,2.152141707068386,34.30314975005989,24.76725046544948,8.512245611696379,3.955244017500886,0.0012710342246533,OFF,0.5095087068498492,0.0001273864573481,-8021.583468170849,0.5095087068498492,0.3983325202826836,0.4220875068868993,0.0,3.705122876762612e-05,16,79.68223880597014,228.179104477612,,0.0,179.3824593808419,order_class,8.512245611696379,3.955244017500886,0.763608714275029,0.7664634891410601,0.0,True,0
701726305,688678764,Slc17a7-IRES2-Cre,205,0,5.288352126781481,177.56890279134376,1.3642979684248353,54.251219591340096,31.269584823429035,6.176962735182909,4.527575997430082,0.0058073729773361,OFF,0.5920335506662574,0.0004507040719379,-6889.410835875792,0.5920335506662574,0.4018147679222055,0.4497926536962854,0.0,2.62105781523303e-10,16,367.2019565217392,55.48173913043479,,0.0,177.56890279134376,order_class,6.176962735182909,4.527575997430082,0.7233203650907977,0.31063998748848914,,False,0
701723938,688678764,Slc17a7-IRES2-Cre,205,0,6.99606746383371,147.3074775692438,1.1848327313585791,46.459659922791474,31.434830038134745,7.615220981290091,6.427254058518588,0.0012210932458147,OFF,0.3449209987381052,0.0002051767230871,-7594.508442169418,0.3449209987381052,0.286970832269158,0.331019467208725,0.0,7.822772207788375e-09,16,165.71064220183487,283.0970642201835,,0.0,147.3074775692438,order_class,7.615220981290091,6.427254058518588,0.8448539887753983,0.16960160965213072,,False,0
701730994,688678764,Slc17a7-IRES2-Cre,205,0,6.14976627009109,10.137936590750172,1.290512684173822,33.45964264895992,27.576485629751915,6.986179642787294,5.413491652164427,0.0020915411102453,OFF,0.5537416478024195,0.0002027795845245,-7605.038299568326,0.5537416478024195,0.4251630291228427,0.4979695449768168,0.0,0.0013092427902632,16,74.05272727272727,279.9215151515152,,0.0,10.137936590750172,order_class,6.986179642787294,5.413491652164427,0.7888586101593784,0.2550395690114689,0.0,True,0
701730639,688678764,Slc17a7-IRES2-Cre,205,2,19.194768894921765,165.40636934414326,11.502602257272226,,,65.09999256646525,5.659588248851032,-0.000380509674529,ON,0.309175663629762,0.0001283973797578,-8014.5009941130465,0.3012185139090084,0.2405830093704409,0.309175663629762,0.0079571497207535,0.0,16,,,0.6660675099887214,32.55327166726186,165.40636934414326,order_class,65.09999256646525,5.659588248851032,1.2831828875779652,2.4425732930120767,,False,0
701720562,688678764,Slc17a7-IRES2-Cre,205,0,5.733492312081625,143.91998168924687,1.30576068670444,47.73193329868178,27.532032908974426,6.551655134000306,5.017500680416242,0.0008111083125706,ON,0.4159070251046027,9.71093319022043e-05,-8264.747080742636,0.4159070251046027,0.3417390849864146,0.325029282102252,0.0,4.214362451238074e-07,16,242.6837438423645,53.60098522167488,,0.0,143.91998168924687,order_class,6.551655134000306,5.017500680416242,0.7584192345081,0.26678577264268266,,False,0
701720358,688678764,Slc17a7-IRES2-Cre,205,0,5.793965476052592,179.9358111877384,1.7769570108189596,49.92295966636446,27.140193145752303,7.723503784741839,4.346477566827713,0.0004379084388738,ON,0.3905923075070677,5.582243047676872e-05,-8760.827971373063,0.3905923075070677,0.2799880997527717,0.269666836388919,0.0,7.184073026467175e-07,16,204.1196969696969,75.05727272727273,,0.0,179.9358111877384,order_class,7.723503784741839,4.346477566827713,0.7629759030864998,0.5749023568815487,,False,0
701720365,688678764,Slc17a7-IRES2-Cre,205,0,6.253694851448911,171.78747681085454,1.1869595975052194,45.38871340706846,28.96091775313776,6.81325516725975,5.740090211646645,0.0003262663328032,ON,0.4427697243675302,4.016197996969203e-05,-9055.8404444587,0.4427697243675302,0.3671755894853944,0.4071840934309485,0.0,0.0002298635248382,16,237.2848453608248,65.70092783505154,,0.0,171.78747681085454,order_class,6.81325516725975,5.740090211646645,0.7961366860586407,0.17139507756317052,,False,0
701720039,688678764,Slc17a7-IRES2-Cre,205,0,6.430999148620121,56.20563638112774,1.3118521682296844,31.56289895730797,40.43979641238276,7.365816592585445,5.614822135428151,0.000602135271104,OFF,0.4865054090331093,6.969559623287093e-05,-8561.950587842812,0.4865054090331093,0.3230932819630456,0.4132404345147539,0.0,0.0070327761378602,16,94.648125,263.6765625,,0.0,56.20563638112774,order_class,7.365816592585445,5.614822135428151,0.8082784520878824,0.2714400075192023,,False,0
701728903,688678764,Slc17a7-IRES2-Cre,205,2,8.328341290900305,38.41513883455367,1.1565522375151156,,,8.95655795844404,7.744187999400228,0.0005180029537656,OFF,0.3576593786293136,9.016788335053364e-05,-8331.198180225201,0.2579537994305866,0.2694264233926094,0.3576593786293136,0.099705579198727,0.219143545578161,16,,,169.48561902467006,34.13374001550418,38.41513883455367,order_class,8.95655795844404,7.744187999400228,0.9205585140190121,0.14544337029454726,0.0,True,0
701731610,688678764,Slc17a7-IRES2-Cre,205,0,5.400302467044428,2.6396140494266622,1.2727461279019987,49.768799811136056,28.4645306257948,6.092407965219085,4.7868210569706005,0.0020717774605721,ON,0.532420948843628,0.000185216108959,-7686.212583270553,0.532420948843628,0.3433552694002409,0.468661076432014,0.0,5.3290372115100126e-11,16,221.81661971830988,125.33830985915496,,0.0,2.6396140494266622,order_class,6.092407965219085,4.7868210569706005,0.7324180850247465,0.24117687148729214,,False,0
701719834,688678764,Slc17a7-IRES2-Cre,205,0,7.100200528602538,124.23934322122216,1.6480750336762522,46.28566613442645,31.20866207295509,9.115051037580416,5.530725756610773,7.987854374197854e-05,ON,0.3734192315517698,1.2790560908975275e-05,-10081.05556690132,0.3734192315517698,0.3368256559705193,0.3452698212132289,0.0,5.723349274178169e-06,16,246.69013698630133,123.0191780821918,,0.0,124.23934322122216,order_class,9.115051037580416,5.530725756610773,0.8512706145269244,0.49960796059417134,,False,0
701732377,688678764,Slc17a7-IRES2-Cre,205,1,9.020634215410192,161.1525857881295,2.249414830741865,39.01482315698944,34.279615297491155,13.529191676087118,6.014538310670399,-0.0001046985438331,OFF,0.3314089292178062,1.708238061873271e-05,-9821.806846950376,0.325767692837105,0.3314089292178062,0.3218675292527448,0.0056412363807011,0.062833499188711,16,117.05607843137255,129.53607843137257,88.19657961075339,4.106347240622112,88.19657961075339,order_class,13.529191676087118,6.014538310670399,0.9552370726384144,0.8106701071650645,0.0,True,0
701722978,688678764,Slc17a7-IRES2-Cre,205,0,5.207691505625638,15.38995689995815,1.3195945099105044,51.10729301725154,26.907582463128666,5.9822629637635565,4.533410012572178,0.010877630170347,OFF,0.3754926817780907,0.0012922860956141,-5945.602845863532,0.3754926817780907,0.2882616868363201,0.338345788321105,0.0,0.0,16,241.35139896373056,167.92632124352332,,0.0,15.38995689995815,order_class,5.9822629637635565,4.533410012572178,0.7166452494901092,0.2773244999441928,,False,0
701721235,688678764,Slc17a7-IRES2-Cre,205,0,8.06520788784232,146.78138161724044,2.0522490469322534,34.577002912693466,35.72421455320989,11.55395302562294,5.629898107587889,0.0010761012009897,OFF,0.452798837235717,0.0001644123107298,-7792.967343043036,0.452798837235717,0.3581077682905188,0.4023176144735738,0.0,0.038094968177367,16,254.232183908046,374.1728735632184,,0.0,146.78138161724044,order_class,11.55395302562294,5.629898107587889,0.9066155661923309,0.7189362878447436,,False,0
701728989,688678764,Slc17a7-IRES2-Cre,205,0,6.874382115016441,160.08386398025004,1.9367725202957804,36.39412292935054,32.030839287482664,9.566938367758937,4.939629340826196,0.0011867143516888,ON,0.4895619062516552,0.0001453427502592,-7903.428565778377,0.4895619062516552,0.371171135923901,0.3751516797889554,0.0,2.147974714761247e-07,16,72.74196428571429,295.3623214285714,,0.0,160.08386398025004,order_class,9.566938367758937,4.939629340826196,0.8372336688880263,0.6610229383418535,,False,0
701721123,688678764,Slc17a7-IRES2-Cre,205,0,7.386136784227763,14.999605631752218,1.9938120191195208,44.3067427819671,39.19964913581705,10.429403040971176,5.230885831241434,0.0009023892986842,ON,0.3090174237045612,0.0001730204532195,-7747.242266401882,0.3090174237045612,0.2599877445887854,0.2886316105560935,0.0,0.0077561533712464,16,214.72,291.456,,0.0,14.999605631752218,order_class,10.429403040971176,5.230885831241434,0.8684173461101491,0.6900483938356239,,False,0
701728242,688678764,Slc17a7-IRES2-Cre,205,2,8.28704631515618,56.41647441514004,1.9935949080314008,41.15599485891734,38.80292762082247,11.700871877472162,5.8692324254711945,0.0006714784838399,OFF,0.3664390869739199,0.0001140984573482,-8120.290143938877,0.3561603373644,0.3429777228773235,0.3664390869739199,0.0102787496095199,3.644839962069213e-07,16,280.5848275862069,275.5551724137931,9.771353463867229,31.66341874837332,56.41647441514004,order_class,11.700871877472162,5.8692324254711945,0.9183997660623014,0.6899394954501312,,False,0
701726834,688678764,Slc17a7-IRES2-Cre,205,2,9.54568634337732,31.480873982406592,1.8503053969741177,47.42671659440502,31.65917381558461,12.984608741839722,7.017548974928138,0.0051678194838334,OFF,0.5979198865784113,0.0006309025882278,-6588.049739405944,0.5863048548843763,0.4991666147888302,0.5979198865784113,0.0116150316940349,6.089525550478925e-10,16,151.38220858895707,161.30208588957058,11.56981922554678,30.643549922007285,31.480873982406592,order_class,12.984608741839722,7.017548974928138,0.9798071600136321,0.6153507049115902,0.0,True,0
701720592,688678764,Slc17a7-IRES2-Cre,205,0,6.692429031148544,169.76793760458526,3.1328015137879435,36.9485559799996,33.765656375057965,11.845413193843433,3.781092782836684,0.00134254518644,ON,0.4219754221347775,0.0001837950186408,-7693.113747623554,0.4219754221347775,0.3437093313491192,0.4131974717825319,0.0,0.026434260038445,16,74.0279347826087,215.6021739130435,,0.0,169.76793760458526,order_class,11.845413193843433,3.781092782836684,0.8255837744732408,1.141927656559997,,False,0
701727554,688678764,Slc17a7-IRES2-Cre,205,0,5.604307454346212,14.611148389643455,1.2436259333217814,44.62072122495275,35.604255328280374,6.24981033288552,5.025474433612037,0.0205947092682196,OFF,0.7845099399103275,0.0010669413217937,-6117.291534419629,0.7845099399103275,0.4782638949965273,0.6330716664453955,0.0,4.384714813454593e-12,16,199.1162376237624,225.369801980198,,0.0,14.611148389643455,order_class,6.24981033288552,5.025474433612037,0.7485219528206062,0.21803125241200322,0.0,True,0
701729645,688678764,Slc17a7-IRES2-Cre,205,2,14.370546251998558,3.866476004069156,2.579481059351412,,,23.08019365465058,8.947611214657995,6.653779714382375e-05,OFF,0.3169666329529074,2.1880245305357743e-05,-9600.014026692754,0.2801175840319232,0.3014664647214361,0.3169666329529074,0.0368490489209841,0.0358365817731909,16,,,163.17907943428278,31.2583028995481,3.866476004069156,order_class,23.08019365465058,8.947611214657995,1.1574732768134033,0.9475882389159319,,False,0
701729996,688678764,Slc17a7-IRES2-Cre,205,0,10.160234698628503,19.685408627393254,1.53986963393325,28.863689030741792,29.675096862435776,12.60798599003337,8.187697005121862,0.0015628480947134,ON,0.418919690981636,0.0003136519776435,-7214.234978214236,0.418919690981636,0.3337203772710949,0.4182577684278158,0.0,0.0,16,320.0593085106383,354.3710106382979,,0.0,19.685408627393254,order_class,12.60798599003337,8.187697005121862,1.0069037401469163,0.43169775955214845,,False,0
701729988,688678764,Slc17a7-IRES2-Cre,205,0,4.620139453450558,174.85128125943606,1.447672731563424,42.95400518309287,37.03811434764157,5.558918175172641,3.839899760472279,0.013616121678448,ON,0.5645836362923402,0.0009821353053946,-6191.500200316113,0.5645836362923402,0.3664848772114026,0.5156803616244153,0.0,0.0006514701440333,16,288.39439330543934,353.21598326359833,,0.0,174.85128125943606,order_class,5.558918175172641,3.839899760472279,0.6646550844197675,0.36995725430482823,,False,0
701732032,688678764,Slc17a7-IRES2-Cre,205,2,14.224027958953288,134.28405343528638,2.1582845939039093,,,20.89666365992485,9.682070529043123,0.0004675332648004,OFF,0.3125108998990767,0.0001450902240514,-7904.98667769563,0.1754368828262316,0.3042252177417753,0.3125108998990767,0.1370740170728451,0.0976390338553269,16,,,170.4702515597557,28.88000253317325,134.28405343528638,order_class,20.89666365992485,9.682070529043123,1.1530225972824377,0.7693137366874924,0.0,True,0
701729496,688678764,Slc17a7-IRES2-Cre,205,2,11.329716142666346,146.89967441783836,2.110476202884187,,,16.45922032753328,7.798818250137117,8.8523152076584e-06,OFF,0.3126268740600957,2.25713060636221e-06,-11635.268910327948,0.2386954582459579,0.2958427106862986,0.3126268740600957,0.0739314158141377,0.1928367864329615,16,,,1.4836415621912238,32.19954721781176,146.89967441783836,order_class,16.45922032753328,7.798818250137117,1.0542190290851134,0.7469136105948456,0.0,True,0
701727329,688678764,Slc17a7-IRES2-Cre,205,0,6.781162697565699,61.67318675151319,1.621993209386756,34.50157544165037,37.53291845950638,8.636319092897864,5.324510018240512,0.0007321933654531,OFF,0.4498763577270368,9.58828237571421e-05,-8276.135793301535,0.4498763577270368,0.3839845928696592,0.3913735296702493,0.0,5.2940779760035646e-08,16,104.1118134715026,330.6634196891192,,0.0,61.67318675151319,order_class,8.636319092897864,5.324510018240512,0.8313041643456505,0.4836557691164895,,False,0
701730867,688678764,Slc17a7-IRES2-Cre,205,2,7.953042811235906,171.87817478755713,2.9005341269481497,46.88722917006908,33.18785972628131,13.544791060815186,4.669757523269201,0.0007464371507947,OFF,0.4603778722247127,0.0001002371361391,-8236.342748770896,0.3951024852787268,0.359174579865723,0.4603778722247127,0.0652753869459858,0.0878319073253912,16,46.78186046511628,108.39883720930231,10.616457133563015,34.47871093160114,171.87817478755713,order_class,13.544791060815186,4.669757523269201,0.9005333202665966,1.0648949017393188,0.0,True,0
701731971,688678764,Slc17a7-IRES2-Cre,205,0,7.000115533552783,45.80217581113094,1.5174459289797213,43.669574993392345,35.11991713125167,8.623068187317772,5.682619737966959,0.0037275366967444,ON,0.6393820931088628,0.0003415008017625,-7138.015835945327,0.6393820931088628,0.5158319515463761,0.5536298928188802,0.0,2.412610211610655e-08,16,92.39694915254238,360.06915254237293,,0.0,45.80217581113094,order_class,8.623068187317772,5.682619737966959,0.8451052078957403,0.41702861167235894,,False,0
701724594,688678764,Slc17a7-IRES2-Cre,205,0,6.035585214351691,150.43828413450316,1.1857547448564485,39.92236340642247,38.02534099171025,6.572291562773715,5.542707369532288,0.0016332901749263,OFF,0.5526729217257023,0.0001558950025535,-7840.629742736903,0.5526729217257023,0.4212218661046121,0.5338281109468607,0.0,0.003410610266036,16,301.2159633027523,369.3657798165138,,0.0,150.43828413450316,order_class,6.572291562773715,5.542707369532288,0.7807193859564393,0.1703794873331801,0.0,True,0
701728596,688678764,Slc17a7-IRES2-Cre,205,1,5.929293655496152,27.837950720551284,1.234369827211374,,,6.5875755428905896,5.336792424498019,-0.0059930755734115,ON,0.41115356050565,0.0005415286604828,-6724.918650220006,0.2551356507503426,0.41115356050565,0.3813100579825863,0.1560179097553073,0.2731702542141074,16,,,46.089206201247926,7.351188936069979,46.089206201247926,order_class,6.5875755428905896,5.336792424498019,0.7730029598412353,0.21056057848499848,1.0,True,1
701728881,688678764,Slc17a7-IRES2-Cre,205,2,7.960122134476614,47.96882864731006,1.8102432094686705,43.40918819179121,34.72776568093228,10.709968532649176,5.916314712094785,0.0012154317032915,OFF,0.5141067828717635,0.0001466923803354,-7895.146841897482,0.4904148939954813,0.3953106644408184,0.5141067828717635,0.0236918888762821,4.462674119132259e-09,16,190.3605780346821,203.6701734104046,178.388291433407,30.9560256170487,47.96882864731006,order_class,10.709968532649176,5.916314712094785,0.9009197312957494,0.5934612061231054,0.0,True,0
701728849,688678764,Slc17a7-IRES2-Cre,205,0,6.881782014930345,1.7843413244463733,1.3153726683672171,50.50243800455949,40.52815966615305,7.892694966841713,6.000348917572523,0.004228060109532,OFF,0.6633503923965965,0.0003616382725487,-7086.680019168292,0.6633503923965965,0.4982393018186543,0.5831900502900137,0.0,6.875350289092808e-10,16,297.9212154696133,211.63856353591163,,0.0,1.7843413244463733,order_class,7.892694966841713,6.000348917572523,0.837700911933235,0.27412002347798436,0.0,True,0
701731506,688678764,Slc17a7-IRES2-Cre,205,0,5.532223436596849,111.56352747079742,1.1281538223036982,44.0802179736577,33.80221808533515,5.876028205162621,5.20853458898338,0.0016585545480056,OFF,0.5351105523270067,0.0001509270495171,-7869.647702486567,0.5351105523270067,0.3953256407145283,0.5108758339711434,0.0,1.7497003845790005e-11,16,211.5290445859873,241.5714649681529,,0.0,111.56352747079742,order_class,5.876028205162621,5.20853458898338,0.7428997121678332,0.12058251106920599,0.0,True,0
701726122,688678764,Slc17a7-IRES2-Cre,205,0,5.426030070148274,8.174020090983108,1.426842919743755,51.869142346009845,32.16929087832557,6.48142169495703,4.542491402011526,0.0051094072392321,ON,0.6296870501484728,0.0003755154455386,-7052.941015095106,0.6296870501484728,0.4384946750340847,0.4680970175524843,0.0,2.9484326091733237e-10,16,93.53675675675676,33.09027027027027,,0.0,8.174020090983108,order_class,6.48142169495703,4.542491402011526,0.7344821962193995,0.3554642551713904,,False,0
701724192,688678764,Slc17a7-IRES2-Cre,205,2,7.604903523208169,164.71612732571424,2.178373098835375,44.87014290947142,35.09019026489895,11.224314876775871,5.152613610027012,0.0005297430823712,OFF,0.3601322916254572,8.375008995103865e-05,-8397.355288642812,0.3516086195931043,0.309439574912694,0.3601322916254572,0.0085236720323529,0.0,16,186.225,341.7612162162162,0.6002352748489272,31.373893372977854,164.71612732571424,order_class,11.224314876775871,5.152613610027012,0.8810937089078741,0.7785783132538688,,False,0
701732548,688678764,Slc17a7-IRES2-Cre,205,0,6.470935284945552,166.92222152714072,2.51467755088764,40.82242379520618,29.200957835746213,10.261437608542703,4.080617654108609,0.0003363323830905,ON,0.4840116049342196,3.9353027513150206e-05,-9074.07213259726,0.4840116049342196,0.3863679454817977,0.4365340295016097,0.0,0.0225514337235538,16,100.94341463414634,116.13629268292684,,0.0,166.92222152714072,order_class,10.261437608542703,4.080617654108609,0.8109670565164462,0.9221445849494007,,False,0
701726694,688678764,Slc17a7-IRES2-Cre,205,1,19.140640769104703,57.96657639296737,3.777225687137223,,,37.19999998791053,9.848498095993987,-1.4300257878764844e-05,OFF,0.3147587687258224,3.588133943170977e-06,-11219.938942098324,0.2629507814175431,0.3147587687258224,0.2528005277839437,0.0518079873082792,0.1020382977117351,16,,,174.581079753461,24.228655192373097,174.581079753461,order_class,37.19999998791053,9.848498095993987,1.2819564725123127,1.328989794960065,0.0,True,0
701726735,688678764,Slc17a7-IRES2-Cre,205,0,5.058089469371918,113.18374301111346,1.17016728745995,58.36831162188994,35.90641614852299,5.471551402590428,4.675871100846934,2.3956715213723667e-05,OFF,0.4196259003908394,2.523376749364193e-06,-11535.361665861732,0.4196259003908394,0.3290152067501756,0.3880202573576458,0.0,1.1167937485900838e-07,16,370.2613432835821,79.33298507462686,,0.0,113.18374301111346,order_class,5.471551402590428,4.675871100846934,0.703986507039005,0.1571467193238937,,False,0
701720914,688678764,Slc17a7-IRES2-Cre,205,0,5.315182586626841,13.011810608369032,1.2374996552247794,41.46386479830582,36.89870208817554,5.912766534969883,4.777994490750697,0.0508063663612588,OFF,0.6968350708259177,0.0031484401010032,-5147.719946727952,0.6968350708259177,0.4540073550151776,0.58014881093292,0.0,1.2871925747504065e-12,16,231.62301724137933,307.9991379310345,,0.0,13.011810608369032,order_class,5.912766534969883,4.777994490750697,0.7255181879566817,0.21309293685443068,0.0,True,0
701732734,688678764,Slc17a7-IRES2-Cre,205,0,10.877615252257142,32.65906491401131,3.7521620683437247,53.58323904621142,24.62847594202612,21.07048284381417,5.615557766436002,0.0008248660910875,ON,0.3065082512546795,0.0002240699696581,-7515.582762544062,0.3065082512546795,0.3060499168548325,0.2958030107057406,0.0,2.1686211493232577e-08,16,125.93953125,22.16296875,,0.0,32.65906491401131,order_class,21.07048284381417,5.615557766436002,1.0365336934958174,1.322332225398653,,False,0
701722352,688678764,Slc17a7-IRES2-Cre,205,0,7.202586547351505,141.51205789888834,1.0996847848150253,32.99295324040556,34.36625586358397,7.553054069143567,6.868380988297518,0.0006530142803911,OFF,0.5520540187539862,7.368647990031073e-05,-8512.059336125683,0.5520540187539862,0.4263545296168965,0.5466254957507561,0.0,2.533295018203319e-07,16,103.77774193548387,316.981935483871,,0.0,141.51205789888834,order_class,7.553054069143567,6.868380988297518,0.8574884855309102,0.09502357947930706,0.0,True,0
701727767,688678764,Slc17a7-IRES2-Cre,205,1,8.373144802796697,172.02936840217822,2.1388418160678246,,,12.245539823249976,5.725313452942918,-0.0005397570959261,OFF,0.3253440280262925,8.287535351562255e-05,-8406.76286806165,0.2653467487279487,0.3253440280262925,0.2827103721108194,0.0599972792983437,0.014795929665594,16,,,4.33983423054058,11.250132669630478,4.33983423054058,order_class,12.245539823249976,5.725313452942918,0.9228886018391057,0.7602644750832068,0.0,True,0
701720308,688678764,Slc17a7-IRES2-Cre,205,0,4.17253447765395,168.3142185348176,1.6630018697659736,40.16073011608115,31.926426200185208,5.380793219422167,3.2355906010973885,0.0015916421537022,ON,0.4174433147476241,0.000140244966559,-7935.419433327691,0.4174433147476241,0.2949136791990154,0.3606001068037537,0.0,0.0047338667053176,16,109.56053333333332,226.41146666666668,,0.0,168.3142185348176,order_class,5.380793219422167,3.2355906010973885,0.620399933941577,0.5086243245432756,,False,0
701728919,688678764,Slc17a7-IRES2-Cre,205,1,7.442026314130342,13.975327192460014,1.3486674332449151,51.2863438620774,37.87818874101676,8.64258454339423,6.408239963650665,-0.0011669537877151,ON,0.5469756326250279,0.0001006444259565,-8232.70944193485,0.3208707181614798,0.5469756326250279,0.4096046419483455,0.226104914463548,0.0366058479468404,16,110.7149132947977,278.29317919075146,89.67851821429161,12.380051388131818,89.67851821429161,order_class,8.64258454339423,6.408239963650665,0.871691201302473,0.299117018474402,1.0,True,1
701726873,688678764,Slc17a7-IRES2-Cre,205,0,7.328219221658326,173.63018190549542,2.27772202932668,58.2447554617639,39.46382946462303,11.05983922459113,4.855658013660492,0.004031136784339,OFF,0.3729586272398025,0.0006653351213838,-6540.436853273205,0.3729586272398025,0.3656482172167675,0.3370010909972213,0.0,2.200557291942573e-09,16,267.26931506849314,150.1090410958904,,0.0,173.63018190549542,order_class,11.05983922459113,4.855658013660492,0.8649984526538536,0.8231758335788769,,False,0
701726950,688678764,Slc17a7-IRES2-Cre,205,2,7.013007688908677,8.385468727999438,2.789830249699933,,,11.713675925619546,4.19870561188425,-0.000554622002885,ON,0.3301480549643424,8.639318453038065e-05,-8369.515184142243,0.2838586886754393,0.2413530499493469,0.3301480549643424,0.0462893662889031,0.2282455253943891,16,,,171.87761532877803,32.99895816889439,8.385468727999438,order_class,11.713675925619546,4.19870561188425,0.8459043150500416,1.0259807515808426,,False,0
701731817,688678764,Slc17a7-IRES2-Cre,205,0,4.646135066612408,77.873255505301,1.2355846269615682,39.24723578667065,37.30921819732552,5.1644975890299945,4.179800781214018,0.0053957667629602,OFF,0.4268321556144072,0.0005156518393813,-6768.790560086446,0.4268321556144072,0.3221514459115461,0.4173965631663747,0.0,1.4760026534332835e-10,16,309.32522123893807,238.2382300884956,,0.0,77.873255505301,order_class,5.1644975890299945,4.179800781214018,0.6670918309123062,0.21154424022507173,0.0,True,0
701721109,688678764,Slc17a7-IRES2-Cre,205,2,8.158170850856585,77.99613712969465,1.286003056197489,33.52773204974884,33.22540693253473,9.251535008093098,7.194022567448984,-0.0004091155776405,ON,0.3148025250097315,7.679638513334124e-05,-8475.020276795245,0.3055912431996334,0.2884317721495713,0.3148025250097315,0.0092112818100981,1.3159572614940274e-06,16,250.7232,295.5442285714286,177.79671134712942,32.5139078478547,77.99613712969465,order_class,9.251535008093098,7.194022567448984,0.911592796201385,0.2515390023269808,,False,0
701731051,688678764,Slc17a7-IRES2-Cre,205,0,4.680078159539779,73.6528284164228,1.1337977176395582,38.49515643039335,36.22626126312389,4.983344318214833,4.395267551419671,0.0044578790679007,OFF,0.5161419300601183,0.0003585678906327,-7094.319717366384,0.5161419300601183,0.3816648457641043,0.5009330230958268,0.0,0.0,16,203.9312582781457,271.3470198675497,,0.0,73.6528284164228,order_class,4.983344318214833,4.395267551419671,0.6702531060598911,0.12557280988748146,,False,0
701721754,688678764,Slc17a7-IRES2-Cre,205,0,6.447851871868566,8.768457346175808,1.4215523312770684,34.49513864307664,40.49088617439846,7.687700891300823,5.407961931583965,0.0062578108923132,OFF,0.5696908831081541,0.0006142594980444,-6612.00340313018,0.5696908831081541,0.4657079166780795,0.4754746471187707,0.0,0.0013656333631768,16,97.73440414507772,250.26279792746115,,0.0,8.768457346175808,order_class,7.687700891300823,5.407961931583965,0.8094150517546894,0.3517494655551552,0.0,True,0
701727934,688678764,Slc17a7-IRES2-Cre,205,1,7.103964797043807,14.694418554502429,2.309248482877873,,,10.79533525577137,4.674826176487432,-0.0001286828323151,OFF,0.3081003327645419,1.7443479987399103e-05,-9803.063978469114,0.277719967532632,0.3081003327645419,0.3037673155179734,0.0303803652319099,0.1478793935369188,16,,,71.8483448369199,6.537100830933124,71.8483448369199,order_class,10.79533525577137,4.674826176487432,0.8515008006748941,0.8369221395142371,0.0,True,0
701725622,688678764,Slc17a7-IRES2-Cre,205,0,6.257183278425988,169.54906766980764,1.2941600496304535,62.42871269935992,27.35777205602516,7.118243998082696,5.500281051107478,0.0182133521738578,ON,0.5760103771228164,0.001715518699999,-5691.763656421842,0.5760103771228164,0.4285984256783006,0.4976890740844307,0.0,0.0013313999317501,16,114.19022727272728,28.36806818181818,,0.0,169.54906766980764,order_class,7.118243998082696,5.500281051107478,0.79637887603287,0.2578618743888507,,False,0
701723083,688678764,Slc17a7-IRES2-Cre,205,0,5.671016295932145,148.54562316630725,1.4089218919727469,37.45239273850669,30.70355642081726,6.73138381057421,4.777684163278241,0.0020081319220025,ON,0.3709593927506787,0.0002614314032769,-7377.407411616261,0.3709593927506787,0.2599931677286726,0.3231501301396347,0.0,1.1193437288170571e-09,16,31.231022727272727,168.43125,,0.0,148.54562316630725,order_class,6.73138381057421,4.777684163278241,0.7536608952534188,0.34282479630029367,,False,0
701719997,688678764,Slc17a7-IRES2-Cre,205,0,5.2643856160556455,9.721073647896263,1.2780028460567554,52.28415167404645,32.44238633014279,5.951324132804071,4.656737777358422,0.0172934445071829,ON,0.5582623814736265,0.0014320008839993,-5853.6196034408,0.5582623814736265,0.4062615469202997,0.4512050850817127,0.0,5.726974450226408e-12,16,80.535,30.94827272727273,,0.0,9.721073647896263,order_class,5.951324132804071,4.656737777358422,0.7213476938261367,0.24529858291433085,,False,0
701730710,688678764,Slc17a7-IRES2-Cre,205,2,7.515459873970979,165.64482850895652,2.5880209641696514,43.66796268324694,37.093949142551416,12.090366204569408,4.6716647090409165,5.132038539637566e-05,OFF,0.3869656393790135,7.571570835722823e-06,-10550.834563602117,0.3794310203826035,0.3602547322377247,0.3869656393790135,0.0075346189964099,0.0004613187727126,16,182.63508196721315,167.11819672131148,167.16539044579764,29.352061448628238,165.64482850895652,order_class,12.090366204569408,4.6716647090409165,0.8759555603876439,0.9508934771350767,,False,0
701731603,688678764,Slc17a7-IRES2-Cre,205,2,7.599536661610029,91.08101500843712,1.5431617288213446,54.68066016316036,35.406213697678375,9.44045304504678,6.11760444075899,0.0013287744582579,OFF,0.4697163292466858,0.0001673351538614,-7777.178615225168,0.3928905219040653,0.3986339877716311,0.4697163292466858,0.0768258073426204,0.0,16,195.46057142857143,123.31428571428572,10.287319641579444,32.93905639812056,91.08101500843712,order_class,9.44045304504678,6.11760444075899,0.8807871144597155,0.43383338241937214,0.0,True,0
701730010,688678764,Slc17a7-IRES2-Cre,205,0,5.90689497701484,153.15902143258498,1.3499690011540624,43.44723380910993,27.228958837994107,6.863112965004492,5.083904118640761,0.0001416730497702,ON,0.3300204174878924,2.0981317803704374e-05,-9637.602817552706,0.3300204174878924,0.2817086846007405,0.2983084489853201,0.0,0.0045346596005836,16,120.91285714285712,114.65571428571428,,0.0,153.15902143258498,order_class,6.863112965004492,5.083904118640761,0.7713592492887269,0.3000816300786029,,False,0
701733725,688678764,Slc17a7-IRES2-Cre,205,0,5.511556419045363,137.007431283845,1.586807132503706,31.484097541120505,28.1134648202891,6.942826770665813,4.375343813656319,0.0046838248900904,ON,0.4927291654481127,0.0004623209172526,-6866.6091486142095,0.4927291654481127,0.4579400082796555,0.4788375940636112,0.0,2.091359307954121e-10,16,91.77675,107.0615,,0.0,137.007431283845,order_class,6.942826770665813,4.375343813656319,0.7412742574277109,0.46172390454565854,,False,0
701720921,688678764,Slc17a7-IRES2-Cre,205,0,6.007208210064191,38.38936649920064,1.1486660861281095,51.22708224995203,34.20253926620807,6.438275910571814,5.605002174542968,0.0577920369885653,OFF,0.7443129068308978,0.0035775788619245,-5033.229826609444,0.7443129068308978,0.4824514371859076,0.6164165086562485,0.0,9.606571094167292e-11,16,191.26137931034484,327.1197044334976,,0.0,38.38936649920064,order_class,6.438275910571814,5.605002174542968,0.7786726848714236,0.13860134403539034,0.0,True,0
701719869,688678764,Slc17a7-IRES2-Cre,205,0,5.579266734040167,14.82084726536165,1.7381408537887824,38.71363928434774,35.01665796032468,7.355625478272471,4.231892635305563,0.0027329034789798,OFF,0.4700383105589405,0.000285592557053,-7298.206172165186,0.4700383105589405,0.3842465733978438,0.4690365123277067,0.0,3.4496023815222543e-09,16,166.37833333333333,322.6672222222222,,0.0,14.82084726536165,order_class,7.355625478272471,4.231892635305563,0.746577124692797,0.552816067166239,,False,0
701720791,688678764,Slc17a7-IRES2-Cre,205,0,5.310842791362209,1.2769392762780378,1.392092142423227,42.9802695442482,35.99446810529134,6.266101666021197,4.501211863112551,0.0107354525667949,OFF,0.621669607987699,0.0007861869345031,-6390.891103435321,0.621669607987699,0.419810278399498,0.5225820229908192,0.0,8.505751658560712e-12,16,342.5236363636364,372.0927272727273,,0.0,1.2769392762780378,order_class,6.266101666021197,4.501211863112551,0.7251634458637978,0.3308077539910436,0.0,True,0
701728779,688678764,Slc17a7-IRES2-Cre,205,0,6.475702739907349,43.36295721965208,1.6131116075251917,32.24195729506353,31.198070092827454,8.224681953103037,5.098644083109167,0.005489349975832,OFF,0.6223746311774617,0.0004848966229194,-6823.891055175764,0.6223746311774617,0.4322324324054142,0.4916402257792278,0.0,0.0301046387490043,16,127.09305555555557,377.92083333333335,,0.0,43.36295721965208,order_class,8.224681953103037,5.098644083109167,0.8112869047229445,0.4781649892634482,0.0,True,0
701730797,688678764,Slc17a7-IRES2-Cre,205,0,5.654156060662188,7.046995724581053,2.062016191888683,49.55355815872575,28.713072289828805,8.119210981981908,3.9375107789746298,0.0021368907276605,ON,0.5473422781651425,0.0001937821934977,-7645.703066216892,0.5473422781651425,0.4154413766435391,0.4426138371950584,0.0,3.7144918252352e-09,16,200.21268292682927,101.93268292682929,,0.0,7.046995724581053,order_class,8.119210981981908,3.9375107789746298,0.7523677913040266,0.7236842380802725,,False,0
701733631,688678764,Slc17a7-IRES2-Cre,205,0,5.485843938575461,178.43904884166045,1.2915451137427767,43.25749911703516,26.733349103509028,6.234451330880504,4.8271262571801685,0.0081209726310037,ON,0.3892869314091794,0.0009850781781045,-6188.819437971608,0.3892869314091794,0.3525271702566481,0.3497386308505174,0.0,1.7477238354990376e-05,16,182.1006936416185,94.69560693641618,,0.0,178.43904884166045,order_class,6.234451330880504,4.8271262571801685,0.7392434486240408,0.255839264219538,,False,0
701720672,688678764,Slc17a7-IRES2-Cre,205,2,7.667831764250397,1.679762428159407,1.8927284014484331,50.1038655585477,26.581182565811066,10.5491319649399,5.57350539933096,0.0012658583852086,OFF,0.5193948717809259,0.0001456185604097,-7901.729879665974,0.4397215599474079,0.416786632993717,0.5193948717809259,0.079673311833518,1.269281457716431e-09,16,16.978134715025906,94.12134715025908,2.386700964841566,32.60760010415921,1.679762428159407,order_class,10.5491319649399,5.57350539933096,0.8846725756902147,0.6380193867347089,2.0,True,2
701729914,688678764,Slc17a7-IRES2-Cre,205,2,12.31395524408287,179.65432829182265,1.3671305679593024,,,14.398013211431971,10.53155678679886,0.0001821193135679,ON,0.3324992672018062,4.955330756144434e-05,-8867.565546487633,0.2181188482093262,0.2899183590110419,0.3324992672018062,0.1143804189924799,0.0293371623016991,16,,,3.054862028137336,30.236028342165167,179.65432829182265,order_class,14.398013211431971,10.53155678679886,1.0903975707851719,0.31271406741566043,0.0,True,0
701728288,688678764,Slc17a7-IRES2-Cre,205,0,6.064468972686975,172.6845810822102,1.445984297215834,55.11608060538359,27.36908762613065,7.292468583113995,5.0432557235616295,0.0025522344963464,ON,0.495365674092341,0.00027454204952,-7333.563886101318,0.495365674092341,0.398797361667961,0.4934955363003704,0.0,0.0,16,255.7459296482412,92.6867336683417,,0.0,172.6845810822102,order_class,7.292468583113995,5.0432557235616295,0.7827927784377839,0.3687902642141466,,False,0
701731997,688678764,Slc17a7-IRES2-Cre,205,2,10.201893602067182,96.98561441774804,1.1524928569624464,,,10.952163310194448,9.5030205558587,-0.0011379270479756,ON,0.3134269645971528,0.0002679390609446,-7355.376885108449,0.302085535826605,0.2376276374578289,0.3134269645971528,0.0113414287705477,0.1377340506812859,16,,,3.0424938627720337,30.31005509850187,96.98561441774804,order_class,10.952163310194448,9.5030205558587,1.0086807898601293,0.14192729800607262,,False,0
701720872,688678764,Slc17a7-IRES2-Cre,205,2,8.960722485368878,54.79568291575453,1.1620908004318484,,,9.659687103000111,8.312334199195487,0.0003968378510292,OFF,0.316774045289498,8.143971847348134e-05,-8422.420125975363,0.2450705954944075,0.3017252305514111,0.316774045289498,0.0717034497950904,0.225060562253997,16,,,4.271833072831981,31.4748009043738,54.79568291575453,order_class,9.659687103000111,8.312334199195487,0.9523430273807898,0.15022079688444573,0.0,True,0
701728873,688678764,Slc17a7-IRES2-Cre,205,0,6.5641352396742585,167.12272262403633,2.1463825222021025,41.2255374260284,27.981629117471307,9.616811019660668,4.480473969660452,7.12291411904614e-05,ON,0.5164723314771016,7.916397551958786e-06,-10510.930581909011,0.5164723314771016,0.3861590814828665,0.4010201931649287,0.0,0.0139807497967636,16,290.4107142857143,189.7907142857143,,0.0,167.12272262403633,order_class,9.616811019660668,4.480473969660452,0.817177520162777,0.7637838772532722,,False,0
701720679,688678764,Slc17a7-IRES2-Cre,205,2,9.398928240932172,96.84269791372544,3.551838917785674,,,17.71352377712445,4.987141643283645,-0.0015419495100304,ON,0.3264270417765736,0.0003115116323288,-7220.370194225984,0.3036473533424593,0.244676086527769,0.3264270417765736,0.0227796884341143,0.0,16,,,176.3631554655801,30.38052459398233,96.84269791372544,order_class,17.71352377712445,4.987141643283645,0.9730783338564849,1.2674654743790923,,False,0
701732978,688678764,Slc17a7-IRES2-Cre,205,2,10.640616809826538,95.52735565882202,1.7889729128341276,38.620711865817896,35.81054591990254,14.232090152139358,7.9554531262257,0.00032406312512,OFF,0.495730279934333,5.386273620420685e-05,-8792.848216063416,0.4908680130435178,0.387878184499116,0.495730279934333,0.0048622668908152,0.0844612480419065,16,154.3987665198238,330.2389427312776,171.54251391839313,35.60362829882534,95.52735565882202,order_class,14.232090152139358,7.9554531262257,1.026966803648862,0.5816416634584227,,False,0
701732004,688678764,Slc17a7-IRES2-Cre,205,0,7.040818534880777,42.0474674244968,1.4867183426134631,29.8553239345336,36.40479528210808,8.584944681903076,5.774425750886902,0.001148133789219,OFF,0.3666243081276428,0.0001850909327446,-7686.818339466136,0.3666243081276428,0.3400631994859934,0.3272341482809859,0.0,0.0072374893881924,16,111.40368932038834,339.56126213592233,,0.0,42.0474674244968,order_class,8.584944681903076,5.774425750886902,0.8476231512610876,0.3965712363652304,,False,0
701730814,688678764,Slc17a7-IRES2-Cre,205,0,5.884530125196975,132.02713821526183,1.4259714374766677,46.19263154332533,33.35660279048197,7.026955508782138,4.927837489660178,0.0014182162819603,OFF,0.492636456708162,0.0001490573239095,-7880.816923196058,0.492636456708162,0.476248077206997,0.4247055935529336,0.0,5.1480912310886147e-08,16,68.4968115942029,95.8872463768116,,0.0,132.02713821526183,order_class,7.026955508782138,4.927837489660178,0.7697117905131674,0.354853291971496,,False,0
701730838,688678764,Slc17a7-IRES2-Cre,205,1,13.984111780612697,89.0818527232083,3.491571859921717,64.813087950027,30.555897067923613,26.130359160741037,7.4838382851805,0.0003696488285699,ON,0.3935245291885298,5.320787553513353e-05,-8803.808506033665,0.3876122876279182,0.3935245291885298,0.3552430554335275,0.0059122415606116,0.0353267142341731,16,101.894,94.46171428571428,45.55650745594073,12.953233176184195,45.55650745594073,order_class,26.130359160741037,7.4838382851805,1.1456348867941362,1.2503520244817385,0.0,True,0
701730830,688678764,Slc17a7-IRES2-Cre,205,0,4.674436273869199,68.97799169962207,1.1466862252592978,59.69638280353181,38.23719009925264,5.005546972857977,4.365228135295759,0.0017428115553411,OFF,0.3831798816271374,0.0001834954032662,-7694.575563228995,0.3831798816271374,0.3402752321210699,0.3331247104031277,0.0,4.465715686130522e-09,16,378.0595256916996,97.42909090909092,,0.0,68.97799169962207,order_class,5.005546972857977,4.365228135295759,0.6697292434631101,0.1368762394839081,,False,0
701720325,688678764,Slc17a7-IRES2-Cre,205,2,8.865752940615687,171.9080388892557,2.3378341056725778,56.66257882257598,27.08692828617599,13.555716258154073,5.798408118549624,-0.0065710356436215,ON,0.5603840813064316,0.0008047424437486,-6369.9894965442,0.5098156648090417,0.458065184252684,0.5603840813064316,0.0505684164973898,4.4454151471029485e-10,16,253.0231279620853,87.00511848341232,174.62275903630768,27.309691992750768,171.9080388892557,order_class,13.555716258154073,5.798408118549624,0.9477156247726665,0.8492249048748248,0.0,True,0
701719848,688678764,Slc17a7-IRES2-Cre,205,0,6.772662577517173,163.79941267116882,1.1222545780354654,46.94184021296166,38.08298061475312,7.1747228895381765,6.393133100065145,0.0035483212164767,OFF,0.6062057327663075,0.0003382739392486,-7146.522449548823,0.6062057327663075,0.5336050022045127,0.5924983086149559,0.0,2.7520263845559606e-10,16,244.13604060913704,334.91299492385787,,0.0,163.79941267116882,order_class,7.1747228895381765,6.393133100065145,0.8307594390534716,0.11533967800815369,0.0,True,0
701728952,688678764,Slc17a7-IRES2-Cre,205,0,5.107907174318324,175.07204538790924,1.3846071257869066,41.33509672912562,38.0827080632899,6.0104401566866645,4.340899338699258,0.0039723664774053,OFF,0.6017332103572923,0.0002922215535048,-7277.646475471847,0.6017332103572923,0.3742770699723493,0.499416136579507,0.0,0.0005499996146564,16,229.80901554404147,299.18051813471504,,0.0,175.07204538790924,order_class,6.0104401566866645,4.340899338699258,0.7082429962562882,0.32541643570738266,0.0,True,0
701720018,688678764,Slc17a7-IRES2-Cre,205,0,5.527579104349518,173.20488536429076,1.738759719578175,,,7.288778486361275,4.191941189050285,0.0001997815190848,ON,0.3128770976948488,2.8873812838484092e-05,-9351.507651392476,0.3128770976948488,0.2806803827095575,0.1958577174048199,0.0,0.1464149489613402,16,,,,0.0,173.20488536429076,order_class,7.288778486361275,4.191941189050285,0.7425349664179459,0.5531720542201505,,False,0
701724338,688678764,Slc17a7-IRES2-Cre,205,0,5.388362961347689,114.98888144555282,1.0421985628016412,37.43930036165162,37.13391494371432,5.500878810969027,5.278148528800068,0.0066602710574162,OFF,0.5149177978736754,0.0006153683495128,-6610.387416330705,0.5149177978736754,0.344220688898457,0.4614300951128308,0.0,1.3042389390705011e-10,16,143.02493150684933,381.1421917808219,,0.0,114.98888144555282,order_class,5.500878810969027,5.278148528800068,0.7314568422107957,0.04133248448765221,0.0,True,0
701731845,688678764,Slc17a7-IRES2-Cre,205,0,5.839997090287428,173.67864013319473,1.6039727429203057,50.62083728035878,26.23419998651877,7.3962421721596145,4.611201907766522,0.0146466754664141,ON,0.4124414109299059,0.0017973731249319,-5650.000433318333,0.4124414109299059,0.3056034773179948,0.3544218649776478,0.0,0.001494058528906,16,128.18227074235807,151.0917903930131,,0.0,173.67864013319473,order_class,7.3962421721596145,4.611201907766522,0.7664126307301342,0.47248351610810746,,False,0
701719661,688678764,Slc17a7-IRES2-Cre,205,2,8.803847027484542,103.09240287097144,2.5292313879965627,,,14.001248677064904,5.535772149402066,1.3688179899827086e-05,OFF,0.3125693928462733,2.7715089659386483e-06,-11451.322295206224,0.271558691675045,0.2444899256587759,0.3125693928462733,0.0410107011712282,0.1428651523158424,16,,,175.35471045390605,30.54068543161907,103.09240287097144,order_class,14.001248677064904,5.535772149402066,0.944672487800379,0.9279154573722554,,False,0
701729817,688678764,Slc17a7-IRES2-Cre,205,0,6.596654074077343,178.14881551217874,1.2706641550199789,46.6269254597758,33.92013539784395,7.435995184415453,5.852053947566134,0.0006565668724617,OFF,0.4989281890399959,7.592745951325272e-05,-8485.216009601321,0.4989281890399959,0.3686869506693679,0.471167563014359,0.0,2.263810794378429e-08,16,52.88295302013423,65.4676510067114,,0.0,178.14881551217874,order_class,7.435995184415453,5.852053947566134,0.8193237104472276,0.23953972048493982,,False,0
701733277,688678764,Slc17a7-IRES2-Cre,205,0,6.055258733608096,1.3674464666662232,1.7778725546138248,41.92257519255281,30.48870348344076,8.073893520458276,4.541322998381075,0.0105761679475817,OFF,0.6151798223329439,0.0008901332030168,-6279.628938352817,0.6151798223329439,0.4502728089926832,0.557529997034639,0.0,6.929867790717026e-11,16,210.9035675675676,338.47362162162165,,0.0,1.3674464666662232,order_class,8.073893520458276,4.541322998381075,0.7821327047338362,0.5754174554528056,0.0,True,0
701720168,688678764,Slc17a7-IRES2-Cre,205,2,10.378351191668106,7.722234930773681,4.352311873717489,51.54188771638873,31.37283030993342,21.651518811844998,4.974716757453215,-0.0014528584394671,OFF,0.33790520584347,0.0003273794026363,-7175.85416300878,0.3185122304890928,0.2628331162782719,0.33790520584347,0.0193929753543772,9.32192101288365e-11,16,180.92776859504133,260.59090909090907,177.31604000030552,36.10892759048376,7.722234930773681,order_class,21.651518811844998,4.974716757453215,1.0161283626417141,1.470707169145381,,False,0
701720060,688678764,Slc17a7-IRES2-Cre,205,2,7.456132864628554,61.32472122488484,1.3430739421288598,,,8.640991937258905,6.43374252616529,0.0018837791566584,OFF,0.4272948238216232,0.0002536057213761,-7404.637878421657,0.3626237002568466,0.3407225571061091,0.4272948238216232,0.0646711235647765,0.3615419071956866,16,,,1.192032914525356,30.20388131244542,61.32472122488484,order_class,8.640991937258905,6.43374252616529,0.8725136383294153,0.29496097345577116,0.0,True,0
701728087,688678764,Slc17a7-IRES2-Cre,205,0,4.960033048982804,162.313215013413,1.5654088033320204,35.48382114044076,27.174041397765635,6.205809732068457,3.964338081438664,0.0051972801232573,ON,0.5075828581310559,0.000449973254035,-6890.864881549778,0.5075828581310559,0.3453706524545777,0.4329136344682214,0.0,0.0091791988665668,16,27.50235849056604,258.90481132075473,,0.0,162.313215013413,order_class,6.205809732068457,3.964338081438664,0.6954845702287149,0.4481470060677031,,False,0
701720513,688678764,Slc17a7-IRES2-Cre,205,0,5.311343839112512,161.54198062965037,1.2315801089958986,44.70700894310712,34.995842114137375,5.894347692391717,4.786004295893794,0.0068306686725596,ON,0.5952180069212449,0.0005288345847434,-6746.172042849645,0.5952180069212449,0.4056836541404208,0.4585603277277985,0.0,3.634914591543748e-11,16,220.7127272727273,84.61636363636364,,0.0,161.54198062965037,order_class,5.894347692391717,4.786004295893794,0.7252044171404017,0.20829798639856853,,False,0
701728125,688678764,Slc17a7-IRES2-Cre,205,2,8.920745946174469,149.59947356216512,1.4501023769186034,34.6664791747447,36.95615009076245,10.742379813979092,7.408014761555059,0.0048373229922971,OFF,0.3648541884943163,0.0008879623073977,-6281.81681119742,0.3364347646882458,0.3229187191398628,0.3648541884943163,0.0284194238060704,0.3251676767829401,16,255.7784210526316,259.0044736842105,176.69044018967423,29.414291467753102,149.59947356216512,order_class,10.742379813979092,7.408014761555059,0.9504011712777296,0.3716341587115341,,False,0
701733740,688678764,Slc17a7-IRES2-Cre,205,0,5.20890811760484,37.6484941727436,1.257758350556372,56.70599017080821,36.37917693899563,5.841781398227616,4.644597585572374,0.0018799833838761,ON,0.3620376732300135,0.0002299454746542,-7492.390836104404,0.3620376732300135,0.2976633700419623,0.3105811170927158,0.0,0.0,16,162.28081395348838,245.66372093023256,,0.0,37.6484941727436,order_class,5.841781398227616,4.644597585572374,0.716746696774386,0.229331049648803,,False,0
701733372,688678764,Slc17a7-IRES2-Cre,205,1,11.908037764556614,100.03825453125428,1.2477611359470733,37.541847819642655,33.15332243589094,13.301662688455758,10.660423942728071,0.0001801708307923,OFF,0.4721937137501707,2.836014657227092e-05,-9367.591016482933,0.4661593024481958,0.4721937137501707,0.458721155665865,0.0060344113019749,0.1916414353530907,16,147.55829787234043,238.0604255319149,70.74478269378345,11.22856555002892,70.74478269378345,order_class,13.301662688455758,10.660423942728071,1.0758402032767145,0.22135085415009442,0.0,True,0
701728977,688678764,Slc17a7-IRES2-Cre,205,0,4.627399733010956,5.3877494848374,1.437440569082694,45.85989785005033,27.424631088172024,5.547942689097518,3.8595979607267874,4.7841379206137904e-05,ON,0.3586964291103182,5.260802697396063e-06,-10877.083337155642,0.3586964291103182,0.3090326384789058,0.3358067227056259,0.0,6.632664558692269e-07,16,99.7433628318584,225.98601769911505,,0.0,5.3877494848374,order_class,5.547942689097518,3.8595979607267874,0.6653370171879177,0.36286414958789126,,False,0
701723530,688678764,Slc17a7-IRES2-Cre,205,0,5.723450900398071,161.58502264000015,1.6140424075609954,54.86424160144491,40.87271888989246,7.271356405787357,4.505059081300855,0.0089123592430795,OFF,0.5075231406772056,0.0008854638461326,-6284.341441580463,0.5075231406772056,0.4317358982269097,0.4979372936229872,0.0,2.741162852260004e-10,16,215.7094936708861,30.977848101265824,,0.0,161.58502264000015,order_class,7.271356405787357,4.505059081300855,0.757657961501777,0.4787418443235189,0.0,True,0
701720733,688678764,Slc17a7-IRES2-Cre,205,0,6.08152679273427,146.29369736263635,1.9097317402122216,56.47942694073224,40.70657375439069,8.404246994824746,4.400747402297881,0.0010493891104135,OFF,0.3540975447468695,0.0001514528648616,-7866.531549586515,0.3540975447468695,0.3072071848949209,0.3092387503272005,0.0,1.3030074574871264e-08,16,330.33726708074533,139.208198757764,,0.0,146.29369736263635,order_class,8.404246994824746,4.400747402297881,0.7840126244073283,0.6469627820438232,,False,0
701729323,688678764,Slc17a7-IRES2-Cre,205,2,9.335766028515982,110.28814592499027,1.636325471326746,47.00577940586865,31.81958590644265,11.942212763031293,7.298189126976341,-0.0002914540416907,ON,0.3691238755282938,5.544243761024053e-05,-8766.948051107032,0.3620209792139057,0.3042441390545352,0.3691238755282938,0.007102896314388,0.1190702624266681,16,196.00608695652176,139.65391304347827,10.745684658961522,30.33330685129611,110.28814592499027,order_class,11.942212763031293,7.298189126976341,0.9701499589544389,0.4924531617477073,,False,0
701720266,688678764,Slc17a7-IRES2-Cre,205,2,9.542567358832382,166.0843080691312,2.359899122573928,43.165968646270095,36.585006039226045,14.659256825801794,6.211815024454533,0.0003909329864118,OFF,0.4482585580996383,6.453886709229675e-05,-8630.825660861916,0.4174146639050976,0.3679016648840881,0.4482585580996383,0.0308438941945407,0.0,16,207.44138613861384,219.5352475247525,155.90283473040873,28.25369696647376,166.0843080691312,order_class,14.659256825801794,6.211815024454533,0.9796652342188271,0.8586188734518747,0.0,True,0
701720833,688678764,Slc17a7-IRES2-Cre,205,1,7.935810976912627,177.73168927126093,1.418868747768544,47.11010014828033,39.306789292070825,9.452842595896948,6.662238921509436,-0.0004714749071472,OFF,0.4127670302139627,5.6829328528441424e-05,-8744.810384277513,0.3141417768739991,0.4127670302139627,0.3792606208525003,0.0986252533399636,0.393752482844904,16,331.53872340425534,257.3114893617021,54.10797479282034,11.472338712609368,54.10797479282034,order_class,9.452842595896948,6.662238921509436,0.8995913148087404,0.3498598976127172,1.0,True,1
701721049,688678764,Slc17a7-IRES2-Cre,205,0,5.626196766014573,116.08852462663046,1.160794714542483,53.16280702618286,34.361568482520546,6.061674721031361,5.222004067636125,0.0024667385640244,OFF,0.492223021286743,0.0002485826141874,-7422.56284333213,0.492223021286743,0.3981110851319653,0.3654279059856578,0.0,0.0,16,168.04372881355934,351.81305084745765,,0.0,116.08852462663046,order_class,6.061674721031361,5.222004067636125,0.7502149167556008,0.14910486928877997,,False,0
701721693,688678764,Slc17a7-IRES2-Cre,205,2,8.053389583280495,42.20067134761386,1.635345335692588,42.51762721079566,33.77864601369428,10.29872465145053,6.2975840189062575,0.0011579911271027,OFF,0.4288848299218968,0.000167837520079,-7774.492713282483,0.3431992252299199,0.414903236141296,0.4288848299218968,0.0856856046919768,5.310654804802084e-09,16,235.61914691943127,245.7776303317536,13.464556714406257,32.16717396749843,42.20067134761386,order_class,10.29872465145053,6.2975840189062575,0.905978708626329,0.49185399653745604,0.0,True,0
701727859,688678764,Slc17a7-IRES2-Cre,205,0,5.636377239732462,163.6578139667381,1.5069848047717378,33.50771146899707,31.4620482344626,6.919177775443975,4.59140513795162,0.0041122684523135,ON,0.6186061023793956,0.0003209276280898,-7193.688246454162,0.6186061023793956,0.4451193709475147,0.4625207200433109,0.0,1.33969502158493e-10,16,157.37101321585902,256.62,,0.0,163.6578139667381,order_class,6.919177775443975,4.59140513795162,0.7510000525088959,0.4101108364958049,,False,0
701728032,688678764,Slc17a7-IRES2-Cre,205,0,3.675242190856436,179.9233221366866,1.433463042107773,32.75334316677785,24.74597867292381,4.400268866071265,3.0696772339530165,0.0004598645132403,OFF,0.3238346381103913,4.333814093083102e-05,-8987.643802164657,0.3238346381103913,0.2660307497602282,0.2850725133066817,0.0,3.223734607038509e-07,16,12.817297297297298,259.9472972972973,,0.0,179.9233221366866,order_class,4.400268866071265,3.0696772339530165,0.5652859634710432,0.3600932244308225,,False,0
701720754,688678764,Slc17a7-IRES2-Cre,205,2,10.339252023924596,56.02957571726997,1.1336654089554432,,,11.008586754473429,9.710613614484997,3.7412591827481086e-05,OFF,0.336380616781169,8.47333308397824e-06,-10450.013602828169,0.2387918913001263,0.2907825859804774,0.336380616781169,0.0975887254810426,0.0985946730151664,16,,,178.61169263161915,32.89329308460547,56.02957571726997,order_class,11.008586754473429,9.710613614484997,1.0144891215788199,0.1254561079374358,0.0,True,0
701733772,688678764,Slc17a7-IRES2-Cre,205,0,6.409007084318438,93.64008509751233,1.1043296616173035,50.06545890994898,41.56605191375686,6.7350390829049305,6.098757750508473,0.0127592817739087,OFF,0.6923862406222,0.0009550766592975,-6216.532178473658,0.6923862406222,0.5897894557108677,0.5534088069794371,0.0,5.869340569120141e-10,16,308.02909090909094,263.8448484848485,,0.0,93.64008509751233,order_class,6.7350390829049305,6.098757750508473,0.8067907516400358,0.09923850981825726,0.0,True,0
701727695,688678764,Slc17a7-IRES2-Cre,205,0,5.751437969315752,26.824041197010693,1.345904201328351,30.768127141095924,38.95217773151803,6.672422137595123,4.957575829698519,0.004557335603091,OFF,0.6129640504409213,0.0003669474307265,-7073.621596784328,0.6129640504409213,0.4190157791043151,0.4608843794045055,0.0,6.286188236614976e-10,16,95.15071428571429,257.55321428571426,,0.0,26.824041197010693,order_class,6.672422137595123,4.957575829698519,0.7597764401789767,0.2970660558280758,0.0,True,0
701721532,688678764,Slc17a7-IRES2-Cre,205,0,5.847490606182656,166.36209093264833,1.473159352834764,39.33570381472338,33.69731390540442,7.097320156677772,4.817754537566201,0.025389241224464,OFF,0.7960973740574067,0.0013227517580907,-5924.724778168427,0.7960973740574067,0.4690944675982365,0.6246486339468763,0.0,0.00626702279577,16,131.22840579710146,313.4582608695652,,0.0,166.36209093264833,order_class,7.097320156677772,4.817754537566201,0.7669695328007609,0.3874093141375135,0.0,True,0
701723979,688678764,Slc17a7-IRES2-Cre,205,0,5.228157452818833,162.43690981917436,1.5264614549515685,42.971339829279,32.58697856214932,6.459391082401326,4.231610999051574,0.0083798550397285,OFF,0.6231023172825025,0.0006027090673079,-6629.012053985385,0.6231023172825025,0.3886835708827008,0.5447512559323298,0.0,2.6781910023032648e-11,16,164.85101694915255,294.8466101694915,,0.0,162.43690981917436,order_class,6.459391082401326,4.231610999051574,0.7183486584533955,0.42295228226905973,0.0,True,0
701722576,688678764,Slc17a7-IRES2-Cre,205,0,8.158214588936172,20.16678271012452,1.946655788468488,44.68983269468034,28.8870191085452,11.382553685163195,5.847234910553092,0.0003699506692572,ON,0.3676673242058541,6.813342887419411e-05,-8582.262157092462,0.3676673242058541,0.3157207071797625,0.2974115351178041,0.0,5.432689721418527e-07,16,353.74988235294114,179.9169411764706,,0.0,20.16678271012452,order_class,11.382553685163195,5.847234910553092,0.9115951245610189,0.6661129200409097,,False,0
701726903,688678764,Slc17a7-IRES2-Cre,205,0,9.012119517703068,16.802301921507222,1.5980792575657912,41.23255901208699,27.30003626871537,11.39268527127796,7.128986386214286,0.007612151888872,ON,0.6651359562497117,0.0008291328734913,-6343.236600080596,0.6651359562497117,0.5617794420887842,0.614946626136804,0.0,5.2831183872115155e-11,16,46.86440366972477,173.87201834862384,,0.0,16.802301921507222,order_class,11.39268527127796,7.128986386214286,0.9548269426539621,0.4688024440902336,,False,0
701719950,688678764,Slc17a7-IRES2-Cre,205,0,5.546507276782917,16.479015635780996,1.3067426349635594,41.26543748398554,27.28626729557512,6.340370221982037,4.852042056589704,0.025879051890322,OFF,0.5755480433098659,0.0021751253885708,-5479.079393702262,0.5755480433098659,0.4197708631643285,0.4899212447366848,0.0,0.0038012176299859,16,114.20660098522168,178.68916256157635,,0.0,16.479015635780996,order_class,6.340370221982037,4.852042056589704,0.7440195871013422,0.26753750244697916,0.0,True,0
729433638,701412138,Cux2-CreERT2,175,0,5.6999378060973545,176.4385687865691,2.13727452912834,46.02697009809396,33.55876451924345,8.332978705696148,3.898880837313232,0.0015664023434606,ON,0.6851993449093845,0.0001066845117898,-8180.488571854034,0.6851993449093845,0.4402548749379743,0.5296210639104817,0.0,0.0,16,15.866979865771812,108.43570469798658,,0.0,176.4385687865691,order_class,8.332978705696148,3.898880837313232,0.7558701169679148,0.7595314328162781,,False,0
729434586,701412138,Cux2-CreERT2,175,0,17.31410673729185,57.166420167966834,2.577916927339872,63.53238082981826,40.992279150205135,27.799344123203152,10.783646217758085,0.0003006190236445,ON,0.3295817312355316,0.0001093756961115,-8158.166776576767,0.3295817312355316,0.3258680974756389,0.3179018126168157,0.0,6.534035214000866e-07,16,357.9236470588235,60.06458823529412,,0.0,57.166420167966834,order_class,27.799344123203152,10.783646217758085,1.238400090510252,0.9469816803127248,,False,0
729434800,701412138,Cux2-CreERT2,175,0,7.885208415369281,175.79366472961942,1.7181092822616577,39.52371854481128,40.397753844322914,10.335668434255856,6.015722364674239,0.0019281944164237,ON,0.6713049472340644,0.0001837057687895,-7693.548945974653,0.6713049472340644,0.5700815312519228,0.5794613487783535,0.0,2.8350782388386623e-08,16,75.62929133858268,214.3894488188976,,0.0,175.79366472961942,order_class,10.335668434255856,6.015722364674239,0.8968131767325971,0.5412244317029681,,False,0
729435220,701412138,Cux2-CreERT2,175,2,13.461365746352064,131.9614411365796,4.63343795559157,43.91012229576044,33.1438810780542,28.976157941251643,6.253705826854465,-0.0003327803033293,ON,0.3849934492213326,7.855415227569059e-05,-8454.743210455652,0.3498975660633096,0.3551529038874573,0.3849934492213326,0.035095883158023,0.0,16,39.23655737704918,114.81983606557375,17.69825654112131,26.871486518338788,131.9614411365796,order_class,28.976157941251643,6.253705826854465,1.1290891242278194,1.5332991315571085,,False,0
729432401,701412138,Cux2-CreERT2,175,0,5.87298749317075,7.175551667431023,1.2934321135753268,46.65424038500348,35.77753503818857,6.679299162521517,5.164012159910337,0.003753097272485,OFF,0.6019071882170627,0.0003155136717287,-7208.932454879089,0.6019071882170627,0.4102004922596352,0.4650525657577793,0.0,0.0006288743224546,16,116.57538461538462,175.02923076923076,,0.0,7.175551667431023,order_class,6.679299162521517,5.164012159910337,0.7688590759914821,0.25729923852630604,0.0,True,0
729435477,701412138,Cux2-CreERT2,175,0,8.10879099505779,137.52666849008628,1.5376641816432424,52.30882851551242,47.82449319856462,10.055110684718414,6.539211100028945,0.0006991332600643,ON,0.4990181458729926,9.784828177581494e-05,-8257.954811951866,0.4990181458729926,0.4600809192406653,0.4794773403498448,0.0,0.0078461958644793,16,347.9671508379888,362.2075977653631,,0.0,137.52666849008628,order_class,10.055110684718414,6.539211100028945,0.9089561065766217,0.43026449980605697,,False,0
729435528,701412138,Cux2-CreERT2,175,0,9.013597332486716,2.2951442059156952,1.981569313780433,41.82221735684297,35.078670931485696,12.688280963393073,6.403147684592673,0.0006851437122622,ON,0.4771405087042648,0.0001101183131447,-8152.103855745294,0.4771405087042648,0.370182165295286,0.4220674289270228,0.0,0.0004612821869557,16,18.674452554744526,236.1236496350365,,0.0,2.2951442059156952,order_class,12.688280963393073,6.403147684592673,0.954898152782534,0.6838891134960172,,False,0
729434806,701412138,Cux2-CreERT2,175,1,7.831633719496814,116.75488479959309,1.8248456548279743,,,10.579507151821996,5.797480528740558,6.020973542764429e-05,ON,0.316295980799901,8.827066805889846e-06,-10413.36825410338,0.2867346186062399,0.316295980799901,0.2451760828295995,0.0295613621936611,0.1449839264773297,16,,,132.9954820105008,7.98123090758531,132.9954820105008,order_class,10.579507151821996,5.797480528740558,0.8938523675947252,0.6014954107609822,0.0,True,0
729435081,701412138,Cux2-CreERT2,175,0,7.660300320639653,5.013698580682842,2.762640002098775,44.08119551517868,38.283686700281,12.732331703989052,4.608755282742706,0.0009058116986966,ON,0.6246769236378913,9.31010801746114e-05,-8302.514995213276,0.6246769236378913,0.5290382665134125,0.5212581357246979,0.0,0.0062589228290946,16,197.7097777777778,247.12133333333333,,0.0,5.013698580682842,order_class,12.732331703989052,4.608755282742706,0.8842457964002116,1.0161867450524784,,False,0
729435044,701412138,Cux2-CreERT2,175,0,6.1064046346664025,172.51979570847524,1.6435900137573418,49.510691514359074,41.892170348812655,7.828567957970749,4.7630904863398325,0.0012671935668351,ON,0.5347508218880133,0.0001268010682103,-8025.710418095914,0.5347508218880133,0.3663737064595512,0.3817167111518721,0.0,1.5103383321779518e-08,16,306.6090265486726,253.7657522123894,,0.0,172.51979570847524,order_class,7.828567957970749,4.7630904863398325,0.7857855789964413,0.49688288217350624,,False,0
729435065,701412138,Cux2-CreERT2,175,2,16.123582594269948,71.02344787484337,3.2812690643381432,46.37821990233001,42.58003573505912,29.206698580299957,8.901037375364146,-0.0001218779156002,ON,0.3790391985020457,3.2357262930423035e-05,-9249.450157901529,0.3546739797170147,0.3618223908864183,0.3790391985020457,0.0243652187850309,0.045074486666559,16,154.36762886597938,260.37927835051545,2.458390223120489,22.454612558108227,71.02344787484337,order_class,29.206698580299957,8.901037375364146,1.2074615466534462,1.188230257424924,,False,0
729434202,701412138,Cux2-CreERT2,175,1,15.650113053705264,37.64062021941195,2.9540038085896616,44.55064223134783,39.87213555838426,26.89818675726551,9.10567098087378,-0.0005003991641637,ON,0.3342028802885646,0.0001126388302591,-8131.826349141893,0.3080420030719362,0.3342028802885646,0.3248838898218391,0.0261608772166284,0.158291992609996,16,381.16,323.0106976744186,40.43770657772109,16.29316095601111,40.43770657772109,order_class,26.89818675726551,9.10567098087378,1.194517479161893,1.0831614734074977,0.0,True,0
729434149,701412138,Cux2-CreERT2,175,0,3.766650809216762,0.2746774400260245,7.290009404078507,51.124193802444296,39.60199599425376,10.169963744490536,1.395054955457368,0.0038372705548899,ON,0.3129165815893568,0.0001848280200298,-7688.091968894398,0.3129165815893568,0.2908222608511762,0.2907002217985291,0.0,0.0005034554565376,16,354.62091743119265,310.95880733944955,,0.0,0.2746774400260245,order_class,10.169963744490536,1.395054955457368,0.5759553604051324,1.9865048360167865,,False,0
729434173,701412138,Cux2-CreERT2,175,0,7.257186072395445,167.38572671720698,1.9269217532278036,33.499804783798105,39.304229412923455,10.073961765276437,5.228007701091887,1.199532218382466e-05,OFF,0.3702646392013811,1.9734635019587904e-06,-11755.60551072904,0.3702646392013811,0.3105196735370668,0.2992396220422421,0.0,3.3133471135649017e-06,16,21.534603174603173,323.96,,0.0,167.38572671720698,order_class,10.073961765276437,5.228007701091887,0.8607682584237759,0.6559237831214543,,False,0
729434416,701412138,Cux2-CreERT2,175,0,4.896400459752701,178.53390149583348,1.523590324957254,60.67762614939373,36.74819722465138,6.043813203673605,3.966823039417221,0.0062560661918581,OFF,0.62332767940759,0.0004223778937008,-6947.570705089463,0.62332767940759,0.3690002499616399,0.4926765476678193,0.0,1.221091006087249e-10,16,190.6846153846154,47.55230769230769,,0.0,178.53390149583348,order_class,6.043813203673605,3.966823039417221,0.6898769300420335,0.4210696054822063,0.0,True,0
729434994,701412138,Cux2-CreERT2,175,0,5.578613660567453,176.83642619498409,2.0067724612129467,47.34160326687816,31.089301502989017,7.902697390233756,3.938013672689706,0.0529608778459246,OFF,0.7352894622374047,0.0031263110297061,-5154.039792622061,0.7352894622374047,0.4955110297135101,0.5827713698807044,0.0,0.0013829277708499,16,85.8391959798995,56.83025125628141,,0.0,176.83642619498409,order_class,7.902697390233756,3.938013672689706,0.7465262859679191,0.6965276907975798,0.0,True,0
729435359,701412138,Cux2-CreERT2,175,0,7.485673194699991,157.197291032245,1.8853646506042556,47.955595557525285,44.4593037958045,10.278471666420575,5.451715488102712,0.0030215236947088,ON,0.6947104213153312,0.0002600195946888,-7382.259194777985,0.6947104213153312,0.5311153585851288,0.562321257829604,0.0,0.0,16,204.3467796610169,351.1189830508475,,0.0,157.197291032245,order_class,10.278471666420575,5.451715488102712,0.8742308630086262,0.6341212507876292,,False,0
729432957,701412138,Cux2-CreERT2,175,0,6.623571010314163,177.57236439804964,1.2726516926060587,38.81510078350512,41.3737043341013,7.472173998453894,5.871342521969095,0.0001949080940569,ON,0.3983306713648258,2.7748480041248105e-05,-9387.127225334028,0.3983306713648258,0.3625507829957877,0.3822254894541181,0.0,5.838440517991206e-05,16,149.87345454545456,282.2642727272727,,0.0,177.57236439804964,order_class,7.472173998453894,5.871342521969095,0.8210921966804265,0.24110267067261204,,False,0
729432908,701412138,Cux2-CreERT2,175,0,6.565747354913051,162.4822872514012,2.5763445698451406,55.46463799586907,33.501442363155434,10.538678133855306,4.0905546009665805,0.0002648459776111,ON,0.4642689978057455,3.2685503839993025e-05,-9240.406681852795,0.4642689978057455,0.3652048243035045,0.4035321388166477,0.0,4.23162955565104e-07,16,257.95603960396045,281.3251485148515,,0.0,162.4822872514012,order_class,10.538678133855306,4.0905546009665805,0.8172841673853816,0.9463715608826705,,False,0
729432992,701412138,Cux2-CreERT2,175,1,16.035788181286478,66.8506981241254,3.487952537260941,43.24778367975973,41.419081360342176,29.948535793496,8.586279622088645,-1.3532668164020431e-05,ON,0.5151582751744669,1.694826326931932e-06,-11891.985534794185,0.5147668195352215,0.5151582751744669,0.5035958486683327,0.0003914556392453,0.1121042523749782,16,117.11142857142858,281.0657142857143,174.5600459598428,15.007947948187924,174.5600459598428,order_class,29.948535793496,8.586279622088645,1.2050903109667348,1.2493148985174944,0.0,True,0
729434126,701412138,Cux2-CreERT2,175,2,13.364355910747724,138.96150561551727,2.651782138063055,49.856628521192384,41.66131830105773,21.76290936837219,8.206899449239257,-6.0039423274748136e-05,ON,0.4583815285458932,1.3204582878478135e-05,-10052.512154374304,0.4194535587265474,0.4426701438022409,0.4583815285458932,0.0389279698193457,9.672795358017794e-07,16,382.380375,307.188375,13.680239408743006,23.66640313401972,138.96150561551727,order_class,21.76290936837219,8.206899449239257,1.1259480329654625,0.9752319188974774,0.0,True,0
729434113,701412138,Cux2-CreERT2,175,0,7.889225025069965,166.76293886600905,1.6692968096234146,50.4654343448983,41.1165134507284,10.192978903145123,6.106151311368415,0.0002509676289261,ON,0.5003509321297441,3.41624851271285e-05,-9200.80666809188,0.5003509321297441,0.3584235232787756,0.4192078071769669,0.0,6.430848906724407e-07,16,257.6463157894737,307.3405263157895,,0.0,166.76293886600905,order_class,10.192978903145123,6.106151311368415,0.897034343657324,0.5124024656711336,,False,0
729433482,701412138,Cux2-CreERT2,175,0,9.143147922164102,132.38695503817647,1.246733151486228,41.27207753145123,37.68846882153018,10.208983454299286,8.188587463266842,0.0001080053567091,ON,0.5747229604551432,1.4444756879233283e-05,-9972.080433260351,0.5747229604551432,0.5437392380375139,0.5003910397413558,0.0,0.0,16,54.1677108433735,292.7678313253012,,0.0,132.38695503817647,order_class,10.208983454299286,8.188587463266842,0.9610957460459177,0.2205266514055002,,False,0
729434891,701412138,Cux2-CreERT2,175,0,6.014220428324092,165.0878154269898,1.625820991388159,52.02470705896433,34.62872915303275,7.668593281362002,4.71675130409923,0.0012463697522,ON,0.6695187250832175,9.258909413969042e-05,-8307.455920617245,0.6695187250832175,0.4337750707782445,0.5437715918833437,0.0,1.0148968110357261e-08,16,222.1632467532468,284.89753246753247,,0.0,165.0878154269898,order_class,7.668593281362002,4.71675130409923,0.7791793414649415,0.48601291366791993,,False,0
729434669,701412138,Cux2-CreERT2,175,0,15.139956571840823,96.63154967052532,1.924526311271264,44.04804868367729,41.28926333070829,21.00325261719329,10.913466079515118,0.0004924035507502,ON,0.4108000429661812,0.0001376669105488,-7952.043439989964,0.4108000429661812,0.3293940750517699,0.4073978545218703,0.0,0.0038102758196923,16,22.59947368421053,90.1803157894737,,0.0,96.63154967052532,order_class,21.00325261719329,10.913466079515118,1.1801246294152468,0.654679865392173,,False,0
729434726,701412138,Cux2-CreERT2,175,0,6.225248105064772,11.60222297326616,1.2380882129309796,58.6685797656309,31.98082353192658,6.926796985120606,5.594752387410668,0.0002857004282967,ON,0.4066369869832082,3.770568758353978e-05,-9112.38685110146,0.4066369869832082,0.323575884571987,0.3452509501828718,0.0,4.0800797740381256e-08,16,296.63242424242424,95.88484848484848,,0.0,11.60222297326616,order_class,6.926796985120606,5.594752387410668,0.7941566647659027,0.21356842611082902,,False,0
729435267,701412138,Cux2-CreERT2,175,2,11.45459446608351,158.8182940171118,4.694998349176479,39.79370050043325,36.26932283423226,24.819752140678183,5.286424039964075,-0.0003084106505067,ON,0.4212888248520137,6.215490442911004e-05,-8664.549223987946,0.4173758081701928,0.3887522560205305,0.4212888248520137,0.0039130166818208,1.3798100884088173e-08,16,46.2008695652174,337.83608695652174,177.2461608230282,29.724892874819947,158.8182940171118,order_class,24.819752140678183,5.286424039964075,1.0589797182081067,1.546497761047061,0.0,True,0
729433432,701412138,Cux2-CreERT2,175,2,12.237299717379695,124.22085966543956,1.7814148340020737,38.40852332724402,46.24565145945684,16.333081500566728,9.168600815944322,-0.0002858244291549,ON,0.4524736889448846,5.797431852990488e-05,-8726.93734478073,0.4244932640936433,0.3945506587803413,0.4524736889448846,0.0279804248512413,0.0652623945214078,16,211.823625,379.3286250000001,11.9466175098394,28.626273255615924,124.22085966543956,order_class,16.333081500566728,9.168600815944322,1.0876855969583965,0.5774078991405402,,False,0
729433680,701412138,Cux2-CreERT2,175,2,8.34614380662525,153.951806193888,3.377708006627819,,,15.338995326583037,4.5412437358364,-0.000179697266374,ON,0.3213202432665349,3.399429074796965e-05,-9205.22889809643,0.2559654171778109,0.2431382042816459,0.3213202432665349,0.065354826088724,0.1115941437511233,16,,,20.59577539027057,28.59740648838961,153.951806193888,order_class,15.338995326583037,4.5412437358364,0.9214858634676801,1.2171973749300664,0.0,True,0
729432671,701412138,Cux2-CreERT2,175,0,4.809272162840572,2.6383048498528865,1.7510644218174458,49.512024888205865,37.726591308408175,6.364003606676453,3.63436292085199,0.0123701055965289,OFF,0.6211997900194166,0.0008254905675029,-6347.181318082376,0.6211997900194166,0.4193462484835003,0.5452570782341404,0.0,0.000477923343123,16,87.2791891891892,157.9535135135135,,0.0,2.6383048498528865,order_class,6.364003606676453,3.63436292085199,0.6820793550474537,0.5602238440703562,0.0,True,0
729435325,701412138,Cux2-CreERT2,175,0,6.378369460564914,0.9215201340219324,2.0132684914104444,36.17644111032961,41.809288422071816,9.050248831272503,4.49530148109164,0.0013047687746444,ON,0.5884545692859497,0.0001219972214553,-8060.315010448252,0.5884545692859497,0.5192603139117455,0.4878079045155412,0.0,6.96614839901244e-05,16,23.668125,354.22359375,,0.0,0.9215201340219324,order_class,9.050248831272503,4.49530148109164,0.8047096717017737,0.6997595165068908,,False,0
729433912,701412138,Cux2-CreERT2,175,0,5.2354953255385706,177.28592632456343,2.0552718659781646,46.54881136657899,31.584881039268176,7.505720963868755,3.6519358281083454,0.0017024126131667,ON,0.4416208950703876,0.0001773544415177,-7725.074858600409,0.4416208950703876,0.3306088552817049,0.3598897014256662,0.0,3.1714472159549704e-09,16,90.1425,188.43375,,0.0,177.28592632456343,order_class,7.505720963868755,3.6519358281083454,0.718957776171844,0.7204081340778875,,False,0
729435557,701412138,Cux2-CreERT2,175,0,6.0051239285129885,176.19391704549415,1.552985487573571,44.65008380930464,30.59451621689826,7.483515682162306,4.818793055081774,0.0194860214743106,OFF,0.809249354217431,0.0009988652683675,-6176.366026799339,0.809249354217431,0.5006043619357989,0.6151431490316148,0.0,0.0007851178108733,16,121.71233160621762,171.2079792746114,,0.0,176.19391704549415,order_class,7.483515682162306,4.818793055081774,0.7785219744223515,0.4401791993537766,0.0,True,0
729433694,701412138,Cux2-CreERT2,175,2,8.68548580877983,2.8421709430404014e-14,2.3071037176134173,53.04941885690343,36.64213829170335,13.192517365915132,5.718215988816543,-0.0012144132702439,ON,0.3752374072523229,0.0002122651039414,-7564.076418495892,0.3634381465544553,0.3380888252629114,0.3752374072523229,0.0117992606978676,0.0,16,270.26048780487804,166.98658536585367,179.40841767071532,27.320602757516248,2.8421709430404014e-14,order_class,13.192517365915132,5.718215988816543,0.9387941150308666,0.835992935967529,,False,0
729433925,701412138,Cux2-CreERT2,175,0,10.080656473033022,10.195212640853192,2.762123685204597,52.52559172724859,36.98684289224506,16.75368617691482,6.065509038084164,3.8688196731069416e-05,ON,0.3701573492195181,8.536949977908196e-06,-10443.311656421884,0.3701573492195181,0.3320143099345147,0.3517761369634641,0.0,3.1640468909355235e-06,16,295.6283422459893,186.24064171123,,0.0,10.195212640853192,order_class,16.75368617691482,6.065509038084164,1.0034888151781896,1.0159998350143646,,False,0
729435018,701412138,Cux2-CreERT2,175,0,8.638703857447807,147.96530076180142,1.2858850040928431,42.04292167444951,36.00163089981252,9.796019750588188,7.618114932057249,0.0007018314143319,ON,0.5473558490309696,9.436215705579682e-05,-8290.459917673797,0.5473558490309696,0.5260158612961987,0.517514041687817,0.0,6.593751944450332e-08,16,117.105,381.21,,0.0,147.96530076180142,order_class,9.796019750588188,7.618114932057249,0.9364485862537647,0.2514472004273947,,False,0
729433364,701412138,Cux2-CreERT2,175,0,6.398471951029895,172.16647332139894,2.247055249962134,51.797958016956485,41.18295788946005,9.59142523670387,4.268442102999247,0.0008797213743166,ON,0.4526951509659642,0.0001084684009628,-8165.630289839002,0.4526951509659642,0.3796941390539714,0.4319009772127201,0.0,0.0065040263650292,16,325.0563333333333,369.213,,0.0,172.16647332139894,order_class,9.59142523670387,4.268442102999247,0.8060762704727982,0.8096205812240614,,False,0
