cell_id,kind,draw,kappa_dir,r_squared
517409263,xround,0,1.0939836393379978,0.46458441568333597
517409263,xround,1,1.138622608882184,0.49089648198874136
517409263,xround,2,0.8073779251111917,0.5668466222364029
517409263,xround,3,1.0426461653923595,0.6030948958463603
517409263,xround,4,0.8607231739651457,0.4372063081250539
517409263,xround,5,1.12084208642332,0.5049331543398827
517409263,xround,6,0.89664083554824,0.49513449838250223
517409263,xround,7,0.8074119642301488,0.5668466265661696
517409263,xround,8,1.257857902783472,0.5313749653777102
517409263,xround,9,0.6589967057545992,0.4050601771342699
517409263,xround,10,0.8073813741924752,0.5668466252305713
517409263,xround,11,1.0370715222550662,0.4860767943537154
517409263,xround,12,0.6424038714733828,0.5337727319755738
517409263,xround,13,0.9979240739615353,0.40636229471338325
517409263,xround,14,1.184499433774239,0.44982354700447835
517409263,xround,15,1.2645863845988752,0.5121910573437531
517409263,xround,16,1.1772757366317306,0.4753125668163385
517409263,xround,17,1.0321894919621202,0.4480587614536641
517409263,xround,18,1.0426514228035169,0.6030948962256016
517409263,xround,19,0.40159444165588537,0.22587242351160663
517409263,xround,20,0.642393121151624,0.5337727328538135
517409263,xround,21,0.08184511244728596,0.219182281972501
517409263,xround,22,0.8564139196043151,0.6001980974006027
517409263,xround,23,0.8002086800749046,0.44572760801892675
517409263,xround,24,0.695637350908949,0.4788042063255258
517409263,xround,25,1.1981030871860805,0.49081991680681314
517409263,xround,26,1.2484629615826754,0.3675212367918357
517409263,xround,27,0.9234203149879704,0.3835609466567581
517409263,xround,28,1.3789512267465436,0.5033600889418561
517409263,xround,29,0.23932930827972457,0.1896595849793834
517409263,xround,30,0.7980453510234851,0.5298844985294051
517409263,xround,31,0.08729006407115002,0.140707197413788
517409263,xround,32,1.5767693495208204,0.45651448075601175
517409263,xround,33,0.9841987798619777,0.44514325062934346
517409263,xround,34,1.344267609564804,0.6011416514539691
517409263,xround,35,1.1720600404281099,0.49506039302945704
517409263,xround,36,1.3782153370760746,0.5130607402829521
517409263,xround,37,0.9491012577150573,0.3853977043364706
517409263,xround,38,1.1216264928169413,0.5300596760133636
517409263,xround,39,1.1008616367323856,0.373019938979157
517409263,xround,40,1.1112291387522284,0.48132541338556123
517409263,xround,41,0.8522639363645568,0.5240365201368733
517409263,xround,42,0.9601623092058599,0.48594016958837016
517409263,xround,43,0.9591946608559965,0.3141284175492587
517409263,xround,44,1.0745690179797789,0.4631048864504841
517409263,xround,45,0.9512479363822405,0.4902424913455914
517409263,xround,46,1.0497799076603131,0.4320161455411212
517409263,xround,47,0.9404131996572441,0.5653168067717844
517409263,xround,48,0.2471611947026345,0.3147324493989615
517409263,xround,49,0.8378226447627586,0.567213184782462
517409263,xround,50,0.7918954531699324,0.5212638209260695
517409263,xround,51,1.017382339291384,0.4827298400129577
517409263,xround,52,1.1207485963598849,0.5300597238553812
517409263,xround,53,1.3568526029084726,0.4820643705635166
517409263,xround,54,0.8735387697457032,0.5184996278882619
517409263,xround,55,0.472266719884236,0.3625918115982131
517409263,xround,56,1.560390108245775,0.4166978693306669
517409263,xround,57,1.0939650819305475,0.46458441509083803
517409263,xround,58,0.9027695279015049,0.5393706197716496
517409263,xround,59,0.9692922460375994,0.5375532951581146
517409263,xround,60,1.2683251224543224,0.45686342611304553
517409263,xround,61,0.8314799381151418,0.5529578532877437
517409263,xround,62,0.7771036006014289,0.46161974815181106
517409263,xround,63,1.1008325191434905,0.37301993957027324
517409263,xround,64,1.102274888573714,0.4771118073200341
517409263,xround,65,1.6635211699829897,0.30983058414120135
517409263,xround,66,1.238199018690232,0.5197781099093834
517409263,xround,67,0.9608144676626018,0.45544901274016536
517409263,xround,68,1.2484973725460606,0.3675212347619947
517409263,xround,69,1.1470799300858294,0.4718494945429881
517409263,xround,70,0.9170972859901879,0.5340788340611902
517409263,xround,71,1.0497456673299037,0.4983441842334442
517409263,xround,72,0.9552885839143701,0.5624297120516264
517409263,xround,73,0.9607608491216575,0.4338267986209835
517409263,xround,74,0.8196918021034252,0.43668091341615567
517409263,xround,75,1.0446189504685954,0.45899584100466995
517409263,xround,76,0.8789677904954964,0.49982818713261434
517409263,xround,77,0.7524791086182683,0.2618702932518088
517409263,xround,78,0.9164859462912591,0.4758211897082676
517409263,xround,79,1.047158075006121,0.3742250838624632
517409263,xround,80,0.9626611922482553,0.43795978888158715
517409263,xround,81,0.651421860616905,0.3102394588319223
517409263,xround,82,1.3567683533733204,0.482064368529731
517409263,xround,83,1.119109093105347,0.5016778358535616
517409263,xround,84,0.7905057821842822,0.5959049165747878
517409263,xround,85,1.5766968136003177,0.4565144754329019
517409263,xround,86,1.1108903569666226,0.3779540210758974
517409263,xround,87,0.1728299793882681,0.23530911118589348
517409263,xround,88,0.23453684709874864,0.14486251584403698
517409263,xround,89,0.845058482733416,0.5438806555901297
517409263,xround,90,0.8618094550349927,0.5359893863242975
517409263,xround,91,1.1893425975981327,0.5702035802797474
517409263,xround,92,0.08141843752111233,0.21656538721852558
517409263,xround,93,0.9584619546101568,0.516086308621781
517409263,xround,94,1.663521460887943,0.309830584153704
517409263,xround,95,0.9458246711154399,0.5122218733047541
517409263,xround,96,0.8473317927901745,0.49534819677205444
517409263,xround,97,0.34946338983927994,0.2990420574161443
517409263,xround,98,0.9039029735747508,0.45290547593264596
517409263,xround,99,1.0168218749803695,0.3532279522163301
517409263,xboot,0,0.1065925976041031,0.2153445068072768
517409263,xboot,1,0.911446144622452,0.5109023271181281
517409263,xboot,2,0.7693483520258654,0.4911468628913829
517409263,xboot,3,0.6350981742841855,0.4409290418918529
517409263,xboot,4,0.7375509043571279,0.4909778180601022
517409263,xboot,5,0.25487120066967606,0.21462731541342916
517409263,xboot,6,0.9148545337603751,0.44224366880440735
517409263,xboot,7,0.8301552860409946,0.46194487837453324
517409263,xboot,8,0.8646743770647387,0.5409969198624192
517409263,xboot,9,1.1212302060600086,0.5127190412119546
517409263,xboot,10,0.845207769608225,0.4527478248298742
517409263,xboot,11,0.7213275436060784,0.4368833263815727
517409263,xboot,12,1.0983100522606348,0.4986423242052791
517409263,xboot,13,0.6885843500560422,0.5417866031323898
517409263,xboot,14,0.7825010804872475,0.4769790012987202
517409263,xboot,15,0.7693353401543256,0.49114686270067354
517409263,xboot,16,0.9102122072844699,0.4051030179008075
517409263,xboot,17,0.6933139075023811,0.4334454082262914
517409263,xboot,18,0.7620604407562156,0.48803213655410427
517409263,xboot,19,0.7825389197111285,0.47697900238154667
517409263,xboot,20,0.6890170025227085,0.5734907811092893
517409263,xboot,21,0.6199155251845028,0.4096271478256823
517409263,xboot,22,0.08777090457804683,0.25637018823486846
517409263,xboot,23,0.6227109103743633,0.47827955547725853
517409263,xboot,24,0.8649878620592996,0.469303012484377
517409263,xboot,25,0.6653375920406573,0.36416473323427656
517409263,xboot,26,0.8218505618624966,0.47306191259310393
517409263,xboot,27,0.8023605356934996,0.48239933822726133
517409263,xboot,28,0.8650585427914986,0.469303009084729
517409263,xboot,29,1.0160461030264016,0.43733968395407297
517409263,xboot,30,1.0310089880194282,0.4970216504597268
517409263,xboot,31,1.7083222008652197,0.21157272810881367
517409263,xboot,32,0.9333143856822086,0.46774483834087965
517409263,xboot,33,0.8206284968855642,0.43204878682591696
517409263,xboot,34,0.8770256421471606,0.362139875491714
517409263,xboot,35,1.0693163402552521,0.4383305553337927
517409263,xboot,36,1.028886488448149,0.4131917398747553
517409263,xboot,37,0.7662735318609456,0.5124165453510053
517409263,xboot,38,0.8733752929663665,0.46604273457575196
517409263,xboot,39,0.7243538576209819,0.4677591974128472
517409263,xboot,40,0.7759862793027801,0.5050062441281619
517409263,xboot,41,0.6038807569943918,0.4284148181324162
517409263,xboot,42,1.3447587936858847,0.3578901999499142
517409263,xboot,43,0.9328957523737506,0.5303634025817909
517409263,xboot,44,0.5438415202892584,0.47095390570711426
517409263,xboot,45,0.8220022969135368,0.47306189171763857
517409263,xboot,46,0.41427457042021354,0.24330368488740428
517409263,xboot,47,0.7298079319792227,0.590910795965135
517409263,xboot,48,0.28505596263837435,0.1499833249197433
517409263,xboot,49,0.6518983314663325,0.511588305048696
517409263,xboot,50,0.7825429871500925,0.47697900221274747
517409263,xboot,51,0.9918966605073164,0.5208803439579686
517409263,xboot,52,0.5654910740791237,0.4430651530145474
517409263,xboot,53,0.8028180560938926,0.5604168357999332
517409263,xboot,54,0.9566853530872289,0.5231335389773688
517409263,xboot,55,0.898525863420518,0.5196923771807256
517409263,xboot,56,0.7163354405411618,0.4307803637921256
517409263,xboot,57,0.8554500572371293,0.4380099619830621
517409263,xboot,58,0.7111292538523737,0.5458403151848898
517409263,xboot,59,0.6825700960311689,0.4696764048658947
517409263,xboot,60,0.8450802724465358,0.4527478198304513
517409263,xboot,61,0.3598993314495328,0.34013632098097824
517409263,xboot,62,0.6890835128174319,0.4417035885271081
517409263,xboot,63,0.5967533435032092,0.491536249062544
517409263,xboot,64,0.9106077716144063,0.5709174126693459
517409263,xboot,65,0.9675929141068349,0.5008157556733949
517409263,xboot,66,0.3049010208779668,0.25325369171850665
517409263,xboot,67,0.7626567286219927,0.5523228279511287
517409263,xboot,68,0.7069242250757245,0.49590928649221344
517409263,xboot,69,0.7247176530512707,0.49289077058640596
517409263,xboot,70,0.7673649513150692,0.5177575487163626
517409263,xboot,71,0.7565196140982698,0.5005280988357252
517409263,xboot,72,0.8647198015214574,0.5409969417179861
517409263,xboot,73,0.7673522015095752,0.5177575474183462
517409263,xboot,74,1.4545441713721474,0.3003496162596183
517409263,xboot,75,0.8156374862457078,0.5448668460468987
517409263,xboot,76,0.6933459071667794,0.433445405230771
517409263,xboot,77,0.2047902230318002,0.23992617096313684
517409263,xboot,78,0.8655320628523974,0.4707771439649069
517409263,xboot,79,0.7927026862708602,0.4273491807864209
517409263,xboot,80,0.8510070864892346,0.5720180860209754
517409263,xboot,81,0.6338758298686256,0.5041013407846049
517409263,xboot,82,0.9322323856544837,0.47311783716695066
517409263,xboot,83,0.6946608889052713,0.43447609741361737
517409263,xboot,84,0.8770584132799557,0.36213987513385326
517409263,xboot,85,0.8349056767989287,0.39247519951467236
517409263,xboot,86,0.9017621889888449,0.3742214470875438
517409263,xboot,87,0.6696232842719871,0.5890349588192464
517409263,xboot,88,4.8862114002821615,0.2664959634347207
517409263,xboot,89,0.8866487574860489,0.4587000412192551
517409263,xboot,90,0.27883203414411045,0.3400390732368468
517409263,xboot,91,0.25487120066967606,0.21462731541342916
517409263,xboot,92,0.7966086771455675,0.5109624916748601
517409263,xboot,93,0.1477362611112825,0.21000246033813663
517409263,xboot,94,0.7244222238539801,0.46775921387400266
517409263,xboot,95,0.6258053147567985,0.47241337358712654
517409263,xboot,96,0.735365651791156,0.5351972179398798
517409263,xboot,97,0.6642618051479939,0.48661084982237623
517409263,xboot,98,0.6410218524723158,0.538930384889107
517409263,xboot,99,0.9920027307170272,0.5208803432917226
517430463,xround,0,1.1203781323773565,0.5874344266826909
517430463,xround,1,0.9111169503146441,0.48601848163697103
517430463,xround,2,0.8990100636111813,0.45878343866951343
517430463,xround,3,0.18732485315610023,0.21810736522066054
517430463,xround,4,1.2792348218593608,0.4666240772551168
517430463,xround,5,0.8793593445640164,0.4631775227070256
517430463,xround,6,1.5058028671901122,0.43068984375338815
517430463,xround,7,1.241305633938334,0.43116381047914487
517430463,xround,8,1.0317779601481232,0.5186845266554182
517430463,xround,9,0.759723513456733,0.529002622770377
517430463,xround,10,0.9779285500975599,0.5163202651573633
517430463,xround,11,1.0164893892650817,0.5146665503636536
517430463,xround,12,1.1189551690266561,0.5108663805165261
517430463,xround,13,0.1975018963438675,0.2798815283031386
517430463,xround,14,0.7238847161511264,0.5160847641606114
517430463,xround,15,1.1664800916563276,0.3663906416530399
517430463,xround,16,0.8653204046046844,0.30091645448320214
517430463,xround,17,0.8877947457104436,0.5947882031491845
517430463,xround,18,1.0070564006474978,0.3875338088312922
517430463,xround,19,1.010954545082174,0.5248880125050157
517430463,xround,20,1.012762767025194,0.4548148978397327
517430463,xround,21,1.1958471361045293,0.49875661344825173
517430463,xround,22,1.044633680045409,0.5444532380102862
517430463,xround,23,1.018991641938367,0.5397332511358925
517430463,xround,24,0.4683136345418138,0.25638965780318845
517430463,xround,25,1.0798775312174933,0.46637001369836073
517430463,xround,26,0.9862420593923662,0.3854450769058778
517430463,xround,27,0.8772484639179032,0.5125809783725612
517430463,xround,28,1.019796553949109,0.5397331503952476
517430463,xround,29,1.050269594766672,0.4739864525330265
517430463,xround,30,0.5889139369720593,0.4970749102296024
517430463,xround,31,0.9564035486209861,0.5469802427104011
517430463,xround,32,0.8967855988472124,0.38860968541071117
517430463,xround,33,0.9811783244667868,0.5498333472286656
517430463,xround,34,0.9662444729685246,0.5541833543281192
517430463,xround,35,1.1046553956322633,0.5507773179456972
517430463,xround,36,0.7917126375449361,0.4666943525051319
517430463,xround,37,1.0174773792706333,0.46953696048874416
517430463,xround,38,1.2792131071099138,0.46662407067224243
517430463,xround,39,0.12639342264386266,0.15691977857274508
517430463,xround,40,0.770882743256149,0.4835976633077106
517430463,xround,41,0.9628506046168053,0.5767834810314999
517430463,xround,42,1.1641190088077766,0.5642940307246371
517430463,xround,43,0.7367786157123293,0.5810553058652235
517430463,xround,44,1.2182885957855434,0.46574645050579566
517430463,xround,45,0.5122063368524733,0.24458833741132124
517430463,xround,46,0.7752292401205113,0.5355968499281558
517430463,xround,47,1.3155583067427465,0.3522453652598714
517430463,xround,48,0.863629716228771,0.54465160673292
517430463,xround,49,0.8740130597886091,0.4878081379081083
517430463,xround,50,0.21858019975202853,0.30309964482796603
517430463,xround,51,0.8339632240184714,0.49889422641509973
517430463,xround,52,0.7658467864471953,0.5717006976319658
517430463,xround,53,1.2913004651448263,0.6064842930899716
517430463,xround,54,0.8074393096082756,0.4442416938181941
517430463,xround,55,0.8647929456080025,0.5090138468367156
517430463,xround,56,1.3429319318513693,0.5570688852359666
517430463,xround,57,1.0050574252165787,0.46659897617076695
517430463,xround,58,0.7910926876955989,0.4365627460122673
517430463,xround,59,0.8238972962321608,0.5049062193745002
517430463,xround,60,1.0279608815802181,0.5488400418079988
517430463,xround,61,0.2909601687619135,0.2060506295958604
517430463,xround,62,1.022073204300017,0.5382792698651244
517430463,xround,63,1.0167375753341577,0.5146665430694279
517430463,xround,64,1.0821004617252583,0.5387428957140001
517430463,xround,65,1.1501963690149628,0.5866000460671748
517430463,xround,66,0.8475070513713349,0.5322699192653679
517430463,xround,67,1.2396990616469343,0.5481214245155068
517430463,xround,68,1.2944713157400631,0.504903412151555
517430463,xround,69,1.00812599101619,0.42421217056878624
517430463,xround,70,0.8454833719264772,0.5286878487745925
517430463,xround,71,0.8925550756204246,0.4820750139079619
517430463,xround,72,0.17733423227025386,0.26569708566776606
517430463,xround,73,1.370659056438428,0.42069709709767733
517430463,xround,74,0.9722467511717653,0.48171150636619775
517430463,xround,75,1.1349191365360094,0.5504821500809829
517430463,xround,76,0.9818320856211525,0.5018586802281878
517430463,xround,77,0.8244971775204417,0.5239473730932664
517430463,xround,78,0.7750842353265103,0.5355962032568427
517430463,xround,79,0.17418060256950663,0.23354569177305928
517430463,xround,80,0.8547432355067898,0.5270400552818522
517430463,xround,81,0.263100070503087,0.24621004375390576
517430463,xround,82,0.914301732892218,0.5180715835457825
517430463,xround,83,1.1906801194242456,0.537318022874562
517430463,xround,84,0.8332610783026229,0.5091528565949154
517430463,xround,85,0.8651212138378969,0.5090138889793143
517430463,xround,86,1.2559976651706337,0.49610981015274
517430463,xround,87,0.9178887267892494,0.45923807009302775
517430463,xround,88,0.910963994277301,0.4940464309433662
517430463,xround,89,1.1002219173807757,0.32795406883839817
517430463,xround,90,1.044056569942519,0.5153294228606609
517430463,xround,91,0.9554479224136163,0.43230549794919126
517430463,xround,92,0.6566114234638792,0.1873034588366853
517430463,xround,93,1.0592484758772658,0.466666019339984
517430463,xround,94,0.7242941861736708,0.47575334962863824
517430463,xround,95,1.279164818824788,0.46662406117612265
517430463,xround,96,1.1041087897387185,0.5075575123502492
517430463,xround,97,0.7921174820046436,0.46669432182356974
517430463,xround,98,1.0048920310715932,0.577032767907085
517430463,xround,99,0.8793348623153601,0.4631775079160445
517430463,xboot,0,0.7687237025939913,0.27636088594798025
517430463,xboot,1,0.7614985421900529,0.5369171238076125
517430463,xboot,2,0.7997510518695999,0.6415970731131124
517430463,xboot,3,1.055379509219086,0.5151960025524631
517430463,xboot,4,0.8893116207903528,0.4554785933265667
517430463,xboot,5,0.7874397592243289,0.5097970795838956
517430463,xboot,6,0.7688670045287076,0.4857453531878049
517430463,xboot,7,0.6250600556174783,0.5108065530485103
517430463,xboot,8,0.631770848799432,0.49070824905088073
517430463,xboot,9,0.5793074109636333,0.4526648784405475
517430463,xboot,10,0.6654920218069679,0.4528820984313635
517430463,xboot,11,0.5793379041753853,0.4526648755667321
517430463,xboot,12,0.4705891189250059,0.28249188061773267
517430463,xboot,13,0.7831949738202205,0.5167020980133892
517430463,xboot,14,0.8022851802799823,0.5503555990694835
517430463,xboot,15,0.8004397192320087,0.5022586353826626
517430463,xboot,16,0.8559338047070028,0.42898194756602437
517430463,xboot,17,0.7364802313619071,0.5173218914794679
517430463,xboot,18,0.813773335118839,0.5530497233100324
517430463,xboot,19,1.1404559579825837,0.4024284122388231
517430463,xboot,20,0.7967907837329072,0.46947392621687045
517430463,xboot,21,0.900505937847137,0.4425609093873123
517430463,xboot,22,0.6668909954944314,0.5806407515266905
517430463,xboot,23,0.7570117642224502,0.48581164993971215
517430463,xboot,24,0.6374276392501225,0.4708940902401386
517430463,xboot,25,0.37072917506614694,0.25152007131367216
517430463,xboot,26,0.6654743187416157,0.45288209328317064
517430463,xboot,27,0.6028064703068281,0.5316700600417712
517430463,xboot,28,0.6067359063684334,0.38166558233399805
517430463,xboot,29,0.7873069989598944,0.49093944107043674
517430463,xboot,30,0.677857551062054,0.48903129589717287
517430463,xboot,31,0.9591161167799342,0.5124040073284002
517430463,xboot,32,0.7263415547754876,0.49514063933104024
517430463,xboot,33,0.672739004457137,0.4279759346443148
517430463,xboot,34,0.8818589895738523,0.4561432119550043
517430463,xboot,35,0.6581308019896278,0.5131688025855959
517430463,xboot,36,0.6177573449259679,0.5286688800825485
517430463,xboot,37,0.6061869096037692,0.45324524044164727
517430463,xboot,38,0.8324720308402502,0.6342983611004605
517430463,xboot,39,0.8041238817845809,0.5278590873578507
517430463,xboot,40,0.39867403796953094,0.258418334585514
517430463,xboot,41,0.7697655230666541,0.27636086597161724
517430463,xboot,42,0.5837572530516836,0.46732234005571593
517430463,xboot,43,0.6019199967502231,0.4038202171353825
517430463,xboot,44,0.6924240207420171,0.5015613254359472
517430463,xboot,45,0.9548840216289192,0.5041221791581878
517430463,xboot,46,0.6795269849502716,0.2581784019079476
517430463,xboot,47,0.9556360523803026,0.5610337060955852
517430463,xboot,48,0.582760859099227,0.23679740053194143
517430463,xboot,49,0.7820453105051101,0.5501187117646992
517430463,xboot,50,0.6821773108615106,0.48599647899694
517430463,xboot,51,0.9290657158170702,0.5624625306927173
517430463,xboot,52,0.6285782634237144,0.5061513197310017
517430463,xboot,53,0.7511032925558142,0.46198798266614194
517430463,xboot,54,0.8138034504469143,0.4212178921728702
517430463,xboot,55,0.22799959996719704,0.2850542822816158
517430463,xboot,56,0.60550088887555,0.49896892818130645
517430463,xboot,57,1.8855455211922627,0.23572434634696016
517430463,xboot,58,0.5895780657089843,0.4120330505702201
517430463,xboot,59,0.5393048725105083,0.5670515762381396
517430463,xboot,60,0.6232209815841927,0.49496245551121265
517430463,xboot,61,0.8149466355446323,0.42121780641344964
517430463,xboot,62,0.7981257757715468,0.5289786664693501
517430463,xboot,63,0.5101443573430023,0.23986103355386146
517430463,xboot,64,0.8071040589371256,0.49520766110564607
517430463,xboot,65,0.5893108472459552,0.604489679096013
517430463,xboot,66,0.6242934637497943,0.41744323686653007
517430463,xboot,67,0.910075771460588,0.5812765133420921
517430463,xboot,68,0.6728502191310328,0.5187874909777164
517430463,xboot,69,0.9753860609386981,0.5141275567950596
517430463,xboot,70,0.7277112797940362,0.5562498346986684
517430463,xboot,71,0.688702720030158,0.5386258999273654
517430463,xboot,72,0.3611437400419661,0.29053059890552313
517430463,xboot,73,0.6448377475859595,0.3869732286660482
517430463,xboot,74,0.5927571985975365,0.35950292038929466
517430463,xboot,75,1.0674930754048466,0.35449983006189767
517430463,xboot,76,0.8516388340185224,0.49415332927400446
517430463,xboot,77,0.35605111591342237,0.3549566548086607
517430463,xboot,78,0.7152366444528263,0.4990178740100928
517430463,xboot,79,0.9120653809842886,0.5814600968498483
517430463,xboot,80,0.975336168515196,0.5141275444842752
517430463,xboot,81,0.650189238151701,0.3994772152665699
517430463,xboot,82,0.6817173602152243,0.30905234821314065
517430463,xboot,83,3.183509041721035,0.33248611030118946
517430463,xboot,84,0.83749399223382,0.5098415671143337
517430463,xboot,85,0.6023359046761668,0.5927895482553083
517430463,xboot,86,0.8894984839392285,0.3715342670839059
517430463,xboot,87,0.755689431051993,0.5194373554059741
517430463,xboot,88,0.2224350791098342,0.12517210797777834
517430463,xboot,89,0.7260681129191979,0.46762171313251344
517430463,xboot,90,0.8797461277143418,0.5435281435343804
517430463,xboot,91,0.46534254009251147,0.5270587693002162
517430463,xboot,92,0.6700164421330045,0.43943572960067057
517430463,xboot,93,0.7888414060424284,0.4505529122370129
517430463,xboot,94,1.0544831428375274,0.41378289456844475
517430463,xboot,95,0.7692699830456061,0.4868972075382578
517430463,xboot,96,0.658152775614994,0.5131687870793806
517430463,xboot,97,0.6242426245967888,0.417443381032253
517430463,xboot,98,0.8663830684265237,0.5606732812308877
517430463,xboot,99,0.8308785985342951,0.5599266750169385
517509862,xround,0,1.1269292699746851,0.6345870718253381
517509862,xround,1,0.2592715854934774,0.34444412650585754
517509862,xround,2,0.7913390416339525,0.6215204282338348
517509862,xround,3,1.0437606182927823,0.526821912820526
517509862,xround,4,0.9911597427572718,0.6660913682674583
517509862,xround,5,0.9788258284503712,0.6387131720838548
517509862,xround,6,0.8356546734985821,0.5842659850973968
517509862,xround,7,0.85007707835783,0.6367022131129698
517509862,xround,8,1.0171388371591732,0.5715370957510082
517509862,xround,9,0.9573944896556311,0.6155373501187338
517509862,xround,10,1.2323686253379953,0.6998923369371289
517509862,xround,11,1.2440767575860783,0.6060444845550601
517509862,xround,12,0.7913390416339525,0.6215204282338348
517509862,xround,13,1.1677838502339606,0.6190561097808989
517509862,xround,14,0.7913390416339525,0.6215204282338348
517509862,xround,15,0.8648339157590449,0.7035705053059051
517509862,xround,16,0.9628540315236888,0.6351438439046767
517509862,xround,17,0.8965090850231928,0.6173726677161402
517509862,xround,18,1.1252290938562435,0.623500921745821
517509862,xround,19,0.994581617711165,0.5899220687927558
517509862,xround,20,1.0728721211066663,0.6086413770765138
517509862,xround,21,1.0395611337430137,0.5456438052614625
517509862,xround,22,1.1248042984863236,0.6063299217026671
517509862,xround,23,1.0387034107917907,0.6938167136865854
517509862,xround,24,0.8557839342736734,0.6450985271662875
517509862,xround,25,0.8772810248189428,0.6241126791743552
517509862,xround,26,0.9628037334312101,0.5552832060807411
517509862,xround,27,1.0714224902918845,0.6139491928565448
517509862,xround,28,1.0549269762683082,0.6975864045158833
517509862,xround,29,1.017250723022966,0.7451393942273724
517509862,xround,30,1.1943544424216646,0.6252802043185874
517509862,xround,31,1.4027655065928692,0.623452598372854
517509862,xround,32,1.06901408668375,0.6622423050385717
517509862,xround,33,0.738535911751918,0.6170277022593896
517509862,xround,34,0.9110183112160238,0.5817747278036289
517509862,xround,35,0.6143222711580258,0.5667285196003105
517509862,xround,36,1.108879713640599,0.5422741143031284
517509862,xround,37,0.9912886572366836,0.5614368404775248
517509862,xround,38,1.034591938044474,0.5627682841475286
517509862,xround,39,0.9516068085686574,0.6578340841705054
517509862,xround,40,0.8721716418105777,0.6446535633678379
517509862,xround,41,1.0396802445968494,0.7117101808506332
517509862,xround,42,1.1068648268340193,0.6898578346044666
517509862,xround,43,0.9289818283881233,0.6565892390794287
517509862,xround,44,1.0438169456261972,0.5939596328106609
517509862,xround,45,0.9304230307520309,0.6440094813979382
517509862,xround,46,1.1171506351351288,0.6407275504917604
517509862,xround,47,1.0386676963681594,0.6938167138935254
517509862,xround,48,0.9815440522883111,0.679460563045885
517509862,xround,49,1.2140789234340028,0.5839552841674491
517509862,xround,50,1.034597910687045,0.5627682841443611
517509862,xround,51,0.8630958709459398,0.7646730704366913
517509862,xround,52,1.02958620212177,0.750277810527952
517509862,xround,53,0.789084927429643,0.6085626926080898
517509862,xround,54,1.0472072810084434,0.681876669221879
517509862,xround,55,1.102206826685054,0.6441850465331539
517509862,xround,56,0.856028958440874,0.6574685455243341
517509862,xround,57,1.2928130365947292,0.6563545801074838
517509862,xround,58,1.0412567351514466,0.6556173094306579
517509862,xround,59,0.7797817288184596,0.6483193000569274
517509862,xround,60,0.8887406798344565,0.6382114221959727
517509862,xround,61,0.8842553712421333,0.6794832023188074
517509862,xround,62,0.7891210429168068,0.608562692266228
517509862,xround,63,0.9855719835598221,0.6211704234632676
517509862,xround,64,0.9702539468337928,0.630704125932846
517509862,xround,65,1.03458437799566,0.562768284231534
517509862,xround,66,0.8500748218244547,0.6367022130283715
517509862,xround,67,0.7679912419449955,0.6881584198573187
517509862,xround,68,0.8697329495069513,0.6153320011124279
517509862,xround,69,1.0877251984700347,0.6014592925166353
517509862,xround,70,0.9294094661171209,0.7166626842775718
517509862,xround,71,0.750533398076025,0.6843919804292794
517509862,xround,72,0.9833397977016718,0.6746448390788473
517509862,xround,73,0.8739585370724294,0.6073374746752394
517509862,xround,74,0.9489616647158189,0.611047702959018
517509862,xround,75,0.8631392965469972,0.7646730705746488
517509862,xround,76,1.1185968354561082,0.7034639029052498
517509862,xround,77,0.8172471849023842,0.6390237314640672
517509862,xround,78,0.9339053065948016,0.5743135098202875
517509862,xround,79,0.8500881888061838,0.6367022131490968
517509862,xround,80,1.0345882553189962,0.5627682840650525
517509862,xround,81,0.8037132458627971,0.6381203769431654
517509862,xround,82,1.0440449401502059,0.6496283813367838
517509862,xround,83,0.9957619643925915,0.6078671451502001
517509862,xround,84,1.039700226505116,0.7117101808679103
517509862,xround,85,0.8271681320947464,0.628399280844589
517509862,xround,86,1.1549238530873378,0.5740092510070418
517509862,xround,87,0.9036379283896893,0.6877124250298674
517509862,xround,88,0.9809714323125235,0.5824610252456641
517509862,xround,89,0.8505573933065725,0.6223728228183438
517509862,xround,90,0.7891579816610433,0.5666231309025694
517509862,xround,91,1.0139436789122092,0.6227070173574154
517509862,xround,92,0.8612254236153831,0.6460262391844123
517509862,xround,93,0.7505580640736665,0.6843919803316698
517509862,xround,94,1.038632464295836,0.5799543660444786
517509862,xround,95,1.069019661402493,0.6622423051738564
517509862,xround,96,1.017250723022966,0.7451393942273724
517509862,xround,97,1.0543508794833163,0.5760450304641391
517509862,xround,98,0.8686667608803555,0.663880987506239
517509862,xround,99,0.9866108739190586,0.6459280023388636
517509862,xboot,0,0.5650188145107036,0.6298273828557535
517509862,xboot,1,0.7585033308573345,0.6772962820824989
517509862,xboot,2,0.6589550447316748,0.5963843476632269
517509862,xboot,3,0.5404343528596989,0.5205037721204437
517509862,xboot,4,0.686703121026453,0.6495497601971488
517509862,xboot,5,0.7010193332736568,0.7163916285128062
517509862,xboot,6,0.7223247077961898,0.7248913964617656
517509862,xboot,7,0.7279087061188264,0.627823347315911
517509862,xboot,8,0.7338286847436589,0.6456091591086565
517509862,xboot,9,0.7900320815409263,0.5762713878048503
517509862,xboot,10,0.6891104057153351,0.6453771691940404
517509862,xboot,11,0.7240223260404931,0.6865150238545081
517509862,xboot,12,0.604588954696555,0.6557435437103873
517509862,xboot,13,0.7165105376002638,0.6327054554023859
517509862,xboot,14,0.7552430283873939,0.5023696817348404
517509862,xboot,15,0.650487792290282,0.6968686763415161
517509862,xboot,16,0.6172940298166663,0.665619232947313
517509862,xboot,17,0.8055966171012006,0.6730635678679331
517509862,xboot,18,0.6470520914640158,0.7337614784671771
517509862,xboot,19,0.5959726597043988,0.648250796748425
517509862,xboot,20,0.7881537368019328,0.5049225793252134
517509862,xboot,21,0.5720530569954879,0.6111881169750049
517509862,xboot,22,0.5262721450890694,0.5944589051079625
517509862,xboot,23,0.6521484786461998,0.6140697558482882
517509862,xboot,24,0.6172068820389967,0.61033970869579
517509862,xboot,25,0.7622543989109097,0.5872012301630902
517509862,xboot,26,0.5968039137681429,0.6342301161912702
517509862,xboot,27,0.7006141067791816,0.6536602158555149
517509862,xboot,28,0.5948041862348439,0.6518653769029361
517509862,xboot,29,0.5820254928833282,0.6542329764302772
517509862,xboot,30,0.5403795374760537,0.5205037722200665
517509862,xboot,31,0.7598482879397359,0.6508839983297957
517509862,xboot,32,0.6729850566366388,0.6769327843119293
517509862,xboot,33,0.7861989886411768,0.6829611238602549
517509862,xboot,34,0.6410735985561229,0.6509146937431141
517509862,xboot,35,0.5761224189641431,0.6526634685086232
517509862,xboot,36,0.7053626301375382,0.6410538554535599
517509862,xboot,37,0.7527997055653152,0.6862384322906625
517509862,xboot,38,0.5959600547620438,0.6482507967478646
517509862,xboot,39,0.6974669920639859,0.6349078401810879
517509862,xboot,40,0.6603230467951089,0.6126967318009017
517509862,xboot,41,0.5954438556823426,0.6864981456651618
517509862,xboot,42,0.6197270912477696,0.690968116616931
517509862,xboot,43,0.53984789160974,0.6403712030723948
517509862,xboot,44,0.6347136273552823,0.6586837433557351
517509862,xboot,45,0.7385444744517176,0.6815224532518572
517509862,xboot,46,0.6106922138334946,0.6618285848165973
517509862,xboot,47,0.6252416362961093,0.6270368846747008
517509862,xboot,48,0.5732445540291695,0.6161785404166125
517509862,xboot,49,0.6971547324184649,0.6308427312560645
517509862,xboot,50,0.6426772070417981,0.6048076345068547
517509862,xboot,51,0.7671551496586804,0.6690162761394498
517509862,xboot,52,0.6649104433427843,0.6929762801861665
517509862,xboot,53,0.5895966318123198,0.5691236440353891
517509862,xboot,54,0.542667760990709,0.6833686879403349
517509862,xboot,55,0.6081909598275681,0.7029403020161649
517509862,xboot,56,0.5728259723450234,0.6631640438132113
517509862,xboot,57,0.5896044970077063,0.6406178104129538
517509862,xboot,58,0.7574480428551676,0.6937847185596997
517509862,xboot,59,0.612322801891707,0.5999207267343121
517509862,xboot,60,0.6172068820389967,0.61033970869579
517509862,xboot,61,0.7006220714043523,0.6536602158308265
517509862,xboot,62,0.8813955453264083,0.5076664252387135
517509862,xboot,63,0.6997903907735474,0.6306138453218463
517509862,xboot,64,0.7246465030099375,0.5321264385216264
517509862,xboot,65,0.693215042211524,0.661104189274274
517509862,xboot,66,0.5983157583038196,0.6311436600219837
517509862,xboot,67,0.6174432951609506,0.6611652280484472
517509862,xboot,68,0.6651970060801505,0.6639576649511685
517509862,xboot,69,0.6713749244539391,0.5967717236203257
517509862,xboot,70,0.6640981357307966,0.6718971483565115
517509862,xboot,71,0.722909289048292,0.6292359365724749
517509862,xboot,72,0.6765062456981952,0.6192518425822388
517509862,xboot,73,0.6460931756290575,0.7233831089298124
517509862,xboot,74,0.6484479201079314,0.5887800088288784
517509862,xboot,75,0.625353996350916,0.6310523181563491
517509862,xboot,76,0.6998071236382023,0.6306138448509144
517509862,xboot,77,0.5691908212889862,0.6407626440758247
517509862,xboot,78,0.8073587067780293,0.6730927622761066
517509862,xboot,79,0.5947987501137726,0.6518653771342282
517509862,xboot,80,0.816999329405048,0.6359240278465883
517509862,xboot,81,0.60715384991681,0.6061425818916193
517509862,xboot,82,0.6172912037668575,0.6656192329890189
517509862,xboot,83,0.6879102635816512,0.6915725919976505
517509862,xboot,84,0.5426718288271672,0.6833686877881601
517509862,xboot,85,0.6257125750502863,0.6097823601222139
517509862,xboot,86,0.5751330155515959,0.6890378959199834
517509862,xboot,87,0.596013581461818,0.6640986971606323
517509862,xboot,88,0.6740158672905608,0.6202784047008464
517509862,xboot,89,0.6715016659605703,0.651282361603467
517509862,xboot,90,0.7673598917346391,0.6850988249125536
517509862,xboot,91,0.5954492354548937,0.6864981456998875
517509862,xboot,92,0.7052792944200991,0.6108429134891489
517509862,xboot,93,0.8554606441822981,0.6398157252329889
517509862,xboot,94,0.6106913629049616,0.6618285848198451
517509862,xboot,95,0.736222359819122,0.6600150035416321
517509862,xboot,96,0.72339726298258,0.7396724168247304
517509862,xboot,97,0.8436533786155422,0.6064276128528658
517509862,xboot,98,0.6322801208775042,0.6822307468819013
517509862,xboot,99,0.6703667284630151,0.561989611507908
517510257,xround,0,0.9915176897485601,0.5365883754105378
517510257,xround,1,1.0147876379485286,0.39571356162264126
517510257,xround,2,0.8950903014256892,0.45742425680567034
517510257,xround,3,1.0862483106765506,0.45253082683311474
517510257,xround,4,1.224822360269726,0.46956552329843304
517510257,xround,5,1.3050819359452681,0.4396931710019508
517510257,xround,6,1.2075016128253735,0.45524724992761234
517510257,xround,7,0.8552346491027129,0.47227203345910584
517510257,xround,8,0.9775121502016542,0.36790070743237324
517510257,xround,9,0.9429873354198662,0.4201901374138618
517510257,xround,10,1.188745569134459,0.43689163751972127
517510257,xround,11,0.8277906325668521,0.46184513735872534
517510257,xround,12,1.1218717463215733,0.42612069393324903
517510257,xround,13,1.4093495942753926,0.3799921584149384
517510257,xround,14,1.1381011726245327,0.4407328039982935
517510257,xround,15,0.9895757579342633,0.4511695881528406
517510257,xround,16,0.9719674839111225,0.46243119046771586
517510257,xround,17,0.08700491357852107,0.23078831087421292
517510257,xround,18,1.2584082268413055,0.4828232778989102
517510257,xround,19,0.8245307603161957,0.2456213807976394
517510257,xround,20,1.453824371982747,0.4295194751937026
517510257,xround,21,0.969875014995235,0.48272263577662744
517510257,xround,22,1.399013051172269,0.49794171916618046
517510257,xround,23,1.0047451785214228,0.4981995770816615
517510257,xround,24,1.03409360390089,0.5082614489320942
517510257,xround,25,0.29193326884107634,0.3060387298619651
517510257,xround,26,0.906101445393259,0.5689852260035909
517510257,xround,27,0.7581914601742409,0.17937945554196888
517510257,xround,28,1.0248263796368429,0.4233268344090415
517510257,xround,29,1.1890901479207847,0.4368915862526065
517510257,xround,30,0.9743495333841827,0.4156343641674185
517510257,xround,31,0.35661874403530824,0.21464689168294182
517510257,xround,32,1.0248830260129815,0.4233268187928725
517510257,xround,33,0.8101131512958477,0.4250816925268571
517510257,xround,34,0.9371474870267932,0.4800627453715489
517510257,xround,35,0.9118407801509553,0.60047556708494
517510257,xround,36,0.8603676382268474,0.5024607095613496
517510257,xround,37,1.2488700387234473,0.42245265316850233
517510257,xround,38,1.0231434825873988,0.4462669192955524
517510257,xround,39,1.009667687394594,0.4209513034295077
517510257,xround,40,1.0855203360603192,0.48901110992995034
517510257,xround,41,1.224822360269726,0.46956552329843304
517510257,xround,42,1.2595452864944738,0.48282318646723776
517510257,xround,43,0.9003824768017739,0.40550826148752506
517510257,xround,44,0.9584924969150814,0.46227741988667626
517510257,xround,45,1.140889641767686,0.38282966904981763
517510257,xround,46,1.4066590909015622,0.4106098842757032
517510257,xround,47,0.7404815551950392,0.5046212599832738
517510257,xround,48,0.7973697697881481,0.4250156774468601
517510257,xround,49,0.9850161586348407,0.49278996213018766
517510257,xround,50,1.342119414876565,0.27295097102813715
517510257,xround,51,1.082558518900119,0.44646218725851516
517510257,xround,52,1.2182057434519726,0.5049681694687969
517510257,xround,53,0.9919871314201975,0.34260137688581815
517510257,xround,54,1.2640288374300992,0.3835998233697655
517510257,xround,55,0.9829011656100137,0.46934954918634664
517510257,xround,56,0.9672564446782043,0.4525887930003626
517510257,xround,57,0.9830303984065705,0.4693495201997473
517510257,xround,58,1.1220997206772756,0.5432043255750101
517510257,xround,59,0.7054272038645893,0.43590955151455735
517510257,xround,60,1.3066510475046986,0.46907481485124625
517510257,xround,61,0.7997767918380839,0.46274637508482697
517510257,xround,62,1.0394707253686162,0.47257876538943977
517510257,xround,63,1.0127106672836366,0.4288188184845695
517510257,xround,64,1.3516644216523543,0.513562454326717
517510257,xround,65,0.9016329887951717,0.5304267045485233
517510257,xround,66,0.820683604900306,0.40688319904996173
517510257,xround,67,0.9016656595907547,0.5304267047221856
517510257,xround,68,0.9194596347628023,0.45411371758754815
517510257,xround,69,1.0248659768762955,0.42332682455676873
517510257,xround,70,1.1361015501571528,0.506159338750269
517510257,xround,71,0.9921086088294251,0.3426013114222035
517510257,xround,72,1.0657476947897027,0.3979925633563295
517510257,xround,73,1.1513667464362718,0.4363155040619664
517510257,xround,74,1.4026415561127696,0.3303152017524824
517510257,xround,75,0.9681710163373054,0.5178516945314595
517510257,xround,76,0.9147771624365715,0.4052660171271859
517510257,xround,77,0.2791650603854124,0.3281004659498602
517510257,xround,78,0.33499595797108234,0.2594229769809546
517510257,xround,79,0.09083711105553906,0.19657647139114665
517510257,xround,80,1.4217652970830923,0.4904765056836933
517510257,xround,81,0.9958759306570574,0.5175005974067304
517510257,xround,82,1.1411660542817201,0.4896211336002405
517510257,xround,83,1.018828009896145,0.48817474244741443
517510257,xround,84,0.30906753697128925,0.27386100057865626
517510257,xround,85,1.1380268071902104,0.44073275110107935
517510257,xround,86,1.0189005168279635,0.4881747314173217
517510257,xround,87,1.0957871818147922,0.31169588277379834
517510257,xround,88,0.834413494814882,0.48704114809731314
517510257,xround,89,1.3050379429661687,0.4396931639924767
517510257,xround,90,1.0706236353766425,0.4841539765512095
517510257,xround,91,0.8348332729609167,0.4870411452379704
517510257,xround,92,1.125367555309888,0.5047187296111022
517510257,xround,93,0.9834106055269755,0.4589808711623451
517510257,xround,94,1.5335493545396892,0.3402363900463897
517510257,xround,95,0.9906947089875152,0.39846703812178064
517510257,xround,96,0.173655339863746,0.18929619607067116
517510257,xround,97,1.0656399601655242,0.3979925667882551
517510257,xround,98,0.9510400167962758,0.41286816622181743
517510257,xround,99,1.2921975784220252,0.5145999441946989
517510257,xboot,0,1.0590785195249794,0.5035358355628172
517510257,xboot,1,0.14063697066165942,0.22655557117542569
517510257,xboot,2,0.956371875752425,0.30738672382458365
517510257,xboot,3,2.1238214467413776,0.402626532417357
517510257,xboot,4,1.0342714545684435,0.4767908731397952
517510257,xboot,5,0.8623665049234025,0.3927959828371669
517510257,xboot,6,0.902155597592351,0.5139373557025422
517510257,xboot,7,1.158217076956357,0.46983882692106005
517510257,xboot,8,0.820196694854641,0.42359406424651
517510257,xboot,9,0.5018803199897997,0.24974699569059733
517510257,xboot,10,0.7858299239469181,0.3743702250489923
517510257,xboot,11,0.9071088048366166,0.4757208286434853
517510257,xboot,12,1.0160849592438541,0.4472006489995186
517510257,xboot,13,1.0769922648292731,0.4963703202379378
517510257,xboot,14,1.1385906205422625,0.35927624963611227
517510257,xboot,15,0.986678983623332,0.42441550579727616
517510257,xboot,16,1.0715139881700806,0.504066478818125
517510257,xboot,17,1.1693430401088931,0.5020395756059848
517510257,xboot,18,0.752473147301517,0.5165610164656176
517510257,xboot,19,0.4222241288838705,0.2704499550995373
517510257,xboot,20,1.0512275407100977,0.500923456791
517510257,xboot,21,0.764282026393607,0.5051612678153135
517510257,xboot,22,0.9035354193415603,0.4591058582953691
517510257,xboot,23,0.8999686273051545,0.5082458646220637
517510257,xboot,24,0.4882581460896976,0.33764009427251107
517510257,xboot,25,0.8904035505672845,0.4084473427600702
517510257,xboot,26,0.9472371371661977,0.5519136036209404
517510257,xboot,27,0.965055690485318,0.44168449886166317
517510257,xboot,28,1.1371799174079045,0.46777097533822254
517510257,xboot,29,0.8331097878902561,0.40457684953629247
517510257,xboot,30,0.6961684342158728,0.42113163597994163
517510257,xboot,31,0.4080507333152956,0.2073235176917495
517510257,xboot,32,1.1317473927233057,0.3854659683547209
517510257,xboot,33,0.8090338564229417,0.5282889024839583
517510257,xboot,34,1.3421557064836287,0.4948430139854689
517510257,xboot,35,0.7845369507253768,0.5461782434708365
517510257,xboot,36,0.5764092900712846,0.4566880411167712
517510257,xboot,37,1.1314127845114705,0.5465768856600548
517510257,xboot,38,0.9194699503030626,0.36005482294228097
517510257,xboot,39,1.0054560610648824,0.5186969602899555
517510257,xboot,40,0.7647281919960912,0.45928016867352084
517510257,xboot,41,0.9778266740802446,0.3967774054921378
517510257,xboot,42,0.3276020809594266,0.22844230934350163
517510257,xboot,43,0.7920523897589183,0.42183215780634986
517510257,xboot,44,0.9429996112556126,0.3397012857740882
517510257,xboot,45,0.3435254924944903,0.26070214638755973
517510257,xboot,46,1.03062196272341,0.5537481714690802
517510257,xboot,47,0.8431395753910844,0.4136202260863151
517510257,xboot,48,0.864169877019749,0.38707867926072326
517510257,xboot,49,0.8042994746893602,0.546237976043376
517510257,xboot,50,0.32023284888383535,0.22823623065916732
517510257,xboot,51,0.576375467042717,0.45668801189112274
517510257,xboot,52,0.6873154669874232,0.5447634894362167
517510257,xboot,53,0.7599099939154541,0.44633687656272636
517510257,xboot,54,1.2877350222318344,0.5251877765331692
517510257,xboot,55,0.8697163416080855,0.48991980129540025
517510257,xboot,56,0.3152410873988775,0.30542411180602846
517510257,xboot,57,0.9106850984787358,0.4064825526931636
517510257,xboot,58,0.8582725459169424,0.4183289706295471
517510257,xboot,59,0.8238151404359474,0.4092385989759213
517510257,xboot,60,0.9126458217225296,0.40087693161234406
517510257,xboot,61,0.7107737903282849,0.4838007902783671
517510257,xboot,62,0.9653163709506841,0.42266751167812233
517510257,xboot,63,0.4485332378318569,0.2623444887900612
517510257,xboot,64,0.8723330767401588,0.5463720200756397
517510257,xboot,65,1.0321698881305499,0.4218503198999386
517510257,xboot,66,0.6937205586140572,0.4110130404416642
517510257,xboot,67,0.9465888248193995,0.5266962975445255
517510257,xboot,68,0.7918710562556195,0.5936150644539135
517510257,xboot,69,0.7666496647214839,0.18000147251785092
517510257,xboot,70,0.8576166493233277,0.41832898035145694
517510257,xboot,71,0.9587177527714607,0.3551538952933836
517510257,xboot,72,0.8849951214286785,0.4626561030452322
517510257,xboot,73,0.7519613884545145,0.5760968539539271
517510257,xboot,74,0.7794683049381451,0.3777825309426187
517510257,xboot,75,0.9778597348894619,0.3967774084373603
517510257,xboot,76,0.9213130715305317,0.34352026146808534
517510257,xboot,77,0.9687816311203067,0.3932463305192514
517510257,xboot,78,0.9861239180855526,0.43057311343477556
517510257,xboot,79,0.2526017945673077,0.24568883788087548
517510257,xboot,80,0.8411975305641117,0.43520640711330216
517510257,xboot,81,0.7642395128230849,0.6057616814618305
517510257,xboot,82,0.7394439111810099,0.360640848123295
517510257,xboot,83,1.044968748253009,0.3572978585432256
517510257,xboot,84,1.05785880116503,0.4393578301928682
517510257,xboot,85,0.9726473960440668,0.3976678977595476
517510257,xboot,86,0.9446946649507724,0.5077606453546946
517510257,xboot,87,0.8216111938026414,0.5040059497482217
517510257,xboot,88,1.2395521931202176,0.43664860990591103
517510257,xboot,89,0.15650173225723713,0.17216363885298402
517510257,xboot,90,0.8846304561514626,0.4626560914726042
517510257,xboot,91,1.2204319580222802,0.3896717321942087
517510257,xboot,92,0.7002583777540763,0.5088964301379171
517510257,xboot,93,1.2454685495202344,0.38637493063228
517510257,xboot,94,1.1141768250967843,0.43760298129390485
517510257,xboot,95,1.016282298581613,0.4815584024744839
517510257,xboot,96,0.7225231053529882,0.3940066373451403
517510257,xboot,97,1.6987224228959985,0.24086302852967478
517510257,xboot,98,1.1050941883558496,0.3705364506793082
517510257,xboot,99,0.9174712652874726,0.4701366791387881
517511183,xround,0,0.9076480912370166,0.6519030446095628
517511183,xround,1,0.839329372496712,0.5692848561202595
517511183,xround,2,1.010074550827884,0.5431398499944124
517511183,xround,3,0.30859576675932693,0.3314295892351976
517511183,xround,4,1.0056278236442955,0.5414028456796955
517511183,xround,5,0.9417974825542521,0.6269301305271926
517511183,xround,6,1.153822959361853,0.5438670559068486
517511183,xround,7,1.0772319131496315,0.6223222467090406
517511183,xround,8,0.9437953518866805,0.640484938649952
517511183,xround,9,1.2517552566467212,0.5752058420809065
517511183,xround,10,1.0189375223315935,0.6774432254625672
517511183,xround,11,1.1851436461227651,0.6098122615673205
517511183,xround,12,0.9897631009697622,0.5392761190298943
517511183,xround,13,1.1007814240355456,0.6034211617417913
517511183,xround,14,0.8777367100454403,0.4870655128445899
517511183,xround,15,1.386543188330819,0.5886392261029947
517511183,xround,16,1.2293172011969664,0.5486354097766226
517511183,xround,17,0.9570043322573941,0.6459902485599405
517511183,xround,18,0.9000546429856172,0.5086433376038494
517511183,xround,19,1.0387331719175603,0.5887196224041713
517511183,xround,20,1.0223318633355218,0.5188521377077272
517511183,xround,21,0.9863956200260399,0.6008582363716843
517511183,xround,22,1.1345213815675221,0.6709285604995738
517511183,xround,23,1.4079928913821502,0.22425632642005677
517511183,xround,24,0.9418618846058281,0.5632497726374954
517511183,xround,25,0.9158829910667502,0.6837068122884626
517511183,xround,26,1.3334549372031277,0.6442949191087
517511183,xround,27,1.0251605000057957,0.5413773459185041
517511183,xround,28,1.1180579666709456,0.6040590796884389
517511183,xround,29,1.0422860909082323,0.5787685084621748
517511183,xround,30,1.1380289332803823,0.5403153839645236
517511183,xround,31,0.9117972007753204,0.578056055084876
517511183,xround,32,0.32246380783117,0.22522548822085964
517511183,xround,33,0.9060235301232401,0.5468150588583336
517511183,xround,34,1.1816410619301017,0.5886001646954651
517511183,xround,35,0.31188356891750224,0.20830790782537456
517511183,xround,36,0.9747599928920582,0.5309492228983448
517511183,xround,37,1.3282157437608637,0.5447198047888704
517511183,xround,38,0.1835332851563768,0.2177083174964678
517511183,xround,39,0.8878783634750038,0.53297789239538
517511183,xround,40,0.9000562148693676,0.5086433377284129
517511183,xround,41,1.0223312998189606,0.5188521377722664
517511183,xround,42,0.8861486169881648,0.6164139713627023
517511183,xround,43,1.0223333980603728,0.5188521377583262
517511183,xround,44,0.9641005285269811,0.4660012233254429
517511183,xround,45,1.0196165899790797,0.5838517713859286
517511183,xround,46,0.995772922907496,0.5584001537148702
517511183,xround,47,0.26082938146372053,0.22788244446269745
517511183,xround,48,1.1251662104214053,0.6187305224386973
517511183,xround,49,0.9658092223571532,0.620665032014678
517511183,xround,50,0.27600979601603987,0.2617933558612312
517511183,xround,51,0.9040738053074026,0.6075917853429256
517511183,xround,52,1.035633237745249,0.6947515716717434
517511183,xround,53,1.1262664230561639,0.5715559396836539
517511183,xround,54,0.3581434592146603,0.2271102832117643
517511183,xround,55,0.9641114537873514,0.46600122328590143
517511183,xround,56,0.3086296712123569,0.24806646906672136
517511183,xround,57,0.9890752487421305,0.565914597154082
517511183,xround,58,0.9000432496846859,0.5086433377172921
517511183,xround,59,0.9233672211568307,0.5257207478785982
517511183,xround,60,0.9766595851540782,0.5375779506145995
517511183,xround,61,1.2546967375726732,0.5567777697396441
517511183,xround,62,0.30858870807903177,0.331429589636146
517511183,xround,63,0.23932987352012774,0.1927220977619135
517511183,xround,64,1.027042936623431,0.6019365582219536
517511183,xround,65,1.2260669914294708,0.5422373521979991
517511183,xround,66,1.1829024640699475,0.5862929245818818
517511183,xround,67,0.8777021519209833,0.4870655126795582
517511183,xround,68,0.905429239968233,0.5889328135467131
517511183,xround,69,0.9766660537505347,0.5375779505769722
517511183,xround,70,1.034364009133276,0.6133016756839732
517511183,xround,71,0.99122896075367,0.5940958066177285
517511183,xround,72,0.3442435490954311,0.2867717621513469
517511183,xround,73,1.175464853808422,0.5605830113124928
517511183,xround,74,0.9627965965565641,0.5901942112425338
517511183,xround,75,1.0506845636701294,0.563429044103581
517511183,xround,76,0.9783247876069756,0.5977167589332453
517511183,xround,77,1.0705123767177773,0.5702636739726568
517511183,xround,78,0.9389755678291511,0.6490870945937846
517511183,xround,79,0.9927069175486688,0.5634526507935682
517511183,xround,80,1.022332431434091,0.5188521377755642
517511183,xround,81,0.876443081281064,0.5353792353621103
517511183,xround,82,1.1020029160557605,0.5518271894604987
517511183,xround,83,1.0842988849439976,0.6111101652885211
517511183,xround,84,0.8354637807725125,0.6107254517439975
517511183,xround,85,0.974358588790767,0.5770631600290843
517511183,xround,86,0.25359394939274826,0.2911407254723857
517511183,xround,87,0.9041866373065545,0.6351959886331462
517511183,xround,88,1.0760888774093362,0.5998300710624453
517511183,xround,89,1.0899069189075206,0.513021294318027
517511183,xround,90,1.035493592108716,0.6097614741921117
517511183,xround,91,0.963287648315727,0.5777483029895936
517511183,xround,92,0.9232319105429205,0.6189058451506719
517511183,xround,93,0.9232269630380837,0.6189058451291324
517511183,xround,94,0.30858967397766923,0.33142958906844733
517511183,xround,95,0.987611674606163,0.5625219581294265
517511183,xround,96,1.050344131376547,0.456675618772058
517511183,xround,97,0.9612590792745273,0.634905284945745
517511183,xround,98,1.1893002780153672,0.6215804945541413
517511183,xround,99,0.8723921758648072,0.5858975037446199
517511183,xboot,0,0.9691334565734996,0.5488063782706145
517511183,xboot,1,1.1338964403404386,0.5367052225553806
517511183,xboot,2,1.0813278809044953,0.561453705827739
517511183,xboot,3,1.2387909426097963,0.542874568790216
517511183,xboot,4,1.1061646767838318,0.6279006855359486
517511183,xboot,5,1.0530905130771542,0.5560983897246845
517511183,xboot,6,1.255201465375456,0.628916420556036
517511183,xboot,7,1.0604329691473664,0.5553451727612964
517511183,xboot,8,1.1360305381490416,0.6250014627083076
517511183,xboot,9,1.4058646853525072,0.4982759979780975
517511183,xboot,10,1.1797598606277078,0.6105193838615934
517511183,xboot,11,1.0015376927733846,0.5298206553982767
517511183,xboot,12,1.1216159320422383,0.5779983724125045
517511183,xboot,13,0.07662799578317638,0.2097710723883338
517511183,xboot,14,0.11808395660633018,0.23831489203105805
517511183,xboot,15,1.0401205138787426,0.5017353996856386
517511183,xboot,16,1.2048746004016746,0.6100264906090525
517511183,xboot,17,1.0057008205063331,0.6318921479120574
517511183,xboot,18,1.0271382431782234,0.49781056702055804
517511183,xboot,19,1.0020955962215568,0.5252643390600864
517511183,xboot,20,1.6886720396885073,0.5439236672504979
517511183,xboot,21,0.342069123448461,0.22453075601855776
517511183,xboot,22,0.29024072064010875,0.28905279103427195
517511183,xboot,23,1.0451750510296174,0.560052022618515
517511183,xboot,24,0.08588826770259195,0.21798116212420482
517511183,xboot,25,1.0140446765753133,0.5040799826004685
517511183,xboot,26,1.1215996175803005,0.5779983722509338
517511183,xboot,27,1.3066253767547273,0.5722699573532177
517511183,xboot,28,1.1463069719172634,0.6609601339452307
517511183,xboot,29,0.9818132320573617,0.5037649834458404
517511183,xboot,30,1.2490087526569054,0.6317264012844628
517511183,xboot,31,1.0015342917804662,0.5298206552995413
517511183,xboot,32,1.0462280694590786,0.5447425958363681
517511183,xboot,33,1.0821881427069628,0.6076008327997415
517511183,xboot,34,1.204328807549819,0.49877822533336835
517511183,xboot,35,1.0389334153752707,0.5326382283450302
517511183,xboot,36,1.0433443738179748,0.5636079802659708
517511183,xboot,37,1.150643109457206,0.5697072705376385
517511183,xboot,38,1.085433616299089,0.5929061201253663
517511183,xboot,39,1.3082980958183528,0.5887782889519964
517511183,xboot,40,1.7017422347741742,0.44033722350626747
517511183,xboot,41,1.3723000752289933,0.5773309313824324
517511183,xboot,42,0.18250597405084681,0.3040161976460537
517511183,xboot,43,1.0663847837468245,0.5674474293578482
517511183,xboot,44,1.0462948519950592,0.4936121551900078
517511183,xboot,45,1.1062094348250937,0.4749109875986758
517511183,xboot,46,1.0480897306533965,0.6291403817171223
517511183,xboot,47,0.24446235563501909,0.24255199509293635
517511183,xboot,48,0.8785446565556,0.23775773918000254
517511183,xboot,49,1.1184503668813779,0.5508635359515167
517511183,xboot,50,0.9691086277627851,0.5488063781124026
517511183,xboot,51,1.2972709391545953,0.5288393013330738
517511183,xboot,52,1.1064543221971448,0.5462490731167898
517511183,xboot,53,0.862316268849293,0.539353034789589
517511183,xboot,54,1.0363351431725778,0.6249083380554865
517511183,xboot,55,1.0559821988281817,0.5517458667912429
517511183,xboot,56,1.258192679029593,0.5908975180947121
517511183,xboot,57,1.3015137700752626,0.48366287793585194
517511183,xboot,58,0.76549945689811,0.6125096640586993
517511183,xboot,59,1.3322695802192965,0.5452462958722355
517511183,xboot,60,0.3750001040066128,0.18561900536600384
517511183,xboot,61,1.1184423684628635,0.5508635358253733
517511183,xboot,62,1.3528332036576016,0.6012895650332751
517511183,xboot,63,1.0022291412763153,0.5783538776176607
517511183,xboot,64,1.1063848692377378,0.5462490727333869
517511183,xboot,65,1.0539068171385897,0.5259201317412152
517511183,xboot,66,0.9957046425201032,0.6472895122675923
517511183,xboot,67,1.0821887309001545,0.6076008328149447
517511183,xboot,68,1.1003223597162617,0.6189600314273815
517511183,xboot,69,1.1870651097581713,0.6003869064029912
517511183,xboot,70,1.0772359144779828,0.5606272372143135
517511183,xboot,71,1.297248566503084,0.5288393011900447
517511183,xboot,72,1.0431096002030913,0.5544893272674476
517511183,xboot,73,1.2582166808176671,0.590897518082324
517511183,xboot,74,1.0809076006709462,0.5644166954806817
517511183,xboot,75,0.9921293259423303,0.6062882934976117
517511183,xboot,76,1.0311287643129463,0.6824586038990121
517511183,xboot,77,1.051096646746804,0.5601656830929485
517511183,xboot,78,0.34081909139940186,0.2707786292644294
517511183,xboot,79,1.095471839376091,0.5299867046742068
517511183,xboot,80,1.1070627185696258,0.6002950923430407
517511183,xboot,81,0.8841826132314684,0.5469001129109503
517511183,xboot,82,1.2271429250703316,0.5997926749343979
517511183,xboot,83,0.9957161079949685,0.6472895122724112
517511183,xboot,84,1.276309203183769,0.5528394710024271
517511183,xboot,85,1.1805462498775734,0.5227013732018009
517511183,xboot,86,1.3458090260587665,0.545546697885188
517511183,xboot,87,1.1975765108463217,0.6439323199003715
517511183,xboot,88,1.1285151095623356,0.4719325387172302
517511183,xboot,89,0.9773227789972548,0.4836486795337457
517511183,xboot,90,0.26229873175847934,0.21484954013573798
517511183,xboot,91,0.12942114978345307,0.16129627698972393
517511183,xboot,92,1.1805634233624265,0.5227013732256685
517511183,xboot,93,1.4888435398018518,0.5476008760365365
517511183,xboot,94,1.3277269898847637,0.6245207104275798
517511183,xboot,95,0.8685180108830238,0.6192038874158712
517511183,xboot,96,0.9182804026007367,0.22620748145384573
517511183,xboot,97,1.1070821032913365,0.6002950923172121
517511183,xboot,98,1.0948962142694623,0.5326819346123416
517511183,xboot,99,1.1073584838875663,0.5808687479480872
517511567,xround,0,0.7054413391081529,0.5137137964580933
517511567,xround,1,1.0400639941988012,0.5431802605289378
517511567,xround,2,1.125504153467637,0.613510169230741
517511567,xround,3,1.3445322492953626,0.5469202581169843
517511567,xround,4,0.711314069009255,0.523012805534778
517511567,xround,5,1.176362029012523,0.4561678108612107
517511567,xround,6,1.0325924539040503,0.6090031474058857
517511567,xround,7,1.0562691018307215,0.5606586223998997
517511567,xround,8,0.7604326052574195,0.529445340110748
517511567,xround,9,0.9057357951178351,0.6245688953744817
517511567,xround,10,1.0540039717802,0.5184458037296273
517511567,xround,11,1.0204153914480765,0.45480143620763647
517511567,xround,12,0.9373074756755984,0.5248123968847993
517511567,xround,13,0.9356880810375645,0.6263957292612575
517511567,xround,14,0.9632644193321441,0.6151807691516173
517511567,xround,15,1.0551422021891872,0.4625171109739591
517511567,xround,16,1.1433448733948925,0.48853577962783223
517511567,xround,17,1.1153418946150928,0.4319687726644459
517511567,xround,18,0.8979556432526147,0.4367093560021582
517511567,xround,19,0.586502447466332,0.5489472051904938
517511567,xround,20,1.0648356006380064,0.639612430278333
517511567,xround,21,0.9374126118533795,0.4941450289650372
517511567,xround,22,0.24879642355222706,0.3296550834465266
517511567,xround,23,0.8483029799098146,0.5900882861482204
517511567,xround,24,1.3046539293422612,0.5057744794724865
517511567,xround,25,1.502316040782628,0.38382006730469176
517511567,xround,26,0.795032815104465,0.5705368747680957
517511567,xround,27,0.8994741693354179,0.5272239241314456
517511567,xround,28,0.9762798878025528,0.5318847348817354
517511567,xround,29,1.3238776135426475,0.6438308953168381
517511567,xround,30,1.0452787124637677,0.5445312231838205
517511567,xround,31,0.9373032329856311,0.524812426806244
517511567,xround,32,1.0167128584023728,0.46212840031224633
517511567,xround,33,0.7481254044755976,0.4778967801204139
517511567,xround,34,1.0439443454537476,0.48626562358449443
517511567,xround,35,1.0718717811524818,0.593363938370275
517511567,xround,36,1.168484438764431,0.533875650429115
517511567,xround,37,1.2915513001612777,0.4639563955788115
517511567,xround,38,1.2624114605198522,0.5936948680486391
517511567,xround,39,0.7692251126066473,0.5847539161350409
517511567,xround,40,1.3448318059976643,0.5469202683386933
517511567,xround,41,1.1780759771610108,0.567783789579005
517511567,xround,42,0.8042228849514581,0.5086076071310519
517511567,xround,43,0.9717312299358556,0.54543484643646
517511567,xround,44,1.171351135636422,0.5269076512992801
517511567,xround,45,0.8539271127195249,0.5886141083463317
517511567,xround,46,0.9762117469160239,0.5061729737562684
517511567,xround,47,0.7059221287878534,0.513713803970349
517511567,xround,48,0.8869095544496671,0.568328374888982
517511567,xround,49,1.1414340375318726,0.5164573867362952
517511567,xround,50,1.240627746790016,0.4728625009481926
517511567,xround,51,0.9966583392411347,0.5896523499194548
517511567,xround,52,1.5105110308649707,0.48743465450180357
517511567,xround,53,0.9617106385200359,0.5263061726444
517511567,xround,54,0.7157137668326745,0.49289307064451915
517511567,xround,55,1.078546725330186,0.6136684103557872
517511567,xround,56,1.3915245992342227,0.5184543341414448
517511567,xround,57,0.943687748604183,0.5694739567998605
517511567,xround,58,1.1659589712502334,0.5809440741869034
517511567,xround,59,1.1785168379693947,0.5774928978168039
517511567,xround,60,0.8733972675809331,0.5433039690048478
517511567,xround,61,1.4017399227686478,0.4985435826278164
517511567,xround,62,1.0154832982996673,0.4457735017926536
517511567,xround,63,1.4524064022281469,0.5663311850684662
517511567,xround,64,1.0093307399996982,0.575563384979273
517511567,xround,65,1.0561937465294624,0.5042937834405989
517511567,xround,66,0.9753915160699201,0.5738373076317369
517511567,xround,67,1.1166884969676083,0.5230106274336297
517511567,xround,68,0.935583180070303,0.46827593876940377
517511567,xround,69,1.3028518071247432,0.5057745817775536
517511567,xround,70,1.1335663990688718,0.4805455346145129
517511567,xround,71,1.0016923365613595,0.524516915538427
517511567,xround,72,1.0306590314019595,0.6070143945539226
517511567,xround,73,1.0833814740198124,0.5063530019633005
517511567,xround,74,1.0241050898657262,0.4874024073411345
517511567,xround,75,1.141220557330356,0.5164573668469026
517511567,xround,76,0.9753915160699201,0.5738373076317369
517511567,xround,77,1.082433231756655,0.5689976841798966
517511567,xround,78,0.9345494962903995,0.5683374170088398
517511567,xround,79,1.2307548851478372,0.5940892330231886
517511567,xround,80,0.7772483203649133,0.5555903127618356
517511567,xround,81,1.037503527157834,0.6281403894539959
517511567,xround,82,1.163633607007825,0.45004775572724154
517511567,xround,83,1.0292597226733171,0.5157912259618814
517511567,xround,84,1.0964578199798527,0.5410977153905666
517511567,xround,85,1.2775640703338773,0.6030511571298438
517511567,xround,86,0.9752314610896716,0.6134339256468534
517511567,xround,87,1.1541780318982529,0.6459744774824085
517511567,xround,88,0.8858734665162865,0.4980514039659656
517511567,xround,89,1.0948444026164188,0.4848882423256857
517511567,xround,90,1.0858672568749768,0.5477551884145172
517511567,xround,91,0.9657665740109694,0.5671777506937463
517511567,xround,92,0.8966473367861926,0.5434451770491251
517511567,xround,93,0.6943329617990979,0.5675439053495848
517511567,xround,94,1.22425542177551,0.5821188532193324
517511567,xround,95,1.0103268260141183,0.5755633407020586
517511567,xround,96,1.3989960589810202,0.49854357789208026
517511567,xround,97,0.9374126118533795,0.4941450289650372
517511567,xround,98,1.2519419624568149,0.5471976402868384
517511567,xround,99,0.5969958985691254,0.5267377511442132
517511567,xboot,0,1.271812087951221,0.5775446578349155
517511567,xboot,1,1.12525529685474,0.528144763986078
517511567,xboot,2,1.1138508395778346,0.6373666772138904
517511567,xboot,3,1.0912631461119446,0.6316032412974377
517511567,xboot,4,1.0041003544225953,0.584465091199506
517511567,xboot,5,1.098612093597004,0.5861359491635931
517511567,xboot,6,1.3108816428979047,0.46495256587204503
517511567,xboot,7,1.50762387831082,0.6155887562114073
517511567,xboot,8,1.762542297059926,0.5477642822053768
517511567,xboot,9,1.372450585994499,0.4769793942913677
517511567,xboot,10,1.311658038983808,0.4649526497206865
517511567,xboot,11,1.508435796628715,0.5077946480631934
517511567,xboot,12,1.2047084330878828,0.5626293768057309
517511567,xboot,13,1.4271067246670548,0.5965134250070326
517511567,xboot,14,0.7489636048078472,0.41406004667987273
517511567,xboot,15,1.4399430828622568,0.582279505474558
517511567,xboot,16,1.0736521215284707,0.518301373039968
517511567,xboot,17,1.2721840576637327,0.5775446606203147
517511567,xboot,18,1.762542297059926,0.5477642822053768
517511567,xboot,19,1.6656623039476695,0.5352843536526463
517511567,xboot,20,1.2881730473414483,0.5276432309988572
517511567,xboot,21,1.0978920978398632,0.5695286520161835
517511567,xboot,22,0.8510126009877291,0.544415829522267
517511567,xboot,23,1.2447180393321802,0.5521466280893006
517511567,xboot,24,1.2838781678820124,0.48361656664103647
517511567,xboot,25,1.2240454430110967,0.5443339003489334
517511567,xboot,26,1.2163684784610111,0.5846449071547832
517511567,xboot,27,1.0481794061401364,0.5972329273980237
517511567,xboot,28,1.2254692146186914,0.6066065460186443
517511567,xboot,29,1.0376301763805866,0.6777361382011313
517511567,xboot,30,1.352753489779635,0.5360529686677244
517511567,xboot,31,1.0878130058420934,0.49073516387145244
517511567,xboot,32,1.2520592595783901,0.5892634686286893
517511567,xboot,33,1.2061940641838773,0.5704826160592003
517511567,xboot,34,1.6118112452456475,0.5510037835327556
517511567,xboot,35,1.3819624582348946,0.4901385760154171
517511567,xboot,36,1.124584086273267,0.627328441625246
517511567,xboot,37,0.7485790230760428,0.4140601182547572
517511567,xboot,38,0.17615772128700133,0.35086141434006224
517511567,xboot,39,1.170468317034986,0.6005414062904476
517511567,xboot,40,1.2486008490188063,0.5499570633249448
517511567,xboot,41,0.9951136251783805,0.6188547535186719
517511567,xboot,42,1.6670281938998754,0.5352843619724472
517511567,xboot,43,0.9294460049844675,0.5857570783156674
517511567,xboot,44,1.0617956002287392,0.5182228042370502
517511567,xboot,45,1.1132957045650536,0.6373666725069728
517511567,xboot,46,1.612532357626633,0.5510038250899996
517511567,xboot,47,1.931079426658391,0.40979801172039165
517511567,xboot,48,0.7489321245244976,0.4140600756237316
517511567,xboot,49,1.2780916190985412,0.5919477624564615
517511567,xboot,50,1.1654197526569474,0.5411904001671115
517511567,xboot,51,1.5784978494603221,0.5290649151212572
517511567,xboot,52,1.6302139927031585,0.5972226303332375
517511567,xboot,53,1.5078642773196291,0.5703645218354519
517511567,xboot,54,0.987546731648262,0.5307223979592011
517511567,xboot,55,1.3428695600496618,0.5150443031134847
517511567,xboot,56,1.5784098737310577,0.5290649058939287
517511567,xboot,57,1.1753920433885001,0.5664405288467264
517511567,xboot,58,1.0684029704232592,0.5980011728055996
517511567,xboot,59,1.43491983484327,0.5352263453553334
517511567,xboot,60,1.2098750267443805,0.5407895493742528
517511567,xboot,61,1.762542297059926,0.5477642822053768
517511567,xboot,62,1.4551824731194032,0.5913525740619474
517511567,xboot,63,1.932213019604056,0.4097979943640121
517511567,xboot,64,1.4298627218872666,0.4696757550717857
517511567,xboot,65,1.2329649116520995,0.5213395275491451
517511567,xboot,66,1.3799598916603353,0.5869502153871202
517511567,xboot,67,0.7490588263532832,0.48966641243712183
517511567,xboot,68,1.372371033366439,0.5193099634854789
517511567,xboot,69,1.0717245865259073,0.5215923086803245
517511567,xboot,70,1.3532762302274797,0.5360529770338698
517511567,xboot,71,1.294000026346102,0.564736496604026
517511567,xboot,72,1.2653551010073154,0.5288576245072825
517511567,xboot,73,1.269158737800557,0.5106389672559054
517511567,xboot,74,1.0903148017407183,0.522413738287174
517511567,xboot,75,1.0333335237327552,0.5852362190081413
517511567,xboot,76,1.4350621292503605,0.5352265105300489
517511567,xboot,77,1.6685159572159955,0.4705497614993496
517511567,xboot,78,1.2972741377794936,0.6154695111465496
517511567,xboot,79,1.4017000974620863,0.6235963096849244
517511567,xboot,80,1.3468668779296795,0.5070164902389132
517511567,xboot,81,1.2709179265247283,0.5408988015802413
517511567,xboot,82,1.0315595960207133,0.5076810634136788
517511567,xboot,83,1.427077595890024,0.596513441422335
517511567,xboot,84,1.6676432241044439,0.47054970279430874
517511567,xboot,85,1.5784134478887237,0.5290649121601834
517511567,xboot,86,0.8513384352849089,0.5444158292289678
517511567,xboot,87,1.1927856121223752,0.594648030747468
517511567,xboot,88,1.434606960745968,0.5733710683525792
517511567,xboot,89,1.6669382435619982,0.5352843543363768
517511567,xboot,90,1.3338257452276479,0.48708442287736786
517511567,xboot,91,1.1195909864225577,0.55662477253415
517511567,xboot,92,1.2036882436981118,0.5070029296180263
517511567,xboot,93,1.406288194483337,0.47797957826222226
517511567,xboot,94,1.1769891161297752,0.5683774663863649
517511567,xboot,95,0.8216957872312538,0.5358938499512783
517511567,xboot,96,1.2419011804084723,0.4886250198453882
517511567,xboot,97,1.134133669736175,0.5194465650822364
517511567,xboot,98,1.440485029409281,0.6323066205389035
517511567,xboot,99,1.2536372962265818,0.520398581402578
517514088,xround,0,0.8591010935443627,0.6018183285602052
517514088,xround,1,0.9919901103852469,0.5780283841285099
517514088,xround,2,1.0257538030756823,0.551082514971651
517514088,xround,3,1.4906175165765627,0.4895845961329315
517514088,xround,4,1.0521897579544672,0.7049522268884761
517514088,xround,5,0.9427012439214002,0.6189973912265503
517514088,xround,6,0.7573436800033744,0.28233319770300347
517514088,xround,7,0.9908539406985973,0.5884553372330164
517514088,xround,8,0.20777551436390804,0.24996940327834027
517514088,xround,9,0.9060677704944755,0.6750227940536805
517514088,xround,10,1.316337459868039,0.5040817880230486
517514088,xround,11,0.8569036503688598,0.6525752829060569
517514088,xround,12,0.8705831443680496,0.5448275073441783
517514088,xround,13,1.1228886492057675,0.5517243489254994
517514088,xround,14,1.0210303368597555,0.6408184556496463
517514088,xround,15,0.9296676293729732,0.5790306510411223
517514088,xround,16,0.9526806987399242,0.65305503155591
517514088,xround,17,0.9262261537099351,0.6552349540754243
517514088,xround,18,0.9808780521634649,0.6317339063241213
517514088,xround,19,1.0772829905804278,0.5609718640299246
517514088,xround,20,1.1898113335474698,0.5840876149231029
517514088,xround,21,1.1010767109782038,0.6521446100559384
517514088,xround,22,1.0432572727338896,0.5082068872827121
517514088,xround,23,0.9146718553427652,0.5847580202794007
517514088,xround,24,1.1388649716727706,0.5318625386817292
517514088,xround,25,0.9352012373661867,0.497334944214745
517514088,xround,26,0.8007518198742688,0.5694185076114372
517514088,xround,27,1.0781215468843959,0.5609718710236208
517514088,xround,28,1.019471914220975,0.49803636728229306
517514088,xround,29,1.0451361314129435,0.6554554854466991
517514088,xround,30,1.2430921474559355,0.5690011662256823
517514088,xround,31,1.0466124985650054,0.5355821182807257
517514088,xround,32,0.934471886667384,0.6329978750787002
517514088,xround,33,0.8544960626890672,0.6090937286370856
517514088,xround,34,1.0565000479772968,0.5299085962456305
517514088,xround,35,0.7944212110475597,0.5747081867375406
517514088,xround,36,0.9117249492386073,0.6592565091391593
517514088,xround,37,0.9721917179645215,0.6099983188663225
517514088,xround,38,0.9892064872517509,0.6115451103034004
517514088,xround,39,1.0734216336545768,0.6137673881536782
517514088,xround,40,0.9920349764512504,0.5780283563293178
517514088,xround,41,1.0312030821986775,0.5022567878074677
517514088,xround,42,1.1337837930272043,0.5321600883028406
517514088,xround,43,1.0194123773603379,0.5936491255245057
517514088,xround,44,1.0648994014942121,0.5079758653288424
517514088,xround,45,1.0453581052701408,0.561119122089379
517514088,xround,46,0.9785144478032292,0.6188815220657236
517514088,xround,47,0.8961625761405597,0.6368709530458976
517514088,xround,48,0.9063543568141235,0.6750227881022794
517514088,xround,49,0.9899800054548533,0.5939362212168313
517514088,xround,50,0.9370343502622926,0.6724042085148652
517514088,xround,51,0.9763317655342975,0.6880516317673706
517514088,xround,52,1.033004461029372,0.5703617487239497
517514088,xround,53,0.9105490262154973,0.5004194006617695
517514088,xround,54,0.8358311635781189,0.6651877814385134
517514088,xround,55,0.9209788848224445,0.7035735709881219
517514088,xround,56,1.2117772095859054,0.6263515119670873
517514088,xround,57,0.9390879897675027,0.5789985691367574
517514088,xround,58,1.0371508808880638,0.5822213162905004
517514088,xround,59,0.8466541424099707,0.5573932552414116
517514088,xround,60,0.9116942635983997,0.6376491393163234
517514088,xround,61,0.8543374290771364,0.6085990552442873
517514088,xround,62,0.870115195877889,0.5448274737464762
517514088,xround,63,0.9705787985703259,0.584543231176716
517514088,xround,64,0.9993616701226093,0.5818906803364521
517514088,xround,65,1.192427097918472,0.5840875856139578
517514088,xround,66,0.972248357210289,0.6099983405786424
517514088,xround,67,0.9868983925512106,0.48173978347107005
517514088,xround,68,0.9468649308740607,0.6374139759977719
517514088,xround,69,0.9192399968403863,0.5263543472704456
517514088,xround,70,0.8612392050862571,0.5203680448363882
517514088,xround,71,1.0886813047456145,0.6294526450600721
517514088,xround,72,1.0532983333809873,0.6072542916965936
517514088,xround,73,1.0198014863119484,0.5936492347674878
517514088,xround,74,0.8430590355814139,0.5131480446710098
517514088,xround,75,1.1097998599599768,0.5439408395646328
517514088,xround,76,1.0525417500519032,0.6072542324622424
517514088,xround,77,0.8224020058709818,0.5444373689139135
517514088,xround,78,1.0003895234594262,0.5755717242029667
517514088,xround,79,0.9929475659891023,0.6593339371879899
517514088,xround,80,0.9390879897675027,0.5789985691367574
517514088,xround,81,1.09048820272607,0.6930013315580421
517514088,xround,82,1.1242019344077683,0.6790352335172376
517514088,xround,83,1.0326126762383374,0.6787389249240807
517514088,xround,84,0.7655627309191818,0.5474706068828847
517514088,xround,85,0.949054929073456,0.6758281570194062
517514088,xround,86,1.2013921255090012,0.5390738892725466
517514088,xround,87,1.0073784416928093,0.6065721212183375
517514088,xround,88,1.0211172067128038,0.5534067020119544
517514088,xround,89,0.895937831965088,0.6345177173498653
517514088,xround,90,0.8001449338400369,0.6255874927886032
517514088,xround,91,0.9675977741803411,0.5822365036364266
517514088,xround,92,0.815379187866991,0.5820335948968032
517514088,xround,93,0.9104556122599602,0.5561321408584837
517514088,xround,94,1.046019270721155,0.5723037276217731
517514088,xround,95,0.9183100043664582,0.5804236275248753
517514088,xround,96,0.8252634202408118,0.6990341805159133
517514088,xround,97,0.9114436270723499,0.6592565091619377
517514088,xround,98,1.0903866602262424,0.5271567892117224
517514088,xround,99,0.9374410331011983,0.6724041082421539
517514088,xboot,0,1.2488285252232527,0.6320363105937392
517514088,xboot,1,1.0796222234000323,0.5712782120107951
517514088,xboot,2,0.9764966791251641,0.6510626959919499
517514088,xboot,3,0.8817149703149105,0.5120508320673595
517514088,xboot,4,0.9728523406301424,0.6834893090396413
517514088,xboot,5,1.0850674438542753,0.705038748204436
517514088,xboot,6,0.8541437280028482,0.5795309820603483
517514088,xboot,7,1.1620230298016108,0.5604632237308147
517514088,xboot,8,0.9266793394150965,0.5732746401487613
517514088,xboot,9,0.4542452175598242,0.15841664133059885
517514088,xboot,10,0.9641995178181898,0.5841520554957125
517514088,xboot,11,1.026623510431216,0.5158338108249254
517514088,xboot,12,1.242268533420876,0.5859437576171606
517514088,xboot,13,1.0910104200036448,0.6078237284835439
517514088,xboot,14,0.8198763810593387,0.6691762638662146
517514088,xboot,15,1.0604485645292405,0.5926679217740696
517514088,xboot,16,1.224237041549222,0.6228780580297196
517514088,xboot,17,0.9912356383444798,0.6064581297863465
517514088,xboot,18,1.1970520453479396,0.5842834968399468
517514088,xboot,19,1.1268297470915425,0.7074377673635556
517514088,xboot,20,0.9517174776472977,0.6552337018430513
517514088,xboot,21,0.9162587156894222,0.6217944058795457
517514088,xboot,22,0.9752555715973314,0.552653590753504
517514088,xboot,23,1.35295740118897,0.6101105828470168
517514088,xboot,24,1.0396223972001684,0.5486110471812755
517514088,xboot,25,0.9171466898949969,0.5831667684635107
517514088,xboot,26,0.8222458133199715,0.5939289912568246
517514088,xboot,27,0.18114547715917462,0.21040890980332894
517514088,xboot,28,1.1016401949413583,0.5732366254605581
517514088,xboot,29,1.2965246597720297,0.5558662010090677
517514088,xboot,30,0.9789951498652357,0.6882322949617619
517514088,xboot,31,0.8973264150094737,0.59594852516991
517514088,xboot,32,1.0769686896817843,0.702768599340689
517514088,xboot,33,0.21196757313440542,0.18063890733862997
517514088,xboot,34,1.0653075784356643,0.5699719245467236
517514088,xboot,35,1.075506245756834,0.5792439233465325
517514088,xboot,36,1.003773751152873,0.5986185890763229
517514088,xboot,37,0.9246602613365319,0.6523889614774945
517514088,xboot,38,1.0847348034067532,0.5880277033678051
517514088,xboot,39,1.1277038915992894,0.5275382088231733
517514088,xboot,40,0.9743184444140074,0.4959789380190366
517514088,xboot,41,0.9657575361407612,0.6268954557243218
517514088,xboot,42,1.0570542524518949,0.5531160318582982
517514088,xboot,43,1.046638085735781,0.5948953197757167
517514088,xboot,44,1.0466406335551628,0.5948953185040255
517514088,xboot,45,0.8584771518829384,0.5238524453204264
517514088,xboot,46,1.2649025843309012,0.588621606550793
517514088,xboot,47,1.081352779896605,0.6026480544983439
517514088,xboot,48,0.9933735909296588,0.6236990996126065
517514088,xboot,49,1.1556755949407063,0.6260436465495514
517514088,xboot,50,0.9719076583107519,0.6145522381270926
517514088,xboot,51,1.306513871401086,0.5704996761440939
517514088,xboot,52,0.8364941049133471,0.5730943232361525
517514088,xboot,53,0.941109779206827,0.575946116257509
517514088,xboot,54,1.3660554685958504,0.5068055529142709
517514088,xboot,55,0.999354333120765,0.550634377300206
517514088,xboot,56,0.9080989160270241,0.5457667866603678
517514088,xboot,57,0.8700665471363431,0.6011007313380811
517514088,xboot,58,0.9484750990995068,0.6340391370102751
517514088,xboot,59,0.9228007706170255,0.5880927931168233
517514088,xboot,60,1.1759741224981988,0.6154935045583676
517514088,xboot,61,0.8589509101912668,0.49125555580496305
517514088,xboot,62,1.1242831427295341,0.6408199672435375
517514088,xboot,63,0.21903202353665244,0.26791934327523403
517514088,xboot,64,1.1169541757369659,0.5892090474988132
517514088,xboot,65,1.0251634068167876,0.5749655468706244
517514088,xboot,66,0.9135469799490955,0.5341201801762461
517514088,xboot,67,0.9858157337933615,0.6278812371668805
517514088,xboot,68,0.9748498870022118,0.49597894154370115
517514088,xboot,69,0.8662614230046107,0.5493804266982503
517514088,xboot,70,1.2868936871236922,0.6884921445549146
517514088,xboot,71,0.9489173381517495,0.5224425593888071
517514088,xboot,72,0.997912706643123,0.5825132071878298
517514088,xboot,73,1.2674646240223935,0.627171081694554
517514088,xboot,74,0.9767430216568023,0.651062708526778
517514088,xboot,75,0.9059841171847884,0.5971470857450762
517514088,xboot,76,1.1162219134820224,0.5818841167280135
517514088,xboot,77,0.9581282744816519,0.6425858452648523
517514088,xboot,78,0.23461302058409783,0.19276714305827747
517514088,xboot,79,1.124936764792043,0.6922879900419234
517514088,xboot,80,1.060035101413532,0.5672836457063646
517514088,xboot,81,1.0917109360890531,0.654084147066397
517514088,xboot,82,1.1987337130788382,0.5179702457663249
517514088,xboot,83,1.2212365792883486,0.5316419223698777
517514088,xboot,84,0.8822856075331087,0.5120508145274555
517514088,xboot,85,0.8544644736336556,0.5795309870086741
517514088,xboot,86,1.2170230944272418,0.5924350155284124
517514088,xboot,87,1.0604485645292405,0.5926679217740696
517514088,xboot,88,1.1147135571525981,0.5307220113680778
517514088,xboot,89,1.122991077954805,0.6872738642720505
517514088,xboot,90,1.1630567503708522,0.5654782724537633
517514088,xboot,91,1.074966999378042,0.58102730085553
517514088,xboot,92,1.3591406891712448,0.6517313372516409
517514088,xboot,93,1.0890084501696145,0.5573709433307932
517514088,xboot,94,0.988494458199281,0.6756461860579193
517514088,xboot,95,1.0428708188888836,0.6106056154770934
517514088,xboot,96,1.1232452031955527,0.6872738988329684
517514088,xboot,97,1.0075166760326633,0.6873386312434089
517514088,xboot,98,1.1239786396434615,0.6017206361411704
517514088,xboot,99,1.0805062613850664,0.5614275469913359
587179530,xround,0,0.2170960604641874,0.348569174211534
587179530,xround,1,1.2348105372979203,0.6446133962895264
587179530,xround,2,1.1522168830619886,0.6214250193572276
587179530,xround,3,1.0271452778968562,0.6060659966214941
587179530,xround,4,1.0042757897709735,0.5166091779879737
587179530,xround,5,0.8547590746702296,0.4957777005561891
587179530,xround,6,0.8007701943892599,0.5339695524020547
587179530,xround,7,0.9132675310247406,0.5284040379363049
587179530,xround,8,0.622405238677678,0.27559740344622186
587179530,xround,9,0.7845774638087131,0.5752552640507989
587179530,xround,10,0.9495789420843648,0.6276057283293834
587179530,xround,11,1.012795681442903,0.5445670240510838
587179530,xround,12,0.3777897096665814,0.2658682671356384
587179530,xround,13,0.6864636995186197,0.5423163018686031
587179530,xround,14,0.9694562082494969,0.5766317183072511
587179530,xround,15,0.8756251690094459,0.6977088394421829
587179530,xround,16,1.1216454476620255,0.5056149992084427
587179530,xround,17,1.0496138468213996,0.6673865558079604
587179530,xround,18,0.9369001998072377,0.581021552566464
587179530,xround,19,1.0616096856648107,0.5656126090135334
587179530,xround,20,0.9343421931358442,0.6195576549308565
587179530,xround,21,0.8485330650590375,0.5990194221545556
587179530,xround,22,0.828765379795604,0.5537228218210066
587179530,xround,23,0.909243791365617,0.5870427915481944
587179530,xround,24,1.0538596306019812,0.6719353739193417
587179530,xround,25,0.9432937304997484,0.6209567997372569
587179530,xround,26,1.2484272889433605,0.6833382572626601
587179530,xround,27,1.0108424577229784,0.49269845355657915
587179530,xround,28,0.7846426536418718,0.595000792504645
587179530,xround,29,0.9571241861592625,0.5736036911686948
587179530,xround,30,0.9699076074833419,0.489726164804849
587179530,xround,31,0.3676828158995273,0.26553855384070846
587179530,xround,32,0.9808243303547436,0.630551547859262
587179530,xround,33,0.8063134710909783,0.5541543150206278
587179530,xround,34,1.2484298898583175,0.6833382572850195
587179530,xround,35,1.1044782468995644,0.6823520260050326
587179530,xround,36,1.0162808897545008,0.574702694518699
587179530,xround,37,0.7865575894337634,0.5210963759837817
587179530,xround,38,1.0537169517783267,0.6485824052484548
587179530,xround,39,0.8458529718302967,0.5631434580609882
587179530,xround,40,0.8088750464643508,0.5448071450269479
587179530,xround,41,0.9391085848159307,0.6594279894444375
587179530,xround,42,1.0339666090512585,0.5713065433269303
587179530,xround,43,1.1544437702496095,0.5729815969985579
587179530,xround,44,0.9920222382713938,0.5819057993112091
587179530,xround,45,1.052663317834195,0.5763488259179312
587179530,xround,46,1.1840130085569245,0.5466990506625857
587179530,xround,47,0.9132680254006682,0.5284040378697215
587179530,xround,48,1.3171719472880052,0.6494399007031492
587179530,xround,49,0.9993706325571929,0.47547641719091915
587179530,xround,50,1.2083540395415708,0.4953843052731264
587179530,xround,51,0.8685104250826681,0.4988976310579495
587179530,xround,52,0.9087969718396841,0.6346626244091753
587179530,xround,53,0.941813229255734,0.551386297004011
587179530,xround,54,1.0304490436600173,0.48480437304752666
587179530,xround,55,1.0028298202404264,0.6067429267191381
587179530,xround,56,1.0691250945761004,0.6007611021130543
587179530,xround,57,0.8007704498814069,0.5339695524547731
587179530,xround,58,1.1412036912957138,0.668420632518399
587179530,xround,59,1.0685609792071662,0.5831325480438523
587179530,xround,60,0.5356815445125369,0.2516806655447539
587179530,xround,61,1.1322062110537137,0.6831772949364368
587179530,xround,62,1.1032644907823879,0.6058747111463239
587179530,xround,63,1.132206955737183,0.6831772949811745
587179530,xround,64,1.1107389471589995,0.6081167217283083
587179530,xround,65,0.9418104008538358,0.5513862969880584
587179530,xround,66,1.032168546707706,0.6642960051905684
587179530,xround,67,0.19100445366159882,0.3003614806688829
587179530,xround,68,1.3185095188442748,0.5707702029072879
587179530,xround,69,1.1218308256732006,0.4554108096809635
587179530,xround,70,1.2587325794326558,0.5557654239300135
587179530,xround,71,0.23607680630736852,0.3570401089038343
587179530,xround,72,1.2484592179824985,0.6833382572759561
587179530,xround,73,1.234855692243589,0.6446133965171079
587179530,xround,74,0.19097332381741663,0.34505824519291417
587179530,xround,75,0.8814509468293165,0.6088095930435524
587179530,xround,76,0.10146942773337309,0.2490938702234764
587179530,xround,77,0.7917729643516223,0.5782770863332469
587179530,xround,78,1.1762031411130531,0.27653039249040223
587179530,xround,79,1.176461766011218,0.5203573672456621
587179530,xround,80,1.097722311803894,0.558087068224679
587179530,xround,81,0.8574012447720439,0.6285820681670942
587179530,xround,82,0.38411124007842035,0.18990726586825635
587179530,xround,83,1.0110106367681568,0.612186394387561
587179530,xround,84,0.8485320574756239,0.5990194218622704
587179530,xround,85,0.9925946994310901,0.6033717474661573
587179530,xround,86,0.9986752304345655,0.6431032814399951
587179530,xround,87,0.7846202831095257,0.595000792500368
587179530,xround,88,1.289972400310072,0.6203753244759449
587179530,xround,89,1.0799144809244583,0.5395160838084895
587179530,xround,90,1.0962749937641336,0.61477004749777
587179530,xround,91,0.8626362304069632,0.26252705038485535
587179530,xround,92,1.2367259883314468,0.5581646463537876
587179530,xround,93,0.9495727966075127,0.6276057283480283
587179530,xround,94,0.917383227803226,0.6283624908972092
587179530,xround,95,0.9841719941893221,0.7059785207627307
587179530,xround,96,1.2904748476568773,0.7160626551937969
587179530,xround,97,1.1703526882657347,0.6294421175100953
587179530,xround,98,0.9991626379469597,0.6277941168938003
587179530,xround,99,0.9522017453308906,0.6411748784281586
587179530,xboot,0,0.8651121264112882,0.6291262482500317
587179530,xboot,1,1.216008712969163,0.66240905565191
587179530,xboot,2,0.9257202059835954,0.5784476673268917
587179530,xboot,3,1.089123034889029,0.6680130659274117
587179530,xboot,4,0.9447496788381344,0.6069495294892244
587179530,xboot,5,0.9200576995174944,0.557796758072891
587179530,xboot,6,0.7484554677136186,0.6132116732345432
587179530,xboot,7,0.9691674723914162,0.5622483427027778
587179530,xboot,8,1.3423628707915702,0.5764592875124501
587179530,xboot,9,0.9312459983225528,0.5966592827686983
587179530,xboot,10,0.783411508042411,0.5341529722896391
587179530,xboot,11,0.9858707254242148,0.6648577993370514
587179530,xboot,12,0.8584168008763065,0.5364725988423775
587179530,xboot,13,0.9224431084540563,0.6313621727653937
587179530,xboot,14,1.0284954046149823,0.4987429478332709
587179530,xboot,15,0.8619229240741637,0.5092183596150079
587179530,xboot,16,0.8200548284744601,0.5779393285114526
587179530,xboot,17,1.124576046612831,0.5914743867600987
587179530,xboot,18,0.7413549639183461,0.580272639904318
587179530,xboot,19,1.0993779363744267,0.5355485657270027
587179530,xboot,20,0.2030974789230636,0.2414612660808293
587179530,xboot,21,0.98577956553418,0.5559853757767534
587179530,xboot,22,0.8979103499979929,0.6133187380697757
587179530,xboot,23,0.9169206341142222,0.5660950226777474
587179530,xboot,24,0.8582668013393675,0.5291828967672078
587179530,xboot,25,1.1467402217213696,0.6564845338007796
587179530,xboot,26,1.06143559946,0.5366316534891908
587179530,xboot,27,1.1263833786408328,0.5094761690908842
587179530,xboot,28,1.0970057818962646,0.5775758256808317
587179530,xboot,29,1.0713184552448325,0.6174882688183603
587179530,xboot,30,0.9726728372865829,0.6061782486229137
587179530,xboot,31,0.8341491971655473,0.6262512258821106
587179530,xboot,32,1.01730980937256,0.5654178823753981
587179530,xboot,33,1.1980595672329137,0.6007106628085286
587179530,xboot,34,1.1153455339608098,0.6271654624817118
587179530,xboot,35,0.9396643490023929,0.5953756663939723
587179530,xboot,36,0.8804907101765657,0.628675125597422
587179530,xboot,37,0.7901003656268528,0.6164062313397805
587179530,xboot,38,0.9599878119090416,0.5742343568319073
587179530,xboot,39,1.2022227549441011,0.5541865995567661
587179530,xboot,40,0.9027975462798054,0.6156612129377235
587179530,xboot,41,1.2055786185617503,0.6813393797995524
587179530,xboot,42,1.0258441258258666,0.673493138153439
587179530,xboot,43,0.92986102403993,0.5617609286265977
587179530,xboot,44,0.8314604673069441,0.6268161812364188
587179530,xboot,45,0.7555864282664021,0.6011781387724077
587179530,xboot,46,0.8870197499102283,0.6653012153825053
587179530,xboot,47,1.3037310466738834,0.4376721579510626
587179530,xboot,48,0.9733578445522555,0.5480108555329077
587179530,xboot,49,1.0123230386122597,0.5530172405120906
587179530,xboot,50,1.241907902753673,0.6483523708202141
587179530,xboot,51,1.0910744280172244,0.5157221677752939
587179530,xboot,52,0.9343095343571219,0.5855683106060365
587179530,xboot,53,0.8497528860911682,0.6779273014304634
587179530,xboot,54,0.9027979583590241,0.615661212956773
587179530,xboot,55,0.9857750747979418,0.5559853757803219
587179530,xboot,56,0.9252310271710711,0.5427606729954983
587179530,xboot,57,0.9802895766240155,0.5492728639582936
587179530,xboot,58,1.1375111154851927,0.5743359099432264
587179530,xboot,59,1.056543148825194,0.4771645604967054
587179530,xboot,60,0.9908278483000352,0.5018968730938576
587179530,xboot,61,0.7361681489122707,0.5232185732906602
587179530,xboot,62,1.0284907240444445,0.4987429476083276
587179530,xboot,63,0.9875043761729124,0.6240823974042069
587179530,xboot,64,0.7588033026631069,0.540613019841192
587179530,xboot,65,1.304734794437642,0.6037690051339349
587179530,xboot,66,0.9253942586319104,0.5071552623235309
587179530,xboot,67,0.8582742134376689,0.5291828962690199
587179530,xboot,68,0.9240233534456924,0.573051860012857
587179530,xboot,69,0.48524987269151154,0.25784953329724725
587179530,xboot,70,1.0774722353504758,0.5803137203045672
587179530,xboot,71,0.8586498018702782,0.6009944175051121
587179530,xboot,72,1.0970088145716883,0.5775758259453826
587179530,xboot,73,0.9733494874646823,0.5480108558468711
587179530,xboot,74,1.1110679877348957,0.518188235678146
587179530,xboot,75,1.132454448189248,0.5547748385682347
587179530,xboot,76,0.7965118689825224,0.2988806657603752
587179530,xboot,77,0.9560220395946404,0.651624053809502
587179530,xboot,78,1.0315747313195776,0.583379654233189
587179530,xboot,79,0.9366687340842081,0.6116988149258008
587179530,xboot,80,1.2089063818735928,0.6021163126079296
587179530,xboot,81,1.0234103539346702,0.5439514231649869
587179530,xboot,82,0.858266201134335,0.5291828966786863
587179530,xboot,83,0.8775907289535598,0.5563495713241806
587179530,xboot,84,1.0787930025767556,0.501147343309851
587179530,xboot,85,0.7361738197109056,0.5232185733048775
587179530,xboot,86,0.775468933778791,0.5424011653329345
587179530,xboot,87,0.7414631818298781,0.613938319223198
587179530,xboot,88,0.31613267538338236,0.2670528398727062
587179530,xboot,89,1.1989330110356387,0.5752318103165096
587179530,xboot,90,1.056911508328289,0.6608009128701539
587179530,xboot,91,1.1989822973688369,0.5752318102471523
587179530,xboot,92,1.0007933108792146,0.5872156589421239
587179530,xboot,93,0.8979441656655281,0.6133187379454017
587179530,xboot,94,0.7834005592429416,0.5341529723378353
587179530,xboot,95,1.0638481769951176,0.5714485660737081
587179530,xboot,96,0.8586470434914987,0.6009944174651201
587179530,xboot,97,0.1954364772077928,0.3149220712204083
587179530,xboot,98,0.8367433691375518,0.6000769979455429
587179530,xboot,99,0.7506563467352765,0.5588446065118245
587435972,xround,0,1.0277122263503404,0.5743965555965956
587435972,xround,1,1.036935857589483,0.627387942757782
587435972,xround,2,1.1027786048395447,0.6726474194297491
587435972,xround,3,0.8434425580099374,0.6373402989299275
587435972,xround,4,1.0120694516743225,0.609025379823413
587435972,xround,5,1.3199677580503164,0.6185202292288086
587435972,xround,6,1.1413184395840166,0.5793753626294549
587435972,xround,7,1.0232273667411516,0.6176759787194976
587435972,xround,8,0.81675605981283,0.5275588535206626
587435972,xround,9,0.992744532925345,0.5445444646890956
587435972,xround,10,0.9671923948438443,0.5155798932425169
587435972,xround,11,0.8033761752906113,0.580499430728882
587435972,xround,12,0.9150834569112152,0.5691391717781474
587435972,xround,13,0.927236339277805,0.6167051160733212
587435972,xround,14,0.8976638872478842,0.5797949958560641
587435972,xround,15,0.8142068599585772,0.5782244912216088
587435972,xround,16,1.119775301649077,0.6386475075216107
587435972,xround,17,1.2197602845616766,0.7093287126325047
587435972,xround,18,0.2784018033093384,0.34210894886755683
587435972,xround,19,0.9635665155458598,0.598381458848928
587435972,xround,20,1.4426213668899746,0.5437076050022587
587435972,xround,21,1.0770125790453162,0.5758172476888661
587435972,xround,22,0.8855905408881188,0.5619578719619984
587435972,xround,23,0.3668089908826246,0.3732290355528861
587435972,xround,24,0.8349619401793705,0.6664851917273309
587435972,xround,25,1.080014904432725,0.6521681212649262
587435972,xround,26,0.9947978665940332,0.664361221934731
587435972,xround,27,1.0798749112734742,0.5491370019327134
587435972,xround,28,0.9500792931821964,0.6699087972704724
587435972,xround,29,0.9081997277522876,0.6581228242274048
587435972,xround,30,0.9447482159348766,0.5422539319541213
587435972,xround,31,1.022322259704451,0.6384072795541744
587435972,xround,32,0.9813078991013474,0.6798924105346478
587435972,xround,33,1.0347464177294825,0.6125852016487352
587435972,xround,34,0.8723991629527658,0.5399532212513808
587435972,xround,35,1.0353459201406774,0.6463856186906185
587435972,xround,36,0.7860301846033778,0.6242288164752431
587435972,xround,37,1.0840642687283129,0.598230878378422
587435972,xround,38,1.1195387125957756,0.5356270153603536
587435972,xround,39,0.8860410897434058,0.5182616702813072
587435972,xround,40,0.8780232545061234,0.6391608230601037
587435972,xround,41,0.9134258698257157,0.5989802721158877
587435972,xround,42,1.0351771043338642,0.6463856734821547
587435972,xround,43,1.2625841663816855,0.6920246280951621
587435972,xround,44,0.8187291147949715,0.6381973185923651
587435972,xround,45,1.1919604263100092,0.6387740690742054
587435972,xround,46,1.1479065629024008,0.5879303153865157
587435972,xround,47,1.2974835705471708,0.6207863090025812
587435972,xround,48,0.8980734098547709,0.6118693032904208
587435972,xround,49,0.8866092744759396,0.5800486655092071
587435972,xround,50,0.9256271028552966,0.6757217388551333
587435972,xround,51,0.813792401067516,0.49166480685428704
587435972,xround,52,0.26356516785872824,0.2688804648404962
587435972,xround,53,0.8328771384429899,0.5394436425060847
587435972,xround,54,1.0705081790501456,0.521123284116116
587435972,xround,55,0.18812619672508796,0.3021055447250445
587435972,xround,56,0.9302811565371335,0.5193793740571777
587435972,xround,57,0.9800629414949853,0.5892692573756382
587435972,xround,58,1.0798569486324887,0.6480027757677235
587435972,xround,59,1.0945318042520122,0.6294798255131718
587435972,xround,60,0.3584684340584623,0.3806523246445672
587435972,xround,61,0.9519943505430367,0.5714142867143129
587435972,xround,62,0.9693880582604505,0.7090287094318478
587435972,xround,63,0.29675629369248135,0.3726589135599885
587435972,xround,64,1.5864754813086974,0.5712120266286462
587435972,xround,65,1.2987766219311199,0.6425786645018255
587435972,xround,66,0.8020036665865874,0.6423555123566624
587435972,xround,67,1.05420153388138,0.6056351106876972
587435972,xround,68,1.0993523755153216,0.6225466335318597
587435972,xround,69,0.2830768505925744,0.4873703420768971
587435972,xround,70,1.257297561924711,0.648860113670104
587435972,xround,71,0.8349331291507291,0.6664851906029794
587435972,xround,72,0.8949348346760506,0.6580963332400496
587435972,xround,73,1.0110360911225917,0.6092559113726975
587435972,xround,74,1.0093830564612696,0.622960188846835
587435972,xround,75,1.096818622060885,0.6620268641758088
587435972,xround,76,0.9741310694188435,0.5967978887281443
587435972,xround,77,1.1479065629024008,0.5879303153865157
587435972,xround,78,0.8187308970379332,0.6026833068267397
587435972,xround,79,0.9885847492093125,0.6148650414252748
587435972,xround,80,0.8498703352143337,0.5208139111297838
587435972,xround,81,1.0663281999131036,0.6195804913026071
587435972,xround,82,0.8227497231854296,0.5173513422605589
587435972,xround,83,0.8599980184360756,0.6436826720743576
587435972,xround,84,0.8537002684768031,0.5999674299052804
587435972,xround,85,0.30992499146050256,0.42441521292010564
587435972,xround,86,0.9356704666603523,0.6272752530839669
587435972,xround,87,0.8950029805708635,0.6182711936263128
587435972,xround,88,0.8960878883693162,0.6263546055277394
587435972,xround,89,0.8358747161921156,0.650030324215078
587435972,xround,90,1.0061151430360888,0.6607359771123729
587435972,xround,91,0.927489302347007,0.632805360568881
587435972,xround,92,0.9152230480422805,0.5691392413685422
587435972,xround,93,0.981597322993795,0.5801757204466145
587435972,xround,94,0.8406972012628676,0.589130690859997
587435972,xround,95,0.9180186738340743,0.5559578876573894
587435972,xround,96,1.31655428146652,0.550614772765966
587435972,xround,97,1.2825012500541606,0.6256456042174463
587435972,xround,98,0.8590514546860699,0.5639694915539739
587435972,xround,99,1.0120875805650216,0.6090253918070276
587435972,xboot,0,0.7644152173417,0.6538832778354956
587435972,xboot,1,0.7271123980274861,0.6133303942250761
587435972,xboot,2,0.9531191312982947,0.6186518113298416
587435972,xboot,3,0.7944134639523514,0.6262577466559662
587435972,xboot,4,0.2322771346201578,0.2578341211838049
587435972,xboot,5,0.7673895715552941,0.623614478033046
587435972,xboot,6,0.7821815013375962,0.6791842946914013
587435972,xboot,7,0.9587276793247156,0.6310868127041065
587435972,xboot,8,1.08602569660651,0.5333649524004609
587435972,xboot,9,0.8451802751570736,0.576009423103415
587435972,xboot,10,1.0126909792192094,0.6366917124146303
587435972,xboot,11,0.8967113089992269,0.6549741535611894
587435972,xboot,12,0.7675469367443573,0.513611516075639
587435972,xboot,13,0.8990014294742781,0.6245521922491164
587435972,xboot,14,0.820954276315375,0.6755038087505376
587435972,xboot,15,0.8263195685159774,0.6168999478626986
587435972,xboot,16,0.7910896500645458,0.5792219232909852
587435972,xboot,17,0.8455358998441205,0.5760091965716552
587435972,xboot,18,0.9358196720225953,0.5752498989913506
587435972,xboot,19,0.8230008810019113,0.671804453353533
587435972,xboot,20,0.5350148582266272,0.12739019937037677
587435972,xboot,21,0.7884974269385128,0.5887154650951723
587435972,xboot,22,0.8805927988176062,0.5525685780994718
587435972,xboot,23,0.811553739039068,0.6389126968583191
587435972,xboot,24,0.7650506140101486,0.5136119949300311
587435972,xboot,25,0.8584231857508865,0.5851475207830473
587435972,xboot,26,0.37204183839691296,0.3979092292782872
587435972,xboot,27,0.9607554835711762,0.6085036833789832
587435972,xboot,28,0.9431807055487815,0.5222395500112692
587435972,xboot,29,0.8017569483216637,0.6174173179486576
587435972,xboot,30,0.9871980780269877,0.6322400853917726
587435972,xboot,31,0.8656213912568642,0.6010240678886605
587435972,xboot,32,0.8528716632369473,0.6593345617303137
587435972,xboot,33,0.6457005064742102,0.5310278079187755
587435972,xboot,34,0.6862492409709586,0.5787641726376134
587435972,xboot,35,1.025668841613584,0.5596977832134964
587435972,xboot,36,0.9104220524724012,0.6199131061434984
587435972,xboot,37,1.0487730119512688,0.5694240023550642
587435972,xboot,38,0.7323297955128112,0.5651269172820816
587435972,xboot,39,0.6995740582690421,0.5186425903589214
587435972,xboot,40,1.014257634872396,0.6307638645685252
587435972,xboot,41,0.946302308732575,0.5754553100452104
587435972,xboot,42,1.0049365497105738,0.6176864311442448
587435972,xboot,43,0.7353281204381661,0.6425178482920866
587435972,xboot,44,0.2935603299620232,0.31353977919589726
587435972,xboot,45,0.6997729852144251,0.5186425960263257
587435972,xboot,46,0.8846840028523012,0.5821432929594605
587435972,xboot,47,0.9173515325612434,0.648991839043251
587435972,xboot,48,0.8541147163273246,0.6298411568761948
587435972,xboot,49,0.8541605379559322,0.6298411592522504
587435972,xboot,50,0.7192983178608932,0.5664131598035564
587435972,xboot,51,0.7921581970246441,0.5887398162917418
587435972,xboot,52,1.0851463177973808,0.5333646726474865
587435972,xboot,53,1.0330630974260948,0.6143303219666385
587435972,xboot,54,0.14391709536099587,0.23295969396404115
587435972,xboot,55,0.1316272275702777,0.2638119294692264
587435972,xboot,56,0.7935371364593248,0.5947606359285704
587435972,xboot,57,0.7784772405471322,0.6528996599332291
587435972,xboot,58,0.815740620956585,0.6455238504065068
587435972,xboot,59,0.9403750081300623,0.6518813213641547
587435972,xboot,60,0.8268363258213851,0.610367429805455
587435972,xboot,61,0.8378152680326966,0.5725401105766839
587435972,xboot,62,0.12635425237234685,0.2707718794806845
587435972,xboot,63,1.1342572578774714,0.6306137835892702
587435972,xboot,64,0.7556495149132854,0.6252096768397097
587435972,xboot,65,0.8997691098584467,0.6205279995365452
587435972,xboot,66,0.8857343650687307,0.5821432514256502
587435972,xboot,67,0.910424360754713,0.6292641936750116
587435972,xboot,68,0.9616474021056639,0.6085039594321997
587435972,xboot,69,1.0067913318370096,0.6252589734790692
587435972,xboot,70,1.161424465514213,0.6385434011721176
587435972,xboot,71,0.6863966900437589,0.5787641605052509
587435972,xboot,72,0.7381013454387363,0.6428835807155786
587435972,xboot,73,0.9537414998572279,0.6186518532667105
587435972,xboot,74,0.8668127496990118,0.666984072890745
587435972,xboot,75,0.7316834358921335,0.6173568726531031
587435972,xboot,76,0.911404802639612,0.6199115508221655
587435972,xboot,77,0.6911225441021289,0.46239785585047044
587435972,xboot,78,0.744728723331252,0.6364796054102375
587435972,xboot,79,0.8674070460080621,0.6100508661844442
587435972,xboot,80,0.6911225441021289,0.46239785585047044
587435972,xboot,81,1.0088527926529334,0.6682654508155905
587435972,xboot,82,0.7947391976774186,0.6262577299403526
587435972,xboot,83,0.8702867085126864,0.5656143271203566
587435972,xboot,84,0.6604857091451313,0.6121584637977263
587435972,xboot,85,1.0979190461541868,0.6267590532747431
587435972,xboot,86,0.8809934880852044,0.6603502562834225
587435972,xboot,87,0.9307628767966297,0.5590833356056532
587435972,xboot,88,0.689616612747339,0.5985914194513117
587435972,xboot,89,0.8878060900498214,0.6042866533945561
587435972,xboot,90,0.9114407523723077,0.6199114879079808
587435972,xboot,91,0.9031259640401763,0.523248672229802
587435972,xboot,92,0.8553306587295988,0.5182349360065657
587435972,xboot,93,0.7869501687219486,0.5330508665980174
587435972,xboot,94,1.019863628938348,0.567793266908564
587435972,xboot,95,0.7443451291262004,0.5672229379664443
587435972,xboot,96,0.8194253987365651,0.5665642990104801
587435972,xboot,97,0.8992460785809736,0.5246170570631652
587435972,xboot,98,1.059231745228616,0.6146389714668996
587435972,xboot,99,0.9532702643315616,0.5682809908777567
589156275,xround,0,1.0577774060729097,0.7814593008750557
589156275,xround,1,0.9990802201664487,0.7942334357765571
589156275,xround,2,1.0041475269120712,0.7939614597896744
589156275,xround,3,1.110378376044254,0.7266893410033154
589156275,xround,4,1.185783989671828,0.8037782505526789
589156275,xround,5,1.1732874922791492,0.7755659027049036
589156275,xround,6,1.1567743877152754,0.8464299096012313
589156275,xround,7,0.9337689522046361,0.8088344918922263
589156275,xround,8,1.1544911648914538,0.8219289493248596
589156275,xround,9,1.0409626145574726,0.7875935299852025
589156275,xround,10,1.1544813267557408,0.821928949291178
589156275,xround,11,1.1169897212879343,0.7852895709254726
589156275,xround,12,0.2762547162347119,0.3312797820915767
589156275,xround,13,1.0429403393230987,0.7972261405317185
589156275,xround,14,1.0649524753534716,0.8102498429446117
589156275,xround,15,0.9117535649843105,0.7651273511399783
589156275,xround,16,0.926697246758474,0.8550905055828305
589156275,xround,17,1.11398500300376,0.8096759854952921
589156275,xround,18,0.9824310661651634,0.7890933935232675
589156275,xround,19,1.169405990439713,0.7735071664890987
589156275,xround,20,1.0286764575558043,0.7979174044685431
589156275,xround,21,1.1441305967200066,0.7639327699795756
589156275,xround,22,1.0334031017201817,0.778002993682311
589156275,xround,23,1.0841278571603097,0.7856360576235337
589156275,xround,24,0.8771509881971983,0.7594394968000054
589156275,xround,25,0.9040600092241232,0.7666841426442124
589156275,xround,26,0.9169015951736883,0.7976565854048885
589156275,xround,27,1.030830460609497,0.833732515940692
589156275,xround,28,1.027874787544187,0.7939859350542371
589156275,xround,29,1.1364966477488716,0.8328077195674681
589156275,xround,30,1.0700227010395555,0.83118220585492
589156275,xround,31,0.9533512397617725,0.8165729208684731
589156275,xround,32,0.9990624162472156,0.7942334358040133
589156275,xround,33,1.0688130057414298,0.7996830405128964
589156275,xround,34,1.0435696379409711,0.7898306615803324
589156275,xround,35,1.0287075389841154,0.7979174044545363
589156275,xround,36,0.9489532100508137,0.8022012846110276
589156275,xround,37,1.0922750015862155,0.797342943595702
589156275,xround,38,1.124572309414492,0.8117565353992879
589156275,xround,39,1.2762049420661337,0.8272678153807329
589156275,xround,40,0.8207594429268962,0.8400497255078727
589156275,xround,41,0.9623988529940753,0.8050768232054745
589156275,xround,42,0.9533422793614447,0.816572920869646
589156275,xround,43,0.933924860113337,0.7968385536042712
589156275,xround,44,1.0945078367880243,0.7789156880459258
589156275,xround,45,1.0799997115609863,0.8185635471663248
589156275,xround,46,1.089761908057907,0.8016152068838243
589156275,xround,47,0.903838074924465,0.7688824359308447
589156275,xround,48,1.1219738669859132,0.762508450201443
589156275,xround,49,1.056337287474047,0.7822431850042282
589156275,xround,50,1.1245732509001414,0.8117565354042735
589156275,xround,51,0.9444606213909348,0.811619835217634
589156275,xround,52,0.9824653128523559,0.7796665094428623
589156275,xround,53,0.913169246549631,0.8279763936826763
589156275,xround,54,1.009767990756274,0.8270183295849064
589156275,xround,55,1.0070033811461647,0.7639610346516347
589156275,xround,56,1.1635197648793487,0.860360370269202
589156275,xround,57,1.0614430952699108,0.7702343166745622
589156275,xround,58,1.112122834114732,0.7939929944309083
589156275,xround,59,1.131201006599977,0.750954975411439
589156275,xround,60,0.9233189571056379,0.8132718700895983
589156275,xround,61,0.9999800924700247,0.8253599552951476
589156275,xround,62,0.9990787498289517,0.7942334357923019
589156275,xround,63,1.1441265643260914,0.763932769979137
589156275,xround,64,1.0111390009414434,0.7668480531999459
589156275,xround,65,0.402147706946628,0.3293436209718481
589156275,xround,66,0.9313622793253032,0.8150790131630414
589156275,xround,67,0.977393481182718,0.7540059512357404
589156275,xround,68,0.9068524976709993,0.7971550816913185
589156275,xround,69,1.102207068710554,0.8404299161500985
589156275,xround,70,1.0042170370596235,0.8229819434462187
589156275,xround,71,1.1355291435445716,0.7994580376870182
589156275,xround,72,0.8926036198781953,0.7806060422007421
589156275,xround,73,1.0070033811461647,0.7639610346516347
589156275,xround,74,1.1364966477488716,0.8328077195674681
589156275,xround,75,1.0572745901549365,0.7932966316286976
589156275,xround,76,0.9367238167729017,0.805193525672164
589156275,xround,77,1.1627184229973326,0.7856062165133466
589156275,xround,78,1.0278746768980527,0.7939859350547096
589156275,xround,79,1.0843899456429962,0.8074065706288976
589156275,xround,80,0.9233189571056379,0.8132718700895983
589156275,xround,81,1.0799114506129261,0.7831476537624568
589156275,xround,82,0.8101670037657549,0.7989723848318905
589156275,xround,83,0.9548884337039073,0.8059287954000715
589156275,xround,84,0.9488807425680922,0.7481949352309565
589156275,xround,85,1.0561637072002552,0.8239627973879382
589156275,xround,86,0.9637805458427975,0.7732758040754613
589156275,xround,87,1.074102799034298,0.8217916070436909
589156275,xround,88,1.0614497935002178,0.7702343166482483
589156275,xround,89,1.1589826244003807,0.816477204526918
589156275,xround,90,1.102022464981378,0.7967063271849311
589156275,xround,91,1.0740092525731553,0.7908290052214135
589156275,xround,92,1.0096704146355908,0.8172439200938981
589156275,xround,93,0.9824331126615287,0.7890933935320714
589156275,xround,94,0.3382246901986292,0.42021551205703356
589156275,xround,95,0.9313622793253032,0.8150790131630414
589156275,xround,96,1.1089002621248927,0.6543461714951707
589156275,xround,97,0.9366964729759153,0.8051935256882634
589156275,xround,98,1.0031800466381051,0.844708030592348
589156275,xround,99,0.9830313699864001,0.8083173430013042
589156275,xboot,0,0.6408289963461097,0.7812110261033773
589156275,xboot,1,0.5537226454632584,0.844806099868402
589156275,xboot,2,0.641444432358487,0.799959363758302
589156275,xboot,3,0.6072706576462621,0.7391206021710623
589156275,xboot,4,0.6378776682905937,0.8157519924707011
589156275,xboot,5,0.6597630400217271,0.7682009948240079
589156275,xboot,6,0.626265321936281,0.7773091707299359
589156275,xboot,7,0.6150915372238924,0.7956161554415184
589156275,xboot,8,0.5934178750085815,0.7752960513129188
589156275,xboot,9,0.6332451172611876,0.7926060400746318
589156275,xboot,10,0.715421211544551,0.7516232944955844
589156275,xboot,11,0.6267600067197932,0.7233788456435397
589156275,xboot,12,0.5438686697871831,0.81707022184567
589156275,xboot,13,0.5610780143411076,0.7856308027723184
589156275,xboot,14,0.6473428241848329,0.760287083791404
589156275,xboot,15,0.604998095350352,0.7919002122547137
589156275,xboot,16,0.590197311775043,0.7795594480785091
589156275,xboot,17,0.6176097671231526,0.833643423534861
589156275,xboot,18,0.5594845501427729,0.7653976181842974
589156275,xboot,19,0.6474080105563941,0.803166136092981
589156275,xboot,20,0.647414213245288,0.8031661360891668
589156275,xboot,21,0.6038207912217922,0.8227944706960664
589156275,xboot,22,0.5559976015891112,0.773444359189444
589156275,xboot,23,0.5852746056272745,0.6983620350276551
589156275,xboot,24,0.623617710806149,0.8083328791746597
589156275,xboot,25,0.5823133573278668,0.8056416557907283
589156275,xboot,26,0.5938014527231478,0.7922844739035949
589156275,xboot,27,0.6460720600798789,0.7957800705341037
589156275,xboot,28,0.6676946336865781,0.79168052548427
589156275,xboot,29,0.5695253090640373,0.7901806079972924
589156275,xboot,30,0.6302417024544829,0.8124718129846096
589156275,xboot,31,0.583659861412093,0.7832280035372522
589156275,xboot,32,0.553040955810748,0.7743806114662826
589156275,xboot,33,0.7052334260358588,0.7736427722287331
589156275,xboot,34,0.7205966922735315,0.7960611224907153
589156275,xboot,35,0.6638917242016817,0.8222129209735232
589156275,xboot,36,0.5995524546116165,0.7710331429398023
589156275,xboot,37,0.5720342576604543,0.8101445460687751
589156275,xboot,38,0.6169778724813642,0.793710942453517
589156275,xboot,39,0.6138104917644256,0.7899172056896298
589156275,xboot,40,0.6676875655069919,0.7916805254653093
589156275,xboot,41,0.6263919491868458,0.820734877364507
589156275,xboot,42,0.601889354536607,0.742171576381879
589156275,xboot,43,0.7165307365732148,0.7893881301882222
589156275,xboot,44,0.6488470669317203,0.7446945050639333
589156275,xboot,45,0.6456472769246899,0.8125514656379064
589156275,xboot,46,0.5159308376092949,0.7219174365873227
589156275,xboot,47,0.6103522577542041,0.7868621783847174
589156275,xboot,48,0.5767944479905172,0.7812133407426728
589156275,xboot,49,0.6609895728157941,0.7914830283185512
589156275,xboot,50,0.5904521501718147,0.7853647735778855
589156275,xboot,51,0.6353236442845703,0.8151338676590835
589156275,xboot,52,0.618982198095519,0.7958956334552383
589156275,xboot,53,0.5901943038530653,0.779559448094167
589156275,xboot,54,0.630715222511696,0.8082635745844369
589156275,xboot,55,0.5537237837721074,0.8448060998692402
589156275,xboot,56,0.5501822525640708,0.7710132059294237
589156275,xboot,57,0.5192138515333407,0.7641554978839744
589156275,xboot,58,0.5115559649030652,0.7967950938216831
589156275,xboot,59,0.5619116421740619,0.7440033701881998
589156275,xboot,60,0.6488595144324028,0.7446945050990526
589156275,xboot,61,0.6735463626505188,0.7678402578633596
589156275,xboot,62,0.5864922976677007,0.7689006319942963
589156275,xboot,63,0.6263921779511715,0.8207348773649734
589156275,xboot,64,0.5995524546116165,0.7710331429398023
589156275,xboot,65,0.5484269186527725,0.7987451496941349
589156275,xboot,66,0.5836599871799976,0.7832280035375075
589156275,xboot,67,0.6266222351841381,0.7916156981568626
589156275,xboot,68,0.5817784458448994,0.8055591406833934
589156275,xboot,69,0.5582266952698404,0.7885868373144655
589156275,xboot,70,0.5636881071958655,0.7792075915293253
589156275,xboot,71,0.6479982583136409,0.7938774699877372
589156275,xboot,72,0.6042083769600916,0.7207336711291523
589156275,xboot,73,0.6344913053365941,0.8023824809777129
589156275,xboot,74,0.5919425171459389,0.8324068729096153
589156275,xboot,75,0.6164576982803167,0.816367649929953
589156275,xboot,76,0.8905500404960397,0.6992903102771628
589156275,xboot,77,0.5852750157833618,0.6983620349461673
589156275,xboot,78,0.5995524546116165,0.7710331429398023
589156275,xboot,79,0.6852051664335922,0.802695262778795
589156275,xboot,80,0.6114324099041465,0.7547642795217653
589156275,xboot,81,0.615539007701479,0.7857363860152354
589156275,xboot,82,0.546238864283702,0.7681177553343828
589156275,xboot,83,0.5679167029435043,0.7473401223057781
589156275,xboot,84,0.5959778718763696,0.773088751753002
589156275,xboot,85,0.610697945114746,0.8520476455954524
589156275,xboot,86,0.677568424288074,0.7478865663751311
589156275,xboot,87,0.6183974076770219,0.8285960033587825
589156275,xboot,88,0.5989704516818023,0.8121641289037205
589156275,xboot,89,0.7294330504686042,0.7984513568932063
589156275,xboot,90,0.7097398283584389,0.805226175307384
589156275,xboot,91,0.5544074140132481,0.7686348915991401
589156275,xboot,92,0.6205068425042394,0.7637589299987901
589156275,xboot,93,0.6811071239040548,0.794697335820965
589156275,xboot,94,0.6126219695360554,0.7694182695212227
589156275,xboot,95,0.5781954995068822,0.7806544670758973
589156275,xboot,96,0.5487935228102452,0.8442057447255896
589156275,xboot,97,0.5892914601594801,0.7788604200390471
589156275,xboot,98,0.6755441059919236,0.6573023064296012
589156275,xboot,99,0.6488470669317203,0.7446945050639333
589170196,xround,0,0.876453632638113,0.5379494534117785
589170196,xround,1,0.9059906997905371,0.5359253387600318
589170196,xround,2,0.971628479268051,0.5435361537956456
589170196,xround,3,1.092050060177078,0.46609715864171797
589170196,xround,4,0.8120444881186204,0.5806732665715291
589170196,xround,5,0.8557178257943341,0.5709821135378651
589170196,xround,6,0.9076017003455299,0.5467688669616388
589170196,xround,7,0.824025461690191,0.655406828434939
589170196,xround,8,1.128187513410489,0.5241562488177169
589170196,xround,9,0.39765093976541177,0.45378392186322025
589170196,xround,10,0.8083913194504067,0.5905509301842722
589170196,xround,11,0.8575972901578138,0.5709819779261585
589170196,xround,12,1.740962637705428,0.6181509930417877
589170196,xround,13,1.064064944486782,0.5665984144612739
589170196,xround,14,0.9086358806441132,0.5709770315010825
589170196,xround,15,0.9178087402182052,0.6091588136199069
589170196,xround,16,0.6568257636099839,0.5386247001544804
589170196,xround,17,0.9762761971069197,0.5631350829230071
589170196,xround,18,1.0963196238711779,0.44404126767859187
589170196,xround,19,0.8797621831003293,0.540010710202472
589170196,xround,20,1.0591568960360627,0.5150180165881301
589170196,xround,21,1.075558479650621,0.5215922023357014
589170196,xround,22,0.9874465325440822,0.5391090546145287
589170196,xround,23,0.7833939033440962,0.6404909362917031
589170196,xround,24,1.380463982170143,0.5436279837930358
589170196,xround,25,1.2061741440765066,0.4388561526658584
589170196,xround,26,0.6845278435937111,0.4378780084251268
589170196,xround,27,1.2940912493938206,0.5236706436779155
589170196,xround,28,1.0468090706532138,0.6019174648196428
589170196,xround,29,1.5774530972038896,0.5033368512466234
589170196,xround,30,0.9083657517343556,0.5709770756688269
589170196,xround,31,1.2675272605029868,0.4612773976643103
589170196,xround,32,0.815881211158839,0.5099477775473851
589170196,xround,33,1.2057613100612752,0.3839698352127494
589170196,xround,34,0.9180061487537198,0.5515916451382423
589170196,xround,35,1.3926733195326448,0.5329181502254953
589170196,xround,36,0.8240037716741041,0.5754709296737588
589170196,xround,37,0.9211931592719057,0.5957147336946496
589170196,xround,38,0.5131837471057098,0.33400251809744586
589170196,xround,39,1.0524779927479593,0.559097181496719
589170196,xround,40,0.8249425598204193,0.575470300974765
589170196,xround,41,1.2169120514946625,0.5684704083674403
589170196,xround,42,1.2840722625520424,0.42653657365786524
589170196,xround,43,0.9149122597314806,0.6091586127280071
589170196,xround,44,0.8282605163593656,0.5073169812887093
589170196,xround,45,0.980962427952934,0.6058953578349948
589170196,xround,46,0.9871706256772976,0.5374430258348264
589170196,xround,47,2.2748175317043433,0.4677019875055004
589170196,xround,48,0.861916630788528,0.6242232108390307
589170196,xround,49,0.9881587612953274,0.43112479754844635
589170196,xround,50,0.915633464105986,0.5018391562068266
589170196,xround,51,0.6619291727882934,0.48645334868669865
589170196,xround,52,1.049938622455265,0.5999753663348671
589170196,xround,53,0.9677652757557675,0.585432490749579
589170196,xround,54,0.7891937581571613,0.52081752047463
589170196,xround,55,0.9925666137054926,0.6217273466002731
589170196,xround,56,1.3934982175826136,0.5329209895067675
589170196,xround,57,0.9022797713280569,0.5796898526132508
589170196,xround,58,0.7026024794234003,0.6394401960156935
589170196,xround,59,1.0298307492008185,0.5835539582799704
589170196,xround,60,0.7975854169295998,0.4288351269332158
589170196,xround,61,1.2352336930359786,0.4665929922030939
589170196,xround,62,0.7862276858813889,0.5208157260396089
589170196,xround,63,1.3117269351772358,0.5087892873073581
589170196,xround,64,0.9823763826082603,0.4311284070385827
589170196,xround,65,0.8314532390286841,0.5142438822580405
589170196,xround,66,0.8566749972884763,0.5381808258625485
589170196,xround,67,0.9861037860503404,0.5374477031354019
589170196,xround,68,0.7931611112003281,0.5969547127900648
589170196,xround,69,1.0421134838519328,0.6524933476526921
589170196,xround,70,0.7333587620030043,0.5125878509855997
589170196,xround,71,0.6670633059613151,0.5078167985585944
589170196,xround,72,0.980290354613554,0.6058957410424961
589170196,xround,73,0.8651941764704156,0.47680235102329016
589170196,xround,74,1.0969628860849163,0.4440444575037521
589170196,xround,75,0.8144672987457113,0.5823643422635301
589170196,xround,76,0.9725795147005214,0.503221952922817
589170196,xround,77,0.8817417580140461,0.5400992610417763
589170196,xround,78,1.381980790709897,0.5436280638771258
589170196,xround,79,1.1379865440240227,0.545582627142979
589170196,xround,80,1.0800633636432224,0.44751927730626495
589170196,xround,81,1.2490956693808573,0.623376052156677
589170196,xround,82,0.7194698115512866,0.3947112230119183
589170196,xround,83,1.1156133243786666,0.5931454378084605
589170196,xround,84,0.868363651955721,0.5321149963871086
589170196,xround,85,0.9570014237777379,0.6086142862278641
589170196,xround,86,0.862934870995465,0.42668113788350814
589170196,xround,87,1.1018302942461373,0.5393495207730776
589170196,xround,88,1.1742602833438671,0.6009008303348801
589170196,xround,89,1.0781014358627983,0.5390073600483196
589170196,xround,90,0.9352022888387276,0.5561846980359413
589170196,xround,91,1.1630414457549092,0.6499042807173541
589170196,xround,92,0.7341126227721625,0.5125877642706901
589170196,xround,93,1.0136794605689232,0.6086685147048747
589170196,xround,94,0.8521305965809369,0.5261731981373057
589170196,xround,95,0.976132273331273,0.5962851991694071
589170196,xround,96,1.3340478345671662,0.4965963988491454
589170196,xround,97,0.9572927448035987,0.5298739620583532
589170196,xround,98,1.4118508761839026,0.6199994455207386
589170196,xround,99,0.8367213890567506,0.5564515981107405
589170196,xboot,0,0.6962181114926804,0.5861256902823133
589170196,xboot,1,0.7220003903274986,0.5019812333824145
589170196,xboot,2,0.5523772710309589,0.5484414269001875
589170196,xboot,3,0.9194581685985099,0.5232956194908098
589170196,xboot,4,0.4668090456100015,0.5390619748204541
589170196,xboot,5,0.5467544557692431,0.6802862877772397
589170196,xboot,6,0.5999567663960677,0.5067862192538934
589170196,xboot,7,0.49418872224959254,0.4803238024365528
589170196,xboot,8,0.4947183799282222,0.6033696195327891
589170196,xboot,9,0.4962095284319427,0.6053838518511465
589170196,xboot,10,0.6062917959037105,0.5607940948668503
589170196,xboot,11,0.7852835503603047,0.5858720329314513
589170196,xboot,12,0.4880592357546663,0.5535530392921328
589170196,xboot,13,0.6456154803850591,0.5288699196649125
589170196,xboot,14,0.6252816256511227,0.6245024184650405
589170196,xboot,15,0.5599857059814588,0.5098198973628896
589170196,xboot,16,0.594421451717966,0.5708463735184701
589170196,xboot,17,0.5030397389819513,0.5700546957674927
589170196,xboot,18,0.4044002857467943,0.5270900905118932
589170196,xboot,19,0.48136894609688624,0.5362281300522914
589170196,xboot,20,0.8018218314332072,0.43962528086513875
589170196,xboot,21,0.5333299255542991,0.43598041921509856
589170196,xboot,22,0.4914434909663619,0.4858784899502878
589170196,xboot,23,0.6218513958946343,0.4867209434133585
589170196,xboot,24,0.6157732879257902,0.5105296078144984
589170196,xboot,25,0.5482932156702065,0.47875608456266205
589170196,xboot,26,0.6005475268332909,0.5444853661696827
589170196,xboot,27,0.6069704438338653,0.5552249191693346
589170196,xboot,28,0.621115031492086,0.5954175707877702
589170196,xboot,29,0.5858526916756102,0.5458342678441894
589170196,xboot,30,0.5344169692663321,0.5356566357869871
589170196,xboot,31,0.7040965913405625,0.6420850692973843
589170196,xboot,32,0.5729583843139471,0.570962085484571
589170196,xboot,33,0.5490251463252984,0.5305276334430381
589170196,xboot,34,0.4471808374543714,0.5691845673607019
589170196,xboot,35,0.6469403611674375,0.5018822997362823
589170196,xboot,36,0.5440892389366122,0.5241042036128192
589170196,xboot,37,0.531629114383596,0.5723886552942548
589170196,xboot,38,0.6560645188929983,0.45098941894396494
589170196,xboot,39,0.6248422954098382,0.6022600391857822
589170196,xboot,40,0.6007430710449091,0.5444853117447436
589170196,xboot,41,0.5121510603163434,0.5680728353357338
589170196,xboot,42,0.49722619618919756,0.5395995951076791
589170196,xboot,43,0.6967203113710837,0.6282875280243921
589170196,xboot,44,0.3803684967666784,0.5021374697616745
589170196,xboot,45,0.7450742576959912,0.589371469382846
589170196,xboot,46,0.5207215220250901,0.5761618941291038
589170196,xboot,47,0.46064904188078415,0.586205972391177
589170196,xboot,48,0.654502707839705,0.5939389344934187
589170196,xboot,49,0.4946961321247136,0.4258777681417899
589170196,xboot,50,0.513150804782319,0.4750344091252583
589170196,xboot,51,0.6303398670898653,0.47746557883550034
589170196,xboot,52,0.5030397389819513,0.5700546957674927
589170196,xboot,53,0.4892973266016786,0.605302562471838
589170196,xboot,54,0.6692181617998134,0.5257911192340425
589170196,xboot,55,0.6939026647766653,0.5823315512803428
589170196,xboot,56,0.889079076628394,0.6527776595125641
589170196,xboot,57,0.578013502899662,0.5384280080179131
589170196,xboot,58,0.493662290722699,0.63396693627198
589170196,xboot,59,0.5780991553787185,0.5138031898610093
589170196,xboot,60,0.5601260976797557,0.49789093785313154
589170196,xboot,61,0.8101613112845177,0.6236452049039369
589170196,xboot,62,0.5915680111050599,0.5264969127259808
589170196,xboot,63,0.704809822228848,0.469271296451109
589170196,xboot,64,0.7043028756601096,0.6420843815995267
589170196,xboot,65,0.7492918522948703,0.5700427254803381
589170196,xboot,66,0.5122183763672834,0.5680727167324819
589170196,xboot,67,0.8368933582434163,0.432147957199534
589170196,xboot,68,0.6828455052863215,0.4370326355544367
589170196,xboot,69,0.44787666476604754,0.5691837355006069
589170196,xboot,70,0.6260242567230808,0.6022607491992007
589170196,xboot,71,0.8134281371060506,0.5713575420727832
589170196,xboot,72,0.6191827470016865,0.4027412743866158
589170196,xboot,73,0.6923868871051251,0.582335593087284
589170196,xboot,74,0.5485896758773842,0.5305282321110965
589170196,xboot,75,0.4946961321247136,0.4258777681417899
589170196,xboot,76,0.6811910953861009,0.5182340209276043
589170196,xboot,77,0.7135658204513924,0.5965428983707861
589170196,xboot,78,0.47167891023520997,0.46615418783467155
589170196,xboot,79,1.4865231626350421,0.3946476284107294
589170196,xboot,80,0.7096795958815757,0.6161670390996392
589170196,xboot,81,0.6602170001935428,0.4509902468957989
589170196,xboot,82,0.692288001112413,0.5823357512363556
589170196,xboot,83,0.6839084790530361,0.4370323283307208
589170196,xboot,84,0.5882510859810921,0.6603393380517812
589170196,xboot,85,0.5745771457381816,0.4502988675118307
589170196,xboot,86,0.5833584064417575,0.5870088919467644
589170196,xboot,87,0.6154524352448655,0.5610668184130458
589170196,xboot,88,0.4896789136620909,0.45446585371460313
589170196,xboot,89,0.5957946301942176,0.5577213858695683
589170196,xboot,90,0.55563531085413,0.5200871333745426
589170196,xboot,91,0.6420413319779867,0.5056382670712085
589170196,xboot,92,0.43363794860620125,0.587126010080619
589170196,xboot,93,0.6304854120775535,0.590024889459223
589170196,xboot,94,0.7101186508689568,0.5673767387940722
589170196,xboot,95,0.5723680524280531,0.538481586384305
589170196,xboot,96,0.6700993964821895,0.5257910985953207
589170196,xboot,97,0.5098190414989187,0.47503377058236385
589170196,xboot,98,0.5909850562610235,0.5264973777374653
589170196,xboot,99,0.6261448671636914,0.5526139785631797
589170614,xround,0,0.9089308560937239,0.31070639616660456
589170614,xround,1,0.8739588791294711,0.33370888340843174
589170614,xround,2,0.9919091571385363,0.4490923005846964
589170614,xround,3,0.7443411580351204,0.29668033659645443
589170614,xround,4,1.0667344538483257,0.2414500292201769
589170614,xround,5,0.8923976060409559,0.4192242645933447
589170614,xround,6,0.8526916394286451,0.33302396461945727
589170614,xround,7,0.9546970277492547,0.2755596652402492
589170614,xround,8,0.9089308560937239,0.31070639616660456
589170614,xround,9,0.9207577812164165,0.2835871531212305
589170614,xround,10,1.2200543360157312,0.3412758318325977
589170614,xround,11,0.5179671058050511,0.1773934165752591
589170614,xround,12,1.5983332501316845,0.26288307235990493
589170614,xround,13,1.005394037805647,0.30652786030238777
589170614,xround,14,0.985208001870811,0.4490769692252735
589170614,xround,15,0.2146337590049289,0.24384473137230267
589170614,xround,16,0.8868427762786666,0.34672344725237136
589170614,xround,17,0.7976028299097607,0.4748734504766394
589170614,xround,18,1.1230286257394868,0.4964915925698772
589170614,xround,19,2.8539169096499744,0.30691292551123706
589170614,xround,20,0.9912412365815974,0.40330487067273335
589170614,xround,21,0.3662634325731925,0.23290077571716827
589170614,xround,22,0.9994759350735491,0.3008740295728157
589170614,xround,23,1.2488329484505776,0.4197615248279427
589170614,xround,24,1.1008754099270466,0.26493677442951924
589170614,xround,25,0.8985490224888033,0.30531911646559917
589170614,xround,26,1.0796014289813685,0.25091670863799975
589170614,xround,27,0.5963301031803537,0.345945384557097
589170614,xround,28,0.1855710039783521,0.20056862986476887
589170614,xround,29,1.0060554851193417,0.45120650987651
589170614,xround,30,1.363424765828285,0.34033159614080943
589170614,xround,31,0.639248190914345,0.23428574158091142
589170614,xround,32,0.9089308560937239,0.31070639616660456
589170614,xround,33,0.168010889811693,0.17944624240817975
589170614,xround,34,0.9418087787824717,0.35741228068575825
589170614,xround,35,1.03668089610855,0.4039304733553196
589170614,xround,36,0.8196218800344037,0.498251623774576
589170614,xround,37,0.946892600878441,0.34259540357625695
589170614,xround,38,1.0077913496448234,0.42681163212742135
589170614,xround,39,0.7998221079486169,0.4381661643790714
589170614,xround,40,0.7386479797660933,0.32839454883893315
589170614,xround,41,0.7147387952409847,0.2765424831018707
589170614,xround,42,0.8407304409756416,0.3365368017367252
589170614,xround,43,0.6121018132451411,0.5016126511496483
589170614,xround,44,0.8644506997386787,0.3327618757566213
589170614,xround,45,1.1941469845427601,0.32928356523777114
589170614,xround,46,0.5385356680427786,0.3839800102584816
589170614,xround,47,1.046812593865522,0.4679035916823948
589170614,xround,48,0.7998439996375887,0.47487606921708625
589170614,xround,49,0.9637311490599128,0.43648181899355853
589170614,xround,50,0.7497341199182294,0.5045955581097508
589170614,xround,51,1.1417900655422482,0.2543967841942525
589170614,xround,52,1.1234403025294637,0.29549025577288013
589170614,xround,53,0.9378429878402097,0.4054889087678091
589170614,xround,54,1.0135513174193815,0.4460915718324253
589170614,xround,55,1.329109383056082,0.3164102061465628
589170614,xround,56,0.9692553759341308,0.43247784680764134
589170614,xround,57,0.8581409329986668,0.4885655054654231
589170614,xround,58,0.842478304526902,0.3696679081777875
589170614,xround,59,1.1151053893182512,0.5089959219247582
589170614,xround,60,1.3952759468046663,0.4080960568124822
589170614,xround,61,0.9410464767054777,0.41226326156252957
589170614,xround,62,1.3949530225940687,0.225952513113874
589170614,xround,63,0.7828979235550507,0.2926510117025962
589170614,xround,64,1.192296467208255,0.4329741210860949
589170614,xround,65,1.1258764671751273,0.38868292752789246
589170614,xround,66,1.0803600511022575,0.47943145097658
589170614,xround,67,1.835668769802531,0.2989358095870025
589170614,xround,68,0.8049294966627747,0.32542003507595607
589170614,xround,69,0.7023477906570756,0.528343701702888
589170614,xround,70,0.83899590009929,0.2958694836170488
589170614,xround,71,0.8488397455157943,0.36966542911276756
589170614,xround,72,1.127322197312394,0.29549520687498687
589170614,xround,73,0.5014640858579474,0.3177990287648439
589170614,xround,74,1.0685237273075585,0.4540653951156747
589170614,xround,75,1.2032785292203994,0.4073807030924561
589170614,xround,76,1.0091135189166789,0.41298883114951035
589170614,xround,77,1.5587327569856466,0.4044372746513397
589170614,xround,78,1.1717014786180568,0.37425671877492606
589170614,xround,79,1.3498510834314905,0.35517837637582883
589170614,xround,80,1.150116237188992,0.43810958737941263
589170614,xround,81,0.7817200984740208,0.43814852169615615
589170614,xround,82,1.1709823998534528,0.412536587353704
589170614,xround,83,0.7300092433762173,0.3055711949206279
589170614,xround,84,1.4908197036190862,0.26394492143999204
589170614,xround,85,0.8974808992862561,0.3498594733326281
589170614,xround,86,0.7889960604188676,0.31555475887147466
589170614,xround,87,0.8754571835375774,0.38120492305611575
589170614,xround,88,0.9973105732169442,0.4026290991268865
589170614,xround,89,1.301330657644725,0.29473424091845024
589170614,xround,90,1.3403010347459434,0.4456746847291131
589170614,xround,91,1.0088666729606195,0.3067765608743557
589170614,xround,92,1.3506780982427118,0.3551787593245146
589170614,xround,93,1.849060668726828,0.4714850706326503
589170614,xround,94,0.6398198512791097,0.23428673421459012
589170614,xround,95,1.1425093098846906,0.254399630937154
589170614,xround,96,1.1258493796150473,0.2803346936821024
589170614,xround,97,0.6718088356616115,0.3040862971926189
589170614,xround,98,1.571238654784018,0.30450380147604406
589170614,xround,99,1.0788331071699901,0.4681747562542371
589170614,xboot,0,2.864572065208934,0.24982314342234646
589170614,xboot,1,0.6047946928327479,0.3530609273231765
589170614,xboot,2,1.0029975039747154,0.3733552609614331
589170614,xboot,3,0.5298095689598169,0.5499757481035703
589170614,xboot,4,0.44891985317786426,0.4361013642377901
589170614,xboot,5,0.4717543755915623,0.312713228778827
589170614,xboot,6,0.5936295660783176,0.4438360619565205
589170614,xboot,7,0.8339947070892123,0.460876690988827
589170614,xboot,8,0.49552076715998256,0.3845534399084003
589170614,xboot,9,0.4716687452374455,0.3088402336983104
589170614,xboot,10,0.3071160055733491,0.40480339906775986
589170614,xboot,11,0.46460115054821893,0.3161356603611424
589170614,xboot,12,0.5028988139830766,0.39294291627969036
589170614,xboot,13,0.3985086722216467,0.44048686029823036
589170614,xboot,14,0.5330185576084733,0.29514317540297585
589170614,xboot,15,0.4136253008773943,0.2844183862536954
589170614,xboot,16,0.5298072709906606,0.2951439375557082
589170614,xboot,17,0.6076947746603425,0.2572944054611971
589170614,xboot,18,0.4237147422600962,0.5346618958435141
589170614,xboot,19,0.4957968727293857,0.3845545004125521
589170614,xboot,20,0.34930362136247695,0.24460219320526388
589170614,xboot,21,0.498318107029082,0.19342782285915938
589170614,xboot,22,0.48027177327101245,0.3607600950345816
589170614,xboot,23,0.21410282614720888,0.13861257779828184
589170614,xboot,24,0.45406076024694636,0.3660123248370516
589170614,xboot,25,0.4964388501416895,0.25502773780254084
589170614,xboot,26,0.446540064805419,0.38209457914029066
589170614,xboot,27,0.6894054057453511,0.3908720571753648
589170614,xboot,28,0.5278248051691885,0.3498631680244926
589170614,xboot,29,0.4546495996835951,0.36601078186061164
589170614,xboot,30,0.699613233744972,0.40644555705764696
589170614,xboot,31,1.3203772006143333,0.33576920491019313
589170614,xboot,32,0.6745524293554775,0.49149752907318245
589170614,xboot,33,0.4994922730894608,0.40466940639145854
589170614,xboot,34,0.6789544523609385,0.44225643937850734
589170614,xboot,35,0.41514153703208245,0.28441725526471073
589170614,xboot,36,0.5446684496106017,0.3104295285198172
589170614,xboot,37,0.6307578228939461,0.30233860840325844
589170614,xboot,38,0.6187422639268536,0.3396610344969879
589170614,xboot,39,0.8059801523797402,0.2070969705307827
589170614,xboot,40,0.44430873991249553,0.47813076140345423
589170614,xboot,41,0.528064175624785,0.3549162730246279
589170614,xboot,42,0.5735760783079338,0.3547477012411414
589170614,xboot,43,0.8344376739481109,0.46087392387100734
589170614,xboot,44,0.4990115248205434,0.5389261669656239
589170614,xboot,45,0.602629193066749,0.38586935649017495
589170614,xboot,46,0.39319368488749434,0.27595849126476957
589170614,xboot,47,0.6689360601264708,0.32134327857444
589170614,xboot,48,0.6885282661008397,0.35176757892417665
589170614,xboot,49,0.5848325801163147,0.3556875129703244
589170614,xboot,50,0.4635557587956447,0.4625185039646068
589170614,xboot,51,0.6463578544437028,0.4272663030174708
589170614,xboot,52,0.42288784304769084,0.5346627341056978
589170614,xboot,53,0.43648970078520827,0.4229436540039162
589170614,xboot,54,1.5790930751715195,0.423569842079896
589170614,xboot,55,0.5379769072503368,0.4515486335676948
589170614,xboot,56,0.5308456425085342,0.5499740314472603
589170614,xboot,57,0.48784949688461604,0.3861687821977887
589170614,xboot,58,0.5155958091000192,0.28087798679835574
589170614,xboot,59,0.6154467999383855,0.42246484387682925
589170614,xboot,60,0.41282419674396187,0.40359185958849486
589170614,xboot,61,0.5673593322890932,0.49904890777917954
589170614,xboot,62,0.6047946928327479,0.3530609273231765
589170614,xboot,63,2.711657715108511,0.1928457113584776
589170614,xboot,64,0.5299056286855126,0.41734383240357154
589170614,xboot,65,0.4584091392162592,0.28794386265571625
589170614,xboot,66,0.6042874627879434,0.39727710036796093
589170614,xboot,67,0.5154423153059836,0.42452925675791586
589170614,xboot,68,0.6455123897244829,0.455869184490725
589170614,xboot,69,0.7500069933283242,0.49322046261493835
589170614,xboot,70,0.5649885466444438,0.5030899090942273
589170614,xboot,71,0.5881664143949523,0.3588114678973161
589170614,xboot,72,0.558389483371179,0.4180201520015523
589170614,xboot,73,0.5997358719147462,0.3757292875211874
589170614,xboot,74,0.5308524530545767,0.417340685847147
589170614,xboot,75,0.48780878745600653,0.42085629582581563
589170614,xboot,76,0.48425451934492325,0.33577875285957937
589170614,xboot,77,0.5885875301181747,0.4712851493498167
589170614,xboot,78,0.579349116007113,0.23973414237895063
589170614,xboot,79,0.4501958484683976,0.3370537045737928
589170614,xboot,80,0.5277546836906805,0.41734553047988143
589170614,xboot,81,0.4561017761407694,0.332951382076383
589170614,xboot,82,0.46643492606380044,0.32528343508527224
589170614,xboot,83,0.6486283129156096,0.4558646841096152
589170614,xboot,84,0.5788639272931695,0.31081985900806186
589170614,xboot,85,0.6083396141704993,0.3691222469319835
589170614,xboot,86,0.6014863541643183,0.3855753710965455
589170614,xboot,87,0.5276872045167511,0.45221566300603355
589170614,xboot,88,0.5662001302072673,0.33041669798504514
589170614,xboot,89,0.6131700958655073,0.42246239776760985
589170614,xboot,90,0.5276872045167511,0.45221566300603355
589170614,xboot,91,0.6992515293155546,0.4064458027443091
589170614,xboot,92,0.4420394862856446,0.3588336330131058
589170614,xboot,93,0.7699051667931156,0.26083519556905055
589170614,xboot,94,0.6747833412939152,0.491497103330243
589170614,xboot,95,0.5325965183026811,0.4261000469276519
589170614,xboot,96,0.5488830950585042,0.4136289139408944
589170614,xboot,97,0.41692846065598954,0.33334192697999276
589170614,xboot,98,0.4660487053519107,0.48383128822098354
589170614,xboot,99,0.4346609522291098,0.5620430107036558
662279460,xround,0,1.0514149428636839,0.5575902470960354
662279460,xround,1,0.986130324387912,0.6334436175590583
662279460,xround,2,0.8559683800054132,0.6201465067298365
662279460,xround,3,1.0245087106530115,0.5662061166385735
662279460,xround,4,0.9205151913245737,0.5693892202233855
662279460,xround,5,0.7998761823173107,0.5169045994720076
662279460,xround,6,1.013745340586301,0.6157376897470757
662279460,xround,7,0.8894856031336494,0.5709126813549894
662279460,xround,8,0.9153654250413,0.5185473322845358
662279460,xround,9,0.826349627006485,0.5518467115197873
662279460,xround,10,0.9786791286535304,0.5381998746507483
662279460,xround,11,1.1356145660019645,0.5668410838437374
662279460,xround,12,1.380196505537105,0.6622194973350192
662279460,xround,13,1.1117756936591374,0.5700017275118205
662279460,xround,14,0.9455971525081907,0.6033700885404318
662279460,xround,15,1.0244813699836994,0.5662060789680892
662279460,xround,16,1.2355471424605757,0.5242254393978745
662279460,xround,17,1.043335382877019,0.5549488830528042
662279460,xround,18,0.8768622834578348,0.5317585850082145
662279460,xround,19,0.9861334129788953,0.6203235420178859
662279460,xround,20,1.0946376549245753,0.5132265499559546
662279460,xround,21,1.0920651512909805,0.6392954076100759
662279460,xround,22,0.8023831312359166,0.49074113728673374
662279460,xround,23,1.6994518775725689,0.6027166416747
662279460,xround,24,0.8602190516118002,0.5723141551124953
662279460,xround,25,0.988570508435472,0.4952747826083106
662279460,xround,26,0.8175351800606299,0.4771641059807764
662279460,xround,27,0.9061261358028139,0.5476759809528887
662279460,xround,28,1.0974368176436402,0.5393286330221857
662279460,xround,29,1.0850558759962936,0.551778723467274
662279460,xround,30,0.915030557225571,0.6254528778464883
662279460,xround,31,0.9146808621497835,0.6522275510658655
662279460,xround,32,1.0201242778136588,0.5301222893472706
662279460,xround,33,1.0920361968613488,0.639295402118183
662279460,xround,34,0.8809092139277682,0.573694123309933
662279460,xround,35,0.8611489169740622,0.5965408103510725
662279460,xround,36,1.1313698688828293,0.4985355993664268
662279460,xround,37,0.91517096320599,0.6254528707997586
662279460,xround,38,0.6895719711349684,0.6056318859720398
662279460,xround,39,0.8129955813459602,0.5761165480308532
662279460,xround,40,1.0201553672651373,0.3420917898441971
662279460,xround,41,0.933229826462916,0.5589053994202562
662279460,xround,42,0.870012332488156,0.5344143228592169
662279460,xround,43,0.9714545253181873,0.6054111735375725
662279460,xround,44,0.9474076822879962,0.5148635471831731
662279460,xround,45,1.0253477643775266,0.5822065461798414
662279460,xround,46,0.6893553923062054,0.605631908608908
662279460,xround,47,0.9772748449308238,0.6051081120914703
662279460,xround,48,0.9593306104763831,0.5198512935389763
662279460,xround,49,0.9937371312440741,0.5010779326315804
662279460,xround,50,0.8938750011411994,0.6254259046472761
662279460,xround,51,1.0532505086212345,0.610921039715212
662279460,xround,52,0.9298370172406332,0.5549602834930334
662279460,xround,53,0.9146079787128177,0.6522275707901396
662279460,xround,54,1.1373258946001783,0.563010275897182
662279460,xround,55,0.8510813580143769,0.539678727827921
662279460,xround,56,0.8482606803707475,0.5386281414654983
662279460,xround,57,1.1036631678296072,0.5657149891124917
662279460,xround,58,0.81136612670612,0.45108999538179917
662279460,xround,59,0.988570508435472,0.4952747826083106
662279460,xround,60,0.8848596014056215,0.6114625189959844
662279460,xround,61,0.8544402686510006,0.4095484711928976
662279460,xround,62,1.12287601101279,0.5519635004392098
662279460,xround,63,0.8838370770014848,0.5418287162604393
662279460,xround,64,0.8126952495135369,0.5761165117721871
662279460,xround,65,0.965217495488028,0.5810589965554216
662279460,xround,66,1.1106511134095727,0.43653450566065044
662279460,xround,67,0.9433701266284127,0.48563850637602135
662279460,xround,68,1.0689774230643705,0.6253854050963807
662279460,xround,69,1.1110457781397627,0.48783174026184095
662279460,xround,70,0.8867777058029754,0.563455407459443
662279460,xround,71,1.1550511502194236,0.5996933882004782
662279460,xround,72,0.955772226998486,0.563430901092172
662279460,xround,73,0.7605019302764267,0.49390396771424117
662279460,xround,74,1.0214194334888107,0.5383184433329744
662279460,xround,75,1.133702251949828,0.49853566888167367
662279460,xround,76,0.8121416227770737,0.5525262209734784
662279460,xround,77,1.0238951080461653,0.4595797032659744
662279460,xround,78,1.2587671092624766,0.5379310369668663
662279460,xround,79,1.0856747725896518,0.4850001531261915
662279460,xround,80,1.1418302213336322,0.6224939651722263
662279460,xround,81,0.9728808014797731,0.520626547424952
662279460,xround,82,0.9346481274625709,0.46099757455219337
662279460,xround,83,0.9568687810309908,0.4766623507673442
662279460,xround,84,0.9039918574206945,0.5728595398994392
662279460,xround,85,0.9892837425839862,0.48728208789981053
662279460,xround,86,1.4636164193215884,0.6035544419596222
662279460,xround,87,0.9663835186816984,0.5913705532987323
662279460,xround,88,1.1537460760502367,0.5281828205335313
662279460,xround,89,1.0336152457375722,0.5666560069843805
662279460,xround,90,1.2069643713900682,0.5095129618694432
662279460,xround,91,1.0858502820123526,0.5693201453352645
662279460,xround,92,1.0098916058179628,0.5318844080365247
662279460,xround,93,0.6795211858640043,0.6072977899112243
662279460,xround,94,1.2141024285134387,0.4849947617182687
662279460,xround,95,0.9078004915445185,0.4815739424046732
662279460,xround,96,0.8000646288237562,0.5169045763945912
662279460,xround,97,1.0946376549245753,0.5132265499559546
662279460,xround,98,1.2195866856009876,0.5670841753273035
662279460,xround,99,0.9937143385075071,0.5010779208164
662279460,xboot,0,0.7352838167880061,0.5250951098419994
662279460,xboot,1,0.7528031194077632,0.5441776064117816
662279460,xboot,2,0.7324550650827744,0.5659229394336752
662279460,xboot,3,0.654265828424175,0.5518184972765512
662279460,xboot,4,0.2581905166174229,0.3108238920401427
662279460,xboot,5,0.5663522964063679,0.5213540577132949
662279460,xboot,6,0.878625524545634,0.59827942135937
662279460,xboot,7,0.8079180786452664,0.57827537554622
662279460,xboot,8,0.8112598752711863,0.5697388296454943
662279460,xboot,9,0.7824342043382324,0.605123695147132
662279460,xboot,10,0.5957150208115984,0.5713533478375921
662279460,xboot,11,0.6180350406363919,0.6246021084641733
662279460,xboot,12,0.5275727861591766,0.5390514223091853
662279460,xboot,13,0.6591873337377671,0.5101366128457103
662279460,xboot,14,0.601803593053952,0.5299298340239378
662279460,xboot,15,0.7589054501223494,0.675393014976245
662279460,xboot,16,0.7003798972956103,0.6453781724661789
662279460,xboot,17,0.675129870071977,0.4909722088317904
662279460,xboot,18,0.5680348747374402,0.42553570749224257
662279460,xboot,19,0.9644661658210197,0.6415264467354973
662279460,xboot,20,0.6835912295489959,0.6215495593257496
662279460,xboot,21,0.6056753289094555,0.5863608217111268
662279460,xboot,22,0.6201470562637313,0.654718369651756
662279460,xboot,23,0.6370755202550161,0.5890025408978755
662279460,xboot,24,0.5585511385214563,0.5319298310017753
662279460,xboot,25,0.7324837781906071,0.5575987760927976
662279460,xboot,26,0.8159840204863578,0.6045366029391499
662279460,xboot,27,0.7381009820683684,0.512065989909759
662279460,xboot,28,0.7459963373252556,0.5382766306268066
662279460,xboot,29,0.6294469497510671,0.49787640551080914
662279460,xboot,30,0.7145029923245769,0.48883211526418835
662279460,xboot,31,0.850276141932307,0.5505982073754441
662279460,xboot,32,0.6886602619525838,0.5735460421778216
662279460,xboot,33,0.6509056045737126,0.44891033658316926
662279460,xboot,34,0.6805347654952874,0.5417843217329874
662279460,xboot,35,0.9841000645790152,0.5660368208256931
662279460,xboot,36,0.6551863267111914,0.5632854273490684
662279460,xboot,37,0.6949659446731702,0.490976365339999
662279460,xboot,38,0.6929638136073347,0.648237748774172
662279460,xboot,39,0.6016612208306281,0.5651411087594018
662279460,xboot,40,0.6886827167835005,0.5735460530791934
662279460,xboot,41,0.7384177506493858,0.44075968076084615
662279460,xboot,42,0.6654729357896163,0.43885297475600094
662279460,xboot,43,0.8957405556590218,0.49764390732529484
662279460,xboot,44,0.6547667575705821,0.5375679734178933
662279460,xboot,45,0.6207665776615033,0.5046895429307903
662279460,xboot,46,0.725023202311829,0.592312063651605
662279460,xboot,47,0.6991328147553622,0.5100655198154851
662279460,xboot,48,0.8010281769762402,0.5771055448077589
662279460,xboot,49,0.6550280817032469,0.5632854319258433
662279460,xboot,50,0.6848904122495518,0.4040312712515234
662279460,xboot,51,0.7481322404685421,0.55850819569088
662279460,xboot,52,0.6714282948086412,0.5732966679560727
662279460,xboot,53,0.7514629403670345,0.6004130505586298
662279460,xboot,54,0.6607857577871922,0.5192798599282274
662279460,xboot,55,0.6201058531106101,0.44041671749895805
662279460,xboot,56,0.807197339256962,0.4706620859739974
662279460,xboot,57,0.6177327120723327,0.5469460664272272
662279460,xboot,58,0.8876687067210993,0.5484420591017265
662279460,xboot,59,0.7182286644469718,0.5733700691986248
662279460,xboot,60,0.7324837781906071,0.5575987760927976
662279460,xboot,61,0.781248337189969,0.5646814842743542
662279460,xboot,62,0.6036183971523118,0.6180165796709658
662279460,xboot,63,0.6667985338357992,0.463587212743649
662279460,xboot,64,0.650660643789309,0.4912782967058711
662279460,xboot,65,0.5889734286487682,0.48306236270668623
662279460,xboot,66,0.6100247939723022,0.5218796281724822
662279460,xboot,67,0.7249695657504212,0.6032522107412126
662279460,xboot,68,0.7028727942587396,0.6106574640568669
662279460,xboot,69,0.6084454391862786,0.507332489973808
662279460,xboot,70,0.6841108564077695,0.5209109647043795
662279460,xboot,71,0.6093153580755574,0.5106750358114938
662279460,xboot,72,0.5371267434200973,0.5132794001939519
662279460,xboot,73,0.8597727313746663,0.593538397126165
662279460,xboot,74,0.724843592532348,0.5650110169266831
662279460,xboot,75,0.7144924770787603,0.48883211760024614
662279460,xboot,76,1.0038621309384175,0.5601128211891941
662279460,xboot,77,0.7702924890041685,0.6379366835891392
662279460,xboot,78,0.5430143627025132,0.45699023900497093
662279460,xboot,79,0.6571936695729839,0.43931792613342036
662279460,xboot,80,0.7411714878826902,0.4817863832603161
662279460,xboot,81,0.5509324943787166,0.5748639911562847
662279460,xboot,82,0.7379422691567125,0.5120659916885997
662279460,xboot,83,0.6715356180768873,0.5732966660330915
662279460,xboot,84,0.6362282643241526,0.48847341989366877
662279460,xboot,85,0.6484366321753234,0.4933849930337354
662279460,xboot,86,0.850276141932307,0.5505982073754441
662279460,xboot,87,0.7026905642759215,0.610657464650603
662279460,xboot,88,0.5883659300661914,0.5773155020477669
662279460,xboot,89,0.7249125091052568,0.5769835025265171
662279460,xboot,90,0.6165569609577207,0.5688084559196184
662279460,xboot,91,0.5664294948154619,0.5213540433580133
662279460,xboot,92,0.6886738356360187,0.5735460518653248
662279460,xboot,93,0.7003798972956103,0.6453781724661789
662279460,xboot,94,0.6520988257090571,0.5671671903558784
662279460,xboot,95,0.6896268088432757,0.6211845755073389
662279460,xboot,96,0.7324115065937451,0.5659229228167715
662279460,xboot,97,0.8841977535139821,0.5361881558230555
662279460,xboot,98,0.7869452066974958,0.5646478608024132
662279460,xboot,99,0.6709536034327679,0.6190679085298461
662282845,xround,0,1.040198831557624,0.5830351623137764
662282845,xround,1,0.9453596071670314,0.6947510425045866
662282845,xround,2,1.0424066372308105,0.7045540579662235
662282845,xround,3,0.8961548024016057,0.6275218192588683
662282845,xround,4,1.246748596391226,0.6950884273583321
662282845,xround,5,1.253212543185406,0.660073307671784
662282845,xround,6,0.9485711831802826,0.6767985050015094
662282845,xround,7,0.8525451223195111,0.6106395403235082
662282845,xround,8,1.165977580647944,0.7233618887913784
662282845,xround,9,0.931273850683427,0.6656851589362531
662282845,xround,10,1.2590500414955903,0.6486520924292127
662282845,xround,11,0.9785972666254523,0.7136368319122568
662282845,xround,12,1.007860785019924,0.7407504446292031
662282845,xround,13,1.0275770753489375,0.6279624722580318
662282845,xround,14,0.9387376886856021,0.6659109637889533
662282845,xround,15,1.2467547024667618,0.6950884271263176
662282845,xround,16,0.9410234939318812,0.7340121156743558
662282845,xround,17,0.9291312527372897,0.7406620230619901
662282845,xround,18,0.9753107663701333,0.6892996025479969
662282845,xround,19,0.9944757135578802,0.6488747302128692
662282845,xround,20,1.1730676857014437,0.6678243408227735
662282845,xround,21,1.1355493248470874,0.73442796759283
662282845,xround,22,1.2203119763974764,0.7109925526799477
662282845,xround,23,1.0077813150632053,0.6963723023127818
662282845,xround,24,0.8525888452069769,0.6906853760433188
662282845,xround,25,1.0052810633747475,0.7537042344250846
662282845,xround,26,0.9846997391050308,0.593570833248099
662282845,xround,27,0.9330607753517866,0.7426067325647752
662282845,xround,28,0.9472093095143757,0.685276615134231
662282845,xround,29,1.1595450437719843,0.6005155630125489
662282845,xround,30,1.0275770753489375,0.6279624722580318
662282845,xround,31,1.2641909752319735,0.7494073527646368
662282845,xround,32,1.1118480957736312,0.6790075944303116
662282845,xround,33,1.0553927698799348,0.6252967264467691
662282845,xround,34,1.046838450682027,0.6537758363061958
662282845,xround,35,0.9785962469458663,0.713636831903687
662282845,xround,36,0.931480247972974,0.7335448339388049
662282845,xround,37,1.0890143912430967,0.6851172805477699
662282845,xround,38,0.9653197539372904,0.7365042892494965
662282845,xround,39,0.9045192879787125,0.6731613140866577
662282845,xround,40,1.0239746008262078,0.7736801134749458
662282845,xround,41,1.103093418402041,0.7523846060612074
662282845,xround,42,1.253212543185406,0.660073307671784
662282845,xround,43,1.1170756996857403,0.6859183334109565
662282845,xround,44,1.058728926739661,0.7169586260172796
662282845,xround,45,0.8592575383647215,0.7146623416917248
662282845,xround,46,0.8963407734555231,0.6790948083204849
662282845,xround,47,0.849926610916023,0.6462358661482289
662282845,xround,48,1.1364082109106741,0.6035130353431725
662282845,xround,49,1.1639135234329538,0.6678477080186401
662282845,xround,50,1.0237205645469798,0.7229617088365009
662282845,xround,51,0.8740130637095339,0.6682620577526018
662282845,xround,52,1.019010439722374,0.6692682671665844
662282845,xround,53,1.2630454797090773,0.7131763984554483
662282845,xround,54,0.9080619816638399,0.6098628812041811
662282845,xround,55,1.1101675442255494,0.75647978174014
662282845,xround,56,0.8630722767943467,0.740147017377814
662282845,xround,57,1.2641909752319735,0.7494073527646368
662282845,xround,58,1.0676718473764961,0.670647601870377
662282845,xround,59,1.0587312730571017,0.7169586258903425
662282845,xround,60,1.0141527486977167,0.6983590633102301
662282845,xround,61,0.988013871751548,0.6804157732957271
662282845,xround,62,1.2054622971738633,0.6695726149733783
662282845,xround,63,1.2788929313658346,0.7316521358092164
662282845,xround,64,1.165974926820766,0.723361888818787
662282845,xround,65,0.7758401510407186,0.6818497857558337
662282845,xround,66,1.0593645801873335,0.604055621258359
662282845,xround,67,0.8810470663553612,0.7281678330523965
662282845,xround,68,1.1874360695075667,0.697235446611882
662282845,xround,69,0.9193763700474875,0.7025840989854077
662282845,xround,70,0.8824843029860222,0.6813265480374529
662282845,xround,71,1.2791777267506794,0.7316521392651248
662282845,xround,72,0.9312021444031165,0.6983132015158684
662282845,xround,73,0.988994106542141,0.6932994330237346
662282845,xround,74,1.1516511229777335,0.5970831609579648
662282845,xround,75,0.9620878864476374,0.6999205836137627
662282845,xround,76,1.0138222936829455,0.6983479751873274
662282845,xround,77,1.0219721532086756,0.6767808836382437
662282845,xround,78,0.9166282672864123,0.764185125471962
662282845,xround,79,1.0424127324266235,0.7045540579474107
662282845,xround,80,0.8740130637095339,0.6682620577526018
662282845,xround,81,0.8712344395087778,0.7376997867288815
662282845,xround,82,0.8843227253523008,0.6781335545386901
662282845,xround,83,0.9536300764669555,0.6060653172203865
662282845,xround,84,0.9926242106601896,0.590249431815729
662282845,xround,85,0.8525180216630621,0.6906853742238874
662282845,xround,86,0.9602132992080769,0.7183583417989619
662282845,xround,87,0.9373607972386322,0.7496393437050595
662282845,xround,88,1.007841508110424,0.7407504439578407
662282845,xround,89,1.0533621057977975,0.7705157962294427
662282845,xround,90,1.085644391720066,0.6238092140584212
662282845,xround,91,1.082985612832709,0.6323999044168903
662282845,xround,92,1.2819719191353978,0.6950272235501425
662282845,xround,93,0.9080615066925333,0.6098628811703347
662282845,xround,94,1.0927664361943445,0.6682754554548993
662282845,xround,95,1.0065158188102517,0.7047784968061885
662282845,xround,96,0.9398968544883103,0.6594201906715497
662282845,xround,97,1.065359485131774,0.6972652569768254
662282845,xround,98,1.3672568156671194,0.7246765251460792
662282845,xround,99,1.0465993926611894,0.6940007741234263
662282845,xboot,0,0.6774930022695519,0.669577084449951
662282845,xboot,1,0.809111849862407,0.6983685187437312
662282845,xboot,2,0.6971277438301596,0.6814369502842241
662282845,xboot,3,0.8394292038619,0.6689875869306843
662282845,xboot,4,0.6779746762998233,0.7194600503080044
662282845,xboot,5,0.7789234421244771,0.6477418872395495
662282845,xboot,6,0.8835708652816383,0.7070151350583291
662282845,xboot,7,0.8008217273373773,0.6607488933655221
662282845,xboot,8,0.6971277438301596,0.6814369502842241
662282845,xboot,9,0.7350903473164497,0.733206339170307
662282845,xboot,10,0.7925344610844961,0.7201074055534502
662282845,xboot,11,0.8832691856317967,0.6672773047001963
662282845,xboot,12,0.803319051840303,0.7392054559994469
662282845,xboot,13,0.8743477226196035,0.7509977774030556
662282845,xboot,14,0.5742019638120265,0.6788765258067802
662282845,xboot,15,0.7179767864725346,0.6577293607397205
662282845,xboot,16,0.7140927151858303,0.701918135779197
662282845,xboot,17,0.6294421220515183,0.677709715394406
662282845,xboot,18,0.7058801796765353,0.6852019869376142
662282845,xboot,19,0.7932358866319216,0.6460772420451132
662282845,xboot,20,0.7854381354814849,0.6103397325102862
662282845,xboot,21,0.7527857553026672,0.6979254792738552
662282845,xboot,22,0.7085505508545026,0.6935462293971264
662282845,xboot,23,0.863257577131059,0.6020197223369905
662282845,xboot,24,0.7185729158499037,0.6794450882758267
662282845,xboot,25,0.7947760229165189,0.6512090937687927
662282845,xboot,26,0.7336035546576042,0.7512500659011624
662282845,xboot,27,0.7179767864725346,0.6577293607397205
662282845,xboot,28,0.7115478502320749,0.6723383199674079
662282845,xboot,29,0.8371813408266923,0.7034011706862093
662282845,xboot,30,0.7681413168918467,0.6525481290352185
662282845,xboot,31,0.7946069495354021,0.7106039002041504
662282845,xboot,32,0.7582067728932361,0.6616561592610427
662282845,xboot,33,0.7860495439959136,0.7166060820394609
662282845,xboot,34,0.7707739830367595,0.7047972441725583
662282845,xboot,35,0.745564704450592,0.6554988743359096
662282845,xboot,36,0.6881137929004099,0.6825893638354966
662282845,xboot,37,0.7933749192266446,0.6610153374493196
662282845,xboot,38,0.771325052427438,0.736831843241008
662282845,xboot,39,1.0076263149797924,0.6907700565212593
662282845,xboot,40,0.6779731369115855,0.719460050312102
662282845,xboot,41,0.6774930022695519,0.669577084449951
662282845,xboot,42,0.8317333201803601,0.7048815380637852
662282845,xboot,43,0.7839491192925934,0.6272245040131126
662282845,xboot,44,0.7336035546576042,0.7512500659011624
662282845,xboot,45,0.6653586960502201,0.6097642042061746
662282845,xboot,46,0.7220703139129357,0.6151676972632831
662282845,xboot,47,1.0076077008661182,0.69077005661721
662282845,xboot,48,0.7362949650386506,0.741969122170155
662282845,xboot,49,0.7537998159059873,0.6198812245121814
662282845,xboot,50,0.7482417175319878,0.6947482982212871
662282845,xboot,51,0.863366020123893,0.673862799193542
662282845,xboot,52,0.8356902170744759,0.749172102184126
662282845,xboot,53,0.7966287832394219,0.6841466456839186
662282845,xboot,54,0.7922624930894808,0.685321244271897
662282845,xboot,55,0.742293117386483,0.6967272432606098
662282845,xboot,56,0.8371727267904644,0.7034011698969125
662282845,xboot,57,0.8271221596152609,0.7074978903158347
662282845,xboot,58,0.7769008457997489,0.6284095321583067
662282845,xboot,59,0.574205228134932,0.6788765259813787
662282845,xboot,60,0.6639543621513665,0.6303894161462027
662282845,xboot,61,0.8545417993846455,0.7135301301007292
662282845,xboot,62,0.7374029750822229,0.700404905623472
662282845,xboot,63,0.8372899507115105,0.7034011708045564
662282845,xboot,64,0.7182677495857961,0.6731708506841372
662282845,xboot,65,0.8674108571157868,0.7139846838420147
662282845,xboot,66,0.8772985788198211,0.6243313645908852
662282845,xboot,67,0.818450095947706,0.7193359788642627
662282845,xboot,68,0.7839491192925934,0.6272245040131126
662282845,xboot,69,0.6599532231725447,0.7214798945254053
662282845,xboot,70,0.7602718492707563,0.7330202628946334
662282845,xboot,71,0.8008011737852325,0.6607488948258087
662282845,xboot,72,0.8092347465955562,0.6983685051356023
662282845,xboot,73,0.8919211684047733,0.723425131971744
662282845,xboot,74,0.8010040741445911,0.6754743519770942
662282845,xboot,75,0.7867495331118148,0.7144790630893516
662282845,xboot,76,0.721982879721209,0.6151676942321935
662282845,xboot,77,0.788316844354305,0.6662556292478314
662282845,xboot,78,0.8674108571157868,0.7139846838420147
662282845,xboot,79,0.6507433251606259,0.642170172519703
662282845,xboot,80,0.8263888991949817,0.6280912298053916
662282845,xboot,81,0.9099373373728307,0.6867729653263206
662282845,xboot,82,0.9022080849077152,0.7023531123237398
662282845,xboot,83,0.8402851201936969,0.5937456573845945
662282845,xboot,84,0.788307770495234,0.6662556305280969
662282845,xboot,85,0.6549791421658018,0.6711323046871531
662282845,xboot,86,0.7334061217738101,0.6421325640945171
662282845,xboot,87,0.7966287832394219,0.6841466456839186
662282845,xboot,88,0.8782783344115505,0.7483529905707217
662282845,xboot,89,0.7152773954486709,0.6889736956306061
662282845,xboot,90,0.6615625723202645,0.675797280100613
662282845,xboot,91,0.667694605619416,0.6935827725922952
662282845,xboot,92,0.8415634879336373,0.6885039763096878
662282845,xboot,93,0.6862829265185535,0.7183298101311926
662282845,xboot,94,0.7547469032002408,0.6959326026023844
662282845,xboot,95,0.8282260411831199,0.7101723314466034
662282845,xboot,96,0.7347806545380258,0.602236198526795
662282845,xboot,97,0.7481434779806093,0.7553572974330371
662282845,xboot,98,0.6863596266997062,0.6038371031058694
662282845,xboot,99,0.956106532085218,0.7698030919954333
662283858,xround,0,1.1333063612908079,0.3455249125759089
662283858,xround,1,1.1100327296265622,0.44540212594083317
662283858,xround,2,0.9698010521316427,0.475981694354767
662283858,xround,3,1.0677479135126569,0.3723592075984701
662283858,xround,4,1.2025311078947762,0.27249182305763386
662283858,xround,5,0.9271786967177242,0.47903889620704065
662283858,xround,6,0.9745259754847566,0.4119046840909526
662283858,xround,7,1.090910877178348,0.3710455400960012
662283858,xround,8,1.2188241881890989,0.38282606641549743
662283858,xround,9,0.08820432574875593,0.13309967530550015
662283858,xround,10,0.822491007328422,0.4256157230513419
662283858,xround,11,0.8896095196363053,0.37014624171247745
662283858,xround,12,1.0598832555186586,0.4804890854995354
662283858,xround,13,0.7504959022739767,0.4512567978834592
662283858,xround,14,0.0853775638281787,0.2193928607520197
662283858,xround,15,0.8777572514478634,0.4092922022996689
662283858,xround,16,1.3713968010491417,0.4066582632956347
662283858,xround,17,1.0908552642181077,0.37104549695850175
662283858,xround,18,0.36978786722826795,0.15548439766499422
662283858,xround,19,1.111780510461971,0.39532728165085895
662283858,xround,20,0.3233046047532089,0.28233188653708596
662283858,xround,21,0.6672611723278761,0.18597478428332237
662283858,xround,22,2.28090442858678,0.20739241198970337
662283858,xround,23,0.8789684199827988,0.2885328428231333
662283858,xround,24,1.0771518964274789,0.291373411668283
662283858,xround,25,1.243502258117039,0.4513534204574252
662283858,xround,26,0.8237437831338515,0.33473972547303044
662283858,xround,27,4.353387526553421,0.22654224888094732
662283858,xround,28,0.4307328848115662,0.15517957606817923
662283858,xround,29,0.8236127665537853,0.3347396840514454
662283858,xround,30,1.0237250903646395,0.38522893368960853
662283858,xround,31,0.9415741576277848,0.3323054563357538
662283858,xround,32,0.8954227254776651,0.35002381274771377
662283858,xround,33,1.1458470751209675,0.3110566659155005
662283858,xround,34,2.124084810226729,0.38255856698023605
662283858,xround,35,0.8369315821639103,0.41423697530768233
662283858,xround,36,0.09735258586555587,0.13147223886161952
662283858,xround,37,0.8472614896074925,0.31039358198093225
662283858,xround,38,1.155524972854875,0.34998057086970014
662283858,xround,39,0.9967099859746701,0.3533070258056098
662283858,xround,40,1.0462822551356665,0.3238894312131956
662283858,xround,41,1.4008545496323126,0.3694011125747264
662283858,xround,42,0.2883571029478097,0.16579833737850969
662283858,xround,43,1.0651853101097915,0.30718768495239956
662283858,xround,44,0.8719919036258484,0.31761955632714767
662283858,xround,45,0.924969660524483,0.4790400074224458
662283858,xround,46,1.0459083015295692,0.4081196112939889
662283858,xround,47,1.2589689689511976,0.29277364113410764
662283858,xround,48,1.1474877964792594,0.31105749338832134
662283858,xround,49,1.2634714545481873,0.2927739715003018
662283858,xround,50,0.754130218757964,0.3609300540989545
662283858,xround,51,0.9620346886153811,0.43946154064244913
662283858,xround,52,0.9136415396229146,0.4054218114992556
662283858,xround,53,0.3440051862481215,0.16556958251765674
662283858,xround,54,1.1987169168695706,0.4359288739225168
662283858,xround,55,0.30712180111831894,0.3388528479786307
662283858,xround,56,1.000290008824882,0.4023228831073097
662283858,xround,57,1.00279110021051,0.3132230171058793
662283858,xround,58,0.08426201894714658,0.12551765873544807
662283858,xround,59,1.2448286645889455,0.45135407579170495
662283858,xround,60,0.9879549561612438,0.33954781284990065
662283858,xround,61,0.4336674917256639,0.2045760700028988
662283858,xround,62,0.9373705178503284,0.40728985641778426
662283858,xround,63,0.8616534511049382,0.40154963126985477
662283858,xround,64,0.795191124877408,0.4013786602701902
662283858,xround,65,0.8570138964898295,0.33641036086412013
662283858,xround,66,0.9233929330880614,0.42124739392681365
662283858,xround,67,0.9019936182662401,0.4741089007864907
662283858,xround,68,0.8802050697425172,0.3990396769288884
662283858,xround,69,0.3506061147290562,0.18624944480110672
662283858,xround,70,0.8266349011334714,0.3395655119909131
662283858,xround,71,1.3481280877331294,0.3956800935421151
662283858,xround,72,0.9205420882283051,0.23335183413361038
662283858,xround,73,1.0630370450241577,0.30718574134780896
662283858,xround,74,0.9004630166295813,0.3889422114301566
662283858,xround,75,0.5352184957596571,0.1595330852481206
662283858,xround,76,1.1835163710035048,0.2659408897577059
662283858,xround,77,0.2042214269050586,0.22580358068865514
662283858,xround,78,0.920393614739191,0.430006151443835
662283858,xround,79,0.893636790192648,0.3726870922018427
662283858,xround,80,1.055702660108798,0.40701012173371
662283858,xround,81,0.8568736812156481,0.32071771777025493
662283858,xround,82,1.2803833845439598,0.34769929375517594
662283858,xround,83,1.4237333090678965,0.3764390249828088
662283858,xround,84,1.0433331918911548,0.346982541211852
662283858,xround,85,0.2866373505988304,0.15112713058473137
662283858,xround,86,1.0631100379126714,0.4038064233490237
662283858,xround,87,1.1897204541844766,0.5128647154800292
662283858,xround,88,1.1881145348990791,0.21101642924629793
662283858,xround,89,0.11592895710850759,0.1357133659627141
662283858,xround,90,1.152025490950295,0.40374576103316817
662283858,xround,91,0.28893066352863545,0.2689248154897126
662283858,xround,92,1.026601057351929,0.3748560998793554
662283858,xround,93,0.9761689810931942,0.41190463025568225
662283858,xround,94,1.0049724004591647,0.374183171430467
662283858,xround,95,0.3791831195571631,0.1889407596859407
662283858,xround,96,1.1885115020349903,0.3535620977107049
662283858,xround,97,1.1302403772008545,0.4006598223031729
662283858,xround,98,0.08677799812961692,0.17968828915655677
662283858,xround,99,1.1230725744838985,0.4180932863666229
662283858,xboot,0,1.058430313927883,0.44824821549226535
662283858,xboot,1,0.2328966811536209,0.19783687410976392
662283858,xboot,2,1.0070069188710034,0.37540248288819944
662283858,xboot,3,0.5021984815916329,0.15215018292880156
662283858,xboot,4,1.175225916744892,0.26826470926454715
662283858,xboot,5,0.9479004586976925,0.3591661209244297
662283858,xboot,6,0.9238704935410562,0.26626031398587957
662283858,xboot,7,0.9764381680078008,0.32089850807841513
662283858,xboot,8,0.987062751804328,0.36641457255875953
662283858,xboot,9,1.0967112853103225,0.333110412878035
662283858,xboot,10,0.8182180114484014,0.3616522580386793
662283858,xboot,11,0.3851017844770757,0.20820516017069168
662283858,xboot,12,0.25534471697205513,0.16939047427363974
662283858,xboot,13,0.3463217885145877,0.22433360693239568
662283858,xboot,14,0.9704125432617741,0.3999476110773067
662283858,xboot,15,5.379606546928325,0.11772891374033523
662283858,xboot,16,0.27689744815507505,0.14908625850594293
662283858,xboot,17,1.3093634200364377,0.3024530239471803
662283858,xboot,18,0.8211436054250283,0.21037480500914763
662283858,xboot,19,1.9101414138140331,0.2457673469782775
662283858,xboot,20,1.3234293835551523,0.35414489267063276
662283858,xboot,21,1.2955085021980193,0.34771543536548954
662283858,xboot,22,0.8457643075636617,0.3290677159131795
662283858,xboot,23,1.1106552121807562,0.4453871234606299
662283858,xboot,24,0.7855319921004669,0.4632779133923389
662283858,xboot,25,0.8336164701299229,0.41240648055987805
662283858,xboot,26,1.1230525160969003,0.4229331120097418
662283858,xboot,27,0.8790298732954533,0.33730012672556486
662283858,xboot,28,0.19646855424846937,0.15021458831165058
662283858,xboot,29,1.0622267360194255,0.38313495426510125
662283858,xboot,30,1.0018500792851945,0.4332066708008041
662283858,xboot,31,0.9387367058450233,0.38793945432151866
662283858,xboot,32,0.2731473180458276,0.27988387588872454
662283858,xboot,33,1.2948686169204855,0.4030891109711311
662283858,xboot,34,1.1924975765133612,0.32630952859861084
662283858,xboot,35,1.0749351690501576,0.29139218412570045
662283858,xboot,36,0.9013727562710026,0.25937184730913
662283858,xboot,37,0.109799092063276,0.1643638783331427
662283858,xboot,38,1.0480132854518436,0.5033963314763021
662283858,xboot,39,1.0018500792851945,0.4332066708008041
662283858,xboot,40,0.8377194872608231,0.41419660125239177
662283858,xboot,41,0.8303932320380044,0.4642148191470745
662283858,xboot,42,1.1538921424795705,0.31568757411579673
662283858,xboot,43,0.8998265668856412,0.394140763002386
662283858,xboot,44,1.008528059024311,0.4301634160055905
662283858,xboot,45,1.0306091733636684,0.28898364514068775
662283858,xboot,46,0.8454993014581524,0.47974917977812026
662283858,xboot,47,1.074924968751644,0.291392228636818
662283858,xboot,48,0.9757920518371096,0.41190504369825387
662283858,xboot,49,0.9578688778565777,0.33011431965593807
662283858,xboot,50,1.057495471418638,0.41620315655433726
662283858,xboot,51,1.2959169404032216,0.3477150300282328
662283858,xboot,52,0.8266467689706053,0.24692936608036842
662283858,xboot,53,0.9697915111614482,0.44666450066645813
662283858,xboot,54,1.026790591418288,0.2994619940217509
662283858,xboot,55,1.15474685988601,0.3499793036097374
662283858,xboot,56,0.9724562952548033,0.3316961982241786
662283858,xboot,57,0.056129184156347725,0.17577223720924307
662283858,xboot,58,0.37808803567339583,0.2798610482590044
662283858,xboot,59,0.5255669764588251,0.2231336425381807
662283858,xboot,60,1.0666268998952961,0.30716534633452697
662283858,xboot,61,5.382229988405615,0.1513018923985504
662283858,xboot,62,0.9904803184596023,0.5109003834366792
662283858,xboot,63,1.0908131905505172,0.35263316994067084
662283858,xboot,64,0.990959128172894,0.5109000340115182
662283858,xboot,65,1.1543084170722697,0.31568862964507094
662283858,xboot,66,0.06440824517959264,0.1759214482640884
662283858,xboot,67,0.9870850952963293,0.36641438844250795
662283858,xboot,68,0.8928243677845898,0.392597377756597
662283858,xboot,69,0.9492327220086548,0.3796222261718628
662283858,xboot,70,1.6356295934365206,0.34211321337821976
662283858,xboot,71,0.27135897182775426,0.19423122732435505
662283858,xboot,72,0.8931603473031191,0.41726447236893993
662283858,xboot,73,1.042281700857308,0.3369663290960093
662283858,xboot,74,0.298511279854493,0.24151662548872244
662283858,xboot,75,0.5194846805094311,0.18636609571490037
662283858,xboot,76,0.8978981734474862,0.394139863055497
662283858,xboot,77,0.9499719830992748,0.40920803048504595
662283858,xboot,78,0.18068093373311095,0.16776745032730767
662283858,xboot,79,0.8143664890348417,0.3297257268621935
662283858,xboot,80,0.9558104409113856,0.4510390662714111
662283858,xboot,81,1.0269360367466334,0.2994611384925915
662283858,xboot,82,0.10797959518780678,0.16769775119178543
662283858,xboot,83,0.916715048762979,0.3660358529085659
662283858,xboot,84,1.1571131206949117,0.33346074484763233
662283858,xboot,85,0.9867535369694116,0.3644189869890927
662283858,xboot,86,1.0457158393590742,0.3009581211594703
662283858,xboot,87,0.9428496124049501,0.29091867658516546
662283858,xboot,88,0.6246292313105496,0.18659509401597962
662283858,xboot,89,1.1507295752376816,0.21494875272752878
662283858,xboot,90,0.9281526133721594,0.32456929502034093
662283858,xboot,91,1.1448948148577196,0.4715970071699628
662283858,xboot,92,0.8977667586802986,0.39413915604269467
662283858,xboot,93,0.8458199225866219,0.4141021447461005
662283858,xboot,94,0.875931689521827,0.33730156974999426
662283858,xboot,95,0.8885918391064958,0.31931196532422224
662283858,xboot,96,0.9592791234364437,0.32190879433439434
662283858,xboot,97,0.7644235758765184,0.2934400867246164
662283858,xboot,98,1.1161391358016388,0.5277660956004859
662283858,xboot,99,1.3854766020763767,0.3877726203694217
662284816,xround,0,0.8740275166025726,0.5856377470636758
662284816,xround,1,1.0039229690045406,0.6486169269981581
662284816,xround,2,0.8885287047114168,0.5648549129579423
662284816,xround,3,1.0345755282057325,0.6411829901066617
662284816,xround,4,1.1419528072156098,0.5785255352883757
662284816,xround,5,1.0348773949169046,0.5214396405505144
662284816,xround,6,1.0626014888181936,0.5832654779255844
662284816,xround,7,0.9564196180975904,0.6783913858970273
662284816,xround,8,1.070891771651231,0.639883812204809
662284816,xround,9,1.3953861003891057,0.5905243637681067
662284816,xround,10,0.8518208980335604,0.6678118306776712
662284816,xround,11,0.7966163226811356,0.5665019575899122
662284816,xround,12,1.2803273844591179,0.5548002060420483
662284816,xround,13,1.262036562524297,0.5640249718622012
662284816,xround,14,0.8484549675300036,0.4912761268221121
662284816,xround,15,1.0369522308403505,0.651922141935323
662284816,xround,16,1.398777842510303,0.6207915183403607
662284816,xround,17,0.921244719266125,0.6003350136337238
662284816,xround,18,0.9756248320606491,0.6064038490207626
662284816,xround,19,1.2653839029200786,0.5563487384034682
662284816,xround,20,1.0946826104321585,0.6780496599813992
662284816,xround,21,1.029391034795014,0.6212036034557149
662284816,xround,22,1.1341468821862901,0.5843575725164805
662284816,xround,23,0.8942371183174366,0.509239449988568
662284816,xround,24,1.104682973922733,0.5499175730384172
662284816,xround,25,1.0039425916040174,0.5511230964173337
662284816,xround,26,0.7888703276092291,0.6510488555397655
662284816,xround,27,1.1732524415174017,0.5735889698767485
662284816,xround,28,1.072449480605628,0.6250253299012762
662284816,xround,29,1.0666708732457812,0.6356381730162562
662284816,xround,30,0.9657184581047843,0.5761425746933373
662284816,xround,31,1.034453855613972,0.6123207985130088
662284816,xround,32,0.9966778802475896,0.582952850224034
662284816,xround,33,1.10675851480419,0.5399333421560493
662284816,xround,34,1.1265369128030878,0.6328356016278511
662284816,xround,35,1.1030710980219856,0.6369112277266441
662284816,xround,36,1.0953463746706456,0.5168406925391971
662284816,xround,37,0.7784577651383214,0.6234040611246023
662284816,xround,38,1.2662776525790693,0.5539468717636038
662284816,xround,39,1.1422726988918899,0.5414474233734364
662284816,xround,40,0.7888319115510866,0.6510488550276534
662284816,xround,41,0.9489101047063319,0.6229236771950739
662284816,xround,42,1.0471729563816792,0.640957677633986
662284816,xround,43,0.8275245512556506,0.6298183259928183
662284816,xround,44,0.8847878759895726,0.6105968753195119
662284816,xround,45,1.0962858172124597,0.5780594646357713
662284816,xround,46,0.9474857237660683,0.6991754790908502
662284816,xround,47,0.8659607940501971,0.6164015827246039
662284816,xround,48,1.0038567986065308,0.6098160219334603
662284816,xround,49,0.879142894772343,0.5154770301484279
662284816,xround,50,0.8131080818373276,0.6186279406677839
662284816,xround,51,0.9920865557577604,0.6006539533074418
662284816,xround,52,0.9209750364588783,0.6849868596305152
662284816,xround,53,1.12442785986736,0.6043986037171839
662284816,xround,54,0.9600978757170004,0.6216311825680332
662284816,xround,55,0.9868881788542241,0.6240680679354988
662284816,xround,56,0.8837484818416013,0.6726693296594422
662284816,xround,57,0.8969443670533063,0.5499683662075145
662284816,xround,58,1.0613822259170884,0.5914149637635163
662284816,xround,59,0.895849086940715,0.6356681592514515
662284816,xround,60,1.0050268050633586,0.5497591513611206
662284816,xround,61,1.0969151078290458,0.661063397048679
662284816,xround,62,1.110624186190887,0.568830445051202
662284816,xround,63,0.914530786908253,0.5856910499357914
662284816,xround,64,0.983194001998847,0.545522384324552
662284816,xround,65,0.9600308825573792,0.5286492763967119
662284816,xround,66,1.2170640366968852,0.6130811297548586
662284816,xround,67,0.960031026290332,0.5286492763325501
662284816,xround,68,1.0564762163476793,0.6344898505209324
662284816,xround,69,1.0946886318452844,0.6780496601862602
662284816,xround,70,1.0411729691436056,0.6122371178553384
662284816,xround,71,0.9937183569297816,0.599674442209924
662284816,xround,72,0.7297006913481575,0.5723954671705196
662284816,xround,73,0.8136912396552138,0.5836106782171036
662284816,xround,74,1.022654808395249,0.5672860709843279
662284816,xround,75,1.398777842510303,0.6207915183403607
662284816,xround,76,1.0023771467883238,0.608965345554781
662284816,xround,77,0.8751973406953127,0.6443433455188985
662284816,xround,78,0.8800450007699541,0.5986472784771616
662284816,xround,79,0.835716653944592,0.6232034538449285
662284816,xround,80,0.7888400059524178,0.6510488555620222
662284816,xround,81,1.036956957002009,0.65192214214958
662284816,xround,82,0.6991842813427939,0.5614214144258988
662284816,xround,83,0.8942821240623895,0.6144163331469691
662284816,xround,84,1.395330279365777,0.5905243620959811
662284816,xround,85,0.8664737696680865,0.5474067228112123
662284816,xround,86,0.9968874829423976,0.5569868452076762
662284816,xround,87,1.1046881928608776,0.5499175728740473
662284816,xround,88,1.1906134599274496,0.6072915825934548
662284816,xround,89,0.8463749971689759,0.620423821139839
662284816,xround,90,0.8876323518777033,0.5561045003393308
662284816,xround,91,1.5913625583660018,0.6050602829063221
662284816,xround,92,0.9937295257833256,0.5996744418863768
662284816,xround,93,0.9794540488781424,0.5936083858593177
662284816,xround,94,0.8885312301553698,0.564854912882536
662284816,xround,95,1.1115283081133773,0.5707351123810305
662284816,xround,96,1.2553091438224258,0.60067367117119
662284816,xround,97,0.9315375720691218,0.59296455265139
662284816,xround,98,1.0555214645642554,0.5767709969810084
662284816,xround,99,1.1549437419900697,0.6101152330134344
662284816,xboot,0,0.4343829136145777,0.5993785417080979
662284816,xboot,1,0.5332747132628705,0.5463527465684599
662284816,xboot,2,0.4731670938078382,0.5472897579282379
662284816,xboot,3,0.4075870910816296,0.5337857278270117
662284816,xboot,4,0.45679053720731844,0.5663159025371993
662284816,xboot,5,0.48640483731540357,0.5869133631101857
662284816,xboot,6,0.46901736896376367,0.6528521885556909
662284816,xboot,7,0.4301715779657018,0.5870911641745175
662284816,xboot,8,0.5524556898312117,0.5363852326401324
662284816,xboot,9,0.45184519207188684,0.6083053893915702
662284816,xboot,10,0.5351701346221885,0.6200354409988303
662284816,xboot,11,0.5158246792439685,0.6166195678173105
662284816,xboot,12,0.5397520733382994,0.6747831420840914
662284816,xboot,13,0.4521888889341293,0.6382496911693009
662284816,xboot,14,0.48721385152646945,0.5884186491289306
662284816,xboot,15,0.4672315133835362,0.6250311574852507
662284816,xboot,16,0.4759277324678802,0.5801789348364313
662284816,xboot,17,0.376008134182049,0.6086727658878845
662284816,xboot,18,0.5381359270766007,0.6139863777768378
662284816,xboot,19,0.6100920510233879,0.5769553841953587
662284816,xboot,20,0.46370977474071534,0.6888359554807031
662284816,xboot,21,0.48977246404377806,0.5475978318237866
662284816,xboot,22,0.48800702693955766,0.5384717580750914
662284816,xboot,23,0.48070939415568403,0.6725952966843749
662284816,xboot,24,0.42994497111792784,0.6002482090274327
662284816,xboot,25,0.5263601341816437,0.5899101053768003
662284816,xboot,26,0.5620916522235222,0.6718451722047575
662284816,xboot,27,0.5245738018534445,0.5625051793272613
662284816,xboot,28,0.6161902872997572,0.5629811916815243
662284816,xboot,29,0.4854091987227371,0.6369421115121336
662284816,xboot,30,0.4859214683442613,0.6596762541260752
662284816,xboot,31,0.4077198399808162,0.5896815415630591
662284816,xboot,32,0.43082298912907296,0.6349904097705601
662284816,xboot,33,0.4065352277963545,0.5687571690619222
662284816,xboot,34,0.5194443559629353,0.6095562193976743
662284816,xboot,35,0.5077517663811715,0.5357997139889387
662284816,xboot,36,0.5339522916419482,0.6032565552337232
662284816,xboot,37,0.5440139110122847,0.5413502044503451
662284816,xboot,38,0.48981034446278066,0.547597831110687
662284816,xboot,39,0.4943506494857639,0.6099582752886579
662284816,xboot,40,0.6061633763206957,0.5677450402562545
662284816,xboot,41,0.4743622415272814,0.5881823213583102
662284816,xboot,42,0.4201038952370022,0.5785339511019048
662284816,xboot,43,0.4763152409319862,0.5944025127827358
662284816,xboot,44,0.4290618196663047,0.5262043615239529
662284816,xboot,45,0.5505607853490943,0.6080935445094799
662284816,xboot,46,0.5855365887629581,0.5683225899795845
662284816,xboot,47,0.5161091810122675,0.7145642524157012
662284816,xboot,48,0.4420963004658709,0.6338233524046856
662284816,xboot,49,0.5008986199154167,0.6752632449197511
662284816,xboot,50,0.5114840650293291,0.6436274375003718
662284816,xboot,51,0.49546824120337235,0.6627094744274182
662284816,xboot,52,0.4920505550101597,0.5697238048883684
662284816,xboot,53,0.5470136455848152,0.6563185627674026
662284816,xboot,54,0.5145046576962752,0.5808911289859784
662284816,xboot,55,0.45828946382395863,0.5932859287611549
662284816,xboot,56,0.4550983267078941,0.6053376307018703
662284816,xboot,57,0.4201038952370022,0.5785339511019048
662284816,xboot,58,0.6290737830883759,0.5400863314706869
662284816,xboot,59,0.4878447798950721,0.6140291796452306
662284816,xboot,60,0.5194402143591406,0.6095562196443715
662284816,xboot,61,0.4093197561695292,0.7056890563075408
662284816,xboot,62,0.45746902253027866,0.5627375271874833
662284816,xboot,63,0.5069698602639723,0.5756064281837099
662284816,xboot,64,0.47307690445210776,0.48750537955833684
662284816,xboot,65,0.492261756817891,0.5890600012633391
662284816,xboot,66,0.5496072568495598,0.5703278829991223
662284816,xboot,67,0.4897354000930004,0.6300326380804292
662284816,xboot,68,0.563473510578885,0.5665658510731708
662284816,xboot,69,0.46149641477536224,0.6038995398324654
662284816,xboot,70,0.6077456404920696,0.6024208515252799
662284816,xboot,71,0.48250005739977553,0.6656257697412205
662284816,xboot,72,0.5777897913145604,0.7103541830634468
662284816,xboot,73,0.4582123325362233,0.6022457945877417
662284816,xboot,74,0.42907813935745825,0.5262043615542427
662284816,xboot,75,0.701192396661499,0.6006941090410504
662284816,xboot,76,0.4762314456433265,0.5354121710438353
662284816,xboot,77,0.6257546271864621,0.5595786024929731
662284816,xboot,78,0.5661221983283299,0.6889771209203527
662284816,xboot,79,0.4661847799089584,0.5780511128210754
662284816,xboot,80,0.4927065839129604,0.6785596961706625
662284816,xboot,81,0.480378306247797,0.542509546968345
662284816,xboot,82,0.6100870104404073,0.5769553838808151
662284816,xboot,83,0.415888764891095,0.5769515961335021
662284816,xboot,84,0.5456411171752462,0.6397381427900735
662284816,xboot,85,0.8824711880423589,0.5629461155697321
662284816,xboot,86,0.5000252427905651,0.6061116428562305
662284816,xboot,87,0.5130017834762175,0.49363592289171143
662284816,xboot,88,0.4521759415799827,0.6382496904060565
662284816,xboot,89,0.5090247920118683,0.5473192096571617
662284816,xboot,90,0.4661833946341893,0.5780511128962189
662284816,xboot,91,0.4769381862070956,0.6708757589623664
662284816,xboot,92,0.47625198858930945,0.6493925183396538
662284816,xboot,93,0.40687381309049264,0.5344440703905444
662284816,xboot,94,0.5412567745232446,0.5671761258354235
662284816,xboot,95,0.5114858132573893,0.6436274377868458
662284816,xboot,96,0.4608104124211956,0.5909086856480497
662284816,xboot,97,0.5077455931445042,0.5357997153167209
662284816,xboot,98,0.6103886697157961,0.6218901421138504
662284816,xboot,99,0.49325698737556894,0.6280153358039189
662284952,xround,0,0.9631756149488925,0.4172038223076363
662284952,xround,1,0.8829571326523354,0.45943762686464407
662284952,xround,2,0.9974754871093675,0.3713237893433228
662284952,xround,3,0.8011025603572226,0.5137031651306492
662284952,xround,4,1.0297033858080513,0.40370491455251123
662284952,xround,5,0.8214805297330459,0.3467769340719081
662284952,xround,6,0.9725775834397816,0.5455473843233303
662284952,xround,7,0.9127950116548171,0.5920576431355459
662284952,xround,8,1.1690787963719123,0.3404173615243148
662284952,xround,9,1.0759716007882771,0.5053705904145056
662284952,xround,10,1.167573293888289,0.5028958682290972
662284952,xround,11,0.9927681106469,0.47723850255506184
662284952,xround,12,0.7663137299589037,0.5024308189796882
662284952,xround,13,0.7874548297386967,0.46328182316617805
662284952,xround,14,1.144733035955362,0.5797981015287648
662284952,xround,15,0.97326505735622,0.5497073275432987
662284952,xround,16,0.24500616255419408,0.30491044620203955
662284952,xround,17,0.8419625463821874,0.4940165627126657
662284952,xround,18,0.7869432740912252,0.4702558133365672
662284952,xround,19,0.9210692094407542,0.4856013269132179
662284952,xround,20,1.3790249285980243,0.4977148748506449
662284952,xround,21,0.8728199139976386,0.40834156735040994
662284952,xround,22,1.17181243243044,0.4266229638530942
662284952,xround,23,1.0628024355863386,0.4827246111528183
662284952,xround,24,0.9487846252865608,0.4878497480014172
662284952,xround,25,0.7459150827537492,0.4839739494600014
662284952,xround,26,1.173359243182838,0.44824996408559814
662284952,xround,27,1.5674478459784738,0.3518201554980631
662284952,xround,28,0.8121268214172178,0.5409473965631484
662284952,xround,29,1.1612760190806535,0.45569692697965725
662284952,xround,30,0.911816811443146,0.5622373416378379
662284952,xround,31,1.2374409893234828,0.5206997397664453
662284952,xround,32,0.4199354861715604,0.2962570124616598
662284952,xround,33,0.8475804878719851,0.6038393963783343
662284952,xround,34,0.7841065176529473,0.39472704107643164
662284952,xround,35,0.670667096386606,0.30297818422983824
662284952,xround,36,1.5922484968956037,0.4088260000110272
662284952,xround,37,0.7046054322630035,0.468924079653799
662284952,xround,38,0.7058017373580153,0.36601054391014676
662284952,xround,39,0.8481183780087266,0.5216002082298785
662284952,xround,40,0.8083352914824508,0.3957378057608123
662284952,xround,41,0.9367775217052623,0.5311262686662129
662284952,xround,42,0.8229221605967629,0.34677707622834675
662284952,xround,43,0.7128476156710025,0.47578390935073
662284952,xround,44,0.8775963016131779,0.5046942355284649
662284952,xround,45,0.9610649471105058,0.5427810916193861
662284952,xround,46,0.8165381235228131,0.5192552999957052
662284952,xround,47,1.0194375247991274,0.399774872735692
662284952,xround,48,0.6944179606984096,0.42752881237630036
662284952,xround,49,1.0586935431557993,0.5181989746143862
662284952,xround,50,1.0888715570372636,0.5434492679226961
662284952,xround,51,0.8540732335552167,0.5102916367363622
662284952,xround,52,1.0157789107989394,0.539675799898071
662284952,xround,53,0.7665618645681184,0.5096296589776346
662284952,xround,54,1.1611667269286325,0.584387877939484
662284952,xround,55,1.5175815794495096,0.430929833841459
662284952,xround,56,0.939683564495091,0.4423001183493923
662284952,xround,57,0.9538802508626091,0.4844831331494309
662284952,xround,58,1.170458739627285,0.6163769066152414
662284952,xround,59,1.1602317241817908,0.45569682645391496
662284952,xround,60,0.8913164934265184,0.4820183221264568
662284952,xround,61,0.7059256793161578,0.3660093129135079
662284952,xround,62,0.939818005248183,0.44230012478218195
662284952,xround,63,1.0804216550103716,0.5328935843567607
662284952,xround,64,1.1125892967829973,0.6276429011713847
662284952,xround,65,0.3889305425208523,0.21496154544052903
662284952,xround,66,0.6801856808971931,0.3621488031826726
662284952,xround,67,1.0753766411622163,0.5053701544647933
662284952,xround,68,1.7108668802248939,0.40790510698542737
662284952,xround,69,0.7664532609423087,0.5024306419912643
662284952,xround,70,0.9343215263488717,0.5401048306774321
662284952,xround,71,0.817227022948409,0.5192552950142665
662284952,xround,72,0.827097242898847,0.5649171741036082
662284952,xround,73,1.000081264440782,0.49063029803632796
662284952,xround,74,1.6910195359118911,0.507660961572637
662284952,xround,75,1.4040356966399463,0.41807068846187545
662284952,xround,76,1.2358587787778146,0.5206999441860494
662284952,xround,77,0.7594078479662839,0.49793531650331224
662284952,xround,78,1.144119877958185,0.5477342048694132
662284952,xround,79,0.7930136750054873,0.4649929467160946
662284952,xround,80,1.2073599884755777,0.5115697193540851
662284952,xround,81,1.0295589963289884,0.5602173557531801
662284952,xround,82,0.9125896863331989,0.4856039423941859
662284952,xround,83,0.9993071975010072,0.5274225999330507
662284952,xround,84,1.0202611402333694,0.5095325763700795
662284952,xround,85,0.7735448929249871,0.43375936584054997
662284952,xround,86,1.115757970853245,0.46073032552694515
662284952,xround,87,0.8534331626767496,0.510291521990202
662284952,xround,88,1.1544784415757525,0.46621185665040377
662284952,xround,89,0.9228771968544868,0.5732910236428045
662284952,xround,90,0.9033365967367443,0.4989345639865167
662284952,xround,91,1.116506665170147,0.48182754136003725
662284952,xround,92,0.9865099731342394,0.44761750678376466
662284952,xround,93,1.0443021708617597,0.419242509433168
662284952,xround,94,0.9527639229242848,0.5227427675494507
662284952,xround,95,0.9999007099903184,0.4780388039201603
662284952,xround,96,0.9096297716185064,0.4517412250905337
662284952,xround,97,0.5314396986629766,0.521674160278974
662284952,xround,98,0.3163535816341409,0.29560853282210875
662284952,xround,99,1.1119657223722355,0.5302209433062213
662284952,xboot,0,0.16459205189573972,0.23234181635600648
662284952,xboot,1,1.5212053213553998,0.537513801744509
662284952,xboot,2,0.7615224468849235,0.5257212832829152
662284952,xboot,3,0.9258250861747469,0.5138428486272506
662284952,xboot,4,1.0224845321333649,0.5164269995246018
662284952,xboot,5,1.0562876913065755,0.44767975009214167
662284952,xboot,6,1.4091271981489029,0.43413289034209757
662284952,xboot,7,1.4888752626429205,0.3493794564489401
662284952,xboot,8,0.9772121775465576,0.5346695189181714
662284952,xboot,9,1.042609751001628,0.5130939681616187
662284952,xboot,10,0.08103833668919774,0.2171001190479227
662284952,xboot,11,1.481379622004925,0.4870958672009804
662284952,xboot,12,1.2899396169114499,0.44365650296559167
662284952,xboot,13,1.3509536805145825,0.46718883030435976
662284952,xboot,14,1.2072778589533477,0.5407640077426427
662284952,xboot,15,1.0957883595810185,0.4784312400174524
662284952,xboot,16,1.3410057067923957,0.41276553799936655
662284952,xboot,17,1.1657102411811253,0.5105345119812229
662284952,xboot,18,0.9563170159592073,0.38354070670363116
662284952,xboot,19,0.9004010168060114,0.5369557340092007
662284952,xboot,20,1.7506471063276101,0.5136914669287602
662284952,xboot,21,1.117422058400009,0.5264538889874741
662284952,xboot,22,1.5756668607321809,0.49304968141532923
662284952,xboot,23,1.3101395657405221,0.5210045521727612
662284952,xboot,24,1.2607387723080188,0.5025487455773501
662284952,xboot,25,1.0248686923589692,0.5163442754758566
662284952,xboot,26,1.4154482820116339,0.6156379160044609
662284952,xboot,27,1.358181256625613,0.584772770128118
662284952,xboot,28,1.3618491346740185,0.5542038306149938
662284952,xboot,29,0.9536805838748535,0.5578572684202974
662284952,xboot,30,1.1539252430243783,0.5014478498583297
662284952,xboot,31,1.6290718199336374,0.4576969793359249
662284952,xboot,32,0.9527159182245166,0.4999122927296311
662284952,xboot,33,1.0586628009345644,0.48669053677431706
662284952,xboot,34,0.8693032040021126,0.4461526287310167
662284952,xboot,35,1.6583622595469163,0.4624072129614658
662284952,xboot,36,1.00500467302201,0.3513023063140387
662284952,xboot,37,1.1547420736596585,0.5014480593729933
662284952,xboot,38,0.17096475808875947,0.282558108554688
662284952,xboot,39,1.1346615148691745,0.5566826423596306
662284952,xboot,40,1.387274786678134,0.5298422081907417
662284952,xboot,41,1.1848935252350974,0.41082150283824015
662284952,xboot,42,1.3342923599497016,0.5111365054048502
662284952,xboot,43,1.9839593679564946,0.4260065498699118
662284952,xboot,44,1.3449024107432037,0.587983720139265
662284952,xboot,45,1.516882374200944,0.36901737212734054
662284952,xboot,46,1.4017847220526856,0.576897400903706
662284952,xboot,47,1.46692412055576,0.5071154196498696
662284952,xboot,48,0.9560654096062313,0.4820901386228459
662284952,xboot,49,1.0980003956998108,0.5077520065911076
662284952,xboot,50,1.2433859948625001,0.4639717845331295
662284952,xboot,51,1.14915620657922,0.6369329232688574
662284952,xboot,52,1.5799600739495845,0.4566983646239866
662284952,xboot,53,1.3902192049344242,0.4537095291050476
662284952,xboot,54,1.3304007861087312,0.42653086454447364
662284952,xboot,55,1.1406377331940187,0.532893931586389
662284952,xboot,56,1.5824583768987046,0.456697986577974
662284952,xboot,57,1.6599914131982088,0.45208197303177355
662284952,xboot,58,0.8417850092410449,0.42038693507109814
662284952,xboot,59,1.4077409199690862,0.43413388611385983
662284952,xboot,60,1.0781849978543965,0.5181176761525194
662284952,xboot,61,1.5911402838985922,0.37096238243886415
662284952,xboot,62,1.0552316821921328,0.48772855673380444
662284952,xboot,63,1.4280208029238246,0.4534831729117793
662284952,xboot,64,0.6700048843468864,0.22417347054523895
662284952,xboot,65,1.3633006100083123,0.5354188341498405
662284952,xboot,66,1.1644995350564298,0.45334944383296616
662284952,xboot,67,0.8121832260472185,0.44664726509921604
662284952,xboot,68,1.530365085965749,0.4135901027363019
662284952,xboot,69,1.0992060750901362,0.45410298606218935
662284952,xboot,70,1.210567930660928,0.5668579231627598
662284952,xboot,71,0.8698314708445641,0.4461525558976487
662284952,xboot,72,1.0039686692709862,0.35130218502215593
662284952,xboot,73,1.5217492651196174,0.5375140404297396
662284952,xboot,74,0.5260716993846309,0.25946626811099727
662284952,xboot,75,1.2144592801776293,0.4651355573922371
662284952,xboot,76,1.2773798880389293,0.6224156939091703
662284952,xboot,77,1.281506135043162,0.435613615658314
662284952,xboot,78,0.4734842856964796,0.14930349767452222
662284952,xboot,79,1.260026156777477,0.5025484966701765
662284952,xboot,80,0.15584400612910776,0.2658589100489418
662284952,xboot,81,1.750078814839378,0.44242884796953785
662284952,xboot,82,1.3449205548683636,0.5094643350903996
662284952,xboot,83,1.7682149178157804,0.38405486849180415
662284952,xboot,84,1.1225209918886154,0.5115190165906311
662284952,xboot,85,1.1776975236037932,0.4898340578679362
662284952,xboot,86,1.1668864997544333,0.5148387102340592
662284952,xboot,87,0.9448651436885591,0.47301967928903976
662284952,xboot,88,0.7980551950600862,0.19498472966179436
662284952,xboot,89,1.1994307092776701,0.4981028043302971
662284952,xboot,90,1.243161259820077,0.40485193428267174
662284952,xboot,91,0.7633032825770697,0.5257195868682183
662284952,xboot,92,1.2089130520339506,0.40165530368626046
662284952,xboot,93,1.1995101996000281,0.49810279394285706
662284952,xboot,94,0.1820461376211055,0.31541001609057373
662284952,xboot,95,1.0928186824778445,0.46824990526039545
662284952,xboot,96,0.9768945731721836,0.5346696257760244
662284952,xboot,97,1.2305137436057305,0.45443091822811976
662284952,xboot,98,1.332015146884025,0.5305759901767306
662284952,xboot,99,1.5096995756992022,0.48122818958450053
662297327,xround,0,0.7192973328788079,0.3578666771414962
662297327,xround,1,0.9223310716734615,0.5177435064292999
662297327,xround,2,1.0434684536829313,0.5322412474436485
662297327,xround,3,0.7303150225242014,0.41628892355317215
662297327,xround,4,0.8561686354170843,0.5673549540753099
662297327,xround,5,1.1337613285931087,0.4750843266273487
662297327,xround,6,0.9582654090657388,0.4398556877889733
662297327,xround,7,0.9655731008076054,0.6667724788316759
662297327,xround,8,1.5718374314874224,0.5378911020449091
662297327,xround,9,0.9952051698252089,0.5518603954039036
662297327,xround,10,1.2179132365749459,0.5707483574015286
662297327,xround,11,0.84435390906953,0.5067756682564414
662297327,xround,12,1.3985606885835862,0.4090483270299565
662297327,xround,13,1.282190676769468,0.5695654654194383
662297327,xround,14,0.9615260156179152,0.5618127682382077
662297327,xround,15,1.0971369680340122,0.530886626946999
662297327,xround,16,1.322104490431389,0.4605205446506019
662297327,xround,17,1.20089581028554,0.5341644859306043
662297327,xround,18,0.8175852622518375,0.5700610049359947
662297327,xround,19,0.9996492088449415,0.4669479031816758
662297327,xround,20,0.9387182262742354,0.5458543622691623
662297327,xround,21,1.039870967166898,0.5463326139459701
662297327,xround,22,0.9943779789619818,0.5838113592968988
662297327,xround,23,0.8644512111519582,0.5922514832028782
662297327,xround,24,1.239583759287691,0.5399632599144313
662297327,xround,25,1.9495067426918786,0.4907934591677249
662297327,xround,26,1.0435687989004725,0.5322412287445142
662297327,xround,27,0.9294802462425187,0.40084493777501984
662297327,xround,28,0.6799905441852533,0.43718050334405323
662297327,xround,29,1.181704249524316,0.5187027086165197
662297327,xround,30,0.8130644239648636,0.6512797993716035
662297327,xround,31,1.034139622838326,0.5520783698595007
662297327,xround,32,1.0455830043351078,0.4016666985913806
662297327,xround,33,1.1312573829135697,0.6580692188725189
662297327,xround,34,1.0363025211499635,0.5914093027507695
662297327,xround,35,1.0435671873068628,0.5337809211272371
662297327,xround,36,1.0071771855817007,0.5342163774230333
662297327,xround,37,1.0382460167070606,0.5801984246511308
662297327,xround,38,0.9740489856313221,0.5797512813760085
662297327,xround,39,0.9815912141019568,0.3221911933072279
662297327,xround,40,1.2747570350031217,0.3826029396500784
662297327,xround,41,1.2746905061424296,0.3826029403856581
662297327,xround,42,1.0543466640210994,0.4799986465064833
662297327,xround,43,1.1160374613139599,0.2780309019413595
662297327,xround,44,1.0029987535229277,0.5873586929682634
662297327,xround,45,1.3274639763550657,0.44625992679359117
662297327,xround,46,0.8174487766487974,0.5068843703758785
662297327,xround,47,1.0937475409677218,0.5206045723542447
662297327,xround,48,0.22488426306818982,0.21101583309334648
662297327,xround,49,0.9741579299759848,0.5797513047497129
662297327,xround,50,1.0844574438049894,0.5227327837400475
662297327,xround,51,0.9194988411406931,0.49979064391186756
662297327,xround,52,1.376939151431421,0.5671028018350048
662297327,xround,53,0.8681449917135133,0.5936347808873482
662297327,xround,54,1.007166873293968,0.5929926369245793
662297327,xround,55,0.7697996333725281,0.46405116119429524
662297327,xround,56,1.009400169071185,0.5992449998813476
662297327,xround,57,1.1680125550413707,0.5395716051399567
662297327,xround,58,0.9977024857447105,0.5178314339881265
662297327,xround,59,1.0716711463050974,0.5338431399694642
662297327,xround,60,0.9195001165757033,0.4997906437670644
662297327,xround,61,0.8140646335532836,0.4146170037956761
662297327,xround,62,1.1405347013619804,0.592501476204649
662297327,xround,63,0.7735916182790086,0.5179582556550782
662297327,xround,64,0.8403881464831647,0.515690348030636
662297327,xround,65,1.1688783400046923,0.5921212171402295
662297327,xround,66,0.8578924848818706,0.518454330984797
662297327,xround,67,0.8724362737443221,0.5925496803700832
662297327,xround,68,1.4501513298959294,0.368932932526599
662297327,xround,69,0.8917885177003274,0.6179634460981247
662297327,xround,70,0.9236343827432121,0.517743519607577
662297327,xround,71,0.8697964204956594,0.5323506119647867
662297327,xround,72,0.7513150972996313,0.5752261382660584
662297327,xround,73,0.9224643893814517,0.5454238603297163
662297327,xround,74,0.7269863891760139,0.48391433791017135
662297327,xround,75,1.1695183063837362,0.5932291743872178
662297327,xround,76,1.0737513541216621,0.5672569712766775
662297327,xround,77,0.967392084004774,0.4985025823173297
662297327,xround,78,0.759554756263067,0.5916029769230154
662297327,xround,79,0.8503571046509313,0.41987419767464595
662297327,xround,80,0.9510280747510887,0.5002249046031568
662297327,xround,81,0.9088133237913172,0.5344904789998415
662297327,xround,82,0.800587855168485,0.48470295495421956
662297327,xround,83,0.9240339777932843,0.5177433897551368
662297327,xround,84,1.1313143399140424,0.6580692174947467
662297327,xround,85,0.9307999381546838,0.4803217773085714
662297327,xround,86,0.9212858871380488,0.5155884472926754
662297327,xround,87,1.2825770230094613,0.5683821073763591
662297327,xround,88,0.7597465364346426,0.5916029622309331
662297327,xround,89,0.9401833704768195,0.5667176852211817
662297327,xround,90,0.8238187663558726,0.49427380161362255
662297327,xround,91,0.7512895515526532,0.5752261419790828
662297327,xround,92,1.6586075268095404,0.5209801403023935
662297327,xround,93,0.810468453253785,0.5498055329789686
662297327,xround,94,1.3427928516220615,0.2204763346224199
662297327,xround,95,1.0028530175841845,0.5521401938647321
662297327,xround,96,1.0342186771027824,0.5520783520762952
662297327,xround,97,0.1848529990281596,0.2595588106536061
662297327,xround,98,1.0739064371819,0.5587967931991132
662297327,xround,99,0.7735736649174924,0.5179582507919702
662297327,xboot,0,1.0483974961843576,0.5588041923539726
662297327,xboot,1,1.0409859695910166,0.5351196022092712
662297327,xboot,2,1.5018668613828414,0.5543687461175073
662297327,xboot,3,0.8791936403466734,0.6616061772909592
662297327,xboot,4,0.9246607532454398,0.4904032432487162
662297327,xboot,5,0.9542797069315848,0.5541179297314436
662297327,xboot,6,0.23944625803167466,0.36183919516339336
662297327,xboot,7,0.17521460507396244,0.22993560264078028
662297327,xboot,8,1.2201391757251918,0.5805990411003285
662297327,xboot,9,0.8634783188655094,0.555901374596733
662297327,xboot,10,1.2747835060884118,0.48585094465463463
662297327,xboot,11,1.0049084853917385,0.48339511987936545
662297327,xboot,12,0.8330490780586023,0.4984235103663346
662297327,xboot,13,0.9251274871929921,0.5012393867845806
662297327,xboot,14,1.0414933854741157,0.5665832777961921
662297327,xboot,15,0.1666675959196434,0.23856286596670762
662297327,xboot,16,0.14300609554141444,0.29267565328467127
662297327,xboot,17,1.2628649436096233,0.5692117698721533
662297327,xboot,18,0.7776486784952935,0.5247309593032576
662297327,xboot,19,0.777661743929763,0.5247309553096472
662297327,xboot,20,1.11786441116754,0.5535981249323632
662297327,xboot,21,0.8109355740069389,0.3993630750874131
662297327,xboot,22,1.1722388223435063,0.4667941174585979
662297327,xboot,23,1.1757217710138421,0.5735518339444563
662297327,xboot,24,0.9140808991192773,0.5107461823820743
662297327,xboot,25,1.1399189021679754,0.4756339015798152
662297327,xboot,26,0.9617979043824296,0.4311214051712233
662297327,xboot,27,1.462534434680599,0.5556524857171338
662297327,xboot,28,1.2099313434736803,0.5385606382548269
662297327,xboot,29,0.9010052038052541,0.5464325412224728
662297327,xboot,30,1.2200226987752911,0.5805990295045762
662297327,xboot,31,1.4625493073127065,0.5556524845371402
662297327,xboot,32,1.33554610494044,0.49052673361857957
662297327,xboot,33,0.8372514502332714,0.5040155917395074
662297327,xboot,34,0.9666662028736762,0.5298436759153584
662297327,xboot,35,1.0959341183442222,0.4769911887510704
662297327,xboot,36,1.2220487152636024,0.5346047121137436
662297327,xboot,37,1.0101716068626085,0.41449856738763813
662297327,xboot,38,1.2629046604979857,0.5692117612000376
662297327,xboot,39,0.8167562102457899,0.5633181103019449
662297327,xboot,40,0.9086324589925543,0.569805600457863
662297327,xboot,41,0.9627910542068985,0.5514584748876892
662297327,xboot,42,0.7899553944526826,0.5539734953817385
662297327,xboot,43,1.135680867620532,0.5870869530300443
662297327,xboot,44,0.9257025429163654,0.4398446349297772
662297327,xboot,45,1.1030949238427854,0.57403646459194
662297327,xboot,46,0.8549014650018062,0.5617556823012486
662297327,xboot,47,0.8452712624964769,0.6133814951162686
662297327,xboot,48,0.7763018716257656,0.43303904584214514
662297327,xboot,49,1.1046019338221884,0.5466168607926387
662297327,xboot,50,1.1836329619682113,0.5286656398154082
662297327,xboot,51,1.208555732587592,0.6252575626060437
662297327,xboot,52,0.7266942209441759,0.47386552273334226
662297327,xboot,53,1.0473185146606983,0.5534354306313543
662297327,xboot,54,0.8836787389701717,0.5344892064941993
662297327,xboot,55,0.8392873174117184,0.5181305319534348
662297327,xboot,56,0.9545397328592317,0.5541179152881003
662297327,xboot,57,0.8617246736693764,0.6020753715277493
662297327,xboot,58,0.9800123041584273,0.5252832461523368
662297327,xboot,59,0.9210040099686785,0.5850421093756151
662297327,xboot,60,1.3258228114308497,0.44073386811119974
662297327,xboot,61,1.0918194266763612,0.509859574514478
662297327,xboot,62,0.8827653079221728,0.5520029193004051
662297327,xboot,63,1.3712699404724829,0.5887966073388926
662297327,xboot,64,0.7899553944526826,0.5539734953817385
662297327,xboot,65,1.043894242165103,0.6150523949601965
662297327,xboot,66,1.2274327056864094,0.34470410068441193
662297327,xboot,67,0.9637193879495549,0.5220300066142796
662297327,xboot,68,0.8794069679296934,0.5358225577331235
662297327,xboot,69,0.707330049891879,0.4182366958631176
662297327,xboot,70,0.8502354247703257,0.5953953152681678
662297327,xboot,71,0.8895164481580989,0.5175942667836015
662297327,xboot,72,1.5263599153439138,0.49623239138258446
662297327,xboot,73,0.8905126270719875,0.5175942331577681
662297327,xboot,74,1.069237046245706,0.5199752441093298
662297327,xboot,75,0.9349323267109555,0.5743295741876355
662297327,xboot,76,0.97279270351528,0.575873972613064
662297327,xboot,77,1.1627888763645728,0.5696565777927864
662297327,xboot,78,0.7476065413461891,0.5148427623427705
662297327,xboot,79,1.119069527446187,0.5058070567719356
662297327,xboot,80,1.1583234178866513,0.5674916884827255
662297327,xboot,81,0.9046110697687532,0.5161142170747419
662297327,xboot,82,1.2850375703534644,0.5995389278347409
662297327,xboot,83,1.2236362117714765,0.6158854721570554
662297327,xboot,84,0.9118803443041141,0.46479431313327746
662297327,xboot,85,1.2236288544737568,0.6158854600169135
662297327,xboot,86,1.0816700014995908,0.548808216412934
662297327,xboot,87,0.9831636070796635,0.5466664847172631
662297327,xboot,88,0.858728148906669,0.4843096188204835
662297327,xboot,89,0.8719006085399265,0.5974487210862871
662297327,xboot,90,1.2864249490270763,0.5793463528461527
662297327,xboot,91,1.0404363669571093,0.5351194709041145
662297327,xboot,92,0.8536852006983185,0.5089712922430916
662297327,xboot,93,0.8171782773743543,0.5167672799981641
662297327,xboot,94,1.0248600971067343,0.595823845442552
662297327,xboot,95,1.0152788646302509,0.5650069984692065
662297327,xboot,96,0.8330497757204516,0.49842351030406207
662297327,xboot,97,0.9257025429163654,0.4398446349297772
662297327,xboot,98,1.1002676235575153,0.42629807270727194
662297327,xboot,99,0.7332038981141761,0.5781565393138401
662299371,xround,0,1.4728177946547791,0.5251210003120219
662299371,xround,1,0.7603952026528578,0.3839781741677555
662299371,xround,2,0.7621988060877535,0.5181856858932141
662299371,xround,3,0.6644425094719864,0.33301484990387853
662299371,xround,4,1.083700437348936,0.33474926320552956
662299371,xround,5,1.1982457239191857,0.5039214971364627
662299371,xround,6,0.9382922034038137,0.32070582807546544
662299371,xround,7,0.763497871974479,0.5112570736899921
662299371,xround,8,1.093071529647851,0.5210888455424842
662299371,xround,9,1.2176163813379166,0.46376988670898445
662299371,xround,10,0.9266711391236182,0.38375734132957706
662299371,xround,11,0.8886018322585213,0.36917818550837056
662299371,xround,12,0.6987671759559196,0.4944415065132213
662299371,xround,13,0.7679322205372997,0.5698241172120135
662299371,xround,14,0.9840048139305348,0.5580112420347483
662299371,xround,15,1.7678150390184604,0.4457471412371401
662299371,xround,16,1.0842413818494774,0.5569505647539794
662299371,xround,17,1.0568327378615423,0.3398425551529951
662299371,xround,18,0.8799742987966177,0.4546780985040788
662299371,xround,19,1.0703150484148858,0.5316706439327246
662299371,xround,20,1.0359571082814822,0.45234873402132325
662299371,xround,21,0.5210127395260896,0.371478267692088
662299371,xround,22,0.9461338804178477,0.5003532926143637
662299371,xround,23,0.8444218503409088,0.3628480358569586
662299371,xround,24,0.9682511317503713,0.41657489195921305
662299371,xround,25,0.93773440532593,0.5240788922307165
662299371,xround,26,1.1275126098585375,0.5070194552484993
662299371,xround,27,1.2085996487857498,0.4253581784752747
662299371,xround,28,1.060831742084976,0.3913517305595997
662299371,xround,29,1.1532956785259498,0.501087131139613
662299371,xround,30,1.0151055439842551,0.5079128500409891
662299371,xround,31,0.7358151990426878,0.40798766308809464
662299371,xround,32,1.2092285423134577,0.4739002489402079
662299371,xround,33,1.4311696850327036,0.46828567389263864
662299371,xround,34,0.849626408616635,0.4948243569398494
662299371,xround,35,1.0977692826399117,0.4665397157790604
662299371,xround,36,0.754954426264385,0.438080687167302
662299371,xround,37,0.9144757912214488,0.3735328055185676
662299371,xround,38,0.9062186246396681,0.4656896576806263
662299371,xround,39,1.0293028314798465,0.34244777588959885
662299371,xround,40,0.6686664810771309,0.42035060307128747
662299371,xround,41,0.763497871974479,0.5112570736899921
662299371,xround,42,1.043119700974651,0.4626079700095609
662299371,xround,43,1.2205321084386138,0.4589247522998775
662299371,xround,44,1.2154384822167115,0.39578416961367724
662299371,xround,45,1.1488700838188557,0.5099895077193761
662299371,xround,46,0.4635503506562862,0.1970676086754939
662299371,xround,47,1.1176063464202353,0.420007914334687
662299371,xround,48,0.914135311311174,0.49594728062550986
662299371,xround,49,0.8225202633289129,0.4811051890827708
662299371,xround,50,0.9159815059845737,0.3557690582079609
662299371,xround,51,0.9580926849712808,0.48214913864365505
662299371,xround,52,1.177671214250644,0.4618703342864614
662299371,xround,53,1.223008179340604,0.27726631669374113
662299371,xround,54,0.9238714121014733,0.40749568851318396
662299371,xround,55,1.3064301306449522,0.56708387912761
662299371,xround,56,0.9013207695534704,0.32552174491410424
662299371,xround,57,1.8825475672924077,0.4708088944202019
662299371,xround,58,0.7665732520775426,0.5270203506351716
662299371,xround,59,0.7802955774519947,0.5233055989553463
662299371,xround,60,0.5334257404549757,0.36895798776012556
662299371,xround,61,1.1913250018271495,0.5849909795089776
662299371,xround,62,0.8187339816657541,0.42612675936005984
662299371,xround,63,1.1228932256440156,0.5737354893915929
662299371,xround,64,1.0297040800247355,0.3914078242706859
662299371,xround,65,0.8812635466311768,0.4546978645996792
662299371,xround,66,1.2326512242085819,0.3891435776022648
662299371,xround,67,1.1409693268095527,0.5097592584467077
662299371,xround,68,0.9820005962002132,0.5300198502324536
662299371,xround,69,1.1528854027710327,0.47526574407199573
662299371,xround,70,1.4309228925445585,0.4682857459530807
662299371,xround,71,0.9537495592731985,0.49644408767181014
662299371,xround,72,1.137608864586589,0.5584885492070399
662299371,xround,73,1.1275636173610522,0.5070194543868796
662299371,xround,74,0.7252839734895904,0.47689467314455014
662299371,xround,75,1.070205956837709,0.5316706203065955
662299371,xround,76,1.38149181320456,0.37903089400591483
662299371,xround,77,1.169913890106749,0.5106105239419204
662299371,xround,78,1.430602399557713,0.4682857510808034
662299371,xround,79,0.902316507381838,0.563533541614994
662299371,xround,80,0.8660833420902887,0.422490378222493
662299371,xround,81,0.7680275556411044,0.5698240758001235
662299371,xround,82,1.2566749532415258,0.544363163307112
662299371,xround,83,1.2694173594052967,0.4690114879571985
662299371,xround,84,0.7659396553385389,0.5243415786906709
662299371,xround,85,1.0213014361900217,0.55365051490519
662299371,xround,86,1.557047096677213,0.5382837442118107
662299371,xround,87,1.0661548438642985,0.47689003491363047
662299371,xround,88,1.0703959602108655,0.5316706028211944
662299371,xround,89,1.1887752221000165,0.4747924515576626
662299371,xround,90,0.8550160966567248,0.4144544901945588
662299371,xround,91,1.2550252425618076,0.4627511937688097
662299371,xround,92,0.9641691760816324,0.32271485633195995
662299371,xround,93,1.0286402769362744,0.4079354638124023
662299371,xround,94,1.1472966286762492,0.5595261895031685
662299371,xround,95,1.043119700974651,0.4626079700095609
662299371,xround,96,0.8809548394143588,0.4546978625179662
662299371,xround,97,0.8020315905713978,0.5262189307861185
662299371,xround,98,1.0092203006090663,0.47914620677617037
662299371,xround,99,1.2549841195803122,0.4627511827024611
662299371,xboot,0,0.7800324691293745,0.4795950159586384
662299371,xboot,1,0.5073732303347317,0.5011747087124582
662299371,xboot,2,0.5154880338936636,0.36561185710058897
662299371,xboot,3,0.5551441481539813,0.4970237166008574
662299371,xboot,4,0.4989665594815363,0.4409987443156369
662299371,xboot,5,0.5361979438449894,0.5144695010531211
662299371,xboot,6,0.8021042321209576,0.4178433201372628
662299371,xboot,7,0.3954781274060728,0.5599127810589839
662299371,xboot,8,0.5060772493968204,0.5455251272392896
662299371,xboot,9,0.40052788413692564,0.4975081424015183
662299371,xboot,10,0.6086017277012777,0.5266173367426895
662299371,xboot,11,0.5460664093795419,0.5145772282038408
662299371,xboot,12,0.515350197234568,0.5567692116204987
662299371,xboot,13,1.2548177110123666,0.47338050786375907
662299371,xboot,14,0.43422321087407395,0.3382487319363624
662299371,xboot,15,0.41633586233828923,0.5171737372775689
662299371,xboot,16,0.4174509975884295,0.531387898062187
662299371,xboot,17,0.5574567374291284,0.3863984066105627
662299371,xboot,18,0.58199391893746,0.4840915730526708
662299371,xboot,19,0.5398579706456206,0.3824102387330377
662299371,xboot,20,0.5821178474709141,0.48409157649134404
662299371,xboot,21,0.547665486117406,0.49885131533954286
662299371,xboot,22,0.7485147230888356,0.4599899726420813
662299371,xboot,23,0.5152338751758241,0.5905132166392426
662299371,xboot,24,0.7577401621290121,0.5825354146078512
662299371,xboot,25,0.3343219347966683,0.5117133669251464
662299371,xboot,26,0.7469018988849745,0.48256792610848365
662299371,xboot,27,0.6051421258327198,0.5289076922671931
662299371,xboot,28,0.5884257488687238,0.468135288165324
662299371,xboot,29,0.3371818543597836,0.40642337407839
662299371,xboot,30,0.5469642217041998,0.41621166806114684
662299371,xboot,31,0.5801163507324408,0.47836066723322257
662299371,xboot,32,0.44338588592075895,0.5430077532674794
662299371,xboot,33,0.5552220376181223,0.3516216772724121
662299371,xboot,34,0.8021042321209576,0.4178433201372628
662299371,xboot,35,0.7058425941494977,0.4923740930146816
662299371,xboot,36,0.5301401247844435,0.5008240372861583
662299371,xboot,37,0.4387193596612293,0.5549602396511502
662299371,xboot,38,0.7425351841325691,0.5518138449807799
662299371,xboot,39,0.5073732303347317,0.5011747087124582
662299371,xboot,40,0.5595393082795894,0.5458696900074367
662299371,xboot,41,0.5369502685570304,0.39873831296587603
662299371,xboot,42,0.4722755820431129,0.504739831680782
662299371,xboot,43,0.48737874368753115,0.5153236728472331
662299371,xboot,44,0.5179808419336958,0.4368359458096368
662299371,xboot,45,0.6413599213973576,0.4828701058725441
662299371,xboot,46,0.4065482823145909,0.36488602314184415
662299371,xboot,47,0.49030806331423843,0.4125990141522238
662299371,xboot,48,0.6029144719677658,0.39460838178471747
662299371,xboot,49,0.593086509260449,0.4857276566578327
662299371,xboot,50,0.5461935219608518,0.5145703690110779
662299371,xboot,51,0.6367513791320124,0.479246262569754
662299371,xboot,52,0.4826755835132697,0.40602029226922065
662299371,xboot,53,0.44581455874970144,0.5050633208951338
662299371,xboot,54,0.6087090651350869,0.5550323658447052
662299371,xboot,55,0.43474055070428286,0.5442320110414482
662299371,xboot,56,0.7737912264268454,0.46988992947466757
662299371,xboot,57,0.47880350977392944,0.325777791526523
662299371,xboot,58,0.5283496580180306,0.3954318592279289
662299371,xboot,59,0.5952528434550443,0.49118011033121245
662299371,xboot,60,0.43470978642868885,0.54423201202764
662299371,xboot,61,0.5832793422084377,0.46091638263423906
662299371,xboot,62,0.5048534310716747,0.5284694953010408
662299371,xboot,63,0.5489855848764583,0.465829668608997
662299371,xboot,64,0.5571448193610262,0.48568673294691567
662299371,xboot,65,0.4844363598306231,0.4015050977781941
662299371,xboot,66,0.5929191627138436,0.46202787776034193
662299371,xboot,67,0.5958265397657493,0.4931847215346733
662299371,xboot,68,0.5594885429468622,0.5458697075085355
662299371,xboot,69,0.48170059826787265,0.41184029207272155
662299371,xboot,70,0.43767536856198447,0.5377482131338186
662299371,xboot,71,0.40055282679884374,0.49750813770172364
662299371,xboot,72,0.5274963983694752,0.4028348273511817
662299371,xboot,73,0.7033764402062841,0.44832177676978335
662299371,xboot,74,0.8021042321209576,0.4178433201372628
662299371,xboot,75,0.6115631146578738,0.36770865955569554
662299371,xboot,76,0.6218253893713896,0.450188717519063
662299371,xboot,77,0.664336227601174,0.3646620999634155
662299371,xboot,78,0.4774383424421344,0.470587703454474
662299371,xboot,79,0.4816340146127991,0.4118402935061076
662299371,xboot,80,0.4890681989993991,0.5580974511544989
662299371,xboot,81,0.5152164404002277,0.5905132223510282
662299371,xboot,82,0.514495211413593,0.4497042486341213
662299371,xboot,83,0.4361399419882508,0.4809848432910562
662299371,xboot,84,0.4655986291567651,0.482680726939254
662299371,xboot,85,0.47426716975348154,0.5427882740572649
662299371,xboot,86,0.7864863320698309,0.5220576880150392
662299371,xboot,87,0.488972468777588,0.5580974632828173
662299371,xboot,88,0.5073732303347317,0.5011747087124582
662299371,xboot,89,0.5107641400389094,0.45413980807618426
662299371,xboot,90,0.7625994789423451,0.4307918814202988
662299371,xboot,91,0.636101203989437,0.47924651883483327
662299371,xboot,92,0.6566986889973608,0.3714126936241495
662299371,xboot,93,0.6167591915243488,0.453978727079845
662299371,xboot,94,0.3954781274060728,0.5599127810589839
662299371,xboot,95,0.5093762830096484,0.511196607271089
662299371,xboot,96,0.9321571853833416,0.39608833954396316
662299371,xboot,97,0.4601880741901188,0.47025181346285194
662299371,xboot,98,0.6116942174090851,0.3858912542828835
662299371,xboot,99,0.6976631117913235,0.4887406075985987
662299773,xround,0,1.042064132426056,0.5554401035026504
662299773,xround,1,0.9520452172675501,0.6265862352162306
662299773,xround,2,0.9136215314281433,0.6819635966994179
662299773,xround,3,0.8633593710597127,0.5861680151603648
662299773,xround,4,1.0389413292564895,0.6747189762905539
662299773,xround,5,0.9861131631957034,0.670650421923224
662299773,xround,6,1.018644312357792,0.6294825154829851
662299773,xround,7,1.1607228168173116,0.6248701086122653
662299773,xround,8,1.04306007106033,0.7003951366109826
662299773,xround,9,0.9339812429308292,0.6360315998712944
662299773,xround,10,0.7583255154497291,0.6178670336143992
662299773,xround,11,0.9952094029797824,0.6077329454700903
662299773,xround,12,0.8965885125002324,0.6167199967748579
662299773,xround,13,1.0506294911070866,0.6954443972579261
662299773,xround,14,0.9885279017533696,0.6146148087555722
662299773,xround,15,0.9643015273053896,0.6761665280196079
662299773,xround,16,0.8724472072432345,0.6210161898599503
662299773,xround,17,0.9423386389794773,0.550503372097987
662299773,xround,18,1.0467395985289063,0.629063722838355
662299773,xround,19,1.104517813760812,0.70983941574372
662299773,xround,20,0.9797637529560941,0.710394958729632
662299773,xround,21,1.1760905425113324,0.6776534518150086
662299773,xround,22,0.8581386542579265,0.6886167604150866
662299773,xround,23,1.0029179422567154,0.637950096293074
662299773,xround,24,1.1092827403884806,0.6024965721618984
662299773,xround,25,0.7896914403211324,0.5399554529588397
662299773,xround,26,1.0790003805205752,0.6425614957294468
662299773,xround,27,1.0809244988796511,0.6505365304276582
662299773,xround,28,1.1604704941338713,0.6589025396680532
662299773,xround,29,1.0222995501932315,0.7485157800327509
662299773,xround,30,0.9322623314047842,0.6765261221790675
662299773,xround,31,0.9136173458991789,0.6819635966856743
662299773,xround,32,0.9272580735762359,0.5648573143480375
662299773,xround,33,1.0710643982556038,0.6400792595054412
662299773,xround,34,1.066763656098541,0.6517025983976372
662299773,xround,35,1.3596158613988087,0.7276829866467651
662299773,xround,36,0.9387102760987087,0.6864018693334432
662299773,xround,37,0.9630049820150617,0.6630770074703877
662299773,xround,38,0.8188280599920489,0.70697385688689
662299773,xround,39,1.0498900695876774,0.5743418681894532
662299773,xround,40,1.322412956695422,0.695428550205022
662299773,xround,41,0.8798365284316979,0.5801028977483591
662299773,xround,42,0.994922430453951,0.6063912424104576
662299773,xround,43,1.0228996858875097,0.6940721462981805
662299773,xround,44,1.100699469850343,0.6493734194166059
662299773,xround,45,0.9756857668102054,0.6705281316862122
662299773,xround,46,0.8656317604253572,0.6271081698271683
662299773,xround,47,0.8432543580955764,0.7558449266545817
662299773,xround,48,0.9915672335158711,0.6841874463532078
662299773,xround,49,1.0161426307022803,0.6338214038341212
662299773,xround,50,0.8905946116752523,0.6469483115321425
662299773,xround,51,0.9949364340990116,0.6063912423990483
662299773,xround,52,1.1049615981194463,0.5548730259557437
662299773,xround,53,0.9510484582832344,0.5977380649783319
662299773,xround,54,0.976212462581642,0.6058706191117402
662299773,xround,55,1.1805594565978024,0.5349177646218566
662299773,xround,56,1.09666821062479,0.5366537874554973
662299773,xround,57,0.9036842314264572,0.71767132434152
662299773,xround,58,1.0617718967269765,0.6054615123862521
662299773,xround,59,1.0499397595134574,0.6248999786870096
662299773,xround,60,0.9312181163170362,0.6186614078275219
662299773,xround,61,0.9561281647933397,0.5640872620563631
662299773,xround,62,1.3567314145715657,0.6602041671607426
662299773,xround,63,0.8951856014259821,0.6908168203363867
662299773,xround,64,0.9307604793105102,0.6599220941474067
662299773,xround,65,0.9066096948836485,0.6622706311894151
662299773,xround,66,1.1858002253575637,0.680603391902877
662299773,xround,67,1.1607285524818058,0.6248701084842303
662299773,xround,68,1.7993646995445445,0.672968441124837
662299773,xround,69,1.0244287960907155,0.6234078529300557
662299773,xround,70,1.0424233504587535,0.6956089307591088
662299773,xround,71,0.9123631297292578,0.6994341564754737
662299773,xround,72,0.9213278564831849,0.6702506096798673
662299773,xround,73,1.046621374879472,0.6290637230856551
662299773,xround,74,1.1604711632552547,0.6589025396822599
662299773,xround,75,1.307600491477697,0.6548368577582655
662299773,xround,76,0.9792816633833599,0.6177830331931062
662299773,xround,77,1.0423528022092778,0.695608930668717
662299773,xround,78,0.7667177928046927,0.5360440869745959
662299773,xround,79,0.8942944540587067,0.623694478320166
662299773,xround,80,0.9397914644504771,0.5841547817568639
662299773,xround,81,1.0273488442492718,0.6735153024327339
662299773,xround,82,0.9863964423300745,0.6123542442422814
662299773,xround,83,1.2680416068726568,0.7153365276998587
662299773,xround,84,1.3115119872315812,0.6115513099430769
662299773,xround,85,0.9954989433937295,0.7314054868911912
662299773,xround,86,0.8598021547231487,0.6684758735333063
662299773,xround,87,1.047997045645937,0.5128300023676399
662299773,xround,88,0.22823008641835105,0.2628799211689775
662299773,xround,89,0.8951824349584334,0.6908168203817651
662299773,xround,90,0.9955352357917266,0.5878566438600934
662299773,xround,91,1.0612167688119305,0.6475714594213228
662299773,xround,92,1.1006995856516089,0.6493734194113989
662299773,xround,93,1.043426397532426,0.6729770078961644
662299773,xround,94,0.8133911641757743,0.5398369141533166
662299773,xround,95,1.0475451596368075,0.6482456423507117
662299773,xround,96,0.282959763793827,0.33228960033583677
662299773,xround,97,1.0331654617743005,0.6386618649763681
662299773,xround,98,1.0082524815300882,0.693167724228923
662299773,xround,99,1.0273721004218312,0.673515302256888
662299773,xboot,0,0.7707610795547247,0.6321992898771815
662299773,xboot,1,0.862594150989058,0.6883599066684511
662299773,xboot,2,0.862594150989058,0.6883599066684511
662299773,xboot,3,0.6769865458463639,0.58500707042861
662299773,xboot,4,0.6576802306583392,0.6936583964157949
662299773,xboot,5,0.7753681106031367,0.6673585426966084
662299773,xboot,6,0.7512188414085998,0.677812093037884
662299773,xboot,7,0.7464782596361892,0.713716841580389
662299773,xboot,8,0.6343177534128702,0.6654833896291117
662299773,xboot,9,0.7293332053795828,0.6128664949103634
662299773,xboot,10,0.8348078055507508,0.6729644447650724
662299773,xboot,11,0.7775895569225845,0.5611778721041163
662299773,xboot,12,0.7889963776908019,0.7298157439809375
662299773,xboot,13,0.7813102030125301,0.6398680750227222
662299773,xboot,14,0.6856420586775037,0.6770699296534397
662299773,xboot,15,0.7537219130163852,0.6105655360633475
662299773,xboot,16,0.8086571655745447,0.6721774145612851
662299773,xboot,17,0.7039759385403163,0.6693911320911807
662299773,xboot,18,0.9216289715418884,0.6687920307657611
662299773,xboot,19,0.9544843973847104,0.48434156469714496
662299773,xboot,20,1.234186112588487,0.6450345635852226
662299773,xboot,21,0.9173787644369175,0.6468297824168587
662299773,xboot,22,0.7317049213239666,0.6346781225033986
662299773,xboot,23,0.8121994583463501,0.6906143077893175
662299773,xboot,24,0.8027530435666544,0.6230902757868158
662299773,xboot,25,0.7625427540573174,0.7015855228317969
662299773,xboot,26,0.7607920387268627,0.5588053597738201
662299773,xboot,27,0.8532682423696138,0.6197154684253787
662299773,xboot,28,0.6939135450598656,0.7587754886194727
662299773,xboot,29,0.7279427251810879,0.6044823529353152
662299773,xboot,30,0.9171341344203566,0.6007476616067546
662299773,xboot,31,0.6844091070681341,0.6273442450396545
662299773,xboot,32,0.9583207175081244,0.5767366726990906
662299773,xboot,33,0.840298469092394,0.5436084309730338
662299773,xboot,34,0.6844067352950122,0.627344245042023
662299773,xboot,35,0.7419654528244088,0.6882305649501927
662299773,xboot,36,0.9124540455496377,0.6423096389655735
662299773,xboot,37,0.7510265179393314,0.6600613780818418
662299773,xboot,38,0.8056187831854765,0.6082104693750487
662299773,xboot,39,0.74822119877126,0.6124361380740398
662299773,xboot,40,0.9915698521959119,0.7164581059839392
662299773,xboot,41,0.803360394237812,0.5700384657052091
662299773,xboot,42,0.8016366846617384,0.6676210638905113
662299773,xboot,43,0.7152944343819745,0.6895941263264518
662299773,xboot,44,0.862594150989058,0.6883599066684511
662299773,xboot,45,0.6170073731720841,0.5484244438891687
662299773,xboot,46,0.6170088398719651,0.5484244438749893
662299773,xboot,47,1.2341777600487638,0.645034563587158
662299773,xboot,48,0.1829048343017403,0.25901608235765194
662299773,xboot,49,0.9257672805960901,0.6564545761630683
662299773,xboot,50,0.8397423207904806,0.6269819360373141
662299773,xboot,51,0.7573863405861311,0.710409880218706
662299773,xboot,52,0.7470644020837067,0.6349140606606035
662299773,xboot,53,0.9458453064198582,0.6969615936018725
662299773,xboot,54,0.7907127944617074,0.6300735662171606
662299773,xboot,55,0.8532653059061714,0.6197154684032143
662299773,xboot,56,0.7499377279865772,0.6642309492822445
662299773,xboot,57,0.7302479849392304,0.6856656094197353
662299773,xboot,58,0.9079706912404523,0.591933719546808
662299773,xboot,59,0.7543251819334903,0.6120903765198422
662299773,xboot,60,0.6999849839585555,0.719351551634101
662299773,xboot,61,0.9174986029573738,0.6468297829610652
662299773,xboot,62,0.7870200792040205,0.697991890399343
662299773,xboot,63,0.8319860228534793,0.6741498513118518
662299773,xboot,64,0.7098546116300997,0.5472338737942393
662299773,xboot,65,0.7738263906957745,0.6785713635031734
662299773,xboot,66,0.7553298746664954,0.641377470180232
662299773,xboot,67,0.6576866127996948,0.6936583964267107
662299773,xboot,68,0.7363535679025414,0.7087604319554219
662299773,xboot,69,0.6415406631415888,0.600767784183355
662299773,xboot,70,0.8662189803703689,0.6835005693712132
662299773,xboot,71,0.6645131029509841,0.6357781527819701
662299773,xboot,72,0.6347289153057687,0.6170697429189415
662299773,xboot,73,0.6669102325938955,0.6107720148390421
662299773,xboot,74,0.6856482529017234,0.6770699296189546
662299773,xboot,75,0.7731593308473482,0.6319749522030673
662299773,xboot,76,0.7097056073069868,0.700000284320949
662299773,xboot,77,0.7481963265135989,0.6124361379647325
662299773,xboot,78,0.8348046976238735,0.6729644447649258
662299773,xboot,79,0.7543470150365456,0.6120903771309933
662299773,xboot,80,0.8998286982986514,0.6360732666957825
662299773,xboot,81,0.7399352269548457,0.6721436332457627
662299773,xboot,82,0.8650043806279569,0.6352319048315618
662299773,xboot,83,1.0556495905800536,0.649661280890254
662299773,xboot,84,0.8141306409717811,0.6189659739421557
662299773,xboot,85,0.6933093401011372,0.722439085116104
662299773,xboot,86,0.8033574456221294,0.5700384656699641
662299773,xboot,87,0.8075341468194579,0.5608448993873025
662299773,xboot,88,0.850322382943236,0.6617649396844676
662299773,xboot,89,0.7887022581420053,0.6668732293001824
662299773,xboot,90,0.8734513999215062,0.6478477841908358
662299773,xboot,91,0.7387136275133663,0.631300469820758
662299773,xboot,92,0.7543280775248205,0.6120903766982857
662299773,xboot,93,0.7315463818769955,0.7205397711158479
662299773,xboot,94,0.6891751879073658,0.6387037641011348
662299773,xboot,95,0.8844826858764726,0.70145987429369
662299773,xboot,96,0.8364285345755448,0.6463203295975195
662299773,xboot,97,0.8115630031814796,0.6303292715215381
662299773,xboot,98,0.7026420825148791,0.6933640448077245
662299773,xboot,99,0.7776088004561448,0.5611778729607811
662301014,xround,0,1.0692105917359898,0.4933960091307086
662301014,xround,1,1.184012066934736,0.6001703184398159
662301014,xround,2,1.0344152797234676,0.4412056295085701
662301014,xround,3,1.0692105944882289,0.4933960087897111
662301014,xround,4,0.851979468143279,0.5406805838292251
662301014,xround,5,0.7773503256206469,0.4661610084582555
662301014,xround,6,0.8184181939570353,0.5606357497310095
662301014,xround,7,0.9751021171506612,0.483592858453361
662301014,xround,8,1.157215323482715,0.6108289617786536
662301014,xround,9,0.27612173174358323,0.263650829001952
662301014,xround,10,0.981436595300101,0.5556175016776501
662301014,xround,11,0.8264403422157617,0.4955435061544591
662301014,xround,12,0.7554629129358946,0.513023180075
662301014,xround,13,0.999094351400178,0.5614220872872411
662301014,xround,14,0.9582960020417001,0.5565044884730429
662301014,xround,15,1.197906644825091,0.5426975314723995
662301014,xround,16,0.780825050747332,0.5372617081649921
662301014,xround,17,0.7873451320258285,0.5099908568796145
662301014,xround,18,1.1380236406177642,0.4420938283752789
662301014,xround,19,1.0236113664296342,0.4673109148480462
662301014,xround,20,0.956198984719547,0.6018282074801362
662301014,xround,21,1.0035834719422314,0.5425080743224122
662301014,xround,22,0.730593054178001,0.6060978402822328
662301014,xround,23,0.9396808293924953,0.5057021943555311
662301014,xround,24,1.0233581611954954,0.4673109158992168
662301014,xround,25,1.015120462139001,0.38244487477881073
662301014,xround,26,0.9218018576267857,0.5725473090872365
662301014,xround,27,0.7806112741908512,0.540622535307286
662301014,xround,28,1.1390018860097655,0.5250875127952755
662301014,xround,29,1.2422136694378743,0.5301149802618224
662301014,xround,30,1.0999882363419842,0.41887252038545253
662301014,xround,31,1.181901204097452,0.5274910116623617
662301014,xround,32,1.0222089942085417,0.5065957430687746
662301014,xround,33,1.2532584743346284,0.5266171648771141
662301014,xround,34,0.23072485561323988,0.21273017981148024
662301014,xround,35,0.9396753200031666,0.5057021926153006
662301014,xround,36,1.1342242241195446,0.6697669464975621
662301014,xround,37,0.35776613291010345,0.2163721846674186
662301014,xround,38,1.0213689636659107,0.48696087154168943
662301014,xround,39,1.0005250657341414,0.4526001396389504
662301014,xround,40,0.8955366899192647,0.562760272573698
662301014,xround,41,1.1757918160275376,0.5898629181613004
662301014,xround,42,0.9133935723392391,0.4120551734306217
662301014,xround,43,1.092550242424167,0.41434179355467915
662301014,xround,44,1.060684467289023,0.46885942428624683
662301014,xround,45,0.9501827153106313,0.458691596071657
662301014,xround,46,1.0203797331342734,0.5487621407797778
662301014,xround,47,1.211849627097675,0.5218307066470125
662301014,xround,48,0.9671507474985472,0.5409070285325903
662301014,xround,49,1.0004828202790386,0.4869848607480177
662301014,xround,50,0.9634871501161277,0.5650122856052446
662301014,xround,51,0.9166805010780514,0.4635792501967254
662301014,xround,52,1.0886831829289214,0.5823793556440138
662301014,xround,53,1.1399244128729715,0.469416248863084
662301014,xround,54,0.32267116428823805,0.26384636143379825
662301014,xround,55,1.0752833008136296,0.4909921166324649
662301014,xround,56,1.1017714867632968,0.5615096629661479
662301014,xround,57,0.7790876018583678,0.5588650147486407
662301014,xround,58,1.0754235983658742,0.49099211819077637
662301014,xround,59,1.0005277933639378,0.45260013884965844
662301014,xround,60,1.0423318574795446,0.5098497605816726
662301014,xround,61,1.0237927012398185,0.6582118185867591
662301014,xround,62,1.0925496970791122,0.41434179354205514
662301014,xround,63,0.9679671069667964,0.4247435975838265
662301014,xround,64,1.138480449176274,0.5539049463358057
662301014,xround,65,0.975150007245631,0.4835928590405477
662301014,xround,66,0.956198984719547,0.6018282074801362
662301014,xround,67,1.1818860786509815,0.5274910120736471
662301014,xround,68,0.9407241895453211,0.5678601790910289
662301014,xround,69,0.9249169887209081,0.6372677854561204
662301014,xround,70,0.9426827234799035,0.49776123016698215
662301014,xround,71,1.0612184910069768,0.5435314351740825
662301014,xround,72,0.9166516776140947,0.4635792502524986
662301014,xround,73,1.0462828945536637,0.46540350427804034
662301014,xround,74,1.0003664453568186,0.45260013570096447
662301014,xround,75,1.01845776324308,0.4905657874323125
662301014,xround,76,0.9589848949513845,0.6428824383336188
662301014,xround,77,0.9798555522112523,0.5315013568602148
662301014,xround,78,0.7257673096258553,0.6023734108697727
662301014,xround,79,1.0035745260580735,0.5425080738553004
662301014,xround,80,0.9774237724187961,0.5293203995461733
662301014,xround,81,1.0004607328009463,0.4526001392553395
662301014,xround,82,0.9134133199282245,0.4120551719760962
662301014,xround,83,1.1757930672165617,0.5898629181317194
662301014,xround,84,0.8391004509795976,0.5819047377568904
662301014,xround,85,1.0176225691561167,0.534134584767029
662301014,xround,86,1.099112889004327,0.5832193009795439
662301014,xround,87,0.40944047533743905,0.23672465585327807
662301014,xround,88,1.1944704081258095,0.46803258124392744
662301014,xround,89,0.8264525428781062,0.49554350584196494
662301014,xround,90,1.3025080581103687,0.4783105902105331
662301014,xround,91,0.7586586945531536,0.5258623645158597
662301014,xround,92,0.989382791183345,0.5223259918967549
662301014,xround,93,1.0999904202918565,0.41887252034259237
662301014,xround,94,0.7686809997712355,0.5245760250309324
662301014,xround,95,1.0826580582972545,0.5640555166325227
662301014,xround,96,0.946949628915976,0.6216425471563506
662301014,xround,97,0.9243690791691418,0.5455117168914461
662301014,xround,98,1.17582763234091,0.5898629172895166
662301014,xround,99,1.0704097669558377,0.5618565614459905
662301014,xboot,0,0.6759484236498916,0.602692289598471
662301014,xboot,1,0.8453614561887007,0.6239416435145702
662301014,xboot,2,0.6375501338672446,0.5465861366277048
662301014,xboot,3,0.9580205537533463,0.5096572363783429
662301014,xboot,4,0.6759563454820297,0.6026922900270328
662301014,xboot,5,0.764466191617312,0.46427487355052033
662301014,xboot,6,0.9073450384962853,0.6489683280370699
662301014,xboot,7,0.8256835606550482,0.455864444261633
662301014,xboot,8,0.659112320278736,0.4242620147405355
662301014,xboot,9,0.6042122461996261,0.5539784827943266
662301014,xboot,10,0.6018707135021508,0.5332428148530625
662301014,xboot,11,0.6656959001371812,0.5320629263634283
662301014,xboot,12,0.780392398024876,0.6001422488491439
662301014,xboot,13,0.8912717046107969,0.5735339422923713
662301014,xboot,14,0.5808562351047444,0.2626776935124452
662301014,xboot,15,0.3338093033744268,0.29097398859472423
662301014,xboot,16,0.6375412446817614,0.5465861360153198
662301014,xboot,17,0.7173389787282988,0.21621378323889628
662301014,xboot,18,0.7511203567187728,0.5668884216420116
662301014,xboot,19,0.9315411459415385,0.4755588447961915
662301014,xboot,20,0.7221679997104617,0.5860782599404945
662301014,xboot,21,0.7916807893971624,0.536954759375783
662301014,xboot,22,0.7845200266994078,0.5607243040505081
662301014,xboot,23,0.9980411063537581,0.3977165420595098
662301014,xboot,24,1.3482074456550175,0.6225193385865275
662301014,xboot,25,0.6814834027327459,0.4135611514279167
662301014,xboot,26,0.7304575883500477,0.19522991867489525
662301014,xboot,27,0.7668498334612903,0.5954353392626034
662301014,xboot,28,0.25003457749605185,0.2843627636935755
662301014,xboot,29,0.6091499285717571,0.5488303509989605
662301014,xboot,30,0.8699431403281629,0.44053514887690637
662301014,xboot,31,0.7993569515902978,0.4900969928721437
662301014,xboot,32,0.8778320683331439,0.5277678289631582
662301014,xboot,33,0.7191231463560324,0.5213524492719914
662301014,xboot,34,0.7665463190535546,0.45032618494310783
662301014,xboot,35,0.7725095144971592,0.5398698779471178
662301014,xboot,36,0.6445600769003428,0.4632702105740253
662301014,xboot,37,0.7108300180035325,0.4787385667490712
662301014,xboot,38,0.7056767836393152,0.49299421133444954
662301014,xboot,39,0.8691577983185307,0.4812735713205174
662301014,xboot,40,0.9098872402307416,0.5476400053371171
662301014,xboot,41,0.7842680282375115,0.5480796214186524
662301014,xboot,42,0.6854735218858197,0.49707764874137583
662301014,xboot,43,0.6833225884390723,0.5676434330189436
662301014,xboot,44,0.6621060628816746,0.5695901597583177
662301014,xboot,45,0.6947268440469982,0.48851255340271993
662301014,xboot,46,0.7319529449667618,0.5808531658543367
662301014,xboot,47,0.7251371109586409,0.5122241849527689
662301014,xboot,48,0.6835649022078589,0.6011147415175756
662301014,xboot,49,0.8063219497727323,0.5264323528754775
662301014,xboot,50,0.60655095641057,0.592014912553833
662301014,xboot,51,0.7694082356448426,0.5778954661796424
662301014,xboot,52,0.7108338540731828,0.4787385666015652
662301014,xboot,53,0.7772757662628349,0.5642246295605364
662301014,xboot,54,0.7576567048987151,0.4838854964529594
662301014,xboot,55,0.7730681768633442,0.5876724778617357
662301014,xboot,56,0.7566965285081774,0.5896140079979949
662301014,xboot,57,0.8950932993040548,0.5896712366195913
662301014,xboot,58,0.7721859325225696,0.5006969287287613
662301014,xboot,59,0.8447695553978783,0.490954976289541
662301014,xboot,60,0.8011394316434395,0.5453194905645258
662301014,xboot,61,0.7767790421699899,0.5664137310695099
662301014,xboot,62,1.0181317564276338,0.6018475912887303
662301014,xboot,63,0.577467901585061,0.5663773312931186
662301014,xboot,64,0.6018707135021508,0.5332428148530625
662301014,xboot,65,0.7099482671845229,0.5874745966644445
662301014,xboot,66,0.6396491532653735,0.5380946442550814
662301014,xboot,67,0.7704806074977057,0.6131661120506364
662301014,xboot,68,0.7593569173334883,0.47560166132422865
662301014,xboot,69,0.7351935898613704,0.5493135429221314
662301014,xboot,70,0.8734861512792386,0.6246420074734977
662301014,xboot,71,0.727259770946923,0.4747399726718329
662301014,xboot,72,0.9442864098331641,0.49702915158474836
662301014,xboot,73,0.3930740652314652,0.2782098894524466
662301014,xboot,74,0.7287950376051738,0.46142738286043206
662301014,xboot,75,0.8980280997683788,0.5475828172486665
662301014,xboot,76,1.0480769946174138,0.5036173179818553
662301014,xboot,77,0.5720756438237472,0.17902463388663203
662301014,xboot,78,0.5687429929219949,0.6073845407130087
662301014,xboot,79,0.6591238478161339,0.42426201437262745
662301014,xboot,80,0.6963070615323272,0.44284315175784517
662301014,xboot,81,0.8460743728435046,0.5804720907115042
662301014,xboot,82,0.7739530550192131,0.5409144211207342
662301014,xboot,83,0.6874794465032155,0.5491447587644235
662301014,xboot,84,0.8133489947568293,0.5468686036825131
662301014,xboot,85,0.22499723708412983,0.22985028965382848
662301014,xboot,86,1.0021721431400503,0.4862539916029379
662301014,xboot,87,0.9602938348673612,0.49441550808856527
662301014,xboot,88,0.84473221530681,0.49095498009261074
662301014,xboot,89,0.750859938009661,0.21159261565462173
662301014,xboot,90,0.7668563257411449,0.595435339436115
662301014,xboot,91,0.9669579067827121,0.5248346364568882
662301014,xboot,92,0.8152860625161229,0.4655182890547158
662301014,xboot,93,0.7233581288879126,0.5483044074303431
662301014,xboot,94,0.7059317785406839,0.3965689105473982
662301014,xboot,95,0.8723122908910173,0.5337964011049915
662301014,xboot,96,0.8330482994615391,0.5217493393204911
662301014,xboot,97,0.7899221512175276,0.4236015307768368
662301014,xboot,98,0.6666117559299417,0.494150985493492
662301014,xboot,99,0.6018707135021508,0.5332428148530625
662301517,xround,0,1.2442661298612343,0.4277575293083957
662301517,xround,1,1.5408219925796105,0.5545982807137997
662301517,xround,2,0.867544586986669,0.544401728016559
662301517,xround,3,1.1243579150850815,0.5129768105405876
662301517,xround,4,0.2985490418674966,0.3117668111727293
662301517,xround,5,1.002991851052653,0.5661464722071083
662301517,xround,6,1.275117274127028,0.5584735302378068
662301517,xround,7,1.0591125383285427,0.4766164809489315
662301517,xround,8,1.0799663444657401,0.4654257522707306
662301517,xround,9,1.0002099993586016,0.5215001842117193
662301517,xround,10,1.43400763577023,0.5353724287301254
662301517,xround,11,0.8518262905299154,0.5703339702681712
662301517,xround,12,0.8952638943148002,0.5470555911164041
662301517,xround,13,0.9000947022621479,0.48305043302712436
662301517,xround,14,1.1248261432964932,0.5523048473459744
662301517,xround,15,0.49936951945770813,0.2508826383197259
662301517,xround,16,0.8936407413103756,0.46944930463095524
662301517,xround,17,0.9636178341811881,0.6195888595049172
662301517,xround,18,1.0770681090986178,0.49194971418404776
662301517,xround,19,0.7385056891890778,0.5578749281773897
662301517,xround,20,1.0115494981161035,0.5076363385418136
662301517,xround,21,1.2186184157731716,0.5311308248208869
662301517,xround,22,1.3108057385205703,0.4962880483353692
662301517,xround,23,0.8517353879573546,0.5703339677686922
662301517,xround,24,1.0760694596678977,0.4654254238305614
662301517,xround,25,1.0608550718519267,0.5658234261305903
662301517,xround,26,1.0224366971303718,0.4750323477437983
662301517,xround,27,1.007303508251359,0.5397026105709573
662301517,xround,28,0.8682724981861238,0.4565323679881962
662301517,xround,29,1.4434932589699097,0.5735959161152226
662301517,xround,30,0.8873211972447486,0.32265188401196576
662301517,xround,31,0.8628708354210846,0.49168211003771967
662301517,xround,32,0.9694755278634006,0.5096725579105459
662301517,xround,33,0.18841578411721213,0.21054197730326996
662301517,xround,34,0.9913013410360235,0.58312654820813
662301517,xround,35,1.359649340876979,0.4753701894796326
662301517,xround,36,0.9650129890948784,0.5615453282843137
662301517,xround,37,0.8675692541643995,0.5444017156246748
662301517,xround,38,1.2032604165507335,0.4800252573097583
662301517,xround,39,1.1717218257961113,0.5783434133212217
662301517,xround,40,1.0929067247814528,0.5508448368839005
662301517,xround,41,1.0251982810807798,0.5902196623578888
662301517,xround,42,1.0920636100301602,0.5744159295885727
662301517,xround,43,0.1603538113735369,0.3186804797671101
662301517,xround,44,0.9586647361480611,0.4570548920792026
662301517,xround,45,1.1314461451931819,0.5199259294765858
662301517,xround,46,1.1575265829278143,0.5263762029066938
662301517,xround,47,0.8340794168918958,0.5449250323467485
662301517,xround,48,0.9179141962861552,0.48411647686560666
662301517,xround,49,1.278860160201374,0.5049409552631392
662301517,xround,50,1.0718306983974923,0.5942961170604546
662301517,xround,51,1.0345394170957465,0.4604007129542541
662301517,xround,52,0.8562988214851687,0.5738548183552924
662301517,xround,53,0.7539729749683414,0.476315713953144
662301517,xround,54,1.0664881831971704,0.4999533582075921
662301517,xround,55,1.130869530636956,0.5199259350577332
662301517,xround,56,1.1853590120726354,0.496007999977509
662301517,xround,57,0.9387083098303299,0.4557579235375572
662301517,xround,58,0.9111111287153564,0.4855506013276807
662301517,xround,59,1.1030778782514428,0.5286018945510702
662301517,xround,60,0.8584601005317422,0.46878749294546795
662301517,xround,61,0.916444232951484,0.600808299444225
662301517,xround,62,1.2852489074862208,0.5709597414804306
662301517,xround,63,1.0619655367445269,0.5561030539570172
662301517,xround,64,0.21819230228795228,0.26478885112092876
662301517,xround,65,0.9805537913335188,0.5374738972035653
662301517,xround,66,1.0614115625301677,0.6265493720731287
662301517,xround,67,0.3615031479653821,0.241704534674836
662301517,xround,68,1.1590587472678826,0.5263763748324415
662301517,xround,69,0.1603121877752142,0.318680540209056
662301517,xround,70,1.4496858799430032,0.4014137468686855
662301517,xround,71,1.1243691617964955,0.552618244685074
662301517,xround,72,1.0301990803040804,0.4337610119365952
662301517,xround,73,1.3461350119632716,0.6228925991614556
662301517,xround,74,1.1183322813832288,0.4337158604094996
662301517,xround,75,0.9517602376665565,0.4513022989010399
662301517,xround,76,1.0680858740297519,0.5797412335756231
662301517,xround,77,0.940165880657867,0.46514427883111076
662301517,xround,78,0.17089933586546902,0.2829557122892268
662301517,xround,79,0.9123604696309013,0.5665473632551944
662301517,xround,80,0.9650129890948784,0.5615453282843137
662301517,xround,81,0.8632413804449547,0.4752270241901847
662301517,xround,82,1.0603270407932393,0.5171077291594273
662301517,xround,83,1.1043326668101585,0.5923738867111927
662301517,xround,84,0.17406672934859765,0.23657356809284813
662301517,xround,85,0.2382480212381737,0.2842149050019338
662301517,xround,86,1.060937978828389,0.5658235015800654
662301517,xround,87,0.9999410920724825,0.5215002446520274
662301517,xround,88,0.8641019389205541,0.48954541773898197
662301517,xround,89,0.9098974115671241,0.509356107847222
662301517,xround,90,0.861438706052146,0.4894710202246041
662301517,xround,91,1.1710235599730898,0.47475468398759824
662301517,xround,92,1.1100152322370338,0.4733579537181124
662301517,xround,93,1.0300397773798242,0.536380684687219
662301517,xround,94,0.9876707098963302,0.49229437165808243
662301517,xround,95,0.9786389785104418,0.5633212806520493
662301517,xround,96,0.9662421166888551,0.6485106767125086
662301517,xround,97,0.70903904944367,0.5326762519363446
662301517,xround,98,0.8642432923986323,0.4895453482551124
662301517,xround,99,1.1898850198010082,0.5542801509216544
662301517,xboot,0,0.7857549085412006,0.44627733237639833
662301517,xboot,1,0.7561095246560381,0.4706137066576561
662301517,xboot,2,0.722195815277687,0.6187902742942688
662301517,xboot,3,0.692450154055863,0.5692221457549018
662301517,xboot,4,0.9669828213899124,0.2329690453197628
662301517,xboot,5,0.6211077765630236,0.6302979890362066
662301517,xboot,6,0.5569567797739807,0.5337897612893974
662301517,xboot,7,0.6824191224713385,0.5780316614849567
662301517,xboot,8,0.581803093581966,0.47936530342879335
662301517,xboot,9,0.8083836658693989,0.5178562787239998
662301517,xboot,10,0.6344780459578142,0.5500881190436113
662301517,xboot,11,0.6597892635948059,0.5592116323528522
662301517,xboot,12,0.7229999774773038,0.5321900716976704
662301517,xboot,13,0.5736251031804768,0.5645824937558463
662301517,xboot,14,0.7068019604993103,0.6103207050728833
662301517,xboot,15,0.6562532674745174,0.5553505001978446
662301517,xboot,16,0.8300277075467865,0.5830753800123439
662301517,xboot,17,0.7417365053519185,0.407633124236114
662301517,xboot,18,0.6917860718597475,0.5313683143145296
662301517,xboot,19,0.6690429070559344,0.22681633227247222
662301517,xboot,20,0.6716564109826028,0.5497909377871392
662301517,xboot,21,0.2461713593060263,0.19896124518895464
662301517,xboot,22,0.33609769379047005,0.23373469640057642
662301517,xboot,23,0.21746352427336327,0.2513365134098148
662301517,xboot,24,0.6285095794332478,0.5726586362752482
662301517,xboot,25,0.4876374696504597,0.4859058459955793
662301517,xboot,26,0.7475402892861462,0.5708152893815372
662301517,xboot,27,0.16968849379084033,0.25556365079014565
662301517,xboot,28,0.22067379386975516,0.26681476561614037
662301517,xboot,29,0.15114188825585645,0.24493739604003584
662301517,xboot,30,0.6685954207570707,0.6348960286377449
662301517,xboot,31,0.5990537242242358,0.5715241543564551
662301517,xboot,32,0.7161666441116578,0.5767072916650892
662301517,xboot,33,0.69815550054578,0.6203933824600368
662301517,xboot,34,0.7570804570014326,0.4704912441699456
662301517,xboot,35,0.7141390334951572,0.47967319420525545
662301517,xboot,36,0.508067721537973,0.4377466834099648
662301517,xboot,37,0.6562532674745174,0.5553505001978446
662301517,xboot,38,0.7623392552091148,0.5424929277155319
662301517,xboot,39,0.5617043642771334,0.4549407405858824
662301517,xboot,40,0.6440385667613886,0.5210606748763348
662301517,xboot,41,0.17111148476851856,0.24232469176203164
662301517,xboot,42,0.5370693826307995,0.5596727142159733
662301517,xboot,43,0.7606938733927018,0.5366535158902417
662301517,xboot,44,0.7758947212046255,0.5360142890247748
662301517,xboot,45,0.6439623598103231,0.5210606868533993
662301517,xboot,46,0.6098103331932253,0.5300771570402236
662301517,xboot,47,0.25624009918611723,0.2459147460806883
662301517,xboot,48,0.7750774324505003,0.5360141978906354
662301517,xboot,49,0.6668225958132312,0.5030816937033002
662301517,xboot,50,0.7270582749126229,0.61818670980394
662301517,xboot,51,0.6687616682655643,0.6018984252463108
662301517,xboot,52,0.5159348973086147,0.472685428227801
662301517,xboot,53,0.48780206826823047,0.48590577950038527
662301517,xboot,54,0.673232249586636,0.632918333009991
662301517,xboot,55,0.4122220351179064,0.3589148891818531
662301517,xboot,56,0.6192983856448578,0.5372835061119969
662301517,xboot,57,0.7070610139461568,0.6103204915748242
662301517,xboot,58,0.5664635704730946,0.5598018323697902
662301517,xboot,59,0.5151315447162754,0.43725759691893185
662301517,xboot,60,0.5838710040835755,0.6637844574514229
662301517,xboot,61,0.6986333077892207,0.47326181525845223
662301517,xboot,62,0.6568081115570753,0.43431454120259827
662301517,xboot,63,0.4943413406066602,0.34797300321318747
662301517,xboot,64,0.5583998255777949,0.5791521148502794
662301517,xboot,65,0.6803259681896449,0.49610656582553236
662301517,xboot,66,0.5935474334087093,0.5197101558077215
662301517,xboot,67,0.6765475419175222,0.6275816644489061
662301517,xboot,68,0.9278168078264507,0.5619262310366453
662301517,xboot,69,0.704105086187357,0.44918516288509847
662301517,xboot,70,1.0567797572191675,0.4044271175279315
662301517,xboot,71,0.5892619886685992,0.5388875282790625
662301517,xboot,72,0.5101103761784539,0.514268741326992
662301517,xboot,73,0.6751167842095057,0.6306538816388327
662301517,xboot,74,0.5706054555828262,0.5238465439366111
662301517,xboot,75,1.0846845654876456,0.4943222876764286
662301517,xboot,76,0.6773169068280349,0.5393523516454868
662301517,xboot,77,0.6303126183380091,0.5602058913391283
662301517,xboot,78,0.6089397473614462,0.5470963941432239
662301517,xboot,79,0.8857211479286781,0.6050083658920626
662301517,xboot,80,0.7453443076357714,0.5492054186325841
662301517,xboot,81,0.561803416576123,0.4549407501038849
662301517,xboot,82,0.8190960972685145,0.3833896250074753
662301517,xboot,83,0.5737544340660505,0.5645826446305904
662301517,xboot,84,0.6405872587055608,0.5412188602513133
662301517,xboot,85,0.7407364467443749,0.6221244375022735
662301517,xboot,86,0.667795790413973,0.47265089129383575
662301517,xboot,87,0.7160737564298251,0.5064387266641227
662301517,xboot,88,0.6193147640953165,0.5372834313685277
662301517,xboot,89,0.24842698092373036,0.2172495741797621
662301517,xboot,90,0.651789425412427,0.39831374036607314
662301517,xboot,91,1.0834700892105449,0.4943222643183325
662301517,xboot,92,0.6069534687144373,0.49728171085340334
662301517,xboot,93,0.6598450945688198,0.5592116238352071
662301517,xboot,94,0.6843883777832689,0.4846883256047331
662301517,xboot,95,0.725360637921295,0.5781160261735362
662301517,xboot,96,0.5856338268111031,0.572615626932796
662301517,xboot,97,0.6768753768238893,0.5229686136511755
662301517,xboot,98,0.7293330529104396,0.4526978821389265
662301517,xboot,99,0.6500331848519687,0.4569686232638799
673033449,xround,0,1.030578755998713,0.502517333754678
673033449,xround,1,0.9794794308316629,0.48787573896574676
673033449,xround,2,0.8630506432369853,0.49954633156355266
673033449,xround,3,0.1111129617163738,0.22433553209335466
673033449,xround,4,1.2211571724314978,0.5512358879705364
673033449,xround,5,0.9132991595654825,0.5154773438650513
673033449,xround,6,0.9850390517989648,0.5937544943590727
673033449,xround,7,0.9951752777681494,0.5951322382949955
673033449,xround,8,0.9087684199918958,0.5100804276534625
673033449,xround,9,0.21777624775257592,0.23494000977598495
673033449,xround,10,1.1470117867360607,0.531540653434592
673033449,xround,11,0.20100297676183937,0.2101808416277826
673033449,xround,12,1.3238914469300878,0.5871219470722591
673033449,xround,13,0.7350793517264433,0.20494159780097465
673033449,xround,14,0.9212281517952992,0.5210229349491584
673033449,xround,15,0.8992435739966322,0.5009579138310889
673033449,xround,16,0.9648595850032274,0.5400318650693783
673033449,xround,17,0.8994835425793937,0.5170444560510616
673033449,xround,18,1.2028190566275372,0.448132035046672
673033449,xround,19,1.2737891773837509,0.5968970907829507
673033449,xround,20,0.9897594120492439,0.5892902743509011
673033449,xround,21,0.8832096835711452,0.5432427503782217
673033449,xround,22,0.8397881551223731,0.514042374694783
673033449,xround,23,1.0291742183506647,0.6228425674369074
673033449,xround,24,0.9320200904662268,0.5382700183004423
673033449,xround,25,0.9445749369671703,0.5493231268411517
673033449,xround,26,1.1504165956630221,0.4785606147540674
673033449,xround,27,1.2026527470746005,0.4481320362428557
673033449,xround,28,1.23662241993431,0.5146487245934257
673033449,xround,29,0.8282096208492009,0.4390114869352558
673033449,xround,30,0.8857336442303998,0.49125089587872284
673033449,xround,31,1.1922244758950327,0.5067889412514014
673033449,xround,32,1.251180955298987,0.5883147282693657
673033449,xround,33,0.9153308756786414,0.549540792680909
673033449,xround,34,0.9973246138715828,0.5184978737359079
673033449,xround,35,1.200211755989931,0.6041321975432257
673033449,xround,36,0.9015298754634811,0.5256432560912522
673033449,xround,37,1.03330604536422,0.5940296028708401
673033449,xround,38,1.2002278999919127,0.604132197760376
673033449,xround,39,0.9298796849964656,0.570284846241184
673033449,xround,40,0.8138587788428847,0.5201740116609419
673033449,xround,41,0.9784962706684637,0.43163894851122564
673033449,xround,42,0.9459492842965429,0.3972466086308375
673033449,xround,43,1.2211571724314978,0.5512358879705364
673033449,xround,44,0.9973289266850263,0.5184978733275296
673033449,xround,45,1.003690886573434,0.5095929804520027
673033449,xround,46,0.6808224308146845,0.37371658728733836
673033449,xround,47,0.14124042342472118,0.17194625924635465
673033449,xround,48,0.8159881107105172,0.44278970886000324
673033449,xround,49,1.1026157275306907,0.37976200286263606
673033449,xround,50,0.8641407927012922,0.4999174120204636
673033449,xround,51,0.7875825617024069,0.43098967756720885
673033449,xround,52,1.0964995034493226,0.6204066693100558
673033449,xround,53,0.9035558601182262,0.4779477448221061
673033449,xround,54,1.138491392366217,0.5863595813678257
673033449,xround,55,1.122716840949055,0.5738387789938739
673033449,xround,56,1.0424201981237833,0.5349566999030289
673033449,xround,57,0.10330834828525806,0.1380786337629094
673033449,xround,58,1.1490924988623499,0.5344600300606407
673033449,xround,59,1.1395413910047028,0.4011189223559616
673033449,xround,60,1.1425160943650732,0.6741384149909659
673033449,xround,61,0.8373797638232022,0.5574714551446321
673033449,xround,62,1.0384245739528901,0.5119707754290009
673033449,xround,63,0.9874687072582774,0.543959618973015
673033449,xround,64,0.7910049803857903,0.5335383184533864
673033449,xround,65,0.8374090209303525,0.5574714551998382
673033449,xround,66,0.9391794418705197,0.6224710345974271
673033449,xround,67,0.19481207485335383,0.25062087414936396
673033449,xround,68,1.3480438172198772,0.5517255950563609
673033449,xround,69,1.18765835686122,0.41104819465371634
673033449,xround,70,0.842751163340724,0.49025687418393993
673033449,xround,71,0.3917996238798212,0.19301328055123246
673033449,xround,72,0.27935531127352997,0.2209937794247654
673033449,xround,73,0.9853506476182614,0.48722827402885804
673033449,xround,74,1.1902562225993418,0.5004954304878759
673033449,xround,75,1.0531555082958375,0.5896399564697123
673033449,xround,76,0.3674066136917059,0.24053797039837155
673033449,xround,77,0.9123316050210402,0.482234406929952
673033449,xround,78,1.0333065336763565,0.5940296028909715
673033449,xround,79,0.30363770087516534,0.255706834688444
673033449,xround,80,1.0111320978539011,0.49823542901946294
673033449,xround,81,1.250896219248862,0.49871391681000876
673033449,xround,82,1.1867575603051572,0.5644070054221177
673033449,xround,83,0.4217328169687674,0.23049732542079693
673033449,xround,84,1.2545384031036946,0.5059832767171331
673033449,xround,85,1.007955890195189,0.5830296705345632
673033449,xround,86,0.7724416275789702,0.4820718846958767
673033449,xround,87,0.8210057110327065,0.5440760048833293
673033449,xround,88,1.1920092412720447,0.451576070413924
673033449,xround,89,1.1777328887454208,0.5556782940649926
673033449,xround,90,0.8250126534352193,0.43604147855302267
673033449,xround,91,0.9968443342582086,0.5140514662978453
673033449,xround,92,1.215872709586702,0.5158269405730735
673033449,xround,93,0.7990975482324589,0.5322423350565668
673033449,xround,94,0.9749238402548038,0.5344749383687235
673033449,xround,95,1.2770274170665106,0.4450892688841753
673033449,xround,96,1.1902989257277634,0.5004954310178938
673033449,xround,97,0.8528546926145824,0.5413889233235627
673033449,xround,98,1.2545447971477235,0.5059832762114995
673033449,xround,99,0.8975376504765621,0.5668304020327333
673033449,xboot,0,2.1274380653058262,0.45573123530200965
673033449,xboot,1,1.9509079662820827,0.45263906839269885
673033449,xboot,2,1.9617919221847013,0.5692651285753831
673033449,xboot,3,1.812402647166579,0.48430476382119436
673033449,xboot,4,1.5137503575723994,0.48787365645552117
673033449,xboot,5,1.8383070887280215,0.5267779357913966
673033449,xboot,6,1.634951821831225,0.5854382901385008
673033449,xboot,7,0.8811930213901704,0.19521530182463587
673033449,xboot,8,1.9712083837841687,0.5013075199054235
673033449,xboot,9,0.18687532940718443,0.2144995197580758
673033449,xboot,10,1.5576235535037217,0.4804226995054075
673033449,xboot,11,1.5477092873413836,0.5873709614932014
673033449,xboot,12,1.9243801282301516,0.47851483883922696
673033449,xboot,13,1.6929693903981695,0.5145625743515777
673033449,xboot,14,1.5476791776815295,0.587370961199298
673033449,xboot,15,2.12904152733228,0.5059197195947289
673033449,xboot,16,1.839549708631949,0.47715761454774797
673033449,xboot,17,1.7359632288301543,0.48131169366596493
673033449,xboot,18,1.749182195413856,0.646839915070534
673033449,xboot,19,1.971210780623365,0.5013075199337689
673033449,xboot,20,1.7254745750592495,0.4906038958518827
673033449,xboot,21,1.6436652941941754,0.5792003600230469
673033449,xboot,22,1.7330331356736668,0.40515642232860705
673033449,xboot,23,1.562222714622348,0.5189752627161235
673033449,xboot,24,1.7097574391059904,0.5318794148816747
673033449,xboot,25,1.9152676405884894,0.5353539586301002
673033449,xboot,26,1.9557152323121192,0.4686424858923024
673033449,xboot,27,1.7443758495214632,0.45518413913760103
673033449,xboot,28,1.7655744117654346,0.48517056099062494
673033449,xboot,29,1.775690043194166,0.5072642036514252
673033449,xboot,30,2.036285675575378,0.47081077742382604
673033449,xboot,31,1.9731520624642187,0.5011137274231702
673033449,xboot,32,1.8494054012120476,0.5062250576770122
673033449,xboot,33,2.0860579550008094,0.5373941136958922
673033449,xboot,34,1.6816603193586932,0.5389246197886575
673033449,xboot,35,1.7015103655718642,0.5367693611492064
673033449,xboot,36,2.4727986540929825,0.4509113222206552
673033449,xboot,37,0.3019284167341872,0.2003176812338039
673033449,xboot,38,1.821786594061476,0.4252060220562468
673033449,xboot,39,1.9920728395082972,0.5098858121132073
673033449,xboot,40,2.069116108300754,0.5814155620534678
673033449,xboot,41,1.8383068498798527,0.5267779357957413
673033449,xboot,42,1.6466814980212645,0.5883981492377894
673033449,xboot,43,2.071964011487117,0.48393778922733244
673033449,xboot,44,0.13329401465974436,0.18758870623465573
673033449,xboot,45,1.788596698037384,0.47304009740285424
673033449,xboot,46,1.7253331080562475,0.5318860796456844
673033449,xboot,47,2.0415328411114535,0.5136627955752909
673033449,xboot,48,1.7792013440428835,0.552829672396229
673033449,xboot,49,0.24371764013133543,0.2787406344945885
673033449,xboot,50,1.8405428270546471,0.5061521072163573
673033449,xboot,51,1.547639812156218,0.5873709609096588
673033449,xboot,52,1.6604643367153402,0.4750851776301882
673033449,xboot,53,1.6842599432557515,0.5451377494500831
673033449,xboot,54,1.973538881724181,0.5011137285397573
673033449,xboot,55,1.572085972675013,0.5011819735379878
673033449,xboot,56,2.189349940673873,0.39541878012405496
673033449,xboot,57,5.324808594156967,0.4371595561242777
673033449,xboot,58,0.19467694057021953,0.17677956319549437
673033449,xboot,59,1.7543179437217606,0.5489522423372992
673033449,xboot,60,1.7690424644311102,0.5392967662149064
673033449,xboot,61,1.8883184564837845,0.4887294312016125
673033449,xboot,62,1.786515054883178,0.5514623727000815
673033449,xboot,63,1.974109120829103,0.4846340693939625
673033449,xboot,64,0.2793780776011199,0.23526161847407645
673033449,xboot,65,1.865114771083655,0.5779291991588862
673033449,xboot,66,1.7423987449617202,0.491276384331635
673033449,xboot,67,2.2529984821576763,0.47645982230764183
673033449,xboot,68,1.8250352982359124,0.5541492048183045
673033449,xboot,69,1.8288855837130131,0.5182518522106242
673033449,xboot,70,1.7358308657725081,0.581046955729372
673033449,xboot,71,1.6804543152911793,0.5452652159104907
673033449,xboot,72,2.041331646427701,0.5026756070020655
673033449,xboot,73,2.160878211748009,0.5509099801280497
673033449,xboot,74,1.925038476015815,0.5479066506784471
673033449,xboot,75,2.0416006886428297,0.5136627966476832
673033449,xboot,76,1.5785924355290877,0.4967278099388396
673033449,xboot,77,0.35870274430150717,0.1522747672683855
673033449,xboot,78,2.4166762852403103,0.5061775397154371
673033449,xboot,79,2.107467512451237,0.5057945061247966
673033449,xboot,80,1.4047502560003224,0.5426649903128387
673033449,xboot,81,1.5135486621319227,0.4297861438056648
673033449,xboot,82,0.16501816887818355,0.18065822946683974
673033449,xboot,83,1.9406127545350258,0.5648314378298671
673033449,xboot,84,2.1753968970914612,0.43210417170165294
673033449,xboot,85,2.127446044739569,0.45573123531618964
673033449,xboot,86,1.8494242417193587,0.5062250577102771
673033449,xboot,87,1.8191825232021535,0.5142068121475369
673033449,xboot,88,1.6115510672397337,0.4975219140118894
673033449,xboot,89,1.3821776840529336,0.21265974042650426
673033449,xboot,90,1.9754261299082534,0.5689759831424425
673033449,xboot,91,2.281691923241926,0.4227486013216494
673033449,xboot,92,1.7818114887119119,0.5218525285905226
673033449,xboot,93,0.2649535634351705,0.2277012898593197
673033449,xboot,94,1.5682100339855547,0.6141645559330401
673033449,xboot,95,2.074105843253303,0.5287856596519185
673033449,xboot,96,1.78710651324002,0.5431000176585521
673033449,xboot,97,2.205697188564319,0.5192672977953725
673033449,xboot,98,1.7881118427861424,0.3462799158184561
673033449,xboot,99,0.08295681350716747,0.1879228485766733
673449540,xround,0,0.9523889776242497,0.24149435902652427
673449540,xround,1,0.9671848865434395,0.5134104841714323
673449540,xround,2,1.0395964730975045,0.442113362887549
673449540,xround,3,2.1101000282510705,0.4844760456106172
673449540,xround,4,0.9443515572518396,0.42858483958283566
673449540,xround,5,0.9498386967925865,0.4843241637160598
673449540,xround,6,0.7231545774359727,0.5064435597367314
673449540,xround,7,1.0752227974847384,0.40893937963208227
673449540,xround,8,1.095816308136992,0.42271970468763975
673449540,xround,9,0.416313286814012,0.22114694836578508
673449540,xround,10,0.8232001782346373,0.43108237528657123
673449540,xround,11,0.9029382027522409,0.42841051607479075
673449540,xround,12,0.9994488996606649,0.36492687423615167
673449540,xround,13,0.8944447993516632,0.44785239943776134
673449540,xround,14,1.1871468850708364,0.39593393682980327
673449540,xround,15,1.2955836435544517,0.396348258788202
673449540,xround,16,0.7993080513536931,0.3966559638380448
673449540,xround,17,0.4749077284733443,0.21026374583095453
673449540,xround,18,0.7964454831979658,0.36710643970576295
673449540,xround,19,0.9466589538409029,0.4376708528673924
673449540,xround,20,1.1670455665843416,0.42499113281796475
673449540,xround,21,0.7877002649833753,0.46081200156786506
673449540,xround,22,0.8214688233482218,0.48459636323719546
673449540,xround,23,1.109121848737747,0.3437054293121773
673449540,xround,24,0.9128065143285119,0.3118578982508091
673449540,xround,25,1.2285174037142634,0.43445303228962584
673449540,xround,26,1.1495229333285604,0.30334022088043033
673449540,xround,27,0.7228240419767575,0.5064434805098921
673449540,xround,28,0.1605715912899266,0.28619512233005007
673449540,xround,29,0.1065599500999044,0.19463687980277122
673449540,xround,30,0.23243991169566802,0.23619080755042343
673449540,xround,31,0.9836709672958304,0.5238408918321197
673449540,xround,32,0.8241440647099415,0.4304106231127064
673449540,xround,33,0.774616664061475,0.40457507631413003
673449540,xround,34,1.037844209881984,0.4421133460890849
673449540,xround,35,1.0340611613837816,0.36478077604574066
673449540,xround,36,0.7330669462798134,0.37281760035775247
673449540,xround,37,0.9712963777689874,0.3855095484725717
673449540,xround,38,1.0197167206737277,0.3807161652297594
673449540,xround,39,0.8739405488812461,0.39796171468247454
673449540,xround,40,0.18917768147991515,0.20582934142690668
673449540,xround,41,0.9623014858141957,0.5080633249039607
673449540,xround,42,0.9519636524566711,0.401714581793829
673449540,xround,43,0.96991758692845,0.43044866751041055
673449540,xround,44,1.0750376119224343,0.4089393642360394
673449540,xround,45,0.4614543232762973,0.2688318815678564
673449540,xround,46,1.0153980038031012,0.4376123390133513
673449540,xround,47,1.1134234874291598,0.46271498498837516
673449540,xround,48,1.6759472527287087,0.34770278706133084
673449540,xround,49,0.2948080649019803,0.24593722865899814
673449540,xround,50,0.6405150833336288,0.21596479450231965
673449540,xround,51,1.1028365996043554,0.4964623196782336
673449540,xround,52,1.2443575639046607,0.43948250561618285
673449540,xround,53,2.195748886342278,0.35463107760290447
673449540,xround,54,1.1061331630924691,0.3407721260920368
673449540,xround,55,1.0298823778951365,0.43880670624324647
673449540,xround,56,1.1693297731380956,0.4249913754028677
673449540,xround,57,1.1349144394498316,0.47018818676004936
673449540,xround,58,1.0810536276698197,0.3986236289970979
673449540,xround,59,1.0758426313878138,0.4089393702025276
673449540,xround,60,1.3201173050981116,0.4094741533288311
673449540,xround,61,1.2788721380322043,0.32788306811316903
673449540,xround,62,0.8919223623489085,0.41860382161782506
673449540,xround,63,1.1880171822800114,0.3959328276775086
673449540,xround,64,1.0731331198241696,0.3750184303243935
673449540,xround,65,1.177674836263249,0.44626307980326696
673449540,xround,66,1.0717314656180519,0.4348212110131858
673449540,xround,67,1.3586181548004959,0.3525243114815674
673449540,xround,68,0.7479784697431576,0.36698216195105504
673449540,xround,69,1.3613466066461228,0.352524160404488
673449540,xround,70,0.49005336966042307,0.28699791543151043
673449540,xround,71,1.1205199232782714,0.4623977102534981
673449540,xround,72,1.0299680813128396,0.3894943013455814
673449540,xround,73,0.19235202934072804,0.29966899878212927
673449540,xround,74,0.9406920763693534,0.4427270652012907
673449540,xround,75,0.1770258875097403,0.2135790767174336
673449540,xround,76,1.0260999406348312,0.45846946764702967
673449540,xround,77,0.8641013199534958,0.3762581828551025
673449540,xround,78,0.890292971133656,0.48830424081194
673449540,xround,79,0.36637717968885314,0.1740439972419061
673449540,xround,80,0.3660001132633382,0.16296070458504197
673449540,xround,81,1.0496085584218562,0.5615286203220206
673449540,xround,82,0.76105210836212,0.3941526882786871
673449540,xround,83,0.8309243177353892,0.4977474396193121
673449540,xround,84,0.9872705155929012,0.43105855636151225
673449540,xround,85,0.895471042507907,0.3692292261195068
673449540,xround,86,0.910555016069938,0.45554777199076846
673449540,xround,87,1.24165206425005,0.45371600858526906
673449540,xround,88,0.9273935449030208,0.4314311502842426
673449540,xround,89,0.9968568925187845,0.49149951166811545
673449540,xround,90,1.1540574755282766,0.43450279907438816
673449540,xround,91,1.336923738595576,0.4698632921537026
673449540,xround,92,0.985050975270992,0.4069238279548103
673449540,xround,93,1.0060239284455164,0.4335851909747326
673449540,xround,94,1.1785847437595822,0.44626171519268676
673449540,xround,95,0.9509631904557992,0.2870560301120514
673449540,xround,96,1.1062137526453275,0.34825334717443823
673449540,xround,97,0.9715006201231575,0.3855112317228647
673449540,xround,98,1.0734737386322313,0.3568716455679568
673449540,xround,99,1.068767398452026,0.4348221408831413
673449540,xboot,0,0.8825427714084847,0.4921883671693753
673449540,xboot,1,0.69603628474804,0.4832599878541203
673449540,xboot,2,0.6035270235329068,0.5302109114201999
673449540,xboot,3,0.4844805828907813,0.27476488707056834
673449540,xboot,4,0.5084196093149456,0.37787178405562916
673449540,xboot,5,0.16155585812288095,0.14583684467453117
673449540,xboot,6,0.6225608023416761,0.3953481334546153
673449540,xboot,7,0.5179624828431519,0.34013399404704614
673449540,xboot,8,0.4245089418017693,0.42755108630181016
673449540,xboot,9,0.7868297460712725,0.4655983741298214
673449540,xboot,10,0.5404051111981537,0.5116753997278267
673449540,xboot,11,0.4079441910674134,0.3649391659245953
673449540,xboot,12,0.5351645390638846,0.42568415256600844
673449540,xboot,13,0.6272057653822222,0.24077041447063474
673449540,xboot,14,0.5857475701281843,0.27666354301081597
673449540,xboot,15,1.2127163189657648,0.26740605445541854
673449540,xboot,16,0.43335912260509063,0.3853999725382813
673449540,xboot,17,0.914474673202905,0.3119435658441492
673449540,xboot,18,0.42922056056550667,0.31595284137162594
673449540,xboot,19,0.566057698839195,0.42701841722938205
673449540,xboot,20,0.5669005035962831,0.4270185146071789
673449540,xboot,21,0.5562372097377136,0.3062110646175128
673449540,xboot,22,0.448698626531069,0.37221584673683017
673449540,xboot,23,0.6402860883732571,0.2830007475359314
673449540,xboot,24,0.6981380883436248,0.4237572517486481
673449540,xboot,25,0.6041798561396554,0.4367197134539076
673449540,xboot,26,0.5836814847466455,0.3805586176725867
673449540,xboot,27,0.5896586959802165,0.4794883403667679
673449540,xboot,28,0.6538499568166103,0.4601482930479768
673449540,xboot,29,0.8485195529762001,0.5151057259868439
673449540,xboot,30,0.5265372982625874,0.4346604069339556
673449540,xboot,31,0.6449514541894416,0.4599820883735223
673449540,xboot,32,0.7408631326574374,0.5013157761487437
673449540,xboot,33,0.6509504966773965,0.4952035017379366
673449540,xboot,34,0.6042567939801781,0.390209036242949
673449540,xboot,35,0.582353112473091,0.29542449904846524
673449540,xboot,36,0.681666284193981,0.6031025552883815
673449540,xboot,37,0.4688279988170742,0.5204449813989571
673449540,xboot,38,0.540949597349492,0.45943331675873134
673449540,xboot,39,0.6793651226276894,0.4093120469243916
673449540,xboot,40,0.681346717096913,0.42102208094307214
673449540,xboot,41,0.7597254064143073,0.3660877855880539
673449540,xboot,42,0.4646243856400106,0.4592613812447791
673449540,xboot,43,0.6239678266529499,0.3953480224152841
673449540,xboot,44,0.664453784682019,0.45020095629970613
673449540,xboot,45,0.566057698839195,0.42701841722938205
673449540,xboot,46,0.6800915330611529,0.4093109458251376
673449540,xboot,47,0.5410874325450651,0.45943321549851723
673449540,xboot,48,0.69603628474804,0.4832599878541203
673449540,xboot,49,0.5832647689968741,0.46716332772806246
673449540,xboot,50,0.220952686335232,0.20723359593710577
673449540,xboot,51,0.776291615272438,0.4194147296477252
673449540,xboot,52,0.4461913564112178,0.37257345073968495
673449540,xboot,53,0.4015926764272021,0.3470424613783353
673449540,xboot,54,0.7639325250813535,0.4004994524521971
673449540,xboot,55,0.6677730059116639,0.4916258185001131
673449540,xboot,56,0.5834107811766616,0.26543900000636045
673449540,xboot,57,0.5390384091604397,0.4313664033847858
673449540,xboot,58,0.4635391048211417,0.2293032860515215
673449540,xboot,59,0.629715486829316,0.3392159594204891
673449540,xboot,60,0.5123011302266665,0.44442206282703556
673449540,xboot,61,0.49567919913044595,0.45960063935598705
673449540,xboot,62,0.45286485286616723,0.31628857068234983
673449540,xboot,63,0.45268656134260044,0.31628873224387555
673449540,xboot,64,0.5166544187899704,0.3663580936143094
673449540,xboot,65,0.5181277813442413,0.34013356347639623
673449540,xboot,66,0.5215732559936818,0.5159672901830682
673449540,xboot,67,0.48018415678392035,0.4173256438341605
673449540,xboot,68,0.5532440129447274,0.4028333170731333
673449540,xboot,69,0.6862315307917799,0.4152561443802809
673449540,xboot,70,0.512413976388131,0.4887662930907051
673449540,xboot,71,0.19922083835873447,0.2072490980925361
673449540,xboot,72,0.5615442733489172,0.4572960032907428
673449540,xboot,73,0.4953373277509547,0.44626013251631
673449540,xboot,74,0.4619146575185697,0.3350155916553236
673449540,xboot,75,0.7847956362413452,0.35851436831365036
673449540,xboot,76,0.5968801214539786,0.35354495897589777
673449540,xboot,77,0.5174130715637995,0.43880497032817656
673449540,xboot,78,0.4856950297679541,0.4243351906459091
673449540,xboot,79,0.5398919755158317,0.33164308779197926
673449540,xboot,80,0.5409915985471923,0.3811580634853792
673449540,xboot,81,1.057847610330161,0.3499637388746838
673449540,xboot,82,0.5565753615426638,0.4481654419399955
673449540,xboot,83,0.5557519276066215,0.43981984607816227
673449540,xboot,84,0.4127646811956982,0.3872821425140135
673449540,xboot,85,0.7578216954166968,0.4281699871059711
673449540,xboot,86,0.7748557822173866,0.41941379724676764
673449540,xboot,87,0.05781228543442646,0.1670410058912556
673449540,xboot,88,0.6572503630128073,0.47322646551699066
673449540,xboot,89,0.5264903022337574,0.4346603514667553
673449540,xboot,90,0.5784901410791778,0.33825249149639647
673449540,xboot,91,0.6380168154692721,0.38828213873875317
673449540,xboot,92,0.6426593226588745,0.4876705393322448
673449540,xboot,93,0.5890910180238494,0.479488087763842
673449540,xboot,94,0.5121885048613584,0.444421935287847
673449540,xboot,95,1.47599268441387,0.22450578169291158
673449540,xboot,96,0.9385418207291347,0.40547842416253754
673449540,xboot,97,0.7398034490323978,0.38753185915756405
673449540,xboot,98,0.17933611471266545,0.2383360558583557
673449540,xboot,99,0.6516159048245672,0.44278464705437115
673450230,xround,0,0.8244953108362075,0.5710730554638765
673450230,xround,1,0.82118956695281,0.6010885944050891
673450230,xround,2,0.9916915040472201,0.5883023189428518
673450230,xround,3,0.9499414282428043,0.5227181094043636
673450230,xround,4,1.102378061923391,0.6302430860219874
673450230,xround,5,0.8449294419594341,0.6193982693678752
673450230,xround,6,1.0549415996892988,0.5381001084206238
673450230,xround,7,1.0973428372487812,0.550162232814331
673450230,xround,8,0.9098083746700838,0.5093449713887219
673450230,xround,9,0.9456247598370671,0.6448209196547622
673450230,xround,10,1.0970591847421105,0.5501622011252718
673450230,xround,11,0.7950514462393706,0.5869377857741089
673450230,xround,12,1.0663855493776628,0.5767383413283658
673450230,xround,13,0.9494275251141076,0.6688250111546968
673450230,xround,14,1.2274469497221672,0.639097180290554
673450230,xround,15,0.8191957954235768,0.6222247080923706
673450230,xround,16,0.9003762411020471,0.6435003176639083
673450230,xround,17,0.9372071921275441,0.5906974324443213
673450230,xround,18,1.0760262419773976,0.5636844980594066
673450230,xround,19,0.4673624725144916,0.1885522732499333
673450230,xround,20,1.0658398821661468,0.6323308724691843
673450230,xround,21,0.8765041351468233,0.6347519309050358
673450230,xround,22,0.9830889035668566,0.6360358201008884
673450230,xround,23,0.9230438070571384,0.6623459536978249
673450230,xround,24,1.1039631189241972,0.6101368503675431
673450230,xround,25,0.9010324027101215,0.5878563815635872
673450230,xround,26,0.8938308072846545,0.6018713708268373
673450230,xround,27,0.7686142902413465,0.6153190680427736
673450230,xround,28,1.0872037489799053,0.6324128185646767
673450230,xround,29,0.9857778941456272,0.656081811072
673450230,xround,30,1.0181490397586888,0.5822306390895897
673450230,xround,31,0.995075713864971,0.6213601459890439
673450230,xround,32,0.9953741469130003,0.5644531034918155
673450230,xround,33,1.0168974001139026,0.6613797142942592
673450230,xround,34,1.1812101197908167,0.6916375036485922
673450230,xround,35,0.9083783713880201,0.6228563987402682
673450230,xround,36,0.8920791626834861,0.5200698958403933
673450230,xround,37,0.7863323001142002,0.5715852700294302
673450230,xround,38,0.995251973462779,0.5644531338677401
673450230,xround,39,1.0072596219485825,0.6310507556509954
673450230,xround,40,1.0973527790083497,0.6823835822224068
673450230,xround,41,1.1014206977846999,0.7072055123000982
673450230,xround,42,0.8411523885842399,0.5962063014380052
673450230,xround,43,1.044796010128126,0.5816034184099739
673450230,xround,44,0.9251745747911757,0.6559534232172164
673450230,xround,45,1.116729316057779,0.6209448581927741
673450230,xround,46,0.9237215634438458,0.5117659647930066
673450230,xround,47,0.9647355001370347,0.5997151368219278
673450230,xround,48,0.9735236481355103,0.6302169035841891
673450230,xround,49,1.088477420547585,0.6439567717826755
673450230,xround,50,1.2404183921559182,0.5901943939572013
673450230,xround,51,0.9231695024697979,0.6485175351108239
673450230,xround,52,0.9796949581380143,0.6250467638515639
673450230,xround,53,0.9781866643398797,0.6102072214129842
673450230,xround,54,0.9010765429738655,0.5878563841139186
673450230,xround,55,0.973468276649188,0.6302169131339355
673450230,xround,56,1.2323020378016192,0.49374536901611066
673450230,xround,57,0.8755292242302677,0.6461364315117779
673450230,xround,58,0.8043844486524242,0.6134127880349219
673450230,xround,59,0.9255642979336943,0.6559534219827086
673450230,xround,60,0.9540707193380712,0.591903026848333
673450230,xround,61,0.761587045283129,0.6048886576669833
673450230,xround,62,0.8450402256446048,0.5673032027721625
673450230,xround,63,1.078094558703785,0.6336985975257785
673450230,xround,64,0.993766405186783,0.6557562989232092
673450230,xround,65,1.0123918249435273,0.6216603347766678
673450230,xround,66,0.6551333742093441,0.5879718727991299
673450230,xround,67,0.9709020535099384,0.626979044222714
673450230,xround,68,0.991374714191697,0.6092862188337536
673450230,xround,69,0.8320117408655895,0.6300298970359173
673450230,xround,70,0.8755140179386884,0.6461364242509346
673450230,xround,71,0.9896616478469205,0.6142113107712268
673450230,xround,72,0.6835583086008279,0.2999008768194741
673450230,xround,73,1.0217738154588143,0.6749384916427175
673450230,xround,74,0.8919587892300124,0.6467261766509833
673450230,xround,75,0.9796949581380143,0.6250467638515639
673450230,xround,76,1.0665848349233362,0.576738359931112
673450230,xround,77,0.4263396967826278,0.29684201131256605
673450230,xround,78,0.9334525039565232,0.6903689868813186
673450230,xround,79,0.8454806666153816,0.6072818649830825
673450230,xround,80,0.971674142598442,0.6658392352943908
673450230,xround,81,1.2404183921559182,0.5901943939572013
673450230,xround,82,1.0510843756061201,0.5506355472822249
673450230,xround,83,1.012956050394219,0.6264932716520152
673450230,xround,84,1.1159943928652023,0.5710660491930667
673450230,xround,85,1.370136629758492,0.5980882088568806
673450230,xround,86,0.9881771795577202,0.6749511556397744
673450230,xround,87,1.078515527530949,0.5467434643391413
673450230,xround,88,1.1166748642901732,0.6763133988874754
673450230,xround,89,0.8210070855390289,0.6010885592606343
673450230,xround,90,1.0761338526333712,0.5808226244249075
673450230,xround,91,0.9889790260717939,0.6095869689214957
673450230,xround,92,0.8418228071386389,0.5962062637299231
673450230,xround,93,1.0110010264637503,0.6211785596983759
673450230,xround,94,0.8245014269718547,0.5710730553313788
673450230,xround,95,0.7807508469460295,0.4987130273787025
673450230,xround,96,1.0942052461465956,0.6521970775510741
673450230,xround,97,0.9333175000965097,0.6903689958634204
673450230,xround,98,0.8815917233833075,0.5582469759591262
673450230,xround,99,1.1796523969366528,0.6193443535408459
673450230,xboot,0,2.002105649868795,0.6091506075825301
673450230,xboot,1,2.0267779642287205,0.5955557955139371
673450230,xboot,2,1.924307271549671,0.5454960362514025
673450230,xboot,3,2.3094983567841196,0.6191294998622607
673450230,xboot,4,0.19486982010762496,0.25532503208411916
673450230,xboot,5,2.4743203174191706,0.5833673231114904
673450230,xboot,6,2.4852035378408224,0.5607641692907515
673450230,xboot,7,2.0660440526906996,0.5901136343982207
673450230,xboot,8,2.1007631249665475,0.586748520017105
673450230,xboot,9,2.5171929905039243,0.605915956145784
673450230,xboot,10,0.091408244563131,0.2809525196372078
673450230,xboot,11,2.0321024525770386,0.6255365340611344
673450230,xboot,12,2.430553789269479,0.6395242718004397
673450230,xboot,13,2.3083662773216096,0.4999605329911989
673450230,xboot,14,1.8316010860302847,0.6146896635911367
673450230,xboot,15,2.1579879527936296,0.5853843589483938
673450230,xboot,16,2.398074913424808,0.5795516441285768
673450230,xboot,17,2.2798890980342814,0.5577979570586955
673450230,xboot,18,1.9744411913272617,0.5991797035530263
673450230,xboot,19,2.244219184607788,0.5508961000332526
673450230,xboot,20,1.8751575712868682,0.6625001170405155
673450230,xboot,21,2.1746376318721974,0.5072248656699905
673450230,xboot,22,2.1467865797964896,0.6141621316463668
673450230,xboot,23,1.955893254976617,0.4690330842170354
673450230,xboot,24,2.2196050090551678,0.6554921779302885
673450230,xboot,25,1.9875637254588274,0.575944978402086
673450230,xboot,26,2.549738354170394,0.63981138037421
673450230,xboot,27,2.049067375280102,0.5985554151621473
673450230,xboot,28,1.9241137620164968,0.5454960623619648
673450230,xboot,29,2.3145659167055594,0.6115389879004228
673450230,xboot,30,2.176357289753052,0.6237774342898496
673450230,xboot,31,2.2209936389732516,0.673408860952871
673450230,xboot,32,2.0325806190168207,0.5572998535973563
673450230,xboot,33,2.827156866141188,0.5359048083658191
673450230,xboot,34,1.8367554733375069,0.5374996261569476
673450230,xboot,35,1.7396742366169025,0.6150159750962876
673450230,xboot,36,1.9852762579277576,0.59930793414591
673450230,xboot,37,2.308824827864556,0.5681949745785532
673450230,xboot,38,2.352357836018437,0.6253831813032956
673450230,xboot,39,0.08121028822312464,0.24345324334438934
673450230,xboot,40,1.872207270171242,0.7075052231992556
673450230,xboot,41,2.067281853159305,0.5953999245039254
673450230,xboot,42,2.1002350747608745,0.5560045705738608
673450230,xboot,43,2.7886335202531445,0.5559414010062576
673450230,xboot,44,2.1416194893347065,0.5879706700755315
673450230,xboot,45,2.506658522222309,0.5604962489000276
673450230,xboot,46,1.9701823803527083,0.6672706398114464
673450230,xboot,47,1.6810390034669411,0.516054804962474
673450230,xboot,48,2.130599062816897,0.6263198861990964
673450230,xboot,49,2.0622013252443607,0.5275620649893786
673450230,xboot,50,2.750276888336449,0.6139257558988718
673450230,xboot,51,1.7494254870588648,0.5319420726019106
673450230,xboot,52,2.279264032558854,0.5767721456970645
673450230,xboot,53,2.469770813432351,0.5356268739679495
673450230,xboot,54,2.313548113684302,0.6115388599107472
673450230,xboot,55,1.6616446563781486,0.6228342016625159
673450230,xboot,56,2.827156866141188,0.5359048083658191
673450230,xboot,57,2.2123678114699348,0.5751929647533585
673450230,xboot,58,2.1652541234551763,0.586398233539918
673450230,xboot,59,2.413715093736707,0.6755076700436125
673450230,xboot,60,2.0700829252553086,0.595465619871792
673450230,xboot,61,2.2132381453436074,0.6538917612566971
673450230,xboot,62,2.00605506784864,0.6033657092467271
673450230,xboot,63,2.12931594861408,0.5441571398895348
673450230,xboot,64,0.08425926870182353,0.25611405433972956
673450230,xboot,65,2.479180594556844,0.533493656495492
673450230,xboot,66,2.216144559027696,0.6098252602676559
673450230,xboot,67,1.923500728360072,0.6183010741565006
673450230,xboot,68,2.054096634999674,0.6294660349001997
673450230,xboot,69,1.8349561152898481,0.6160784343621235
673450230,xboot,70,2.0322386755476254,0.625536520530476
673450230,xboot,71,2.090257633746346,0.6516884779865041
673450230,xboot,72,2.4833435545208626,0.6304293714619905
673450230,xboot,73,1.7611617690954582,0.6516958648443836
673450230,xboot,74,0.08844048535276795,0.2861442390755182
673450230,xboot,75,1.1333779552734589,0.2512328778248081
673450230,xboot,76,1.8894883379790184,0.6145957320661748
673450230,xboot,77,1.7666024696708875,0.5948645410768445
673450230,xboot,78,2.458995291130369,0.6762289418461664
673450230,xboot,79,1.923603800792919,0.618301076165096
673450230,xboot,80,2.198919802831444,0.635098424435451
673450230,xboot,81,1.8960382617300404,0.6072472782487462
673450230,xboot,82,1.8904066199100835,0.648543563762723
673450230,xboot,83,2.0718892496910777,0.6457070066882178
673450230,xboot,84,2.015701897539105,0.6623733907005492
673450230,xboot,85,2.230028864230793,0.6267676136177533
673450230,xboot,86,1.7674090473009731,0.594864555833132
673450230,xboot,87,2.032491534954129,0.5572997629005703
673450230,xboot,88,2.070443675522802,0.6374638452828434
673450230,xboot,89,1.8367554733375069,0.5374996261569476
673450230,xboot,90,2.362374344236943,0.6522038509656148
673450230,xboot,91,2.1583276769721973,0.6740071840380479
673450230,xboot,92,2.1274540833358015,0.5679542535132793
673450230,xboot,93,1.9558286550403465,0.46903306006649503
673450230,xboot,94,2.1190420578391755,0.5799485119093122
673450230,xboot,95,2.449578851226082,0.6286348256297338
673450230,xboot,96,2.0701187815358253,0.5954656145968277
673450230,xboot,97,2.003449304551031,0.6091505759054046
673450230,xboot,98,2.138892546373987,0.5828982457245457
673450230,xboot,99,2.417610392202919,0.6184699639896993
674570702,xround,0,0.8235044934228266,0.5125452975498922
674570702,xround,1,0.8809542013185953,0.4485613723050952
674570702,xround,2,0.843220705058481,0.33388057664671666
674570702,xround,3,1.62015877868141,0.4129507637667742
674570702,xround,4,0.8809542013185953,0.4485613723050952
674570702,xround,5,1.0115842912861108,0.33657879718447004
674570702,xround,6,0.9800294690234752,0.4977201597432228
674570702,xround,7,1.3219789285406807,0.6137148989758419
674570702,xround,8,1.1181983977932122,0.5220577566603275
674570702,xround,9,1.0276324465663518,0.3923411831756892
674570702,xround,10,0.9527283442807223,0.40424527820323264
674570702,xround,11,1.0031236239540549,0.5428839333212385
674570702,xround,12,0.6604386209410678,0.3356404103309202
674570702,xround,13,1.2305835216542205,0.5083176663542266
674570702,xround,14,1.3088343048735203,0.5453927435869994
674570702,xround,15,1.1877011511052458,0.5142653825404928
674570702,xround,16,1.2614118809331023,0.4208081552746652
674570702,xround,17,0.9331084347243898,0.42537618331716
674570702,xround,18,1.220015061717169,0.4419538956065703
674570702,xround,19,0.8711630126706646,0.5791829299631119
674570702,xround,20,1.2571951880269034,0.3460775424370668
674570702,xround,21,0.4223287271745617,0.25438181784787384
674570702,xround,22,0.9466833668558672,0.5206156027079822
674570702,xround,23,1.6489736434989002,0.3960773822306649
674570702,xround,24,0.9517251796995455,0.4316266103424905
674570702,xround,25,1.1681453549773928,0.46325485812118705
674570702,xround,26,1.3284769272723902,0.46310802877776147
674570702,xround,27,0.8107978036972515,0.33871316962140263
674570702,xround,28,0.8107978036972515,0.33871316962140263
674570702,xround,29,0.7585355965191165,0.4171342505896609
674570702,xround,30,1.1743794892673138,0.35087788192577185
674570702,xround,31,1.3295469620881453,0.4967540203757935
674570702,xround,32,1.193631653112756,0.3946869747725349
674570702,xround,33,0.9796174324294055,0.49771870751512814
674570702,xround,34,0.8388005976843992,0.43734861291097704
674570702,xround,35,1.1853236706266383,0.4824491843394624
674570702,xround,36,0.8487997089198662,0.3775590190897832
674570702,xround,37,0.9392977917012345,0.5819766190231195
674570702,xround,38,0.9120831592445744,0.5065046452593582
674570702,xround,39,1.0583438459564907,0.31831844258212716
674570702,xround,40,1.2435702425306592,0.5061788276241677
674570702,xround,41,0.7569795691911443,0.38866600084158
674570702,xround,42,1.1132431028614702,0.38978492635666684
674570702,xround,43,1.1312462445282725,0.4637111835290537
674570702,xround,44,0.657563011349481,0.33564908391527926
674570702,xround,45,0.8283723325305539,0.5441236847948562
674570702,xround,46,1.8623583984942003,0.3337297875853388
674570702,xround,47,0.7392071864159495,0.5174826051945272
674570702,xround,48,0.8729025309976203,0.40758742305108386
674570702,xround,49,1.3297320978470581,0.42408409334258657
674570702,xround,50,0.8956888517921577,0.3577108116757862
674570702,xround,51,0.9156149410320977,0.38348645184258556
674570702,xround,52,0.8051544334165873,0.3387134919414946
674570702,xround,53,1.9383743706467256,0.37807270375387536
674570702,xround,54,1.0893804279342232,0.5763414227467223
674570702,xround,55,1.1060696096703577,0.4512827960349045
674570702,xround,56,0.7409581493638612,0.4173398591200177
674570702,xround,57,0.8621895164903566,0.39584128553368225
674570702,xround,58,0.7681449296450258,0.5136005819874319
674570702,xround,59,0.8867422404524524,0.5354806644980261
674570702,xround,60,1.144610257466479,0.5671862820570907
674570702,xround,61,1.5447275054757323,0.49537183039042587
674570702,xround,62,1.3260519980401406,0.49675351381772004
674570702,xround,63,0.785592453536088,0.3760835045992873
674570702,xround,64,0.857118376962456,0.402920432746679
674570702,xround,65,0.8327083623693009,0.5624071471599359
674570702,xround,66,1.1777354908982418,0.3508722257348683
674570702,xround,67,1.1435030214006268,0.3804434755154761
674570702,xround,68,1.1522324887590205,0.4601737865323384
674570702,xround,69,0.7849624248149811,0.44563504372863294
674570702,xround,70,1.8677930905122588,0.5500347847552819
674570702,xround,71,0.728870418380633,0.4165741709743811
674570702,xround,72,1.0893804279342232,0.5763414227467223
674570702,xround,73,0.7394388963913308,0.5174822286625559
674570702,xround,74,0.9623717487174089,0.3785579836813996
674570702,xround,75,0.9881480141410967,0.4555694489960571
674570702,xround,76,0.8130332593422592,0.3786899939798788
674570702,xround,77,1.4016778021474867,0.4411781479032004
674570702,xround,78,0.9513110834772445,0.43162227280973475
674570702,xround,79,0.8585738760164431,0.38015717867650156
674570702,xround,80,1.5963016214270103,0.3465373603727965
674570702,xround,81,0.6162242431322733,0.3997645819662635
674570702,xround,82,0.7706221011174863,0.3233361785050145
674570702,xround,83,0.728870418380633,0.4165741709743811
674570702,xround,84,0.7170043135842482,0.4854498548074607
674570702,xround,85,1.1013459036521294,0.48624861711619494
674570702,xround,86,0.7603145827613504,0.3751163968747605
674570702,xround,87,0.830537775668216,0.44558424847829226
674570702,xround,88,1.127953591280953,0.42939422022303075
674570702,xround,89,1.006197929401332,0.4440308714369178
674570702,xround,90,1.594828825406165,0.5496371252739478
674570702,xround,91,1.2787561359371855,0.4338106410694055
674570702,xround,92,0.8988842789587461,0.3833538403377844
674570702,xround,93,1.3124744465719156,0.39954303288533466
674570702,xround,94,1.13400953777787,0.46371091972689493
674570702,xround,95,1.0485696457860185,0.44242397843094783
674570702,xround,96,1.0930029942273516,0.4200828618021254
674570702,xround,97,0.8495340636937185,0.3775594455863318
674570702,xround,98,1.327165507419745,0.377728832746661
674570702,xround,99,1.0696818124051408,0.29437154426481704
674570702,xboot,0,0.5711684055814172,0.5360212976791721
674570702,xboot,1,1.004149145027015,0.42553121776123315
674570702,xboot,2,0.6748117037107764,0.4829693967104146
674570702,xboot,3,0.5547219343946229,0.49730766928720893
674570702,xboot,4,0.5820621452641007,0.4366341541931078
674570702,xboot,5,0.5472001361473983,0.4378996184567199
674570702,xboot,6,0.5383914822365456,0.43506455895124707
674570702,xboot,7,0.4652032024626443,0.3633304056062765
674570702,xboot,8,0.41881318821281255,0.4403784623738132
674570702,xboot,9,0.6784834983551744,0.4281072992474919
674570702,xboot,10,0.7519995106897256,0.5682761158015941
674570702,xboot,11,0.5968384048041656,0.36493171475995956
674570702,xboot,12,0.5561693173513335,0.36463115246378675
674570702,xboot,13,0.6007346825367333,0.4031064553454553
674570702,xboot,14,0.539970304792732,0.3923782937509299
674570702,xboot,15,0.9459877946113189,0.4163567235404555
674570702,xboot,16,0.5433660765892203,0.4776361633223972
674570702,xboot,17,0.3908405228468464,0.543515524102905
674570702,xboot,18,0.5783862271070855,0.4594066214466016
674570702,xboot,19,0.4998883794331199,0.44876107639508367
674570702,xboot,20,0.6201740657603456,0.4477496864363051
674570702,xboot,21,0.4391870256357354,0.47865176038360957
674570702,xboot,22,0.5381199223372628,0.5012466963514634
674570702,xboot,23,0.5063732031401058,0.4210585732005053
674570702,xboot,24,0.5381199223372628,0.5012466963514634
674570702,xboot,25,0.5584978624832257,0.3968413801884334
674570702,xboot,26,0.5603756271649873,0.37747074614714904
674570702,xboot,27,0.4916386568597471,0.32973174641661696
674570702,xboot,28,0.5976561799640391,0.39898958397488005
674570702,xboot,29,0.5758578038292302,0.40319443424622403
674570702,xboot,30,0.5758855223894781,0.352583274713515
674570702,xboot,31,0.8926292193833699,0.3775951752286645
674570702,xboot,32,0.7918250689126457,0.5622861688817234
674570702,xboot,33,0.622484866195431,0.4870713980314466
674570702,xboot,34,0.7898050425594894,0.41065932201678357
674570702,xboot,35,0.539970304792732,0.3923782937509299
674570702,xboot,36,0.6683151731004247,0.47242451785362827
674570702,xboot,37,1.2275171389778037,0.5272275581339455
674570702,xboot,38,0.42195964681138737,0.4067615425395109
674570702,xboot,39,0.8186543642183193,0.5020580506965294
674570702,xboot,40,0.4838261253474909,0.42226219634473905
674570702,xboot,41,0.5669929016922698,0.43134582594511317
674570702,xboot,42,0.789911603986106,0.5004920052984443
674570702,xboot,43,0.8897164234680845,0.3775948197655028
674570702,xboot,44,0.5440131405274348,0.40279215248049594
674570702,xboot,45,0.6010848849466592,0.3971719378809542
674570702,xboot,46,0.5585304786480992,0.43474490049230785
674570702,xboot,47,0.7175596045132315,0.43945233037871356
674570702,xboot,48,0.5893897827788944,0.48444200966415096
674570702,xboot,49,0.5470494052990226,0.5826229583879924
674570702,xboot,50,0.7073325992999787,0.4632551745455692
674570702,xboot,51,0.7619683159239404,0.4196370349844927
674570702,xboot,52,0.7206295665907103,0.4007208983872399
674570702,xboot,53,0.48606663448212656,0.48246545108916117
674570702,xboot,54,0.7588497893546337,0.5137854161766664
674570702,xboot,55,0.6656703636588078,0.4316299027705438
674570702,xboot,56,0.7510755922746849,0.5436250011746873
674570702,xboot,57,0.4801082094395775,0.4163686868332245
674570702,xboot,58,0.5227653574126534,0.3627735905354773
674570702,xboot,59,0.575346417293635,0.4727814075957475
674570702,xboot,60,0.4372712058896062,0.44683315620463016
674570702,xboot,61,0.8168093946412428,0.4690818293472472
674570702,xboot,62,0.2657080214664417,0.28611246010843294
674570702,xboot,63,0.47756785542483915,0.22854479120018412
674570702,xboot,64,0.49353745368224605,0.4290113156037312
674570702,xboot,65,0.4939748490253704,0.4290160459198096
674570702,xboot,66,0.4881643914366693,0.5104528940563953
674570702,xboot,67,0.6295169127943779,0.4495476371889663
674570702,xboot,68,0.5751999936988096,0.42916076613335774
674570702,xboot,69,0.6006775509823821,0.4031068223677079
674570702,xboot,70,0.5751999936988096,0.42916076613335774
674570702,xboot,71,0.7206295665907103,0.4007208983872399
674570702,xboot,72,0.7629229419142814,0.44825314031885866
674570702,xboot,73,0.6957568378655785,0.405338740316987
674570702,xboot,74,0.6158969643267269,0.44606324149094245
674570702,xboot,75,0.8168169848359449,0.4690825849687976
674570702,xboot,76,0.35229691350477715,0.33473330112339517
674570702,xboot,77,0.49405784848553447,0.42901594756684114
674570702,xboot,78,0.4693411968013423,0.5137455747248963
674570702,xboot,79,0.6495915991128929,0.4317708784072035
674570702,xboot,80,0.47653760348812935,0.3963980845085331
674570702,xboot,81,0.6894481875457177,0.3615646709144006
674570702,xboot,82,0.45371511059670083,0.4797187260977689
674570702,xboot,83,0.5984259198539853,0.4728541493302164
674570702,xboot,84,0.39069546668931715,0.5435152010301377
674570702,xboot,85,0.5962451652670172,0.3649327266098632
674570702,xboot,86,1.0195722794990538,0.3796118382924305
674570702,xboot,87,0.5075452540595824,0.3696015339070219
674570702,xboot,88,0.6204906823336195,0.4477491151685653
674570702,xboot,89,0.45620072380303345,0.4333210648291318
674570702,xboot,90,0.7177363896633583,0.3710406026002804
674570702,xboot,91,0.5985978429002748,0.39973905308765956
674570702,xboot,92,0.6485207340004876,0.5246968451515504
674570702,xboot,93,0.7175933344588636,0.43945144702931405
674570702,xboot,94,1.0189848756004283,0.3796129619863301
674570702,xboot,95,0.47029705618463696,0.5648276775243655
674570702,xboot,96,0.5338795847809851,0.45094702449873003
674570702,xboot,97,0.6700611381049414,0.3952717859620477
674570702,xboot,98,0.8913537581937625,0.34511175482406986
674570702,xboot,99,0.8897164234680845,0.3775948197655028
696526688,xround,0,0.9813015716268172,0.38134969316363343
696526688,xround,1,0.17555667703427272,0.23053949476051105
696526688,xround,2,0.9609352196920169,0.3673923875960825
696526688,xround,3,0.8792631950453303,0.4340260419539107
696526688,xround,4,1.4942583322525143,0.4163969452115228
696526688,xround,5,0.9292994800655966,0.42141983955006623
696526688,xround,6,1.073317098275947,0.4603951018014406
696526688,xround,7,1.191430925197923,0.40143612471674317
696526688,xround,8,1.2594791442979751,0.4294204126669401
696526688,xround,9,0.7670026989316321,0.40226783370075736
696526688,xround,10,0.8878477055250258,0.5023575553016539
696526688,xround,11,1.6210170227092648,0.36581671782150904
696526688,xround,12,1.3673186105821176,0.402351238029242
696526688,xround,13,0.7550252561317496,0.4943291721260308
696526688,xround,14,1.154082401426091,0.39949679434029406
696526688,xround,15,0.6554447630966598,0.4112393601574468
696526688,xround,16,1.0995441780375876,0.19126822511487607
696526688,xround,17,1.3707728543914073,0.4585399445217504
696526688,xround,18,0.9424853837218913,0.4431948535634701
696526688,xround,19,1.121277187952282,0.3432209706074293
696526688,xround,20,0.8814105008728359,0.4459793544567584
696526688,xround,21,0.8755913120687387,0.41574498784415104
696526688,xround,22,0.9131816736564256,0.36467812759105256
696526688,xround,23,1.0280517702157022,0.5100196256958905
696526688,xround,24,0.9595921671205553,0.45272027068008047
696526688,xround,25,1.059071188573569,0.37966869050510343
696526688,xround,26,1.2516976744401012,0.5221150973032167
696526688,xround,27,1.0125305887809735,0.35317043448601027
696526688,xround,28,1.101938949854152,0.44359726596633886
696526688,xround,29,1.0046206539888862,0.40089505963448635
696526688,xround,30,0.4951171486785206,0.20696144557851925
696526688,xround,31,0.9713502315986836,0.45227159660916894
696526688,xround,32,0.646899750496252,0.2880627061473725
696526688,xround,33,0.8662693340342307,0.4129879435669852
696526688,xround,34,0.8184489656199564,0.44332765651492057
696526688,xround,35,0.7572348434538126,0.309966497047202
696526688,xround,36,1.4768200707981196,0.31631944466168005
696526688,xround,37,0.8755913120687387,0.41574498784415104
696526688,xround,38,0.8634053712773561,0.418127038081785
696526688,xround,39,0.8563732734167689,0.4604429378345608
696526688,xround,40,0.9251883955904637,0.3129461434869347
696526688,xround,41,1.1907291904688102,0.40143535921327933
696526688,xround,42,0.3919154153974175,0.3018628070017917
696526688,xround,43,0.755310025448221,0.34682192750244645
696526688,xround,44,1.380380382610742,0.2911603097414349
696526688,xround,45,0.8443279739728322,0.49288454762076495
696526688,xround,46,1.1581720831888314,0.49651670761512545
696526688,xround,47,0.6525079867004316,0.2889706494497286
696526688,xround,48,1.0376397364366865,0.40914388209588126
696526688,xround,49,1.7008229285923233,0.4628459543953858
696526688,xround,50,1.3017855095736601,0.44054793650768365
696526688,xround,51,1.182157807831643,0.49298441541874716
696526688,xround,52,0.9778354260698436,0.4644618689049431
696526688,xround,53,1.1231677293016387,0.37736154167209834
696526688,xround,54,0.8211030062895206,0.3037722364441956
696526688,xround,55,0.9124834911148039,0.528029722357461
696526688,xround,56,0.6522263541958139,0.3262649827737837
696526688,xround,57,0.9142497733678171,0.47888154958596485
696526688,xround,58,0.7550252561317496,0.4943291721260308
696526688,xround,59,0.7557008707955915,0.34682278406230704
696526688,xround,60,0.5969219953985334,0.267924598767883
696526688,xround,61,0.9596084475377117,0.3673923094739825
696526688,xround,62,0.7810849097332561,0.46729308169891026
696526688,xround,63,1.1072621622269527,0.30650069008256065
696526688,xround,64,0.9137156943226767,0.38135262169415485
696526688,xround,65,0.742679348684585,0.33160392100927016
696526688,xround,66,1.4047538065840448,0.4980973893084514
696526688,xround,67,0.824736741062395,0.37242443418123716
696526688,xround,68,1.0555095303442428,0.40032713172723333
696526688,xround,69,0.7912367241619874,0.43902497250539896
696526688,xround,70,1.218326867511582,0.44018556447215273
696526688,xround,71,1.2151850723125053,0.3373563156301298
696526688,xround,72,1.069476726773408,0.5373204609960527
696526688,xround,73,1.3673186105821176,0.402351238029242
696526688,xround,74,0.7855091640227579,0.3256736393496894
696526688,xround,75,1.0796563058737532,0.3787548113361353
696526688,xround,76,0.7692599473801636,0.3498014772465823
696526688,xround,77,1.2602829877207953,0.40719986893427196
696526688,xround,78,1.268048740946382,0.24777893106249826
696526688,xround,79,0.8261066427556301,0.44969148951878746
696526688,xround,80,0.8320482198231846,0.3936289780008484
696526688,xround,81,1.0034812427076345,0.4300146056343792
696526688,xround,82,1.4692796939317374,0.2941256766239191
696526688,xround,83,0.8792782780409502,0.32841157525049836
696526688,xround,84,1.6711375423177182,0.2986052697270687
696526688,xround,85,0.8185041804245434,0.44332765134078633
696526688,xround,86,0.9713112350305145,0.4522716198682307
696526688,xround,87,1.2273441500561748,0.41367138140371273
696526688,xround,88,1.0647477982724913,0.43827175494233506
696526688,xround,89,1.005779195877137,0.4501289113497524
696526688,xround,90,0.7484179430799389,0.4809403263801908
696526688,xround,91,1.6950296605658226,0.35593423309823513
696526688,xround,92,1.4692796939317374,0.2941256766239191
696526688,xround,93,0.9107030214402309,0.38135227243087955
696526688,xround,94,1.029213652466747,0.31055853445512627
696526688,xround,95,0.5819783154829508,0.24477393382475432
696526688,xround,96,0.6552224280291905,0.41123881392384753
696526688,xround,97,0.9350659002726971,0.4860560623330721
696526688,xround,98,1.2725802565519502,0.49375138779140404
696526688,xround,99,0.8721968807233165,0.400210800345825
696526688,xboot,0,0.37154459887688207,0.4540120500236956
696526688,xboot,1,0.41458650481036563,0.43594486047414827
696526688,xboot,2,0.6166130013293322,0.3424039280813339
696526688,xboot,3,0.40157562050144213,0.5080354898662067
696526688,xboot,4,0.636437789886622,0.3925647886012028
696526688,xboot,5,0.7426291070466212,0.27315191325230403
696526688,xboot,6,0.7697121082989963,0.42891579486586584
696526688,xboot,7,0.40154344758649263,0.45336402455058344
696526688,xboot,8,0.42406086910427415,0.45554017531487545
696526688,xboot,9,0.39679807410262635,0.37615446376605177
696526688,xboot,10,0.3651556887784005,0.3590752841720938
696526688,xboot,11,0.47912860937748764,0.333920366871044
696526688,xboot,12,0.5970924467342337,0.47485516121340277
696526688,xboot,13,0.420478718913474,0.36260525885274064
696526688,xboot,14,0.2749676749003862,0.37305196190110557
696526688,xboot,15,0.401415556311108,0.5080355403729682
696526688,xboot,16,0.4044627776910109,0.5223750543341779
696526688,xboot,17,0.730024740478546,0.4892570071221163
696526688,xboot,18,0.5063948230208382,0.4428107654816751
696526688,xboot,19,0.3192859076184326,0.4001047961813492
696526688,xboot,20,0.4099660638649695,0.3896699177799626
696526688,xboot,21,0.541650824946963,0.25718639515777697
696526688,xboot,22,0.4689784346563391,0.5033430584762596
696526688,xboot,23,0.54817142690951,0.5329506038366305
696526688,xboot,24,0.3749985277577983,0.4512525933597078
696526688,xboot,25,0.4211274555937352,0.3310666358823027
696526688,xboot,26,0.444276695360938,0.48770941811365043
696526688,xboot,27,0.4057304446466902,0.35288859619807555
696526688,xboot,28,0.6664527137864777,0.2959001006823957
696526688,xboot,29,0.44107140290625846,0.3679208325245521
696526688,xboot,30,0.43255271415467506,0.3179472686647604
696526688,xboot,31,0.420478718913474,0.36260525885274064
696526688,xboot,32,0.31806615811135525,0.40302151503819017
696526688,xboot,33,0.49657356986366363,0.46542922890912064
696526688,xboot,34,0.4341248111152699,0.47055060980973273
696526688,xboot,35,0.39867890994868066,0.32570264778711655
696526688,xboot,36,0.5415620880879631,0.5236423214676642
696526688,xboot,37,0.6368645620550921,0.41847759452772537
696526688,xboot,38,0.5044152169225151,0.42200084509554026
696526688,xboot,39,0.5412062688227429,0.21552718617512856
696526688,xboot,40,0.4054244901839734,0.42785633165911297
696526688,xboot,41,0.3060704122789137,0.33821454041988974
696526688,xboot,42,0.45858474889352513,0.3971010904621227
696526688,xboot,43,0.5089012304087404,0.43214451263899634
696526688,xboot,44,0.41337395876460054,0.36280247692640955
696526688,xboot,45,0.3687988699887794,0.42578304125099364
696526688,xboot,46,0.5114978541226065,0.2941607727364396
696526688,xboot,47,0.3681335596533705,0.3794142028084385
696526688,xboot,48,0.3554532080848181,0.24476884053270676
696526688,xboot,49,0.42397796360910295,0.37740431713221045
696526688,xboot,50,0.4729598837736528,0.3662507078875066
696526688,xboot,51,0.3920121021775213,0.4322265701681741
696526688,xboot,52,0.3680066700992022,0.24801043911454312
696526688,xboot,53,0.4806165197373315,0.4645967150737288
696526688,xboot,54,0.48322934937621914,0.45821784186194725
696526688,xboot,55,0.3985111225341586,0.3661637870293242
696526688,xboot,56,0.6580125124711211,0.4331754383473678
696526688,xboot,57,0.5535702489945544,0.41818802866768867
696526688,xboot,58,0.5387028293636849,0.5349916055525927
696526688,xboot,59,1.3165306059841553,0.3800816149944243
696526688,xboot,60,0.6168955210863756,0.3424044534108389
696526688,xboot,61,0.5205953512019914,0.40127444054947503
696526688,xboot,62,0.474223211516173,0.42681063721492685
696526688,xboot,63,0.6543932353489209,0.45296773713055405
696526688,xboot,64,0.4626187454965313,0.48514375120336395
696526688,xboot,65,0.5319529837312463,0.4952777152986715
696526688,xboot,66,1.1556733388941165,0.1757861827372471
696526688,xboot,67,0.4593394701909249,0.3749026953243336
696526688,xboot,68,0.4967781480579889,0.4654290228118285
696526688,xboot,69,0.3997531083537017,0.42042968096628375
696526688,xboot,70,0.3552981906977916,0.33430601773506297
696526688,xboot,71,0.40474657356878946,0.3810805039705568
696526688,xboot,72,0.45819776991066463,0.45679281108585545
696526688,xboot,73,0.42010631624608846,0.25669754596663197
696526688,xboot,74,0.49241304776998834,0.38574665599224045
696526688,xboot,75,0.40152199656258986,0.4158478368577906
696526688,xboot,76,0.7434682478326206,0.2731506208496072
696526688,xboot,77,0.3594802686856049,0.4949099119146677
696526688,xboot,78,0.39610671746172244,0.35918286658960785
696526688,xboot,79,0.3680418683149187,0.37941436110211857
696526688,xboot,80,0.3946042483983889,0.3974140350946975
696526688,xboot,81,0.5972348473737874,0.4748552893542659
696526688,xboot,82,0.5206750382763864,0.4168780552387189
696526688,xboot,83,0.43850388327292983,0.34515050527770386
696526688,xboot,84,0.34971463616566023,0.3659494717010907
696526688,xboot,85,0.4363657486821443,0.31669025327397826
696526688,xboot,86,0.4280069801051273,0.40175296262577154
696526688,xboot,87,0.2654916452410298,0.44561268119380315
696526688,xboot,88,0.4424104196185562,0.48531836989890087
696526688,xboot,89,0.49250995873019765,0.5150462640977747
696526688,xboot,90,0.7431975731648417,0.2731511839226095
696526688,xboot,91,0.45878713800449766,0.3971007700835245
696526688,xboot,92,0.38919490321357064,0.3976159985089196
696526688,xboot,93,0.4973745345102338,0.2986880196257137
696526688,xboot,94,0.36872728417575285,0.38307958918777263
696526688,xboot,95,0.5122424694246923,0.4049832051086262
696526688,xboot,96,0.40000605529467265,0.33786948296284913
696526688,xboot,97,0.48554080298611285,0.3106122340738733
696526688,xboot,98,0.3621466464990703,0.3322223025738513
696526688,xboot,99,0.4546314244847259,0.41000742203495655
701719883,xround,0,1.0489607609662432,0.4420964560372067
701719883,xround,1,0.982432767790739,0.49254789322058
701719883,xround,2,1.301269721035133,0.5974610814422243
701719883,xround,3,1.0144915428093404,0.34410809303458123
701719883,xround,4,0.875469860554088,0.42384149181850117
701719883,xround,5,0.869808653175369,0.3258841115399356
701719883,xround,6,1.1686664524565082,0.5816999506192844
701719883,xround,7,0.7540204801634526,0.5081461513962385
701719883,xround,8,1.1038526699835678,0.4162846095011886
701719883,xround,9,0.8649843606281089,0.5395460152883025
701719883,xround,10,1.100968823546349,0.4812750740802494
701719883,xround,11,0.8042328992406915,0.5751887915562092
701719883,xround,12,1.1281635365231697,0.6175454496279833
701719883,xround,13,0.8071011051535735,0.45042398527765026
701719883,xround,14,0.9807140806081661,0.49254776285489965
701719883,xround,15,0.890450940866468,0.5889525431388186
701719883,xround,16,0.9171390957897656,0.5612348954490409
701719883,xround,17,1.1290005384387372,0.5443939258076466
701719883,xround,18,1.0664627680851777,0.5255758281664427
701719883,xround,19,1.2012591393965764,0.56790254958121
701719883,xround,20,1.3494753242062305,0.4780260454858636
701719883,xround,21,0.8683404839052872,0.32588387884342773
701719883,xround,22,0.9849541750270006,0.5973780367732462
701719883,xround,23,0.8315280375821942,0.5333148077212814
701719883,xround,24,0.9740518715248291,0.5608640042358591
701719883,xround,25,0.845619040820387,0.645660207824341
701719883,xround,26,0.42246970937319545,0.3240775673538201
701719883,xround,27,0.8322751644274498,0.45139793316987387
701719883,xround,28,0.9735481927289571,0.4855817997616618
701719883,xround,29,1.108556781721741,0.5862097452860036
701719883,xround,30,1.0933492195608545,0.49786757696549444
701719883,xround,31,0.9861903489248995,0.4539734431175013
701719883,xround,32,1.2742701959876341,0.513118304949757
701719883,xround,33,1.4008185948033784,0.47570655895488667
701719883,xround,34,1.1593992801180102,0.47310649111096004
701719883,xround,35,1.1255704169318221,0.4071963720605499
701719883,xround,36,0.7151168874027143,0.4018790983546511
701719883,xround,37,0.8707345269282541,0.5652117866698745
701719883,xround,38,0.9444465465086381,0.5162174906771148
701719883,xround,39,0.9468187506959579,0.5555303861591832
701719883,xround,40,0.9345931637041223,0.4637781288540712
701719883,xround,41,0.8293985287503375,0.5619332974075737
701719883,xround,42,1.0111951199903413,0.572064971671544
701719883,xround,43,1.0901715058272083,0.4009727830692831
701719883,xround,44,0.8349574065262391,0.6191869894596971
701719883,xround,45,0.7955968035299356,0.49272159354996836
701719883,xround,46,1.2460454118722204,0.5599516812826493
701719883,xround,47,1.0835126002864914,0.5810824944455542
701719883,xround,48,1.1568991479181099,0.5903605909622063
701719883,xround,49,0.9095340151146546,0.48586835336754675
701719883,xround,50,0.8071456564020311,0.4504240011077103
701719883,xround,51,1.3097075606403727,0.5726471534848248
701719883,xround,52,0.9828128333775149,0.6078795261517058
701719883,xround,53,1.067843961571768,0.5036678980441583
701719883,xround,54,1.112411289299346,0.4236391614063203
701719883,xround,55,1.0261189623858036,0.5910144175215231
701719883,xround,56,1.1089238794198655,0.4674411595226716
701719883,xround,57,1.4246185374881937,0.5099335950487536
701719883,xround,58,1.3062597197207846,0.6403708246916359
701719883,xround,59,0.9892634311495074,0.5514898546815385
701719883,xround,60,0.8963904129443799,0.3911819152129199
701719883,xround,61,0.845807654054253,0.6456601276192173
701719883,xround,62,1.2427476304338063,0.5789516525674214
701719883,xround,63,0.9289080511624538,0.4949076247610523
701719883,xround,64,1.4247156594731631,0.5722139424817074
701719883,xround,65,1.2335719034903025,0.18164889063663525
701719883,xround,66,1.15733099645578,0.5568362940906866
701719883,xround,67,1.1122018000772425,0.42363936911928135
701719883,xround,68,0.17656009923043617,0.2998206287422065
701719883,xround,69,0.9734773197777883,0.5608640565919933
701719883,xround,70,1.2746378461351986,0.5131183024043923
701719883,xround,71,1.0486273698559019,0.31970389312549174
701719883,xround,72,1.324556330975747,0.49592008014530675
701719883,xround,73,1.1574927466157074,0.5903606045987009
701719883,xround,74,1.3459238932077433,0.5116841181987484
701719883,xround,75,1.4827000579276122,0.4025975535103792
701719883,xround,76,0.9808073827836848,0.5701238817471228
701719883,xround,77,0.8066453729512663,0.5718283705321414
701719883,xround,78,0.8147793765068005,0.44561705792400985
701719883,xround,79,1.3251761746118416,0.4959201660894603
701719883,xround,80,0.8413440200887917,0.4940382722070368
701719883,xround,81,0.6956403588874057,0.5221992050800421
701719883,xround,82,0.910711233924726,0.5269919110062639
701719883,xround,83,1.0210566598539643,0.5893466347401748
701719883,xround,84,0.7911586836608665,0.3940324054938741
701719883,xround,85,1.0664894182237146,0.5824800802952828
701719883,xround,86,1.1652205744641162,0.531590574885149
701719883,xround,87,1.049017604878552,0.5045585903047785
701719883,xround,88,1.0235329453045212,0.5386560949275809
701719883,xround,89,0.8900194684488087,0.5889525825810591
701719883,xround,90,0.7908251389384698,0.540507591737017
701719883,xround,91,1.0589920511031283,0.5254567459467274
701719883,xround,92,0.8146027019398675,0.4456171709752671
701719883,xround,93,1.1566210753612813,0.5568362656214729
701719883,xround,94,1.2956648160879658,0.5098858612744164
701719883,xround,95,0.8906597305946146,0.5889525662322689
701719883,xround,96,1.1302315331104942,0.5120342274115451
701719883,xround,97,0.9891860445472423,0.5514898885101918
701719883,xround,98,1.0964401382871376,0.5770647835900624
701719883,xround,99,0.959959259909957,0.4810949833279209
701719883,xboot,0,0.5662147587521653,0.4697448001823714
701719883,xboot,1,0.6246746002314164,0.6558370821105476
701719883,xboot,2,0.7415303360104074,0.5772340641365409
701719883,xboot,3,0.6420232305349582,0.45722930098681547
701719883,xboot,4,0.711866582859968,0.5467567975760641
701719883,xboot,5,0.7526248856488976,0.40073910275102775
701719883,xboot,6,0.5036689041692896,0.6227318569924799
701719883,xboot,7,0.517450300318628,0.5279687977845976
701719883,xboot,8,0.5226274489132383,0.4458914680938014
701719883,xboot,9,0.4677717788837422,0.4596711632258039
701719883,xboot,10,0.5304067834935262,0.5312105473260198
701719883,xboot,11,0.6513076059813233,0.4249065655963101
701719883,xboot,12,0.5174120685479107,0.5279688885388506
701719883,xboot,13,0.5324308254296096,0.453104000972505
701719883,xboot,14,0.656760066433337,0.5709289022567654
701719883,xboot,15,0.5075574721979613,0.4866606632033349
701719883,xboot,16,0.5550169654292294,0.437257708624041
701719883,xboot,17,0.7279495372908774,0.4366973364389509
701719883,xboot,18,0.437969233173269,0.43395727594457456
701719883,xboot,19,0.41457213174424046,0.5022492960431171
701719883,xboot,20,0.530434256253206,0.5312105168080885
701719883,xboot,21,0.6219567579660781,0.42027588165322016
701719883,xboot,22,0.41015678924242316,0.49465880187063715
701719883,xboot,23,0.5453743686687162,0.5266420488938394
701719883,xboot,24,0.41091698712122604,0.2786612508784668
701719883,xboot,25,0.5973665737066143,0.5849850025445633
701719883,xboot,26,0.5666938725517122,0.4929208926958716
701719883,xboot,27,0.5550169654292294,0.437257708624041
701719883,xboot,28,0.6948957002658874,0.16873296363769485
701719883,xboot,29,0.5401950466062047,0.39217029091254674
701719883,xboot,30,0.4528146268708136,0.40708188802292056
701719883,xboot,31,0.5666755875309607,0.5029594535541102
701719883,xboot,32,0.5550169654292294,0.437257708624041
701719883,xboot,33,0.7410717004898948,0.3217756055453759
701719883,xboot,34,0.9414540653431969,0.5482654487718148
701719883,xboot,35,0.39600047976005187,0.5461255741493114
701719883,xboot,36,0.6438432310000607,0.5631812511510257
701719883,xboot,37,0.555298110266209,0.5330972393092852
701719883,xboot,38,0.5536355065983729,0.4676376252739126
701719883,xboot,39,0.5330715443570362,0.2957855703691046
701719883,xboot,40,0.41805506539150705,0.4484558401779739
701719883,xboot,41,0.9635232948705241,0.4089098355191435
701719883,xboot,42,0.600023624051979,0.5590074988326699
701719883,xboot,43,0.49118959075163576,0.476817058363019
701719883,xboot,44,0.7306497249914241,0.3522476419766355
701719883,xboot,45,0.18962839371647847,0.2663139623248483
701719883,xboot,46,0.4720215701551749,0.5861773799585668
701719883,xboot,47,0.48826493334000914,0.40867875646554475
701719883,xboot,48,0.599206955064248,0.5680128034989356
701719883,xboot,49,0.41997075897474306,0.3855268676046082
701719883,xboot,50,0.46805398207201465,0.553386780620474
701719883,xboot,51,0.6819117468185574,0.5233611448769637
701719883,xboot,52,0.6039283138180731,0.5208485986724722
701719883,xboot,53,0.49516669821871706,0.571036909375185
701719883,xboot,54,0.545873124988729,0.6108652789346198
701719883,xboot,55,0.5669061256639739,0.5334365427076153
701719883,xboot,56,0.43977978970853243,0.5046953787295156
701719883,xboot,57,0.5493511723487077,0.46483897362439386
701719883,xboot,58,0.39662658719689864,0.4281291800901812
701719883,xboot,59,0.7456511715832217,0.5465406174249995
701719883,xboot,60,0.6365524507543059,0.5541329950793268
701719883,xboot,61,0.7527400042362299,0.4007386462726952
701719883,xboot,62,0.6347778882483699,0.6184693307909849
701719883,xboot,63,0.555463460245419,0.23012590162979918
701719883,xboot,64,0.5689933198140593,0.5093070688560022
701719883,xboot,65,0.473009782981656,0.5287252140979452
701719883,xboot,66,0.704062026831279,0.435272793931911
701719883,xboot,67,0.4527865695213399,0.4043981788647083
701719883,xboot,68,0.5516042589837404,0.4977058608561531
701719883,xboot,69,0.36835199422626275,0.41522733734668893
701719883,xboot,70,0.42310970038724255,0.5449325778442824
701719883,xboot,71,0.44213906166319106,0.5630906776279596
701719883,xboot,72,0.6532864887489551,0.5783346097988887
701719883,xboot,73,0.5170936828290299,0.5279689140599568
701719883,xboot,74,0.5426088370200571,0.493535166587995
701719883,xboot,75,0.4880303250938775,0.5123907707481987
701719883,xboot,76,0.49559225434675785,0.5710366682391769
701719883,xboot,77,0.5380165271496266,0.5143618004543149
701719883,xboot,78,0.42233253930238107,0.5071867023608438
701719883,xboot,79,0.5901749501732062,0.5746370509814884
701719883,xboot,80,0.6999072557335017,0.601060529756759
701719883,xboot,81,0.4527742134141948,0.4043979750400837
701719883,xboot,82,0.5282343659812991,0.532961731234668
701719883,xboot,83,0.650465834638975,0.4930257088928883
701719883,xboot,84,0.6437340745822733,0.4846388005515545
701719883,xboot,85,0.516259968903646,0.5593716636527315
701719883,xboot,86,0.5189205834248114,0.55368463102729
701719883,xboot,87,0.48097063262343775,0.5581557440615488
701719883,xboot,88,0.481023106888875,0.5110167258166415
701719883,xboot,89,0.5386486016268901,0.46908143827557813
701719883,xboot,90,0.5025940463842772,0.5351867671990721
701719883,xboot,91,0.5560261758834711,0.5785178225190435
701719883,xboot,92,0.5162290066348825,0.5593716775827784
701719883,xboot,93,0.401762985667311,0.44544798332310565
701719883,xboot,94,0.4909255307446113,0.5924422256757991
701719883,xboot,95,0.5577799223139186,0.559648284551993
701719883,xboot,96,0.6088571198104731,0.5601320891688853
701719883,xboot,97,0.5597656425002655,0.4799339261310882
701719883,xboot,98,0.603318755835646,0.5208485377160871
701719883,xboot,99,0.43977978970853243,0.5046953787295156
701720833,xround,0,3.024088261504747,0.37143379705628776
701720833,xround,1,3.7532693838891356,0.18092222722730134
701720833,xround,2,0.21069248166058072,0.28431440530449426
701720833,xround,3,1.2720736585232209,0.3786297782861736
701720833,xround,4,1.2713711652755006,0.37862957111581175
701720833,xround,5,1.0534653033631385,0.40535255708993845
701720833,xround,6,0.9832322943457363,0.46383915636841255
701720833,xround,7,0.5483053087402978,0.18085990641049654
701720833,xround,8,0.7909503534611357,0.3952435393330983
701720833,xround,9,1.0443768521054617,0.5214271096300814
701720833,xround,10,0.7092853173464652,0.424868192421229
701720833,xround,11,1.0184079258734682,0.45702720931007434
701720833,xround,12,0.7890513693807543,0.42405481117949295
701720833,xround,13,0.8728460182383619,0.524703495804695
701720833,xround,14,1.1574323462765548,0.3532706792527983
701720833,xround,15,1.130769763558017,0.48590751124265674
701720833,xround,16,0.5213543710685719,0.20095200122215118
701720833,xround,17,1.2609350363994405,0.4948618994069889
701720833,xround,18,0.9543872770285161,0.43680234907320914
701720833,xround,19,1.072202407774774,0.3218298868550187
701720833,xround,20,1.0342162719932524,0.503070971286252
701720833,xround,21,1.0142768917973413,0.37901790223750254
701720833,xround,22,1.090334478814371,0.48587700678982604
701720833,xround,23,0.7997281634931257,0.3027847638247758
701720833,xround,24,0.23414984658887833,0.2316568071141919
701720833,xround,25,0.8872258057745868,0.4759259750379464
701720833,xround,26,1.1393033857587527,0.5528807519498382
701720833,xround,27,0.8725481798380108,0.40854570318526673
701720833,xround,28,0.9801558672752804,0.45384619229201484
701720833,xround,29,1.0161497053388608,0.4333161107937491
701720833,xround,30,1.0915477895042482,0.4278295699525414
701720833,xround,31,1.0679157193870583,0.3188951550974949
701720833,xround,32,1.0095299095980532,0.3793304874901079
701720833,xround,33,0.08120685874552566,0.17113835978043168
701720833,xround,34,0.7438145025846382,0.2777346743177074
701720833,xround,35,0.983150993876599,0.4638391436322753
701720833,xround,36,0.7042197863105948,0.3784208714473969
701720833,xround,37,1.3680880897923071,0.33735165701306435
701720833,xround,38,1.094672586755462,0.4068420385114837
701720833,xround,39,0.2774734478571123,0.1908305709410545
701720833,xround,40,0.9437196424341672,0.41560212906450156
701720833,xround,41,1.0733554050657186,0.4198905266473367
701720833,xround,42,1.0425616041249421,0.4638161261749749
701720833,xround,43,0.8925539184941887,0.48579282577413363
701720833,xround,44,0.9295972905476343,0.4389916313413279
701720833,xround,45,1.1062897513280041,0.40478857087405895
701720833,xround,46,0.9936064494087482,0.46049715151612247
701720833,xround,47,0.8098928344348385,0.4487297480633059
701720833,xround,48,0.9773917909559882,0.4135841542613383
701720833,xround,49,1.2434999736653114,0.472827171762621
701720833,xround,50,1.0679157193870583,0.3188951550974949
701720833,xround,51,0.8863931656962303,0.3854712720398349
701720833,xround,52,1.0879097876658064,0.46838638525244625
701720833,xround,53,1.0487025399279162,0.3416351681131605
701720833,xround,54,0.9290362850487497,0.4335667247947166
701720833,xround,55,0.8036549653536152,0.3556029178520762
701720833,xround,56,1.0299318544623377,0.4873334019375567
701720833,xround,57,1.4241915070626394,0.30169186408858695
701720833,xround,58,0.9593396295226344,0.4792807429236099
701720833,xround,59,0.5369041832012631,0.3694759500714053
701720833,xround,60,0.7438145025846382,0.2777346743177074
701720833,xround,61,1.4866522721036137,0.4260550155037942
701720833,xround,62,0.8643111405010783,0.4004586444401186
701720833,xround,63,1.3325551598651408,0.4558243594807937
701720833,xround,64,0.28164860631009403,0.31981560844427115
701720833,xround,65,0.908305411737781,0.412233573661004
701720833,xround,66,1.074589903296499,0.2930087730469446
701720833,xround,67,1.2326370926183015,0.45066300440946816
701720833,xround,68,0.9437196424341672,0.41560212906450156
701720833,xround,69,0.9924622711953944,0.40255749303038724
701720833,xround,70,0.8434770382597324,0.39374021747938814
701720833,xround,71,1.0600265434602596,0.2772411897613557
701720833,xround,72,0.9622561251309941,0.4441301165577102
701720833,xround,73,0.7104971590806788,0.4248680883041285
701720833,xround,74,1.2667262390932925,0.21925175657592588
701720833,xround,75,1.0489081394766577,0.3726206946591103
701720833,xround,76,0.7394275627522515,0.46038754698724593
701720833,xround,77,1.4241915070626394,0.30169186408858695
701720833,xround,78,0.9752152280497977,0.47436201605768624
701720833,xround,79,1.1836095232324049,0.3833440693392056
701720833,xround,80,1.2607914563618516,0.4948619057620153
701720833,xround,81,1.002075766958433,0.4020034674439046
701720833,xround,82,0.6136954347371373,0.21568365816098134
701720833,xround,83,1.0322436114456266,0.2910986371235541
701720833,xround,84,0.18187509435224883,0.20857296240010537
701720833,xround,85,0.8726322876095534,0.40854578838193145
701720833,xround,86,0.2524238239421014,0.2902959657627119
701720833,xround,87,0.9879159344320396,0.3772299107950112
701720833,xround,88,1.017564949978327,0.45702739931186687
701720833,xround,89,0.8145529491208414,0.33387267712845337
701720833,xround,90,1.142242471023925,0.4225236407343239
701720833,xround,91,1.4041945457909775,0.35259749552988007
701720833,xround,92,1.0900308607378684,0.4278291999331679
701720833,xround,93,1.0212655384883573,0.5517979771636505
701720833,xround,94,0.6494980215681322,0.43062463202114354
701720833,xround,95,0.8930838573484462,0.48579288157321476
701720833,xround,96,1.247873507760205,0.5165578843724856
701720833,xround,97,1.0795483206322705,0.4081638191481044
701720833,xround,98,0.7041771149761982,0.37842125025310547
701720833,xround,99,1.1391670049914202,0.5528807365955564
701720833,xboot,0,0.27437933881404153,0.23359398536672416
701720833,xboot,1,0.5008911270848238,0.4554739396829708
701720833,xboot,2,0.591130297056534,0.43527611359156937
701720833,xboot,3,0.7089132221553414,0.3441131868111864
701720833,xboot,4,0.5779621876211661,0.33198207171612226
701720833,xboot,5,2.1106736358121,0.4154034842432621
701720833,xboot,6,0.7659247421563182,0.3675870860751771
701720833,xboot,7,0.6381111686423857,0.441218812709232
701720833,xboot,8,2.1106889195892,0.41540350974033224
701720833,xboot,9,0.5912737624326598,0.3866642457863406
701720833,xboot,10,0.6986949741262571,0.35580026750972893
701720833,xboot,11,0.6677321507215385,0.3989806559203972
701720833,xboot,12,0.5995452648281412,0.41475405942653176
701720833,xboot,13,0.7525425580080545,0.5128629188005006
701720833,xboot,14,0.7440925760567124,0.41178227016551117
701720833,xboot,15,0.49894872921455635,0.4517940757371063
701720833,xboot,16,0.8235948930682416,0.5727970795767785
701720833,xboot,17,0.5131699686466309,0.43565244007684123
701720833,xboot,18,0.8459034351860844,0.43544677289757794
701720833,xboot,19,0.2614457249913325,0.23103778587671964
701720833,xboot,20,0.7299905424717281,0.42118177499709397
701720833,xboot,21,0.653740675029901,0.49045569972475833
701720833,xboot,22,0.5453156845293138,0.48123945544328417
701720833,xboot,23,0.8336928774023121,0.4897654393092289
701720833,xboot,24,0.6599157177843795,0.4156675980295814
701720833,xboot,25,0.5978658110801792,0.4088684254428797
701720833,xboot,26,0.5359153119282309,0.2696720911545457
701720833,xboot,27,0.7300648694262385,0.39438695094105714
701720833,xboot,28,0.763818981790439,0.42459838571664565
701720833,xboot,29,0.7870686731343237,0.4819347584365221
701720833,xboot,30,0.6327153731382749,0.38094452692092373
701720833,xboot,31,0.6990261073643675,0.3999571406552216
701720833,xboot,32,0.7275946362436588,0.47858733731050784
701720833,xboot,33,0.49379607826217625,0.4676728845460133
701720833,xboot,34,0.6661169108108511,0.4858592251323268
701720833,xboot,35,0.697163057610063,0.4359149594760644
701720833,xboot,36,0.8329603516899373,0.5152461451465926
701720833,xboot,37,1.0087766083026193,0.3913016323633629
701720833,xboot,38,0.6172798801754602,0.2212714035367439
701720833,xboot,39,0.7791558296763191,0.4937791053098255
701720833,xboot,40,0.567558567269134,0.28084253645281954
701720833,xboot,41,0.8270288207255765,0.49613420373132744
701720833,xboot,42,0.8629512537064609,0.43922188042174226
701720833,xboot,43,0.7345202038529276,0.4522028150322933
701720833,xboot,44,0.49881416764919545,0.4952851210808149
701720833,xboot,45,0.8614139943221092,0.4664699943983621
701720833,xboot,46,0.4567993235451612,0.40551951961364985
701720833,xboot,47,0.8329603516899373,0.5152461451465926
701720833,xboot,48,0.8860752708924525,0.4959138080087373
701720833,xboot,49,0.8090653323134039,0.37768050039007883
701720833,xboot,50,1.1489825237856977,0.2870745689695223
701720833,xboot,51,4.0157937273670115,0.3251316898287132
701720833,xboot,52,0.6363130467943795,0.24524782593467231
701720833,xboot,53,1.0201716926997069,0.41766381617886095
701720833,xboot,54,0.7536414504776933,0.39307540210502834
701720833,xboot,55,0.46543588496773936,0.374054785645502
701720833,xboot,56,0.7467094800264201,0.29090742441912565
701720833,xboot,57,0.6376375155685712,0.47217211639942613
701720833,xboot,58,0.6929030634526759,0.5480323571090011
701720833,xboot,59,0.7678270751366709,0.49125837780633586
701720833,xboot,60,0.32245312294154055,0.22128011872390396
701720833,xboot,61,0.7781833932892566,0.4060064263087122
701720833,xboot,62,0.6267727893309271,0.3835795872862624
701720833,xboot,63,0.7130557163564751,0.3847487569171184
701720833,xboot,64,0.6987696625762464,0.35580037173323387
701720833,xboot,65,0.8480833361730927,0.4570075919654576
701720833,xboot,66,0.9594996407767101,0.5090302571157435
701720833,xboot,67,0.4113756193454915,0.33183675897061926
701720833,xboot,68,0.5716464158771083,0.5265117077905
701720833,xboot,69,0.21306548675381615,0.28435163384569984
701720833,xboot,70,0.4943062295710725,0.2364592851191213
701720833,xboot,71,0.590881465925721,0.4352761145134303
701720833,xboot,72,0.6150541222071259,0.4468271859094284
701720833,xboot,73,0.6239413574630843,0.32848712261769597
701720833,xboot,74,0.8069617012395953,0.40867344620051593
701720833,xboot,75,0.6141327123476654,0.37738960274042055
701720833,xboot,76,0.581517312309875,0.3882370153721454
701720833,xboot,77,0.6657405984868999,0.44533887475315115
701720833,xboot,78,0.5946131141934591,0.2920626351952159
701720833,xboot,79,0.5878410184043408,0.5000766587834073
701720833,xboot,80,0.5940350299464627,0.29206247916127415
701720833,xboot,81,0.5235857569222024,0.2589321162845942
701720833,xboot,82,0.72840051202146,0.44118222434370447
701720833,xboot,83,0.6883625851272029,0.41578864830457063
701720833,xboot,84,0.8345104670246297,0.4897653354407586
701720833,xboot,85,0.8366323101054418,0.43593693810912204
701720833,xboot,86,0.8322231345744777,0.5527994618426357
701720833,xboot,87,0.765721228242844,0.40722747952338845
701720833,xboot,88,0.5682291204204224,0.4757822786253788
701720833,xboot,89,0.6792356776968539,0.4467889900528135
701720833,xboot,90,0.22675417740764917,0.2806986530722033
701720833,xboot,91,0.7723947353296601,0.41308924919092593
701720833,xboot,92,1.031435452555362,0.4024967735998186
701720833,xboot,93,0.7347647463184106,0.4827315289392641
701720833,xboot,94,1.246487472657228,0.39192867368024886
701720833,xboot,95,0.8729057395277239,0.578220052263056
701720833,xboot,96,0.6868014733802809,0.44477243420822543
701720833,xboot,97,0.7145339916570093,0.42197836554036783
701720833,xboot,98,0.5938031712044022,0.2920623043396473
701720833,xboot,99,0.7035174958219003,0.4347822869724798
701728596,xround,0,1.3819848399066614,0.518802521639814
701728596,xround,1,0.9356173979944764,0.27140611077406307
701728596,xround,2,0.913290921514119,0.4961543563864238
701728596,xround,3,0.869082532554682,0.4856850319672408
701728596,xround,4,1.1955089646164243,0.4895987905341247
701728596,xround,5,0.9974414551902923,0.3861315572740731
701728596,xround,6,0.8574002037185924,0.33928621924411784
701728596,xround,7,0.9520152075328784,0.4933952292719451
701728596,xround,8,1.1000512387415118,0.40789295078381016
701728596,xround,9,1.0582192714251968,0.47148376142712156
701728596,xround,10,0.80805132663734,0.3113253914217753
701728596,xround,11,0.935134504848318,0.4361624267687364
701728596,xround,12,0.946788933771988,0.4115391070209292
701728596,xround,13,0.30367558410185985,0.21139355431912266
701728596,xround,14,0.882218553049395,0.3571831072234395
701728596,xround,15,0.16034499335494729,0.17978627805501046
701728596,xround,16,0.868881068590717,0.3795829519923738
701728596,xround,17,0.9739901892147785,0.46049590699521326
701728596,xround,18,0.9962601135557709,0.3189018208564557
701728596,xround,19,0.9340123922239626,0.44238409930302125
701728596,xround,20,1.1855333617085642,0.4990566656664178
701728596,xround,21,0.8277793278512139,0.42145819545367225
701728596,xround,22,1.1424942317072082,0.3823171817764849
701728596,xround,23,0.15099416052701584,0.13319298997067375
701728596,xround,24,0.32106405232115215,0.24170507431475707
701728596,xround,25,1.1312312190467462,0.21575755883960157
701728596,xround,26,0.22911260351422233,0.23303333047478703
701728596,xround,27,0.6284377585597231,0.32481326377050945
701728596,xround,28,0.8474340152404305,0.47786276947228346
701728596,xround,29,0.993656963837696,0.46752014505727923
701728596,xround,30,1.318393164326583,0.4563427636379276
701728596,xround,31,1.0035683494467513,0.29456940253586705
701728596,xround,32,0.2811424723634861,0.18925177852012665
701728596,xround,33,1.0478746519869395,0.3182188333355157
701728596,xround,34,0.9495183254640832,0.2867422187179023
701728596,xround,35,0.9521753995914144,0.37875222495940597
701728596,xround,36,0.9340000275939029,0.4423840994474987
701728596,xround,37,1.0088506252697238,0.40022002509498955
701728596,xround,38,0.8703491177674033,0.4756738019391251
701728596,xround,39,1.205393156555762,0.39650585637357805
701728596,xround,40,0.800365429908329,0.4300031225008284
701728596,xround,41,0.8232695854730205,0.22058345599783202
701728596,xround,42,1.03712294358307,0.3898744831371117
701728596,xround,43,1.00931656704145,0.3750447343081046
701728596,xround,44,0.8114472631580553,0.2878744549757132
701728596,xround,45,0.8618802427131568,0.38248875394665327
701728596,xround,46,1.0583807149573299,0.4828421064316769
701728596,xround,47,1.132714875194292,0.42364396012305916
701728596,xround,48,1.1876203012846926,0.0873981402386852
701728596,xround,49,1.0774284174341928,0.3384810268772682
701728596,xround,50,0.9222786736895635,0.4678446791848333
701728596,xround,51,1.026461397312601,0.35319849734426034
701728596,xround,52,1.1479108350891145,0.46360498411718853
701728596,xround,53,0.8838816293532992,0.3584866539579902
701728596,xround,54,0.9561248104268385,0.29881210961836724
701728596,xround,55,0.1735691250843305,0.14988901049435788
701728596,xround,56,1.0457872709017664,0.41771330494365244
701728596,xround,57,1.0097969070737798,0.35045024077741194
701728596,xround,58,0.9025603743412813,0.3410988196465847
701728596,xround,59,0.8545604091271445,0.5078115018329978
701728596,xround,60,1.2212415533154493,0.34389952365048315
701728596,xround,61,1.0062008133357385,0.41081370471932754
701728596,xround,62,0.9880318327171882,0.3570391602418346
701728596,xround,63,1.0013596387183896,0.42817178866229766
701728596,xround,64,0.25490449850295793,0.19622830019677084
701728596,xround,65,0.8133969884998953,0.4225361133858091
701728596,xround,66,0.17800805087908,0.24626658345138863
701728596,xround,67,1.2854020817215885,0.47938591953241616
701728596,xround,68,0.9409844431522768,0.41780480151213206
701728596,xround,69,1.0264450026914322,0.3531984975477802
701728596,xround,70,0.1572312938770476,0.23205525701150864
701728596,xround,71,0.12792790433507553,0.21981639440122935
701728596,xround,72,0.9717805899351949,0.45471491866167757
701728596,xround,73,1.2806968215807062,0.141965891958583
701728596,xround,74,1.7131940447076477,0.49375338763759424
701728596,xround,75,0.9102062545318187,0.4931429768480028
701728596,xround,76,1.2158333765411422,0.3450005337163887
701728596,xround,77,0.9177977174479658,0.33484729771631017
701728596,xround,78,0.8591203020955712,0.44504469340241126
701728596,xround,79,1.037379933167457,0.4918965967445994
701728596,xround,80,0.7990472321280073,0.3063722266891993
701728596,xround,81,0.9353401344139761,0.355338675885689
701728596,xround,82,0.9092425475753584,0.4325384956886993
701728596,xround,83,0.8921702386729028,0.503462171530368
701728596,xround,84,0.9898392959921954,0.4489384102746189
701728596,xround,85,1.215747966313206,0.34500053589750057
701728596,xround,86,0.9279315016220366,0.3975643415913803
701728596,xround,87,0.22236387557748605,0.13337232970201296
701728596,xround,88,1.613222380868384,0.38999803740962014
701728596,xround,89,0.8277930773059337,0.42145819502125226
701728596,xround,90,1.199518267020748,0.480726165174441
701728596,xround,91,0.9692414115698047,0.4022036368506253
701728596,xround,92,0.7330590065391828,0.44849657024682976
701728596,xround,93,0.17164430536306247,0.22223351055724327
701728596,xround,94,1.2189281774795047,0.2566078905853507
701728596,xround,95,0.8350270064587931,0.3503916673864609
701728596,xround,96,0.8128204602772146,0.16847614056778748
701728596,xround,97,1.1681832634490175,0.38583914318907464
701728596,xround,98,0.9911363475496434,0.31960883783208516
701728596,xround,99,0.783031723074703,0.12710594586761803
701728596,xboot,0,0.802545221284427,0.4575005623919133
701728596,xboot,1,0.9210636093033304,0.4110421932579701
701728596,xboot,2,1.0743943127500923,0.43962764375027097
701728596,xboot,3,0.11953826095860656,0.18907274325182521
701728596,xboot,4,0.7513031354443772,0.34168265636671236
701728596,xboot,5,0.9494830705219756,0.4415352145849032
701728596,xboot,6,1.1986179276195918,0.39500381323635103
701728596,xboot,7,0.7562439052015066,0.35304758075807186
701728596,xboot,8,0.8893371540381215,0.43393528060796804
701728596,xboot,9,0.5054462284959524,0.4278904952148258
701728596,xboot,10,1.0271763954753925,0.4895807985097037
701728596,xboot,11,0.9827873830395137,0.3813239309505003
701728596,xboot,12,1.0754018939315906,0.40841021728551774
701728596,xboot,13,0.9452197623888753,0.33684373103678855
701728596,xboot,14,0.797729315286689,0.48121921863080475
701728596,xboot,15,0.27507061968172963,0.21414861405016794
701728596,xboot,16,0.574392699212595,0.29293953380482074
701728596,xboot,17,0.72966941884747,0.4629149605364733
701728596,xboot,18,1.0275936910091346,0.3038014711530973
701728596,xboot,19,0.29895360891955375,0.2193676644519056
701728596,xboot,20,0.5430679626319058,0.31564095236402023
701728596,xboot,21,0.5806545825165542,0.3949347491695362
701728596,xboot,22,0.9479548149791711,0.44789178474721403
701728596,xboot,23,0.7980279666670352,0.42602757163204985
701728596,xboot,24,0.8065347219848161,0.5005682343059676
701728596,xboot,25,0.13825662731000893,0.12153079278850176
701728596,xboot,26,0.7778684469361377,0.2978023401325727
701728596,xboot,27,0.7311033391392273,0.31428105039441157
701728596,xboot,28,0.7861578918299034,0.45093723699339905
701728596,xboot,29,0.2192215128858232,0.2197427092295795
701728596,xboot,30,0.759752524085645,0.1544354260036681
701728596,xboot,31,0.9495073568436322,0.4415352137727051
701728596,xboot,32,0.8959165427323367,0.38616296441384046
701728596,xboot,33,0.829389588220763,0.37076708721496154
701728596,xboot,34,0.729679623475485,0.4629149602193541
701728596,xboot,35,0.7786741419415207,0.49954755445099264
701728596,xboot,36,0.908383579612456,0.4460068234808505
701728596,xboot,37,0.7533915116519044,0.27971725216270893
701728596,xboot,38,0.7980279666670352,0.42602757163204985
701728596,xboot,39,0.9056642557549722,0.457913239164099
701728596,xboot,40,1.0273270966643517,0.303801471726149
701728596,xboot,41,0.9827909734019866,0.381323930997546
701728596,xboot,42,0.5497631936931234,0.3536518262010986
701728596,xboot,43,0.9245019520448875,0.4844549607742169
701728596,xboot,44,0.7789063908084891,0.33840410808705657
701728596,xboot,45,0.7785245832444513,0.49324718687939706
701728596,xboot,46,0.8332745213048098,0.4565620958586657
701728596,xboot,47,0.7391713951743992,0.3313149494324684
701728596,xboot,48,0.7502964644517025,0.43289217398904145
701728596,xboot,49,0.7381897744702267,0.26906803646858224
701728596,xboot,50,0.12032863548901267,0.21580165503979387
701728596,xboot,51,0.8192651711290478,0.4221677843146088
701728596,xboot,52,0.7497294506751931,0.4334700152917521
701728596,xboot,53,0.7054803097739867,0.3006204569648212
701728596,xboot,54,0.3368834035891072,0.17041036255075792
701728596,xboot,55,0.8163311585722475,0.4868234533146568
701728596,xboot,56,0.18262393649247124,0.20884698512066247
701728596,xboot,57,1.1288872708727902,0.39440734428692636
701728596,xboot,58,0.9566651983337202,0.4386512160759024
701728596,xboot,59,0.9112121061216486,0.3602320896436044
701728596,xboot,60,1.5420476846372662,0.2836241556733142
701728596,xboot,61,0.7168781815794985,0.36014161378162823
701728596,xboot,62,0.7298608286953542,0.3933470718453588
701728596,xboot,63,0.6898823387344485,0.4828016976311933
701728596,xboot,64,0.9095346250530237,0.31653128929922236
701728596,xboot,65,0.8274722030869851,0.43500472515398136
701728596,xboot,66,0.7188460961309905,0.44490226817312284
701728596,xboot,67,0.42100891710402005,0.23871662543026195
701728596,xboot,68,0.7389225416246832,0.33612530224682446
701728596,xboot,69,0.9722176946869412,0.4281232212589199
701728596,xboot,70,0.8092213190761662,0.44611233666968697
701728596,xboot,71,0.7245125703802257,0.4468895517071598
701728596,xboot,72,0.5806392243271673,0.394934749254934
701728596,xboot,73,0.9211196686751664,0.362244226113979
701728596,xboot,74,0.8735628485380739,0.4085858242117245
701728596,xboot,75,0.7778734943000105,0.2978023401650266
701728596,xboot,76,0.9056340412104075,0.45791323865032385
701728596,xboot,77,0.7378288318461895,0.5097956885351813
701728596,xboot,78,0.21897091518931308,0.178619723449148
701728596,xboot,79,1.0825744287998431,0.32900307846871046
701728596,xboot,80,0.75620310106301,0.3530475804430765
701728596,xboot,81,0.6733288407472505,0.3252574232812303
701728596,xboot,82,0.7749199356404242,0.3302525443512965
701728596,xboot,83,0.8202621949815483,0.3475156224274123
701728596,xboot,84,0.8554340937502227,0.19203503550979584
701728596,xboot,85,0.9805257022783969,0.34992690724779163
701728596,xboot,86,0.13496890258091848,0.21217182370663823
701728596,xboot,87,0.7668509425851433,0.4900975717890208
701728596,xboot,88,0.9611856156717251,0.44182695280349804
701728596,xboot,89,0.7668498882447037,0.4900975716972248
701728596,xboot,90,0.5430647478238322,0.3156409524069874
701728596,xboot,91,0.7513021250541312,0.34168265637128403
701728596,xboot,92,0.7987361398707851,0.37607456201181766
701728596,xboot,93,0.839616384542212,0.4669881986185961
701728596,xboot,94,0.7674394222332744,0.4506273506012065
701728596,xboot,95,0.7789012824127374,0.3384041080763275
701728596,xboot,96,0.7348988845099705,0.4508520472211721
701728596,xboot,97,1.0331449145855858,0.41540451381926347
701728596,xboot,98,0.9896611194787794,0.43671987432076576
701728596,xboot,99,1.0379689259805005,0.47712540043991514
701728919,xround,0,1.011546582547585,0.5057999125051845
701728919,xround,1,1.1071504026478916,0.6319507603404837
701728919,xround,2,0.9965425453665394,0.6441965548655537
701728919,xround,3,0.8897295827549627,0.5667627860517472
701728919,xround,4,0.9188411119285028,0.5410796866701637
701728919,xround,5,0.8676793918666161,0.5107968361012949
701728919,xround,6,0.8254526476304506,0.4679524513527107
701728919,xround,7,1.5226140141752886,0.5179732940505793
701728919,xround,8,1.0060416651293087,0.5802993517727131
701728919,xround,9,1.006624587687709,0.4399517516186514
701728919,xround,10,1.1313831083430987,0.6126663047129295
701728919,xround,11,1.004791245938719,0.5838070038638301
701728919,xround,12,1.0114058488972746,0.581914527641737
701728919,xround,13,0.953139990514641,0.5345723696034402
701728919,xround,14,1.2331704893548994,0.6037719424682486
701728919,xround,15,1.3291343955113994,0.5203827922344229
701728919,xround,16,1.2619837535509248,0.5887922388821636
701728919,xround,17,0.7133993435903414,0.55721236710333
701728919,xround,18,1.2149575753921378,0.3916101487174569
701728919,xround,19,0.8863750444022938,0.4308298038665803
701728919,xround,20,1.1385380790772741,0.47279382457861974
701728919,xround,21,1.0932505397084187,0.5334588450036948
701728919,xround,22,0.8134901900434451,0.536170921979273
701728919,xround,23,0.5093455088493543,0.2676224858849673
701728919,xround,24,1.2151558698270202,0.6107872077414178
701728919,xround,25,1.1606346670558172,0.4893722567207388
701728919,xround,26,0.8178495613705122,0.4527296668188936
701728919,xround,27,1.0970130884476372,0.6325916988769322
701728919,xround,28,1.178954345472567,0.639197335736506
701728919,xround,29,1.231556242737068,0.6607867219603609
701728919,xround,30,0.9092817075201961,0.5374027232701913
701728919,xround,31,1.141739749416993,0.4929453289626986
701728919,xround,32,1.0843880480436099,0.5666517521772907
701728919,xround,33,0.9560004719127497,0.46796744751108976
701728919,xround,34,1.3073168942555982,0.55961368487434
701728919,xround,35,0.12250577652527433,0.22536795381049934
701728919,xround,36,0.11086539213456467,0.34641686959586093
701728919,xround,37,1.036200552396212,0.5807852607582938
701728919,xround,38,0.8608052907690155,0.4483609758259949
701728919,xround,39,0.5692237257957499,0.26270473772889835
701728919,xround,40,1.041142485990241,0.6490983033917865
701728919,xround,41,0.8755202980949309,0.5107909094883036
701728919,xround,42,0.7977857862486859,0.5191739275696822
701728919,xround,43,1.176278476236895,0.42365801594306673
701728919,xround,44,0.8172667843755702,0.5311662487055958
701728919,xround,45,0.9702235990063056,0.5128818493886433
701728919,xround,46,0.5093537952403118,0.2676224733824757
701728919,xround,47,0.9176093650943572,0.54470782126479
701728919,xround,48,1.19433346094706,0.6069889893053932
701728919,xround,49,1.3291573340087985,0.5203827875407528
701728919,xround,50,1.0248437434860307,0.4779451478422091
701728919,xround,51,1.1789881402727738,0.6391973421118866
701728919,xround,52,0.996598146578802,0.6441965427744256
701728919,xround,53,1.2384035106375573,0.45112475398570906
701728919,xround,54,1.371243788502398,0.6491431269074552
701728919,xround,55,1.2782800023436227,0.6188158070488005
701728919,xround,56,0.9764829225379419,0.6106224065430077
701728919,xround,57,1.1682486129031178,0.5644964928608094
701728919,xround,58,1.078255272789123,0.5599232890298844
701728919,xround,59,1.0975714404241776,0.5184119271103604
701728919,xround,60,0.9396207429413583,0.5172195736411539
701728919,xround,61,0.4787883616740874,0.20563453882899563
701728919,xround,62,0.922603832089975,0.48050685307431673
701728919,xround,63,1.0329524974951667,0.5683490940250333
701728919,xround,64,0.8209694316995236,0.4488943345639592
701728919,xround,65,0.7939247731089705,0.5318158888440868
701728919,xround,66,1.007435420658249,0.5335389232792318
701728919,xround,67,1.0327679016594284,0.45559560387811815
701728919,xround,68,1.2881456514181107,0.5070250503123206
701728919,xround,69,0.9719845813038821,0.5821617344142476
701728919,xround,70,1.2144006179086881,0.4695186360093503
701728919,xround,71,0.8325931877322441,0.48956911219673305
701728919,xround,72,1.214416336569611,0.610787127476391
701728919,xround,73,0.8860288782514759,0.5479602387771303
701728919,xround,74,0.9763792713988438,0.6106223975003111
701728919,xround,75,1.9771546457314784,0.5682718892795788
701728919,xround,76,1.2086806043246834,0.4959858217704929
701728919,xround,77,1.2846471503991972,0.5891746489424026
701728919,xround,78,1.0115280157183795,0.505799901547093
701728919,xround,79,0.9771283572015376,0.5406400061046488
701728919,xround,80,0.897134440068497,0.45183464703731346
701728919,xround,81,1.0486159694426662,0.5885279245212605
701728919,xround,82,1.191165348163943,0.46549062357194526
701728919,xround,83,1.1293942397516774,0.5549094667063763
701728919,xround,84,1.0048934125057927,0.5838070111366347
701728919,xround,85,0.8617250469000425,0.5387815024896931
701728919,xround,86,0.9735150796984305,0.6072914779180114
701728919,xround,87,1.0120242592271185,0.48101092618769137
701728919,xround,88,0.9769917081389006,0.6454854769118432
701728919,xround,89,1.2147836917519346,0.6504284359470278
701728919,xround,90,1.3163570303261696,0.6644129423208851
701728919,xround,91,1.0068251527572585,0.4399517829821171
701728919,xround,92,0.8662121843982804,0.4778687536776183
701728919,xround,93,1.129149579636305,0.5549094496915975
701728919,xround,94,0.9159148863044905,0.49222397887943625
701728919,xround,95,0.9527105879620539,0.5483589704959304
701728919,xround,96,1.17493707552597,0.6195289637876171
701728919,xround,97,1.0539962797076874,0.48303678577311304
701728919,xround,98,0.8592245431716726,0.556309975466975
701728919,xround,99,1.0515625762540004,0.6607829295126464
701728919,xboot,0,0.6096678212880733,0.6301537200968284
701728919,xboot,1,0.6994189436143452,0.5542604728764009
701728919,xboot,2,0.8691058489299814,0.5327991979411851
701728919,xboot,3,0.6514509199951402,0.5621364572971689
701728919,xboot,4,0.9117387719391956,0.5091517027306109
701728919,xboot,5,0.5911895502999881,0.4835704717159157
701728919,xboot,6,0.764660585413527,0.6565688560897447
701728919,xboot,7,0.7940255925605201,0.4848044441109377
701728919,xboot,8,0.8611152682094437,0.4589264145436972
701728919,xboot,9,0.7891626365557666,0.5653106550259637
701728919,xboot,10,0.8780626555036308,0.6146232725340983
701728919,xboot,11,0.6830711036500691,0.5686067580209285
701728919,xboot,12,0.6422765328043626,0.4807534426422089
701728919,xboot,13,0.5832685224895737,0.471062286886228
701728919,xboot,14,0.7369964937329828,0.47317913557924896
701728919,xboot,15,0.6917785252758636,0.4155296142805117
701728919,xboot,16,0.7995950450522963,0.5053185310896214
701728919,xboot,17,0.6797177872197001,0.6248575332635176
701728919,xboot,18,0.789173460688438,0.5840332096083484
701728919,xboot,19,0.8679769832496784,0.5830680845264682
701728919,xboot,20,0.7492658946733729,0.5844627949405294
701728919,xboot,21,0.920075440673097,0.6294950121329367
701728919,xboot,22,0.6876351131901944,0.5675211810917079
701728919,xboot,23,0.7281585235946307,0.5779981967256247
701728919,xboot,24,0.7015909322459892,0.562576641576634
701728919,xboot,25,0.6848126808977055,0.522543466786803
701728919,xboot,26,0.8575786075410389,0.6530811698235864
701728919,xboot,27,0.635791857150175,0.6641567682390241
701728919,xboot,28,0.6990827070529302,0.5018845466152477
701728919,xboot,29,0.5695282831824285,0.47147608170976596
701728919,xboot,30,0.751524276378948,0.49781606761551167
701728919,xboot,31,0.6908675854661614,0.604018954739389
701728919,xboot,32,0.6908675854661614,0.604018954739389
701728919,xboot,33,0.7269832554922978,0.47076990507186567
701728919,xboot,34,0.6091511924941289,0.4424257733550673
701728919,xboot,35,0.7295449730377744,0.6101389232307219
701728919,xboot,36,0.7975929057072308,0.6552551422441875
701728919,xboot,37,0.6608282300486382,0.43452600805468633
701728919,xboot,38,0.7086425173225147,0.44145397087701
701728919,xboot,39,0.6219999843369417,0.5896791152745988
701728919,xboot,40,0.7751028405426419,0.5578720543786211
701728919,xboot,41,0.6043220132599985,0.4918703325678261
701728919,xboot,42,0.7764735380250484,0.48451245945168286
701728919,xboot,43,0.7865305275820353,0.5216379049672967
701728919,xboot,44,0.8053519905829798,0.5640454707636147
701728919,xboot,45,0.7389983909875955,0.5890418300405227
701728919,xboot,46,0.6414391173648198,0.4645686957045686
701728919,xboot,47,0.6848126808977055,0.522543466786803
701728919,xboot,48,0.9345532070042714,0.609529762986862
701728919,xboot,49,0.8704061382663278,0.543494938311418
701728919,xboot,50,0.7792964724324765,0.42084603204043924
701728919,xboot,51,0.8597555743230928,0.4113877647740519
701728919,xboot,52,0.7080189008614161,0.44132407344238056
701728919,xboot,53,0.7430586634780066,0.5812467971682461
701728919,xboot,54,0.7015909322459892,0.562576641576634
701728919,xboot,55,0.9127758980027095,0.4637144580368331
701728919,xboot,56,0.6931710161330522,0.43007440168692734
701728919,xboot,57,0.9526506214591953,0.5549141783122212
701728919,xboot,58,0.8282076574313884,0.5251801314872346
701728919,xboot,59,0.7180261587545804,0.5631733265584586
701728919,xboot,60,0.7850896715890526,0.6294820083896318
701728919,xboot,61,0.7792964724324765,0.42084603204043924
701728919,xboot,62,0.7369789969130046,0.47317914967173214
701728919,xboot,63,0.7386320814633337,0.5890417995659807
701728919,xboot,64,0.8526997005002004,0.4647574010782449
701728919,xboot,65,0.6141546177974418,0.4599131827539067
701728919,xboot,66,0.775411986412596,0.5803993960314824
701728919,xboot,67,0.745794923357992,0.5952444233540308
701728919,xboot,68,0.6068648846262986,0.6209845561374926
701728919,xboot,69,0.6085962880049256,0.48523377183446137
701728919,xboot,70,0.8902624314608227,0.43503190791958135
701728919,xboot,71,0.7508935889272906,0.5655282221925764
701728919,xboot,72,0.6839617031029839,0.6030531248594736
701728919,xboot,73,0.7609929847221819,0.5660717851418204
701728919,xboot,74,0.7408342321698286,0.4670268471378052
701728919,xboot,75,0.8324053066730303,0.5043363825528006
701728919,xboot,76,0.7273825425799757,0.5187649776247456
701728919,xboot,77,0.6842245281619268,0.530471960929296
701728919,xboot,78,1.081755702151505,0.6095032582497768
701728919,xboot,79,0.2794210580002415,0.26088678056153836
701728919,xboot,80,0.7081614788369778,0.4413240214405306
701728919,xboot,81,0.6630932795160714,0.6166124388034839
701728919,xboot,82,0.8779580185899026,0.5942767452173707
701728919,xboot,83,0.7593955255083172,0.603406327966828
701728919,xboot,84,0.5917148300003472,0.5501521250426695
701728919,xboot,85,0.708647648955046,0.44145391636342035
701728919,xboot,86,0.8585308864643773,0.5119108602263502
701728919,xboot,87,0.7487472455122396,0.5655008307496321
701728919,xboot,88,0.632544346711219,0.4592375369844397
701728919,xboot,89,0.7171689300223378,0.6396542841116024
701728919,xboot,90,0.7871453031806489,0.5881200634631434
701728919,xboot,91,0.8481636657408533,0.4373938795513317
701728919,xboot,92,0.733571983797062,0.5632822519936183
701728919,xboot,93,0.7115803393239329,0.5086639849315833
701728919,xboot,94,0.7013361681718538,0.5214789900058227
701728919,xboot,95,0.6302164762376536,0.5971481834602339
701728919,xboot,96,0.7240458314819452,0.6174277838049764
701728919,xboot,97,0.7541461845382615,0.48327041165765794
701728919,xboot,98,0.7949712592380418,0.48346579293903025
701728919,xboot,99,1.6946749955487368,0.5434652723662929
