cell_id,kind,draw,kappa_dir,r_squared,u_planted,u_recovered
517409263,round,0,1.179522602365042,0.5166068773471462,85.23699527015111,91.23042808237233
517409263,round,1,1.1377095806372384,0.6022953152665941,85.23699527015111,96.13868163507948
517409263,round,2,1.1470957123689567,0.4718494967271557,85.23699527015111,89.82627534605979
517409263,round,3,1.0491154340547846,0.45528751842134807,85.23699527015111,79.84522736947144
517409263,round,4,0.9581737288663249,0.5392533570610973,85.23699527015111,80.01285712160792
517409263,round,5,0.8342919249666312,0.4432953452390176,85.23699527015111,80.27597962078183
517409263,round,6,0.9405508655442802,0.5653168021407995,85.23699527015111,96.110320753291
517409263,round,7,1.1625027006782729,0.40351874199348603,85.23699527015111,84.7564907169754
517409263,round,8,1.2685094851904248,0.46587005260307157,85.23699527015111,81.69259839613716
517409263,round,9,0.9724040452177518,0.4867233273491207,85.23699527015111,83.40058951053199
517409263,round,10,1.0499642236143611,0.43201614530623633,85.23699527015111,90.52215190748592
517409263,round,11,0.8885040581092336,0.49075345004402304,85.23699527015111,81.10750133515658
517409263,round,12,0.879180117813362,0.4588997100260178,85.23699527015111,98.02129445328953
517409263,round,13,0.8065398132677915,0.4668537801530064,85.23699527015111,90.37391454832112
517409263,round,14,0.8002592100211111,0.4457276150356828,85.23699527015111,81.77106796275785
517409263,round,15,1.1324175685306552,0.4487797610206461,85.23699527015111,90.75687889286854
517409263,round,16,1.3564283930704042,0.48206435053593344,85.23699527015111,79.02324256614006
517409263,round,17,0.3039593041903294,0.2614230055656831,85.23699527015111,173.63836063865332
517409263,round,18,0.15840977954676472,0.34995613006056947,85.23699527015111,167.0460240143883
517409263,round,19,1.1843090122391349,0.5064075207513865,85.23699527015111,84.09623462557175
517409263,round,20,0.9958710162284006,0.5476567232523059,85.23699527015111,84.07642462041689
517409263,round,21,5.183671080466502,0.3014797527884465,85.23699527015111,85.37603541750372
517409263,round,22,0.6556966127752811,0.4606813432959991,85.23699527015111,88.08852090466269
517409263,round,23,1.1994084105349327,0.4195816031722367,85.23699527015111,93.53692461141833
517409263,round,24,0.9265929634833079,0.43083785532294383,85.23699527015111,88.14563722401189
517409263,round,25,0.13982196677644598,0.15030876914090596,85.23699527015111,160.08939203065003
517409263,round,26,1.1254947022496395,0.4577718643366381,85.23699527015111,77.89635244154545
517409263,round,27,0.8264118309510172,0.45212655962591,85.23699527015111,83.73464438147427
517409263,round,28,1.1706285686719122,0.5322038079088481,85.23699527015111,84.36760357437214
517409263,round,29,0.24659240360136472,0.14139832637872973,85.23699527015111,0.9446408838680611
517409263,round,30,1.13149640664527,0.5868130948472043,85.23699527015111,92.4638677406893
517409263,round,31,0.9204881436865158,0.4988646876533066,85.23699527015111,77.24373069605296
517409263,round,32,1.141310974169357,0.44567198672362063,85.23699527015111,86.1460756398098
517409263,round,33,0.9600355143864634,0.48594017214732177,85.23699527015111,91.98398588622611
517409263,round,34,1.0665508489802895,0.5696887055825455,85.23699527015111,78.86628694637002
517409263,round,35,1.3005851062598364,0.47617327101389395,85.23699527015111,92.14230030501503
517409263,round,36,0.9244194112626402,0.4644640915502771,85.23699527015111,87.27699519983855
517409263,round,37,1.1208472992004987,0.5049331588766837,85.23699527015111,90.10198779580591
517409263,round,38,0.9411947044815296,0.3997430347163209,85.23699527015111,85.20496632913962
517409263,round,39,0.07134255567553555,0.1831791809430946,85.23699527015111,142.8351045882245
517409263,round,40,1.0467256995256244,0.4799325921180202,85.23699527015111,81.17423900845122
517409263,round,41,0.8162045840958188,0.43839048120144786,85.23699527015111,86.27498779085848
517409263,round,42,0.7906494015857327,0.5235470566691849,85.23699527015111,75.8792702019303
517409263,round,43,0.6556716316325308,0.4606813436453012,85.23699527015111,88.08856954607619
517409263,round,44,1.2030136071627096,0.5891033133927277,85.23699527015111,80.98153357447529
517409263,round,45,0.6831199785098573,0.4330788282455512,85.23699527015111,105.84938588805046
517409263,round,46,0.8199235190689594,0.5006273855986634,85.23699527015111,85.13537808547103
517409263,round,47,1.0444958900347197,0.4589958511535257,85.23699527015111,81.3741384288187
517409263,round,48,0.2720463028411965,0.1741186791596343,85.23699527015111,140.79824555343015
517409263,round,49,0.9785453373433737,0.5732596815947122,85.23699527015111,79.84099673242824
517409263,round,50,1.1208766126323517,0.5534835702061329,85.23699527015111,95.22381091169306
517409263,round,51,0.8030826069484799,0.522612374954311,85.23699527015111,81.0519163723531
517409263,round,52,0.8845154534526778,0.4295159630664783,85.23699527015111,84.61624970599006
517409263,round,53,1.3061760901121349,0.5436172810608506,85.23699527015111,76.97300585064261
517409263,round,54,0.24804213120390844,0.2918805944955327,85.23699527015111,11.915197206465706
517409263,round,55,1.507306568663161,0.24206066015415106,85.23699527015111,87.60880483322364
517409263,round,56,1.082856461143436,0.5810255526073418,85.23699527015111,79.75883962120787
517409263,round,57,0.9769707506745285,0.40570707000688255,85.23699527015111,95.18356812800161
517409263,round,58,1.1550816175972354,0.5479799678341902,85.23699527015111,94.27727681474535
517409263,round,59,1.320474152229412,0.46517463642295753,85.23699527015111,88.60058187533184
517409263,round,60,1.0047120726632357,0.3886677424636139,85.23699527015111,85.6056225713154
517409263,round,61,1.0210317651027485,0.45529850978827746,85.23699527015111,80.02064777027636
517409263,round,62,0.6104509380569327,0.36011669784789724,85.23699527015111,108.9199089444145
517409263,round,63,0.6899608149636028,0.29495577887847435,85.23699527015111,80.69234885411021
517409263,round,64,0.8197670713692922,0.43668091351682903,85.23699527015111,100.49223234190883
517409263,round,65,0.34454863649443307,0.3258843325589219,85.23699527015111,18.152085494642648
517409263,round,66,0.8618539374934244,0.5359893854719244,85.23699527015111,94.10621728422579
517409263,round,67,1.1723701959010884,0.33727799098269706,85.23699527015111,88.76359118173252
517409263,round,68,0.9959263057744228,0.5476567229858755,85.23699527015111,84.07341329979884
517409263,round,69,0.836084019211151,0.5248742885982529,85.23699527015111,91.88284476026696
517409263,round,70,1.1104852065438424,0.5342085922620268,85.23699527015111,78.94225784704184
517409263,round,71,1.1737655888326373,0.498524100176299,85.23699527015111,71.57131000054184
517409263,round,72,1.1067074220702542,0.4056932410238543,85.23699527015111,81.08015317167701
517409263,round,73,1.0470247364435854,0.37422508263038434,85.23699527015111,99.31375222333497
517409263,round,74,1.1210524141405205,0.5534835738268069,85.23699527015111,95.22187490916548
517409263,round,75,0.8232314730190623,0.4230538761079632,85.23699527015111,79.84540216774175
517409263,round,76,0.6590186674672955,0.40506017182306553,85.23699527015111,68.22651355934778
517409263,round,77,1.2081606087028356,0.5282647562871927,85.23699527015111,89.39784453205255
517409263,round,78,0.9143756988847633,0.3950826383036282,85.23699527015111,96.03870891496872
517409263,round,79,1.2914649383363896,0.4787497911270242,85.23699527015111,81.62313834358051
517409263,round,80,0.8710508827497884,0.49529314633412436,85.23699527015111,85.53902087907227
517409263,round,81,0.7962084836805537,0.19786808496163855,85.23699527015111,158.73380134634814
517409263,round,82,0.8665664460214506,0.5167322220362388,85.23699527015111,92.47702702178753
517409263,round,83,1.0206728359089992,0.39455864801728224,85.23699527015111,91.95299087999032
517409263,round,84,0.9766543016636443,0.45669681734073875,85.23699527015111,81.14890704200494
517409263,round,85,0.2658864590963961,0.2732052991779257,85.23699527015111,11.860237725467067
517409263,round,86,0.29524081488230386,0.2187130007202721,85.23699527015111,10.13997262148436
517409263,round,87,0.952832940870591,0.5231697270169399,85.23699527015111,85.2493211414253
517409263,round,88,0.9222563956492502,0.5234655442196987,85.23699527015111,93.78504342377796
517409263,round,89,0.9088397814354023,0.4829051907076418,85.23699527015111,78.47259717271434
517409263,round,90,0.9121214473213126,0.5636080866766549,85.23699527015111,88.09565342518101
517409263,round,91,1.0471982006743112,0.37422508055325143,85.23699527015111,99.31186302807541
517409263,round,92,0.7630330494758693,0.5821069504413134,85.23699527015111,84.32184299660706
517409263,round,93,0.8253645199182365,0.5945741919598331,85.23699527015111,95.98015256404157
517409263,round,94,1.0272054231001888,0.47416441551716637,85.23699527015111,90.85100966865787
517409263,round,95,1.2646784348228057,0.34600709072124525,85.23699527015111,84.86216473537928
517409263,round,96,1.1060098953732027,0.6070164514245299,85.23699527015111,94.53061883820604
517409263,round,97,1.0471596491479773,0.3742250823518265,85.23699527015111,99.31241322207771
517409263,round,98,0.9716420469765308,0.47843819142587096,85.23699527015111,85.32554552847795
517409263,round,99,2.1793952698578467,0.1435915125815157,85.23699527015111,86.64655171034792
517409263,boot,0,0.9156873097644134,0.40391517463381266,85.23699527015111,72.834652943078
517409263,boot,1,0.8688444427973042,0.515383050906003,85.23699527015111,74.55519670593426
517409263,boot,2,0.5607319624198037,0.5160161740350976,85.23699527015111,92.14333065387449
517409263,boot,3,0.7896995095314979,0.381688567498208,85.23699527015111,92.85443564480347
517409263,boot,4,0.7213376174086158,0.43688332697875665,85.23699527015111,79.63644988961832
517409263,boot,5,0.642585944059266,0.5142500679658658,85.23699527015111,78.92849683962532
517409263,boot,6,0.6937451837673422,0.4480538320156019,85.23699527015111,85.27737496978884
517409263,boot,7,0.5682818029602483,0.5100746596425536,85.23699527015111,85.29522936530535
517409263,boot,8,0.7626552245914672,0.5523228281411364,85.23699527015111,94.49999865724831
517409263,boot,9,0.8318492660448966,0.6038947384991691,85.23699527015111,76.45928480208057
517409263,boot,10,0.6142055215435533,0.5822464182206942,85.23699527015111,90.95420206850473
517409263,boot,11,0.7110515498657595,0.5458403150661757,85.23699527015111,87.98390829583418
517409263,boot,12,0.8645505946024575,0.5409969308453599,85.23699527015111,83.84956988904338
517409263,boot,13,0.7613926012388245,0.4133147347371282,85.23699527015111,80.02593368958131
517409263,boot,14,0.7247654823106019,0.49289077090719513,85.23699527015111,83.11505917527235
517409263,boot,15,0.8538152652314163,0.47865744627164386,85.23699527015111,75.2046752121996
517409263,boot,16,0.8025329198786452,0.48239934011815233,85.23699527015111,93.71757643087066
517409263,boot,17,0.6447377092487026,0.44470946389786714,85.23699527015111,90.40415712109458
517409263,boot,18,0.8385882081562245,0.5636254736815776,85.23699527015111,86.27233035867285
517409263,boot,19,0.7921334680852848,0.3750174812277828,85.23699527015111,89.01103224307613
517409263,boot,20,0.5820939762810206,0.47325889024241463,85.23699527015111,87.88590549807283
517409263,boot,21,0.618511411265225,0.4531106365241324,85.23699527015111,76.54834643194789
517409263,boot,22,0.8734605983303766,0.4315773711127533,85.23699527015111,69.01866264573887
517409263,boot,23,0.9175777199232988,0.5359800559900066,85.23699527015111,72.21641038790378
517409263,boot,24,0.6117900023387042,0.35850599414771456,85.23699527015111,90.9177756273374
517409263,boot,25,0.3637595828534402,0.29000066573441563,85.23699527015111,157.02944869622746
517409263,boot,26,0.767414267641282,0.5177575487406166,85.23699527015111,85.05903292727413
517409263,boot,27,0.7297661659613291,0.590910797483176,85.23699527015111,75.10370260339744
517409263,boot,28,0.7688919782669938,0.46449298672771056,85.23699527015111,99.16342139696172
517409263,boot,29,1.0291548945487643,0.4131917262993692,85.23699527015111,92.99472783916266
517409263,boot,30,0.7693070724024407,0.5073667086810323,85.23699527015111,76.16548631916434
517409263,boot,31,0.17125647037391267,0.22865434920333672,85.23699527015111,156.06705670139297
517409263,boot,32,0.7664565370348695,0.5124165429830969,85.23699527015111,80.77062496274564
517409263,boot,33,0.9684957925469329,0.45662846257877754,85.23699527015111,91.41353492403714
517409263,boot,34,0.9685496834202832,0.45003940641063134,85.23699527015111,94.28584616035614
517409263,boot,35,0.21459683741087116,0.19650209355036996,85.23699527015111,144.17151776418
517409263,boot,36,0.655718470910064,0.536071513301736,85.23699527015111,78.51682714336974
517409263,boot,37,1.0451642943203252,0.5636245224935987,85.23699527015111,82.5536541972418
517409263,boot,38,0.9342121685682091,0.340730967573891,85.23699527015111,83.95214637037725
517409263,boot,39,1.119414396488588,0.29023922289688264,85.23699527015111,94.48167186799884
517409263,boot,40,0.4674564392188984,0.3177730942085878,85.23699527015111,30.373290073202355
517409263,boot,41,0.8552437803745356,0.5633442262157675,85.23699527015111,92.73786546593483
517409263,boot,42,0.7247407508731925,0.5558757240641405,85.23699527015111,84.4343985575832
517409263,boot,43,0.7772978896966924,0.3858979850437173,85.23699527015111,95.820908895251
517409263,boot,44,0.940605165477121,0.44479875927323664,85.23699527015111,79.3945425312371
517409263,boot,45,0.944059137368908,0.5144296324216986,85.23699527015111,73.83168484501635
517409263,boot,46,0.6884221107205092,0.5417866094224142,85.23699527015111,88.18678365889771
517409263,boot,47,0.8207077218188679,0.5459859836407435,85.23699527015111,81.81217823053667
517409263,boot,48,0.8252054106872552,0.5928665933830034,85.23699527015111,80.9636083969517
517409263,boot,49,0.8495765090831796,0.5661743678921366,85.23699527015111,84.09069077045672
517409263,boot,50,0.9614277759009395,0.41699161605443946,85.23699527015111,88.47907383034484
517409263,boot,51,0.749165784340608,0.44388044663791437,85.23699527015111,72.6833227204735
517409263,boot,52,0.9101167705466024,0.46336489073604237,85.23699527015111,94.00032964768455
517409263,boot,53,0.7626567286219927,0.5523228279511287,85.23699527015111,94.4999959248544
517409263,boot,54,0.7931641323780335,0.6052989672366698,85.23699527015111,93.41184901188936
517409263,boot,55,0.7889920060629835,0.6014587742500646,85.23699527015111,88.07840110711683
517409263,boot,56,0.82480019937956,0.4434314025803817,85.23699527015111,94.42726032387496
517409263,boot,57,0.7371938200560657,0.5319785026093946,85.23699527015111,82.05310255051627
517409263,boot,58,0.7943005687009661,0.5234964651335979,85.23699527015111,94.01680314419892
517409263,boot,59,0.8433016463974038,0.44004792896953104,85.23699527015111,83.62065293829686
517409263,boot,60,0.7595859707202434,0.44835447113697935,85.23699527015111,93.12941873521135
517409263,boot,61,0.4412609701621265,0.2189756271495482,85.23699527015111,66.9259790129476
517409263,boot,62,4.731792264092025,0.08774181686939386,85.23699527015111,121.99202385607583
517409263,boot,63,0.7435426189490385,0.3902039757809215,85.23699527015111,87.6917101635218
517409263,boot,64,0.9102984398514593,0.4633648907228658,85.23699527015111,94.0130652487557
517409263,boot,65,0.6652713473189369,0.3641647461269658,85.23699527015111,91.7412073488039
517409263,boot,66,0.9016318790612927,0.373098366902178,85.23699527015111,72.89485349335308
517409263,boot,67,0.4573983822774325,0.3154686473174335,85.23699527015111,150.80177822951333
517409263,boot,68,0.9107890570353969,0.5709174247384854,85.23699527015111,77.21514479634799
517409263,boot,69,0.8746189534281065,0.5099613256480235,85.23699527015111,89.09480191859885
517409263,boot,70,0.8474426075169141,0.4523336035667739,85.23699527015111,81.04410097126355
517409263,boot,71,0.7778453425680725,0.45245623072718655,85.23699527015111,78.42413812708753
517409263,boot,72,0.75910933571546,0.5977440859360099,85.23699527015111,76.79267510029813
517409263,boot,73,1.3448663371964804,0.35789018259024896,85.23699527015111,63.38289569725481
517409263,boot,74,0.7595528939559815,0.44835447279131846,85.23699527015111,93.1267790488577
517409263,boot,75,0.7774058907777557,0.5255373610185317,85.23699527015111,88.4677363950632
517409263,boot,76,0.33826629645930567,0.24464284968171535,85.23699527015111,28.09592910582313
517409263,boot,77,0.4267828231413921,0.2391909045522499,85.23699527015111,133.74871752105227
517409263,boot,78,0.6193524537742798,0.34077486779395105,85.23699527015111,87.88412273581703
517409263,boot,79,0.9704709774632072,0.591112919407108,85.23699527015111,69.31238591467331
517409263,boot,80,0.5816217560700945,0.425427310733942,85.23699527015111,69.44361287818211
517409263,boot,81,1.5825612211112945,0.27125018232527287,85.23699527015111,88.18247633670586
517409263,boot,82,0.8636263020500662,0.6052380832348012,85.23699527015111,76.4022384420226
517409263,boot,83,0.7490978038678328,0.4689486052356283,85.23699527015111,71.31190374627197
517409263,boot,84,0.6769960453456634,0.47663097975234936,85.23699527015111,92.76023527741206
517409263,boot,85,0.7110433596838415,0.5458403127374367,85.23699527015111,87.98595192794835
517409263,boot,86,0.5744251812604109,0.20747253959894707,85.23699527015111,151.11669693974247
517409263,boot,87,0.60099654175282,0.45534781186723283,85.23699527015111,81.61121971794917
517409263,boot,88,1.0356454368790606,0.6517304698692221,85.23699527015111,96.56851034583872
517409263,boot,89,0.8221862458381729,0.5174434184307946,85.23699527015111,93.19100086099658
517409263,boot,90,0.925902057607772,0.579085328577007,85.23699527015111,90.18196246270377
517409263,boot,91,1.0985311350552887,0.4986423292934036,85.23699527015111,82.97898261461037
517409263,boot,92,0.7760728340857267,0.5574042828237498,85.23699527015111,88.76642697699909
517409263,boot,93,0.9014474383597242,0.37309838921163063,85.23699527015111,72.8941773831925
517409263,boot,94,0.3685973019697354,0.29478105335555804,85.23699527015111,148.82667487987032
517409263,boot,95,0.9501339482743916,0.5298407780000216,85.23699527015111,80.68187215719347
517409263,boot,96,0.7663642366973575,0.512416548681605,85.23699527015111,80.76803689281822
517409263,boot,97,0.06814196084574482,0.146450055466683,85.23699527015111,169.62032039606657
517409263,boot,98,0.7383908954020167,0.5484416452971743,85.23699527015111,91.17754828278636
517409263,boot,99,0.7213231162854109,0.4368833260844692,85.23699527015111,79.63604554647762
517409263,rot,0,0.8278581721347781,0.47089648759269886,153.75559132536247,157.44279056432805
517409263,rot,1,0.7409962994796486,0.4086042182187034,92.94242123662035,102.96339424275402
517409263,rot,2,0.1112852795092387,0.1667104046570126,31.50210171063086,143.1348935581574
517409263,rot,3,0.6960358602936874,0.5134018967480989,158.09489174183665,146.42629051131925
517409263,rot,4,0.2671932791582212,0.303412529816694,86.68627613775679,9.800900750000055
517409263,rot,5,0.6171340519339042,0.5501824581513185,136.31503061052823,130.52083977981619
517409263,rot,6,0.6479057681398679,0.41809985479414935,60.489654653223944,62.388398238704305
517409263,rot,7,0.8118432942783749,0.5103544760185825,163.50926833623086,162.69446136901087
517409263,rot,8,0.9743470822587021,0.4901058795483576,22.182817889218008,21.623314461981835
517409263,rot,9,0.7815965143969896,0.5149407648568478,72.39111175501623,67.12190209701127
517409263,rot,10,0.7133117236280406,0.5613926213471309,145.84205395320467,144.4908808738089
517409263,rot,11,1.0639394650693939,0.594965157959173,100.58501831355746,102.09441460882509
517409263,rot,12,0.7268727584497188,0.49991027238530983,38.1656119105239,40.06714241379288
517409263,rot,13,0.8030728618058162,0.4239284390953124,0.047446567826865405,3.0180331203374733
517409263,rot,14,0.6250921560953878,0.507844860905968,45.21142228224711,35.56014940342186
517409263,rot,15,0.7183348639146643,0.4537794209672861,66.56830017874611,64.25202272376613
517409263,rot,16,0.575457502315624,0.48386954040283536,154.14327978970869,138.75156438877247
517409263,rot,17,0.8902894534071042,0.5240538666183889,76.07798941551141,73.01485367835936
517409263,rot,18,0.9170299869845205,0.4665561504683431,145.76951020860068,155.81629152706822
517409263,rot,19,0.6103965389661197,0.5518521726095411,39.257793705514196,36.843176879562094
517409263,rot,20,0.9137229498538696,0.5321107071177615,122.21571116140971,120.73275387375833
517409263,rot,21,0.9468417352524551,0.5455687391078328,86.66070796855024,92.7767338443026
517409263,rot,22,0.09676604352151673,0.2726270589169788,48.95368703840708,117.43096391259385
517409263,rot,23,0.7333991203687844,0.4602217564272525,57.67648923270861,56.74521233984938
517409263,rot,24,0.7388675288511417,0.4086296981616714,170.57942675164904,163.58948198529265
517409263,rot,25,0.9242039507351762,0.3792102884197416,165.24639121870922,165.18289768978318
517409263,rot,26,0.10588236816849443,0.24371843246056535,36.75907813126825,143.8358299930111
517409263,rot,27,0.7460764100660794,0.5517379784529151,154.36682312907652,156.55973000758553
517409263,rot,28,0.7800234162004666,0.4322605663993597,69.82646941243439,63.09384810308461
517409263,rot,29,1.0890499623884187,0.5521745097459321,149.98916601506323,147.2289517246685
517409263,rot,30,0.7230937491350466,0.45489191638780657,157.9999451039716,162.33213212275453
517409263,rot,31,0.7916554559204267,0.4679485889535341,159.71525245579022,158.70137647501943
517409263,rot,32,0.7073407943805465,0.4428007533004492,57.137247196050986,58.813903351071296
517409263,rot,33,0.4272116967507676,0.39742149510253877,45.988805716278854,49.49856618743509
517409263,rot,34,0.873735489383153,0.4669965018359601,122.65701733601732,124.42620101816871
517409263,rot,35,0.08962793903155733,0.22749649146011297,9.871352809083128,104.74018582935301
517409263,rot,36,1.4448900457706586,0.4125371688241708,114.88687739141665,127.86608062033993
517409263,rot,37,1.0108310874637034,0.458932403347851,76.8158477957937,67.27987548542399
517409263,rot,38,1.1247191410354658,0.4955586880802404,5.773435985713322,3.244255841095651
517409263,rot,39,1.0489254025907355,0.4410027016858835,87.49074599075709,96.36183995065176
517409263,rot,40,0.6950999024780801,0.5015289551116586,151.19933749571172,156.62076153940632
517409263,rot,41,0.7639071883908478,0.5031117843367873,174.10371130612742,169.2090809251949
517409263,rot,42,0.7164852019873048,0.4608090158276634,49.800828373002346,42.58114847315429
517409263,rot,43,0.6628165234629823,0.525555949153433,157.18359431587476,160.0981317156447
517409263,rot,44,0.7818865127811699,0.5253779554208488,153.94776804900172,155.02557771257474
517409263,rot,45,0.8065743089042493,0.42061199014369366,107.2620445059808,116.91966310122896
517409263,rot,46,0.7626890066615228,0.45792106639516295,154.13155221491513,149.71104362450635
517409263,rot,47,0.08417511813245494,0.21059147430010383,51.075984664786475,138.49515114989495
517409263,rot,48,0.7904453547624245,0.4620744251548716,86.31866041699539,86.36338518761174
517409263,rot,49,0.8232118552375747,0.4848277820675593,28.30722963632229,30.643838543866327
517430463,round,0,1.3086771806396378,0.42938340469804526,44.81979192823465,53.39495376162074
517430463,round,1,1.0968938948650626,0.5904164704631627,44.81979192823465,50.16377850231146
517430463,round,2,0.8748974644766565,0.5415592699987497,44.81979192823465,51.031570748270134
517430463,round,3,0.7311312231565801,0.541468618818252,44.81979192823465,38.95261696302234
517430463,round,4,0.332366656101107,0.28965701350200856,44.81979192823465,138.5888308608327
517430463,round,5,1.0967198424558398,0.5904165800246001,44.81979192823465,50.18146287120845
517430463,round,6,0.7953674763500044,0.4962188785175944,44.81979192823465,29.869279296737595
517430463,round,7,0.977743852782122,0.5163203507910036,44.81979192823465,42.71675832041571
517430463,round,8,0.1935272740048406,0.1532607680794027,44.81979192823465,152.42978081401642
517430463,round,9,0.3884435215930643,0.27212553744133317,44.81979192823465,127.05107158697484
517430463,round,10,0.9563704219070843,0.5469802484868324,44.81979192823465,53.25189163915161
517430463,round,11,1.036724948160528,0.4038066485570412,44.81979192823465,37.87502886824045
517430463,round,12,0.3135214517526908,0.28996305275985,44.81979192823465,146.07858660923011
517430463,round,13,1.0892191741225712,0.498160840531194,44.81979192823465,57.04709490242243
517430463,round,14,0.9681056025742517,0.48732574950829,44.81979192823465,42.98874069445402
517430463,round,15,1.10467644181192,0.46623319080789094,44.81979192823465,35.04553587825126
517430463,round,16,0.8398895097789115,0.47066794324123207,44.81979192823465,45.23885057121644
517430463,round,17,0.8370939600462625,0.49980888192012995,44.81979192823465,43.99459374090361
517430463,round,18,0.9119310641258129,0.4860183846066114,44.81979192823465,38.69127015372922
517430463,round,19,0.9978704267055944,0.5013493460013208,44.81979192823465,35.786372721345046
517430463,round,20,0.09016290919558959,0.2808823605601348,44.81979192823465,119.44516584918878
517430463,round,21,1.2011734986455018,0.5474868419802502,44.81979192823465,53.175442214297334
517430463,round,22,0.8649284667512547,0.5446512795652998,44.81979192823465,40.26879158161631
517430463,round,23,1.0135468582771023,0.4548149402361631,44.81979192823465,45.90827584052772
517430463,round,24,1.1759861884887308,0.5514931893777314,44.81979192823465,51.39785428959655
517430463,round,25,0.9519449780246253,0.49244950299037304,44.81979192823465,55.944817616228924
517430463,round,26,0.7557701976228163,0.5710515338464356,44.81979192823465,54.54025306317006
517430463,round,27,0.9665154236179134,0.5541833256859241,44.81979192823465,49.020704885409074
517430463,round,28,0.8982965355235831,0.38860952178891106,44.81979192823465,38.44735093218584
517430463,round,29,0.26486235938158326,0.23384519855398922,44.81979192823465,98.35209506796524
517430463,round,30,1.089159104209566,0.49816077588167584,44.81979192823465,57.03383160984592
517430463,round,31,0.6841498560159579,0.521569644502029,44.81979192823465,55.71299288143119
517430463,round,32,0.9329019959340805,0.4387760323058325,44.81979192823465,35.21076405235669
517430463,round,33,0.829466363658033,0.4855191713923387,44.81979192823465,43.52876197776273
517430463,round,34,1.016610477544479,0.5146665521646023,44.81979192823465,48.95512313994942
517430463,round,35,0.9017180895230914,0.5370642309236109,44.81979192823465,49.01211273570625
517430463,round,36,1.2656034279878026,0.44473114689973603,44.81979192823465,41.444292078309104
517430463,round,37,1.342818692298796,0.5570689363379782,44.81979192823465,49.80614223194277
517430463,round,38,0.703849011218553,0.3182908496545267,44.81979192823465,179.99999999999997
517430463,round,39,0.7477347116823476,0.5116017720593318,44.81979192823465,39.43298598779704
517430463,round,40,0.7715755999537114,0.5009580319276292,44.81979192823465,38.062687249242195
517430463,round,41,0.8769007432098057,0.5125809632020267,44.81979192823465,53.789720866183515
517430463,round,42,1.015751690757991,0.5206708638057596,44.81979192823465,48.57692131450682
517430463,round,43,0.7643870759623838,0.5565985733979031,44.81979192823465,53.42931139015596
517430463,round,44,0.8737742742702246,0.48780815853776704,44.81979192823465,46.36610714777022
517430463,round,45,0.6968655526629717,0.29084846282887766,44.81979192823465,179.99999999999997
517430463,round,46,1.0414450823655759,0.4274297748785557,44.81979192823465,45.105441931645686
517430463,round,47,0.966859122576164,0.47177236795413413,44.81979192823465,56.60812512726494
517430463,round,48,0.841204787193604,0.48778499975187295,44.81979192823465,46.62333875385115
517430463,round,49,0.4912502959820542,0.26270044761261724,44.81979192823465,66.47638776781713
517430463,round,50,0.8123184703539098,0.4861109284492201,44.81979192823465,46.09564266015505
517430463,round,51,0.8043783988268498,0.5039984985728756,44.81979192823465,62.45119183656435
517430463,round,52,0.8641834815696653,0.5446515899524431,44.81979192823465,40.247134727012146
517430463,round,53,0.9300966160767519,0.5406585325203377,44.81979192823465,48.526194674795654
517430463,round,54,0.8478457414333295,0.5322699040990542,44.81979192823465,45.614729482726716
517430463,round,55,1.5040244612772042,0.5363024629560946,44.81979192823465,40.015730615795746
517430463,round,56,1.1365840709135675,0.4480212880044072,44.81979192823465,45.58187479721306
517430463,round,57,0.27316626087764534,0.266689505399489,44.81979192823465,160.6021008153281
517430463,round,58,0.759987736581992,0.5290026452888555,44.81979192823465,45.70937429074232
517430463,round,59,0.1559106428819398,0.22265771834033665,44.81979192823465,107.2873347512461
517430463,round,60,1.12951286331733,0.3554138165314161,44.81979192823465,53.93335412637566
517430463,round,61,0.9976369181034042,0.5013494384600653,44.81979192823465,35.794186845871366
517430463,round,62,0.07045033887566055,0.18343732849683125,44.81979192823465,111.13267321110767
517430463,round,63,1.8149192961162373,0.1825545327470297,44.81979192823465,79.55223663342716
517430463,round,64,1.0942138964856876,0.551446914312089,44.81979192823465,39.680403904292604
517430463,round,65,1.0146938587874605,0.42715881742925343,44.81979192823465,39.82083432426663
517430463,round,66,0.887658355555142,0.4491240225129851,44.81979192823465,45.06334236199709
517430463,round,67,1.3548144105496036,0.537818797133201,44.81979192823465,43.46783922279138
517430463,round,68,0.9530137841751817,0.5333401713018633,44.81979192823465,49.68311146472149
517430463,round,69,0.9901994566292766,0.3423550752196255,44.81979192823465,49.54391494486546
517430463,round,70,0.3788212057121172,0.3375760749528627,44.81979192823465,170.34263737079758
517430463,round,71,0.8550961502334938,0.5192847488459906,44.81979192823465,41.97347752823775
517430463,round,72,1.0372435062854972,0.40380620516540544,44.81979192823465,37.91005208820029
517430463,round,73,1.2577087864090577,0.5023228568836856,44.81979192823465,45.89180525033859
517430463,round,74,0.9770742008087897,0.2448770572195157,44.81979192823465,77.055271526515
517430463,round,75,0.9411361287119531,0.4620390527201699,44.81979192823465,42.675227289297915
517430463,round,76,0.7905997733367411,0.4365626721145226,44.81979192823465,42.36247696490952
517430463,round,77,1.0796711042299076,0.4663700760273357,44.81979192823465,47.743387199176624
517430463,round,78,0.9904135132077919,0.50996280634183,44.81979192823465,36.504644729703365
517430463,round,79,0.9737021660765659,0.48872781369426965,44.81979192823465,50.181562416005534
517430463,round,80,1.2217453011582808,0.35210060651371233,44.81979192823465,0.0
517430463,round,81,0.2192814592933782,0.18194243460334025,44.81979192823465,168.7816477065585
517430463,round,82,1.1357854162944163,0.4480212848609426,44.81979192823465,45.57892486864108
517430463,round,83,0.9686150229538452,0.48732579810717847,44.81979192823465,42.98832647353504
517430463,round,84,0.8114408117620582,0.44018115168545,44.81979192823465,37.644379190659464
517430463,round,85,1.1353607292906245,0.5348941143460887,44.81979192823465,38.06327188720073
517430463,round,86,0.9512401140045799,0.47194318533262647,44.81979192823465,42.63625113910081
517430463,round,87,0.7919386531971092,0.46669433589696196,44.81979192823465,44.901612141218315
517430463,round,88,1.206937838459912,0.47207161084208416,44.81979192823465,47.29629516802913
517430463,round,89,0.26864946204545354,0.2259492511242681,44.81979192823465,143.3033743817181
517430463,round,90,0.9623447904470931,0.5767835076264849,44.81979192823465,40.841220302989086
517430463,round,91,1.4046304563045051,0.5326579732573865,44.81979192823465,42.89645764756503
517430463,round,92,1.0640805097395076,0.5151883366227912,44.81979192823465,45.171180264376204
517430463,round,93,0.8250300836173637,0.4359912800333072,44.81979192823465,40.20684609082636
517430463,round,94,1.1959626449490806,0.4987566344519977,44.81979192823465,45.085943817167475
517430463,round,95,0.4389522277956213,0.21880976505141747,44.81979192823465,117.6360666608127
517430463,round,96,1.2269187892122029,0.4795957850256779,44.81979192823465,39.65149240945638
517430463,round,97,1.222982852449,0.44078798586762624,44.81979192823465,59.8436814483465
517430463,round,98,0.8767763026627564,0.5362540637655772,44.81979192823465,44.97785265163506
517430463,round,99,0.7886681080178457,0.5215455165417836,44.81979192823465,34.21973235167411
517430463,boot,0,0.27354340576530833,0.27763929927839814,44.81979192823465,96.48982300087651
517430463,boot,1,0.7827889357173046,0.516702093554851,44.81979192823465,61.60433340124073
517430463,boot,2,0.8097164967449358,0.4416386664477219,44.81979192823465,41.10651505758159
517430463,boot,3,0.8619366946654988,0.493552018144925,44.81979192823465,39.782088605169385
517430463,boot,4,0.5924229319098889,0.3901689745930482,44.81979192823465,27.75094974383504
517430463,boot,5,0.6748651612597505,0.5116896391503798,44.81979192823465,52.33920243696729
517430463,boot,6,0.89917174864965,0.38724579315068397,44.81979192823465,45.59016129827273
517430463,boot,7,0.9101894492019641,0.5812765070769845,44.81979192823465,52.792592184552134
517430463,boot,8,0.478442082357424,0.2669044700182479,44.81979192823465,115.0730143784223
517430463,boot,9,0.6391764303541188,0.5369333606703839,44.81979192823465,48.906261882266584
517430463,boot,10,1.070889865935514,0.5472934042404796,44.81979192823465,47.804442068749324
517430463,boot,11,0.5925304962694594,0.3595028795895818,44.81979192823465,51.940610209271114
517430463,boot,12,0.6197696906213958,0.580975313486441,44.81979192823465,37.54372281447028
517430463,boot,13,1.1639571708646508,0.3848089720863338,44.81979192823465,0.0
517430463,boot,14,0.8824203317151734,0.3524304332764284,44.81979192823465,60.5951325671083
517430463,boot,15,0.7873034041079124,0.49093941360131743,44.81979192823465,34.730358049775305
517430463,boot,16,0.6775428724923116,0.489031265679036,44.81979192823465,43.26760446373981
517430463,boot,17,0.7218475181749028,0.47804170906521737,44.81979192823465,41.1887959615303
517430463,boot,18,0.8701613133850404,0.5676181119477681,44.81979192823465,48.2593883921806
517430463,boot,19,0.6024059051277929,0.5927894908235005,44.81979192823465,38.65890606729948
517430463,boot,20,0.7527004579681151,0.43756799047403194,44.81979192823465,55.102270639717844
517430463,boot,21,0.8060494424192347,0.5067299744650151,44.81979192823465,38.597734496639134
517430463,boot,22,0.7495983617850573,0.6063970489476016,44.81979192823465,50.850215952169634
517430463,boot,23,0.6373399057698093,0.47089415128849266,44.81979192823465,37.51406834544915
517430463,boot,24,0.879782529962593,0.5435281508769505,44.81979192823465,32.532162813991555
517430463,boot,25,0.7629464691246653,0.5595801351350986,44.81979192823465,38.34925753633789
517430463,boot,26,0.6653648362938845,0.3775636904164693,44.81979192823465,43.709067371862915
517430463,boot,27,0.651340688643643,0.5045073199425663,44.81979192823465,40.029783133587785
517430463,boot,28,0.19491435946498065,0.21114456040104201,44.81979192823465,127.65119593097208
517430463,boot,29,0.5668097078536729,0.37242935866673144,44.81979192823465,122.96872980004105
517430463,boot,30,0.6936115625558046,0.4284619653588112,44.81979192823465,39.95074721970931
517430463,boot,31,1.164879763590185,0.5964720398277563,44.81979192823465,63.732717464932534
517430463,boot,32,0.851416211569293,0.4941533602117334,44.81979192823465,56.39936692982009
517430463,boot,33,0.6505438480204606,0.5634742858817403,44.81979192823465,51.72841740545434
517430463,boot,34,0.8306736499645719,0.4931940508423116,44.81979192823465,40.83901029746892
517430463,boot,35,0.8448639091676767,0.4673687647037975,44.81979192823465,49.97662750446153
517430463,boot,36,0.7277322146451006,0.5412228136449606,44.81979192823465,47.67889068642096
517430463,boot,37,0.7239224590311426,0.5357292003030218,44.81979192823465,33.83148641009146
517430463,boot,38,0.8091481818523508,0.5146515871068132,44.81979192823465,40.8840182406048
517430463,boot,39,0.6862728688360491,0.452283064511818,44.81979192823465,44.381393278145595
517430463,boot,40,0.6242059922191079,0.4174433756236142,44.81979192823465,43.007153898891545
517430463,boot,41,0.8594417537036504,0.5094051375912305,44.81979192823465,41.140376962346664
517430463,boot,42,0.3660014775430804,0.2414205423252238,44.81979192823465,173.29680570119936
517430463,boot,43,0.7422536566318341,0.4798216026570703,44.81979192823465,42.46411287288896
517430463,boot,44,0.6019267024786138,0.5154180640207722,44.81979192823465,46.48024000658009
517430463,boot,45,0.8939455030939144,0.6345799299530935,44.81979192823465,46.63817591257014
517430463,boot,46,0.6848828450068084,0.3705569090070776,44.81979192823465,41.06592275626584
517430463,boot,47,0.844700688827119,0.46736892665363117,44.81979192823465,49.9876344870242
517430463,boot,48,0.23948702729461793,0.2085711955398848,44.81979192823465,132.508654552554
517430463,boot,49,0.751360429865408,0.4619879129690656,44.81979192823465,53.877801408533145
517430463,boot,50,0.6814457007036001,0.5829273769076353,44.81979192823465,48.561635602645225
517430463,boot,51,0.6067690206872316,0.3816655919375822,44.81979192823465,31.610611349749007
517430463,boot,52,0.7899310068419402,0.49470138082214865,44.81979192823465,52.21856514753037
517430463,boot,53,0.8428420548886298,0.415339171120785,44.81979192823465,43.45288502080621
517430463,boot,54,0.6727453998689904,0.5461204938437089,44.81979192823465,45.92029710539103
517430463,boot,55,0.9601152504817378,0.42350906592472015,44.81979192823465,44.18479890608401
517430463,boot,56,1.055397331838752,0.515196025806288,44.81979192823465,41.84535607302067
517430463,boot,57,1.0002644255110233,0.4070330915127184,44.81979192823465,51.4715666515406
517430463,boot,58,0.8000596215162651,0.4727344971629345,44.81979192823465,38.10520104921902
517430463,boot,59,0.5976425129615669,0.4338869573841374,44.81979192823465,46.38088501506749
517430463,boot,60,0.617578253801964,0.5286688573154721,44.81979192823465,39.2873058173852
517430463,boot,61,0.5814180406944729,0.5186462945178727,44.81979192823465,36.26430256510122
517430463,boot,62,0.9098350552324056,0.5812765296763214,44.81979192823465,52.800105850463076
517430463,boot,63,0.9013406536552925,0.49069820589873125,44.81979192823465,60.94071031615698
517430463,boot,64,0.657378503379047,0.33193464437384135,44.81979192823465,106.20270238912863
517430463,boot,65,0.39253825531907394,0.290335298265458,44.81979192823465,111.88806632623076
517430463,boot,66,0.7522750331463511,0.43756797986715623,44.81979192823465,55.08650211925456
517430463,boot,67,0.6288116035450744,0.5061512988140832,44.81979192823465,47.66475578602791
517430463,boot,68,0.45756896792625273,0.24787605827071046,44.81979192823465,98.57093824148373
517430463,boot,69,0.6055247424394633,0.5806827937436179,44.81979192823465,51.942452864628436
517430463,boot,70,0.7182189349477449,0.6093101790290002,44.81979192823465,44.67792868450534
517430463,boot,71,0.6700235766791566,0.439435733690972,44.81979192823465,49.03949627242918
517430463,boot,72,0.5393958629007886,0.5670515392220961,44.81979192823465,40.68290209513481
517430463,boot,73,0.5608258945423547,0.3689145535519065,44.81979192823465,119.89231271539984
517430463,boot,74,0.6417234987812672,0.5533792416985914,44.81979192823465,46.7625724139479
517430463,boot,75,0.6103163256528799,0.5940887077841175,44.81979192823465,57.811398151880745
517430463,boot,76,0.6673843513489762,0.5010126784976834,44.81979192823465,44.611606591465915
517430463,boot,77,0.6710495998983156,0.44119331965581876,44.81979192823465,37.096059077130896
517430463,boot,78,1.0934890870245788,0.32672951336289213,44.81979192823465,63.52358342132487
517430463,boot,79,0.9553824759265811,0.5041220041938594,44.81979192823465,39.905781666194294
517430463,boot,80,0.45496810396363685,0.24619784359344543,44.81979192823465,2.842170943040401e-14
517430463,boot,81,0.7518803980074391,0.47338575256596127,44.81979192823465,47.38826981237233
517430463,boot,82,0.7532273280391192,0.4750443102576367,44.81979192823465,43.45263299751514
517430463,boot,83,0.5790342710636237,0.45266487272626577,44.81979192823465,50.890081595992626
517430463,boot,84,0.5929391615418371,0.35950291442047577,44.81979192823465,51.929765967673745
517430463,boot,85,1.0379958728012617,0.5251563289445251,44.81979192823465,44.71866767605064
517430463,boot,86,0.2823475443763537,0.2545005914501731,44.81979192823465,144.38093847572327
517430463,boot,87,0.8795936764823392,0.5835473980109145,44.81979192823465,47.69167812932457
517430463,boot,88,0.8823965569328936,0.3524304447571941,44.81979192823465,60.59429956295333
517430463,boot,89,1.054496665965546,0.41378290337568213,44.81979192823465,52.613108777494574
517430463,boot,90,0.592647317419309,0.44520420023692564,44.81979192823465,39.268884811117196
517430463,boot,91,0.711059961623001,0.5309448302449807,44.81979192823465,49.495406002831686
517430463,boot,92,0.6791039373256919,0.2581784230171845,44.81979192823465,66.39405631420807
517430463,boot,93,0.812320715113599,0.44163910287360486,44.81979192823465,41.176679427515694
517430463,boot,94,0.9590389221149047,0.42350970171189295,44.81979192823465,44.23412436223694
517430463,boot,95,0.7173959483712495,0.49255540139041654,44.81979192823465,49.275196177126986
517430463,boot,96,2.0338865329036158,0.3312250967691135,44.81979192823465,0.0
517430463,boot,97,0.7382734242668711,0.440536801731799,44.81979192823465,43.68847384671909
517430463,boot,98,0.7383558146691531,0.44053679462328155,44.81979192823465,43.68602249554354
517430463,boot,99,0.9382603346047758,0.5268863650369062,44.81979192823465,50.568054159428186
517430463,rot,0,0.5911866037972199,0.3495553034584593,82.54758769164121,77.36999738996121
517430463,rot,1,0.8672389060182122,0.554703052102973,165.75162207993088,171.4077784446491
517430463,rot,2,0.765149544931384,0.5699448530515255,175.49083755148888,3.0438457021857133
517430463,rot,3,0.8093205537035988,0.3862486119935262,128.767434129319,129.67779695967212
517430463,rot,4,0.6918943520243952,0.3667386543915995,4.878076017299877,2.804244695302111
517430463,rot,5,0.7510855744701636,0.4990851076795837,179.10146967232964,3.0289601902908716
517430463,rot,6,0.8843219870565048,0.44390557583660206,42.33023841888824,46.6288447736427
517430463,rot,7,0.6609310823712582,0.45485561470801117,45.68279591420905,57.38247626607122
517430463,rot,8,0.6435122058781898,0.442430267012799,117.01709019038921,113.24879798566131
517430463,rot,9,0.6431236194210627,0.5261977788311041,13.396416839148888,15.276989885467827
517430463,rot,10,0.9703232684410535,0.5678343578688956,175.0642602973081,175.64712595918894
517430463,rot,11,0.8383969279166467,0.5658007419075763,5.758390101032469,4.485361825911555
517430463,rot,12,0.3451339313728834,0.2402059179810384,110.4514827400622,18.067095611864634
517430463,rot,13,0.6361050371710306,0.41205994026362236,127.53917559650716,128.83877852450442
517430463,rot,14,0.9988048150170742,0.518300745145011,0.008356626360475072,5.363784327331501
517430463,rot,15,0.7982327195366145,0.45879132276999846,37.56292255719062,38.495535026528444
517430463,rot,16,0.9588157506484007,0.4845868500005114,84.25610021739816,88.32564050113685
517430463,rot,17,0.7732065127889542,0.47574538217828233,117.94541050435537,119.33542705966482
517430463,rot,18,0.8794897632199998,0.44892692136524437,109.32420269969137,107.17601319842349
517430463,rot,19,0.555311367498262,0.5065910543617178,81.17011235872019,79.10008180826006
517430463,rot,20,0.826346714551331,0.5849823706029356,91.8295449890705,82.616522997765
517430463,rot,21,1.150903658967695,0.40251040366143265,141.23237612710585,2.842170943040401e-14
517430463,rot,22,0.7799574338545852,0.5857189748804832,107.68445435059431,109.41215867468975
517430463,rot,23,0.7302077241393174,0.4191698375493186,133.85505997569442,127.60359854576163
517430463,rot,24,0.5713513284364394,0.5759135631997487,64.95292236590087,68.28270321092658
517430463,rot,25,0.1975404884493831,0.16398847768710056,105.54303647547924,86.8225639671113
517430463,rot,26,0.5169371084208986,0.20972534548291677,49.98070453317225,94.62903312291797
517430463,rot,27,0.7849508436697397,0.4499918544697816,171.75478364832344,165.90291668693882
517430463,rot,28,0.8696138404927674,0.47559390806970625,171.5812097140835,2.7777472247526154
517430463,rot,29,0.8777172499878645,0.417190230523626,88.19037840718876,90.99349923708073
517430463,rot,30,0.5965693491483952,0.4137201714059775,126.83732462718237,120.95422211490396
517430463,rot,31,0.6701014925689839,0.5376227246135872,110.52982720929232,114.70739455074828
517430463,rot,32,0.5777310820598182,0.5623606079878535,163.44281977288495,178.50420666096483
517430463,rot,33,0.6344058715001333,0.4053508885178678,171.76356156737313,170.61087201469027
517430463,rot,34,1.0271172748960142,0.4562100858035507,9.703540604843589,172.25275845229422
517430463,rot,35,0.8906546785385331,0.5811316723265696,67.50127466307087,65.6963215604332
517430463,rot,36,0.20996264933193792,0.34008836910686,94.06751601155027,166.05434829544984
517430463,rot,37,0.8918898562045532,0.35487811566201133,89.07722731485987,92.98969074090618
517430463,rot,38,0.7521280134555376,0.497836843115379,33.47830174539137,33.901264627425945
517430463,rot,39,0.656033003616796,0.42348162117362864,82.16650338353966,82.55279110800318
517430463,rot,40,0.8137643879884431,0.46173356892941897,125.7929796852891,121.2761758412245
517430463,rot,41,0.9592416957091421,0.5301360530519408,103.16060587115665,102.03585272932607
517430463,rot,42,0.9704623624166657,0.41497989847869443,12.032614844004556,17.933464661406873
517430463,rot,43,3.1039613044799115,0.41457636279879184,141.25000952742135,115.24391904191307
517430463,rot,44,0.7660038772805643,0.4784701939005823,23.479044780977365,32.02237282159717
517430463,rot,45,0.639826856553071,0.4680227097111258,6.135934670533514,0.18942475757491328
517430463,rot,46,0.7005397729497658,0.5054570470189234,111.2506258506753,108.31962888924674
517430463,rot,47,0.8916973286829921,0.5074548161619725,147.96176305084367,132.05710513546285
517430463,rot,48,0.8590112456295664,0.49431605689151836,150.51373584675503,166.5114526577102
517430463,rot,49,0.6534810505732611,0.5165574316826895,163.9453237017052,158.46611546118407
517509862,round,0,1.0530172870906396,0.6810881911828495,14.81831998454157,20.93786318719276
517509862,round,1,1.0934314750608904,0.6858684741379736,14.81831998454157,17.241046344252908
517509862,round,2,0.9729764957604884,0.6234810691593009,14.81831998454157,16.328500024452353
517509862,round,3,0.8947000156418953,0.6976774506583705,14.81831998454157,5.623041504683442
517509862,round,4,0.8406817714990117,0.6964151268683589,14.81831998454157,179.99999999999997
517509862,round,5,1.108569103746965,0.6742995275051177,14.81831998454157,20.490764102494254
517509862,round,6,1.4620438180753297,0.5645911924931316,14.81831998454157,4.358820996145198
517509862,round,7,1.1136970943997255,0.614397126320696,14.81831998454157,14.8354674968447
517509862,round,8,1.1190865031687887,0.7252755496406992,14.81831998454157,7.508513897402466
517509862,round,9,1.052416396197225,0.607919174450321,14.81831998454157,19.12945393322002
517509862,round,10,1.0472126616588653,0.6818766691867345,14.81831998454157,10.302797502423118
517509862,round,11,0.9315956919787459,0.6509498693818703,14.81831998454157,19.20259585207242
517509862,round,12,1.0620604836856855,0.6802879328324338,14.81831998454157,11.284827234273934
517509862,round,13,0.9737716509720188,0.7166296286630456,14.81831998454157,17.90263853344149
517509862,round,14,0.8818036738074853,0.6719043567837915,14.81831998454157,9.030248184046258
517509862,round,15,0.8741413920717971,0.7006664303000156,14.81831998454157,16.608172922005313
517509862,round,16,0.8536102736149371,0.600389921677233,14.81831998454157,17.760080776888714
517509862,round,17,1.0549243640098294,0.6975864045697013,14.81831998454157,17.897450600274354
517509862,round,18,1.1065467951487062,0.6351387760081986,14.81831998454157,25.06995334026452
517509862,round,19,0.9704624842095652,0.6222876045774467,14.81831998454157,10.371417026193543
517509862,round,20,1.0873353891852588,0.6437764562731421,14.81831998454157,12.976898024231474
517509862,round,21,0.754923873443944,0.6065753416354476,14.81831998454157,15.421287905612047
517509862,round,22,0.9471479195943874,0.5813319118878597,14.81831998454157,14.879880320239574
517509862,round,23,1.0728686893521067,0.6086413771460224,14.81831998454157,13.036506434240096
517509862,round,24,0.9406203337189002,0.6801697168353261,14.81831998454157,23.535265957460567
517509862,round,25,1.1225917192179808,0.6037289227570539,14.81831998454157,19.487843628353403
517509862,round,26,0.7549091657794221,0.6065753417534243,14.81831998454157,15.419570000389182
517509862,round,27,0.9894362689739022,0.5869849063322692,14.81831998454157,179.99999999999997
517509862,round,28,0.9406239288353639,0.6801697168370819,14.81831998454157,23.535582348635543
517509862,round,29,0.951561943058966,0.6988213707997165,14.81831998454157,20.16239198802606
517509862,round,30,0.9203098870752869,0.628660709833935,14.81831998454157,12.764196837961691
517509862,round,31,1.0436407574349618,0.5789159046521226,14.81831998454157,1.1560350409444595
517509862,round,32,1.0190280705389791,0.6763508309766051,14.81831998454157,7.315212733418605
517509862,round,33,1.4284616887753416,0.7226410591086052,14.81831998454157,20.143624865882316
517509862,round,34,0.8639956343817253,0.6814448679108351,14.81831998454157,12.02631333034276
517509862,round,35,0.9202866603873303,0.6286607099017278,14.81831998454157,12.763777861898104
517509862,round,36,0.9796772128685024,0.6591471424383193,14.81831998454157,17.684263383905602
517509862,round,37,1.0800063718850261,0.6878624669333313,14.81831998454157,11.339958783901821
517509862,round,38,1.027749436067371,0.694647154047189,14.81831998454157,8.139985312402615
517509862,round,39,1.1273605875056993,0.6381320617221785,14.81831998454157,12.66609198715841
517509862,round,40,0.951561943058966,0.6988213707997165,14.81831998454157,20.16239198802606
517509862,round,41,1.0279042555099303,0.6003844112223957,14.81831998454157,0.0
517509862,round,42,1.3857989235277055,0.5932621934745971,14.81831998454157,8.794112890720854
517509862,round,43,0.9538716514071014,0.6894136780962388,14.81831998454157,18.95568037815098
517509862,round,44,0.8741429351354951,0.7006664303210399,14.81831998454157,16.608210386067462
517509862,round,45,0.779782612420246,0.6483193000334939,14.81831998454157,7.572016337418479
517509862,round,46,1.026930673649085,0.5791012189056015,14.81831998454157,19.808159735571564
517509862,round,47,1.033094321337389,0.6296830414490397,14.81831998454157,18.319837909614193
517509862,round,48,1.153628101412114,0.4912219673715563,14.81831998454157,15.095187753824348
517509862,round,49,1.0212435226498398,0.6513578105367773,14.81831998454157,10.569690784897602
517509862,round,50,0.929352237253621,0.7339178744547907,14.81831998454157,13.837072154550583
517509862,round,51,1.109011389166969,0.6047257060652278,14.81831998454157,23.230489473156723
517509862,round,52,1.173795135805639,0.6368568078094203,14.81831998454157,18.91147861143267
517509862,round,53,1.038632347718899,0.5799543660483093,14.81831998454157,13.057819564335261
517509862,round,54,0.8640005395679589,0.6814448679414473,14.81831998454157,12.026296880286738
517509862,round,55,0.854490790759192,0.6455499591381963,14.81831998454157,1.4705827993556557
517509862,round,56,0.8674878804178011,0.6376002062488499,14.81831998454157,21.726218831047646
517509862,round,57,1.2719270025082112,0.7046629058114671,14.81831998454157,7.837276061466127
517509862,round,58,0.8171886577583389,0.6390237314623076,14.81831998454157,19.235645657547316
517509862,round,59,0.8801102627267456,0.6923644092943384,14.81831998454157,21.045439288968836
517509862,round,60,0.7623436311435603,0.708442945078603,14.81831998454157,20.31403088080329
517509862,round,61,1.124711143744083,0.6063299220749319,14.81831998454157,10.612989469114396
517509862,round,62,1.0440343288060754,0.6496283814372564,14.81831998454157,11.723965096904607
517509862,round,63,1.102485749333734,0.6362930586943158,14.81831998454157,11.609499261225878
517509862,round,64,0.981010272322781,0.6494931174952561,14.81831998454157,11.337053809469053
517509862,round,65,1.1090040978855522,0.6047257057282416,14.81831998454157,23.22941191787723
517509862,round,66,1.1033821173468044,0.6373634124300603,14.81831998454157,7.724650915308942
517509862,round,67,0.8287845041983029,0.6236476937514331,14.81831998454157,22.4001287927829
517509862,round,68,1.05491983936311,0.6975864046383444,14.81831998454157,17.897448604515475
517509862,round,69,1.4620438180753297,0.5645911924931316,14.81831998454157,4.358820996145198
517509862,round,70,1.0524163703941474,0.6079191745654227,14.81831998454157,19.12971675673768
517509862,round,71,0.9256309659082623,0.5445115152972523,14.81831998454157,12.974638066516311
517509862,round,72,1.077924036946719,0.6315090772992152,14.81831998454157,22.889110206396538
517509862,round,73,0.9793263983141938,0.6815509572506551,14.81831998454157,179.99999999999997
517509862,round,74,1.3017724801454151,0.6220225525118843,14.81831998454157,3.255586954452596
517509862,round,75,0.9730250422399388,0.6234810692595685,14.81831998454157,16.327786838556108
517509862,round,76,1.0139382645525274,0.6227070174148677,14.81831998454157,13.028212833841422
517509862,round,77,0.8252085958688328,0.6946588991901714,14.81831998454157,16.318994146449995
517509862,round,78,0.9855603793180376,0.6211704234452164,14.81831998454157,12.108131938155278
517509862,round,79,1.247190456444389,0.7029798404802128,14.81831998454157,21.07007771741202
517509862,round,80,1.0281862447539452,0.6226367966867385,14.81831998454157,15.155033879653217
517509862,round,81,1.1171348550580251,0.6407275506409746,14.81831998454157,13.46314144890988
517509862,round,82,1.2798830652340942,0.6877722465706657,14.81831998454157,15.94597784296127
517509862,round,83,0.8880470924451627,0.588611682575586,14.81831998454157,10.675420029783197
517509862,round,84,1.167763617389905,0.619056109390034,14.81831998454157,21.29209900077096
517509862,round,85,0.9841806211696544,0.6976917194091575,14.81831998454157,179.99999999999997
517509862,round,86,0.8807834226777073,0.6525357196446318,14.81831998454157,8.332343121288858
517509862,round,87,0.8486661345227539,0.7025323897985651,14.81831998454157,16.12651501454922
517509862,round,88,1.0714223660350501,0.6139491928647933,14.81831998454157,25.66619756393935
517509862,round,89,0.9050770801588877,0.6019932956749439,14.81831998454157,11.92894218258536
517509862,round,90,0.911085202816104,0.6335784701225733,14.81831998454157,9.946161143275958
517509862,round,91,0.9216903058331142,0.6573980840423598,14.81831998454157,4.947652048050999
517509862,round,92,0.8037315711377214,0.6381203769597483,14.81831998454157,12.260093188456741
517509862,round,93,1.4284626377021892,0.7226410591076441,14.81831998454157,20.14368447816196
517509862,round,94,1.1677637455658147,0.6190561096754899,14.81831998454157,21.291469250320716
517509862,round,95,0.9520853875907692,0.6370099818288282,14.81831998454157,27.343668471972308
517509862,round,96,1.1487506828255436,0.5582579945511646,14.81831998454157,0.0
517509862,round,97,1.1137225596503875,0.6143971257836729,14.81831998454157,14.832871533018476
517509862,round,98,1.0443566363524128,0.6644963148957552,14.81831998454157,16.478245470570926
517509862,round,99,0.7850329528719636,0.6132047283295995,14.81831998454157,20.65428817244691
517509862,boot,0,0.6143437067287727,0.6774383071610055,14.81831998454157,13.525011812586415
517509862,boot,1,0.6478306090134219,0.6770789800869507,14.81831998454157,15.74893594692864
517509862,boot,2,0.7376734997862804,0.5991352555523786,14.81831998454157,179.99999999999997
517509862,boot,3,0.8554583748849086,0.6398157252153185,14.81831998454157,16.97243605136433
517509862,boot,4,0.5539212512223967,0.6248952986918124,14.81831998454157,21.678383496370145
517509862,boot,5,0.7537191848404248,0.5234913682163933,14.81831998454157,17.45083078528546
517509862,boot,6,0.722909289048292,0.6292359365724749,14.81831998454157,10.601860877111022
517509862,boot,7,0.6290770051263616,0.5244541248653043,14.81831998454157,16.08169169559859
517509862,boot,8,0.47531345617447923,0.714253654539103,14.81831998454157,17.738623689402488
517509862,boot,9,0.5983100562331906,0.6311436599812388,14.81831998454157,14.115352873570718
517509862,boot,10,0.5720525930007251,0.6111881169505164,14.81831998454157,17.408475480159066
517509862,boot,11,0.6971546374498763,0.6308427314202547,14.81831998454157,19.63355340749636
517509862,boot,12,0.5960112118555738,0.6640986971062459,14.81831998454157,12.498174478151014
517509862,boot,13,0.9181117517423394,0.6901513788242799,14.81831998454157,9.638646137308925
517509862,boot,14,0.6449120538618572,0.569547214948944,14.81831998454157,14.177027472693538
517509862,boot,15,0.6039941996843784,0.6367890952429485,14.81831998454157,25.477803837161666
517509862,boot,16,0.6335892755984801,0.6371508255356224,14.81831998454157,13.818124827402134
517509862,boot,17,0.5918864236909764,0.6964025096043365,14.81831998454157,13.895881130230958
517509862,boot,18,0.6729824824536079,0.6769327843064892,14.81831998454157,12.982322315779424
517509862,boot,19,0.6403198465476754,0.585696298439353,14.81831998454157,12.262444215937307
517509862,boot,20,0.6172068820389967,0.61033970869579,14.81831998454157,10.379866060138625
517509862,boot,21,0.5947802884452329,0.6518653769778239,14.81831998454157,5.64435614869536
517509862,boot,22,0.6974664021954735,0.6349078401794015,14.81831998454157,16.681434114740956
517509862,boot,23,0.7856813247348964,0.7063744431282751,14.81831998454157,27.045462445276343
517509862,boot,24,0.6256897565900386,0.6097823601468186,14.81831998454157,9.543947129225245
517509862,boot,25,0.6301729436786615,0.5948889633002302,14.81831998454157,25.752717886090977
517509862,boot,26,0.5645708161448811,0.7292365657163331,14.81831998454157,15.375482034180253
517509862,boot,27,0.8276839927525552,0.7104212089928319,14.81831998454157,12.638225644951888
517509862,boot,28,0.6765114157769587,0.619251842840074,14.81831998454157,13.849969782827628
517509862,boot,29,0.5500509206088335,0.610883990660757,14.81831998454157,18.23020121924054
517509862,boot,30,0.7266242791649736,0.7118542265437184,14.81831998454157,18.738593008918656
517509862,boot,31,0.7758141526284548,0.6770041722921148,14.81831998454157,5.4182572299120375
517509862,boot,32,0.6083515132629901,0.5991223850823412,14.81831998454157,14.249033622214824
517509862,boot,33,0.5833158364535933,0.6413263747251929,14.81831998454157,15.648698188530755
517509862,boot,34,0.8224622354279956,0.6171078266001787,14.81831998454157,25.402739276337353
517509862,boot,35,0.6976500958766549,0.7290534346619428,14.81831998454157,13.138425911335208
517509862,boot,36,0.6289613343583895,0.6124971413533832,14.81831998454157,17.517922825197758
517509862,boot,37,0.6979363295476807,0.603961357082565,14.81831998454157,20.721849305675363
517509862,boot,38,0.7475617275620684,0.5642391453674751,14.81831998454157,179.99999999999997
517509862,boot,39,0.744740711035206,0.5861897948604418,14.81831998454157,16.979404719411907
517509862,boot,40,0.7918648143185023,0.6816774157840586,14.81831998454157,179.99999999999997
517509862,boot,41,0.6135238330873609,0.6515188108770944,14.81831998454157,14.45824774436565
517509862,boot,42,0.6260955756963318,0.6352120233438039,14.81831998454157,18.88004382790635
517509862,boot,43,0.6738926450515915,0.6744883273324909,14.81831998454157,18.307487373564772
517509862,boot,44,0.6289636277083235,0.6124971415145712,14.81831998454157,17.517663591880236
517509862,boot,45,0.7508340120743174,0.7447654510344055,14.81831998454157,9.111965223911085
517509862,boot,46,0.5751965035496369,0.6475552684783319,14.81831998454157,23.746290762084218
517509862,boot,47,0.6147058260962671,0.5609983879999799,14.81831998454157,6.90715605546884
517509862,boot,48,0.6210132039097841,0.6326313225375704,14.81831998454157,22.071664954858107
517509862,boot,49,0.7688022851225357,0.6103098267652056,14.81831998454157,15.851490897472074
517509862,boot,50,0.6621152965011815,0.6537746498087604,14.81831998454157,20.217303615625212
517509862,boot,51,0.6621131784428973,0.6537746498030593,14.81831998454157,20.217421375034434
517509862,boot,52,0.6355516571774315,0.6423052976393326,14.81831998454157,18.505500336142603
517509862,boot,53,0.4388104370897249,0.26352817240398907,14.81831998454157,85.88865471048173
517509862,boot,54,0.6827111496679021,0.6593400670047638,14.81831998454157,20.799072692937813
517509862,boot,55,0.6070501559094186,0.6991837871662864,14.81831998454157,15.106119794794807
517509862,boot,56,0.6620744269365749,0.6387172252201794,14.81831998454157,17.459892313624096
517509862,boot,57,0.49826207044699367,0.6060147974676744,14.81831998454157,4.863586128857968
517509862,boot,58,0.712773586763078,0.7059570376652111,14.81831998454157,20.684824225695813
517509862,boot,59,0.6932600497469752,0.6503583362819968,14.81831998454157,11.966192772467675
517509862,boot,60,0.5720524321290873,0.611188116960854,14.81831998454157,17.40848197339872
517509862,boot,61,0.7352214711637383,0.6481636543138255,14.81831998454157,14.874077824862809
517509862,boot,62,0.8638313326527169,0.5437728273442198,14.81831998454157,16.521253582771777
517509862,boot,63,0.659444376218602,0.6509686113615172,14.81831998454157,11.946007921446238
517509862,boot,64,0.6932528653688222,0.6503583363855059,14.81831998454157,11.966276499962548
517509862,boot,65,0.5119408730660432,0.5862325573079987,14.81831998454157,11.761424600558797
517509862,boot,66,0.5803293599218339,0.6148437007615184,14.81831998454157,19.743310594472092
517509862,boot,67,0.7723326523878236,0.5113675570485916,14.81831998454157,15.56125264445231
517509862,boot,68,0.6997965361479472,0.6306138452218863,14.81831998454157,19.094431015947936
517509862,boot,69,0.5761248435519515,0.6526634685094677,14.81831998454157,21.375691942012526
517509862,boot,70,0.7127693182960773,0.7059570376770818,14.81831998454157,20.68490289549885
517509862,boot,71,0.685761119049204,0.6292225461852272,14.81831998454157,22.760519941378863
517509862,boot,72,0.525658112815504,0.7185578521713916,14.81831998454157,18.210952462584853
517509862,boot,73,0.7688111711015634,0.6103098262046123,14.81831998454157,15.851044424479028
517509862,boot,74,0.8188573064615966,0.7319451282507465,14.81831998454157,21.033981962809154
517509862,boot,75,0.6184345359517437,0.619357224636931,14.81831998454157,10.21832722987507
517509862,boot,76,0.7304451899311966,0.5338998913291338,14.81831998454157,17.17481681797732
517509862,boot,77,0.6301389207582847,0.5948889635770133,14.81831998454157,25.751743389600932
517509862,boot,78,0.6857615487018699,0.6292225461607448,14.81831998454157,22.76043874289259
517509862,boot,79,0.7658890763515338,0.6903189564555154,14.81831998454157,8.214676002208677
517509862,boot,80,0.5455542683741954,0.6006809416995158,14.81831998454157,15.756043317179001
517509862,boot,81,0.6954908505984474,0.5914150487263248,14.81831998454157,19.78594336058021
517509862,boot,82,0.5757523976313683,0.5361591416333256,14.81831998454157,179.99999999999997
517509862,boot,83,0.714376144128755,0.6159861710325242,14.81831998454157,179.99999999999997
517509862,boot,84,0.7671629117460228,0.6690162760321746,14.81831998454157,13.989145380281201
517509862,boot,85,0.6428368095978609,0.5644946111981082,14.81831998454157,11.835896849499838
517509862,boot,86,0.8138620407076252,0.6861461217459524,14.81831998454157,19.267591631640602
517509862,boot,87,0.671085543011465,0.607966028915286,14.81831998454157,18.02571084122175
517509862,boot,88,0.691861495376194,0.5714124980047868,14.81831998454157,15.493183608180036
517509862,boot,89,0.7658898065597929,0.6903189565962392,14.81831998454157,8.215143513821523
517509862,boot,90,0.526263672002386,0.5944589051990683,14.81831998454157,11.019096303321845
517509862,boot,91,0.7880585648071798,0.5049225798930916,14.81831998454157,18.411468423257702
517509862,boot,92,0.6347136097166222,0.6586837433546285,14.81831998454157,9.997729505523779
517509862,boot,93,0.7759076781564033,0.5811952025982287,14.81831998454157,179.99999999999997
517509862,boot,94,0.6460925285236623,0.7233831089124803,14.81831998454157,15.825108635329883
517509862,boot,95,0.6455886810479436,0.6207145179368536,14.81831998454157,18.95552540637337
517509862,boot,96,0.6482448161881528,0.6673006203103482,14.81831998454157,14.822621096611083
517509862,boot,97,0.6503163171095864,0.5695583089143688,14.81831998454157,16.83790636529227
517509862,boot,98,0.6289623272674482,0.6124971414298328,14.81831998454157,17.517885290741333
517509862,boot,99,0.6446569405822564,0.5157983463555202,14.81831998454157,179.99999999999997
517509862,rot,0,0.6820584848803926,0.6854978061141097,46.34866293194114,50.51137260240638
517509862,rot,1,0.5829995523288249,0.6762344573818238,157.72713912110785,158.94222474237188
517509862,rot,2,0.5889120081354593,0.6398318170192553,33.93364336090419,34.02944514560106
517509862,rot,3,0.8483859654495535,0.5436197208150144,14.285008691006194,179.99999999999997
517509862,rot,4,0.6649143253850867,0.6802343052609436,65.28722047629296,62.879723105872586
517509862,rot,5,0.6758776273824584,0.6216960132118869,61.31235517027568,53.70076235839172
517509862,rot,6,0.631627438668932,0.6660871411221274,128.1004381333799,130.80466901279573
517509862,rot,7,0.6177990321408321,0.674971628329947,70.72892888988699,73.360662504927
517509862,rot,8,0.5800304511576146,0.6717827404407684,41.41682615216758,38.315490378660016
517509862,rot,9,0.7410237306856646,0.695586316661297,10.301397548245422,3.6373721774082526
517509862,rot,10,0.5704025581656776,0.6461257386524415,49.08701940142684,51.434237784334556
517509862,rot,11,0.5529778978457353,0.610073139908452,14.31694770150959,17.76044649784909
517509862,rot,12,0.7137962086378422,0.5551121447934086,4.551130657098639,5.49960391783091
517509862,rot,13,0.6820196095119372,0.7141896787301906,115.84068471212228,113.93455227403985
517509862,rot,14,0.7105419800973536,0.5779922484515589,95.45374109633201,96.22785925053935
517509862,rot,15,0.5490983284425884,0.7406228371359946,21.759148783318626,23.009077167043415
517509862,rot,16,0.710991065837443,0.5406113833225837,168.55481217880725,2.842170943040401e-14
517509862,rot,17,0.6575575418756258,0.6418596555134279,134.70592766038664,134.0788896913447
517509862,rot,18,0.6980922886673093,0.7039684602843934,65.08475671253221,64.37006424589445
517509862,rot,19,0.6938742186786834,0.5711493731178893,116.75614274255604,113.82351837778177
517509862,rot,20,0.7806947514709429,0.7038668986616102,54.42688412326462,57.570488534699024
517509862,rot,21,0.5819725470528629,0.689955782483664,95.42716437267046,90.81485240643428
517509862,rot,22,0.7005583633172899,0.7026284590236642,73.74540804270364,68.14025368972852
517509862,rot,23,0.7100325948319066,0.6574650129709536,113.19892582915955,105.2357976936718
517509862,rot,24,0.8266558015131917,0.7120481791661234,53.49076456542589,60.77386616401614
517509862,rot,25,0.5167538564604331,0.630679289627665,127.87460681089307,127.50972632918759
517509862,rot,26,0.6132000975465834,0.663998794610108,156.9328089717577,152.1159638959707
517509862,rot,27,0.832552178281007,0.6924875252934884,99.04820462238352,103.10175752019092
517509862,rot,28,0.6994401285772593,0.606480921475637,169.52000491293666,173.01676276242748
517509862,rot,29,0.723593527598429,0.6163557501947987,128.2783019938901,126.58753669235034
517509862,rot,30,0.6999688895945415,0.5537969599803324,124.80437111311718,129.6731247061581
517509862,rot,31,0.8533133899157179,0.5960904465129607,86.70876150439226,82.28039020874706
517509862,rot,32,0.7528344613733808,0.6657185402660937,26.303389995380023,21.94057698448094
517509862,rot,33,0.6128774120359085,0.5997039387267232,16.56113465486864,12.810894021063238
517509862,rot,34,0.733857346506508,0.635899381221704,80.07614546353605,86.44052135169751
517509862,rot,35,0.5476509450527927,0.6499856092672933,18.1745899779169,13.211437865760274
517509862,rot,36,0.5933343733656781,0.6396237516910699,165.58685654632623,167.8198906579835
517509862,rot,37,0.6184055039030373,0.6523131777950257,5.242535299241242,6.514653922938493
517509862,rot,38,0.6744233880485524,0.6460551068357743,177.91943610365917,171.99558988163747
517509862,rot,39,0.6441877208892764,0.6552421664618043,171.5424061637972,169.0582841582934
517509862,rot,40,0.49829130991619636,0.502795432657571,33.76682639896848,31.236470621240993
517509862,rot,41,0.5789208571619111,0.6977536905833566,76.26806753211723,76.14248518554446
517509862,rot,42,0.7682806712101723,0.7574630066392833,140.25622469514227,134.86307961340788
517509862,rot,43,0.6852165206802814,0.6607745401244555,78.96303252018991,78.4629983707427
517509862,rot,44,0.8282523327913994,0.7111093702828915,144.86353761992964,144.51154236896366
517509862,rot,45,0.6557600513318774,0.6569861128568251,26.81218803700218,29.011293404873214
517509862,rot,46,0.6326761188516616,0.5943674687573237,95.55806913689011,98.25569296449032
517509862,rot,47,0.613161397978334,0.6792531327564901,74.52973509590426,76.45919565827813
517509862,rot,48,0.639837993403984,0.6613487366222159,10.047363520525714,2.9827435562333577
517509862,rot,49,0.6354189690597916,0.6070649047647824,173.20669432313403,171.60678227056184
517510257,round,0,0.9881611150512396,0.31655161827023814,52.2499189393697,48.62365557956102
517510257,round,1,1.0126513225210678,0.4288188301991005,52.2499189393697,58.88054210078462
517510257,round,2,0.9130521266526647,0.416954248137138,52.2499189393697,46.24073870236315
517510257,round,3,1.2163518988882704,0.3338420771994324,52.2499189393697,58.07947974421381
517510257,round,4,1.3046131445788935,0.43969318025378334,52.2499189393697,45.275551210508866
517510257,round,5,1.0061592541874154,0.4620145368462075,52.2499189393697,45.74571057672321
517510257,round,6,0.9364287706783057,0.4156717956167477,52.2499189393697,39.75243955348855
517510257,round,7,0.8193235931856676,0.3842213782036954,52.2499189393697,40.449459238667046
517510257,round,8,1.1545669029935786,0.3895950014335693,52.2499189393697,55.61239921721841
517510257,round,9,0.8901685602340655,0.3669686958878666,52.2499189393697,43.85480160636399
517510257,round,10,1.0543100120522941,0.4551031468071659,52.2499189393697,49.40993458995436
517510257,round,11,0.9144526119713517,0.40526607209670784,52.2499189393697,52.293397406656595
517510257,round,12,0.971906533298111,0.3865651683123952,52.2499189393697,46.02845713031811
517510257,round,13,1.113320658807337,0.39609395659053137,52.2499189393697,56.331486490862346
517510257,round,14,1.1060370490662543,0.43067693817075237,52.2499189393697,58.98183322099703
517510257,round,15,0.9900662436054974,0.5257825432991219,52.2499189393697,59.10636825465016
517510257,round,16,1.0542981723325877,0.45510313362233545,52.2499189393697,49.409266528587665
517510257,round,17,0.9063390211283465,0.4239180653703781,52.2499189393697,52.61479191814454
517510257,round,18,0.9553792879935151,0.5143692878523907,52.2499189393697,56.808136552761354
517510257,round,19,0.9599513918812319,0.32152632935830794,52.2499189393697,47.07021864524329
517510257,round,20,1.4303401759219236,0.38881514644066206,52.2499189393697,46.6798545405494
517510257,round,21,0.9038496406147818,0.458336107689044,52.2499189393697,48.71125309273792
517510257,round,22,1.3467340644143557,0.4556116021534278,52.2499189393697,58.32329687782186
517510257,round,23,0.8971655443922846,0.4532430980702886,52.2499189393697,68.10294921434958
517510257,round,24,0.9404057890916108,0.35650896122791687,52.2499189393697,49.89268519010906
517510257,round,25,1.4171787924199493,0.4592164316172985,52.2499189393697,51.302250269093975
517510257,round,26,1.2120642022780685,0.5170563057842514,52.2499189393697,55.32735173420991
517510257,round,27,5.146471504945474,0.220004034196428,52.2499189393697,49.6482165842221
517510257,round,28,0.8237170087236225,0.5910949208020218,52.2499189393697,46.44048281697575
517510257,round,29,1.0529558587347136,0.49190557735113005,52.2499189393697,44.60911871435712
517510257,round,30,0.8899744313156553,0.3669687551504819,52.2499189393697,43.863338532886075
517510257,round,31,0.9687662741462004,0.5178518211609221,52.2499189393697,56.16187348653366
517510257,round,32,0.6100941240275009,0.44468041297440086,52.2499189393697,61.4951992212074
517510257,round,33,1.248831111833849,0.42245266244671864,52.2499189393697,41.90821691902701
517510257,round,34,0.8112491950271549,0.439973869629641,52.2499189393697,41.022585442106504
517510257,round,35,1.2288714318378977,0.44113471085873246,52.2499189393697,57.58619104052278
517510257,round,36,0.8110146674977043,0.4399738618941188,52.2499189393697,41.00558806546006
517510257,round,37,1.0866837941123981,0.37522699826153205,52.2499189393697,57.42778648897607
517510257,round,38,1.2325599461725103,0.4289159714683749,52.2499189393697,52.29251289736854
517510257,round,39,1.0395585539457104,0.39391254095811046,52.2499189393697,39.86310687646852
517510257,round,40,1.0590726496515959,0.5362719941163665,52.2499189393697,55.12093671627247
517510257,round,41,1.1644234076008124,0.43685560453812655,52.2499189393697,38.14616989412721
517510257,round,42,1.038979595567292,0.4725787313774623,52.2499189393697,63.44477599184606
517510257,round,43,0.32808372441270717,0.16030008503466298,52.2499189393697,167.35825931085884
517510257,round,44,0.30870708466857116,0.2791478916341692,52.2499189393697,153.6068572231648
517510257,round,45,0.9028435668761607,0.35703406323490205,52.2499189393697,57.164059315779944
517510257,round,46,0.9897629768849202,0.45116957848438066,52.2499189393697,57.256128371168444
517510257,round,47,0.8708267043957724,0.4235189644086509,52.2499189393697,46.95617002716739
517510257,round,48,0.23875750568138993,0.343029893347618,52.2499189393697,130.52665197612671
517510257,round,49,0.9941730702453135,0.40021262114962397,52.2499189393697,60.973637348997535
517510257,round,50,1.0283949646622381,0.43570648287234726,52.2499189393697,53.721139921764006
517510257,round,51,0.9384865245409545,0.3914868392906937,52.2499189393697,44.818498005738206
517510257,round,52,0.8983510130160175,0.46099884228532273,52.2499189393697,53.01296203229723
517510257,round,53,0.9118332687166573,0.6004755671975828,52.2499189393697,45.63444689895846
517510257,round,54,0.09233536917240547,0.16788701225653413,52.2499189393697,150.28219854530676
517510257,round,55,1.0818438750219945,0.40178029543350435,52.2499189393697,67.10363445580231
517510257,round,56,0.8705975306672972,0.45791102582968135,52.2499189393697,58.043740636160244
517510257,round,57,1.2598876458806265,0.48282309120630773,52.2499189393697,50.54032497498099
517510257,round,58,1.4066754086299855,0.4106098850230697,52.2499189393697,57.797265872792565
517510257,round,59,1.135998813343838,0.5086406527122111,52.2499189393697,60.19115532432869
517510257,round,60,1.1691494550610835,0.5210741572526228,52.2499189393697,53.94029965615408
517510257,round,61,0.831708359128668,0.3788962277734883,52.2499189393697,37.16027313757927
517510257,round,62,0.9666412389973245,0.47653080363490696,52.2499189393697,49.36611176307141
517510257,round,63,0.9780854148321902,0.43471668308134603,52.2499189393697,36.280531134581025
517510257,round,64,0.8530026999324108,0.5273226964221827,52.2499189393697,46.927898238427645
517510257,round,65,0.9545541684014454,0.5130491421589494,52.2499189393697,57.46020359319368
517510257,round,66,0.398884966624045,0.25086136332215303,52.2499189393697,138.00150073928134
517510257,round,67,1.0080695194701836,0.30778246317421554,52.2499189393697,62.187873135198856
517510257,round,68,0.8747433010008443,0.40450412598866625,52.2499189393697,53.230830719325894
517510257,round,69,1.3010098417538154,0.47789529669823994,52.2499189393697,66.65966541454392
517510257,round,70,0.8243247480865208,0.24562112589561114,52.2499189393697,179.99999999999997
517510257,round,71,0.9907610060827772,0.39846719435156086,52.2499189393697,35.707529807336456
517510257,round,72,1.2488262323602175,0.4224526627514791,52.2499189393697,41.908038375639734
517510257,round,73,0.8101131512958477,0.4250816925268571,52.2499189393697,57.190454676779765
517510257,round,74,0.9845051894346032,0.3604961698061965,52.2499189393697,47.077570962517534
517510257,round,75,1.022774747328726,0.446266919436358,52.2499189393697,53.8035241438792
517510257,round,76,1.0763907132028265,0.4019690877360489,52.2499189393697,49.356246567082025
517510257,round,77,1.1237318108295102,0.5279700444117634,52.2499189393697,61.82483290370695
517510257,round,78,1.2099267904061628,0.4298836020513115,52.2499189393697,49.12479253689392
517510257,round,79,1.007409156790735,0.3077823593023601,52.2499189393697,62.19233261561203
517510257,round,80,0.9207913844745658,0.3945149705914107,52.2499189393697,59.90003656073711
517510257,round,81,0.7719574341562698,0.4208721465271109,52.2499189393697,41.169710115945946
517510257,round,82,1.1640304259507652,0.4368557612858094,52.2499189393697,38.1372170963173
517510257,round,83,1.352060811857153,0.5135624482254266,52.2499189393697,46.71728464069582
517510257,round,84,0.10520809476342656,0.2698573968953941,52.2499189393697,151.95984057331626
517510257,round,85,0.24171665276149595,0.2416715388726508,52.2499189393697,123.24266608759613
517510257,round,86,0.6487590179486312,0.36880048786200703,52.2499189393697,41.02520930763043
517510257,round,87,0.9874381377430037,0.3165515996170225,52.2499189393697,48.60761188128896
517510257,round,88,0.5517414166241096,0.22554019151240523,52.2499189393697,101.09398999838213
517510257,round,89,0.09264299824936752,0.23337125863692676,52.2499189393697,143.26362029530003
517510257,round,90,0.8903636736769858,0.36696870553087857,52.2499189393697,43.86136387184729
517510257,round,91,1.055729360638149,0.5414700111607328,52.2499189393697,42.48420413318172
517510257,round,92,0.9513458627926588,0.4593185462246485,52.2499189393697,48.159160547667874
517510257,round,93,0.8517041914459275,0.5345461124037778,52.2499189393697,52.29516061215796
517510257,round,94,0.9533950548147397,0.387696066856011,52.2499189393697,60.021240011390944
517510257,round,95,1.4172112878288903,0.4592164335128549,52.2499189393697,51.30017188214305
517510257,round,96,0.2314357874018084,0.24391906209656067,52.2499189393697,126.12778169354338
517510257,round,97,1.1253576788125021,0.5047187330228218,52.2499189393697,52.924493648132966
517510257,round,98,1.185786780641536,0.5247350003561015,52.2499189393697,52.35255384972464
517510257,round,99,0.4171458180719946,0.26162551364284625,52.2499189393697,124.16515242573581
517510257,boot,0,0.9162213866635521,0.43007397797212477,52.2499189393697,48.58039985493781
517510257,boot,1,1.07860645404354,0.479453777648959,52.2499189393697,50.54857332997693
517510257,boot,2,1.1180259231969925,0.4536255015024121,52.2499189393697,61.685787331664926
517510257,boot,3,0.956151827923957,0.4004845842385679,52.2499189393697,67.5492500124718
517510257,boot,4,0.819976375702171,0.42359408965556855,52.2499189393697,47.0512205361764
517510257,boot,5,1.0894230942207976,0.4350099181717263,52.2499189393697,57.95572601284883
517510257,boot,6,1.2249180619855025,0.47655551024422727,52.2499189393697,67.39124577314814
517510257,boot,7,0.29186619912322476,0.2706695801932347,52.2499189393697,114.93551190247213
517510257,boot,8,0.5913077498144194,0.16643353125118165,52.2499189393697,20.013483285319083
517510257,boot,9,0.8546744246757836,0.4789738159573126,52.2499189393697,69.68756045629667
517510257,boot,10,0.9652704453688536,0.44168455763868075,52.2499189393697,55.59699396460937
517510257,boot,11,0.0770029070602129,0.22038165558634182,52.2499189393697,120.52187551389608
517510257,boot,12,0.5643824874701231,0.4782407008061451,52.2499189393697,70.76259090288775
517510257,boot,13,1.1289604337009482,0.48191283377351357,52.2499189393697,47.08816822491255
517510257,boot,14,0.40779781066233484,0.15985973762877048,52.2499189393697,103.1107239816561
517510257,boot,15,0.41156519684827103,0.23047403295402213,52.2499189393697,12.726728452983593
517510257,boot,16,0.9170462829021574,0.5271801182432716,52.2499189393697,66.68755555096051
517510257,boot,17,0.22459635171491787,0.18181499883944796,52.2499189393697,114.89282446018525
517510257,boot,18,0.9240088237160405,0.4356778949740787,52.2499189393697,57.274841149442146
517510257,boot,19,0.05932344731877849,0.26871026909787854,52.2499189393697,105.0448457386814
517510257,boot,20,0.7636745074543333,0.4663384111052232,52.2499189393697,61.503567556861384
517510257,boot,21,1.112143854765056,0.44321383106965706,52.2499189393697,58.91415392467735
517510257,boot,22,0.8045045479473962,0.45682855699049185,52.2499189393697,54.528521753598696
517510257,boot,23,1.170421145683956,0.4864656022134215,52.2499189393697,56.45847660381915
517510257,boot,24,0.9160951879402427,0.4300739748794046,52.2499189393697,48.58289851804376
517510257,boot,25,0.4375271319022569,0.31584391973071657,52.2499189393697,104.58314643346716
517510257,boot,26,1.1291140190051303,0.4819127849848026,52.2499189393697,47.08366466510867
517510257,boot,27,0.8199366113710378,0.44303150935454827,52.2499189393697,48.39815856061992
517510257,boot,28,0.5470115519048722,0.2106729779508295,52.2499189393697,139.82482982446584
517510257,boot,29,0.7664332203754057,0.35384638478618435,52.2499189393697,53.21378803193451
517510257,boot,30,1.0427042884450375,0.35729789433663117,52.2499189393697,51.40372803633804
517510257,boot,31,0.75985950413129,0.44633684224680614,52.2499189393697,54.982622370404144
517510257,boot,32,0.9106499742661104,0.4893660409142373,52.2499189393697,45.90323169087014
517510257,boot,33,1.068849953483478,0.5081316537751138,52.2499189393697,60.48685708293493
517510257,boot,34,1.0896954355643855,0.3872208848486416,52.2499189393697,55.43809769667698
517510257,boot,35,0.764438997735055,0.4441310239931969,52.2499189393697,47.312795411946354
517510257,boot,36,1.0040972334408138,0.49033482046080545,52.2499189393697,44.546909783064905
517510257,boot,37,0.9766323591483453,0.4853763332726607,52.2499189393697,55.28619334233581
517510257,boot,38,0.919403463619157,0.3600548559755242,52.2499189393697,47.2385337710552
517510257,boot,39,0.9038368663116246,0.38447947792351067,52.2499189393697,54.979739012150226
517510257,boot,40,1.0172512822381525,0.4594994169744475,52.2499189393697,48.431297121596316
517510257,boot,41,1.0009408184070208,0.33999211858381095,52.2499189393697,50.96478679643184
517510257,boot,42,0.6090897686575174,0.3729499966544688,52.2499189393697,41.07274342533279
517510257,boot,43,1.182684082771732,0.448297160961047,52.2499189393697,36.69643580793809
517510257,boot,44,0.6937094440938077,0.41101305133082533,52.2499189393697,44.74687777790501
517510257,boot,45,0.880152072064419,0.47951672596819095,52.2499189393697,48.884119189620975
517510257,boot,46,0.869462381466819,0.4899197950716313,52.2499189393697,51.45753951179293
517510257,boot,47,1.1310273869957814,0.5203152942772404,52.2499189393697,50.86320936082558
517510257,boot,48,0.2465213991748222,0.19645009100984412,52.2499189393697,163.7098078209585
517510257,boot,49,0.8060109810300314,0.4849463900709946,52.2499189393697,57.25768034326336
517510257,boot,50,0.9388266602928707,0.3984989001829601,52.2499189393697,35.42482950321789
517510257,boot,51,0.42732095104601503,0.27879619469560446,52.2499189393697,113.41604600406818
517510257,boot,52,1.1696293970419163,0.5020395539867109,52.2499189393697,40.7160480593316
517510257,boot,53,1.0163443560502023,0.4815584001310568,52.2499189393697,46.10066191756587
517510257,boot,54,0.9654000031434351,0.4226674586089473,52.2499189393697,43.28201032919898
517510257,boot,55,0.9861363185607598,0.43057310965979034,52.2499189393697,48.518343079250826
517510257,boot,56,1.1121841479106385,0.4432138294844964,52.2499189393697,58.9182337672803
517510257,boot,57,0.7394439111810099,0.360640848123295,52.2499189393697,48.186899307587424
517510257,boot,58,0.6725402219253942,0.3879419583574165,52.2499189393697,41.04144535353822
517510257,boot,59,0.8576372516052276,0.41832902177657516,52.2499189393697,45.461176072792426
517510257,boot,60,0.880152072064419,0.47951672596819095,52.2499189393697,48.884119189620975
517510257,boot,61,0.9868353409142093,0.4721035237385127,52.2499189393697,64.06620979080974
517510257,boot,62,0.8374486318553873,0.5038749932433557,52.2499189393697,56.326693622371764
517510257,boot,63,1.000055426585047,0.322280518390455,52.2499189393697,57.87404546050141
517510257,boot,64,1.0601564135166335,0.4028904337604676,52.2499189393697,59.53225375907982
517510257,boot,65,0.850369444082507,0.4072358888370925,52.2499189393697,57.52175507112695
517510257,boot,66,1.224913049942212,0.4765555083975018,52.2499189393697,67.39206506241499
517510257,boot,67,0.8375064421504401,0.5038750128586884,52.2499189393697,56.325097831476214
517510257,boot,68,0.75985950413129,0.44633684224680614,52.2499189393697,54.982622370404144
517510257,boot,69,1.0050659518939724,0.47663833979283077,52.2499189393697,48.44487902877188
517510257,boot,70,1.1931041219883216,0.47320791152946406,52.2499189393697,62.88546564632156
517510257,boot,71,0.9069111757315849,0.4146556061220523,52.2499189393697,48.65920157029975
517510257,boot,72,0.8626879842159397,0.3927959671547382,52.2499189393697,60.193423830796235
517510257,boot,73,0.8593146129373018,0.4569566795396084,52.2499189393697,48.83247138249689
517510257,boot,74,0.9072838891995433,0.4757209228019802,52.2499189393697,49.836440089527684
517510257,boot,75,1.1825888912996108,0.44829715835830775,52.2499189393697,36.696563714672294
517510257,boot,76,0.9018189066568647,0.47335142380245165,52.2499189393697,60.060358635285716
517510257,boot,77,1.3338126814739693,0.4066602731658634,52.2499189393697,57.826569051343085
517510257,boot,78,0.9501871244803047,0.4992078503749634,52.2499189393697,46.086908543572946
517510257,boot,79,0.7967054238714862,0.5188978541517295,52.2499189393697,45.116967240889835
517510257,boot,80,0.6584374950153729,0.4387872643117977,52.2499189393697,59.78010142768826
517510257,boot,81,0.9219750736424968,0.5021290676697536,52.2499189393697,50.13383345862427
517510257,boot,82,0.8236371189078228,0.4216358814835619,52.2499189393697,59.86850667154093
517510257,boot,83,0.8134720112233512,0.46129130901140725,52.2499189393697,58.01659419469931
517510257,boot,84,2.021029857547086,0.4702032529507635,52.2499189393697,53.58127408275365
517510257,boot,85,1.2347347195625642,0.5121264116616431,52.2499189393697,62.85453524019229
517510257,boot,86,0.8411866585947068,0.43520629346739526,52.2499189393697,44.892935631720945
517510257,boot,87,0.6584253563195582,0.18621311568959387,52.2499189393697,50.42178359980761
517510257,boot,88,0.9451225319764632,0.4764817959542338,52.2499189393697,54.10305562811392
517510257,boot,89,0.9572971187096784,0.42296252722406924,52.2499189393697,50.02989220906042
517510257,boot,90,0.7379920831837811,0.42711369351159445,52.2499189393697,41.64834773597971
517510257,boot,91,1.2835447160940914,0.4765025360495949,52.2499189393697,51.937167189491646
517510257,boot,92,1.1927225737970892,0.47320793775729797,52.2499189393697,62.880930545157696
517510257,boot,93,1.192172191289338,0.47320786601759646,52.2499189393697,62.87380669072968
517510257,boot,94,1.0709314279179243,0.5040666187400938,52.2499189393697,61.61119808036426
517510257,boot,95,0.9419523848520255,0.3397012162833474,52.2499189393697,53.648045568462514
517510257,boot,96,0.8121274301337714,0.5497217904389491,52.2499189393697,58.19604682481077
517510257,boot,97,1.021538131051529,0.3784803626555856,52.2499189393697,63.26894075554458
517510257,boot,98,0.9996448382438903,0.5349224235904928,52.2499189393697,55.301085769272476
517510257,boot,99,0.8551847683490494,0.43479172314583914,52.2499189393697,48.23208950941804
517510257,rot,0,0.9222342686096624,0.4829381582415516,18.072398152600037,13.255676167655821
517510257,rot,1,0.7353441365863672,0.41611077877771363,140.10357075427856,136.68369435591353
517510257,rot,2,0.834514097444975,0.3525397174202526,149.84275084495746,153.41748647646102
517510257,rot,3,0.9065810072214945,0.3794509247649671,84.68617053523839,93.29346488292238
517510257,rot,4,0.8701420363971807,0.5464039391644344,68.28566274913958,60.39028299337632
517510257,rot,5,0.9585273971187981,0.5122871910616817,167.10298760097558,164.59001415647532
517510257,rot,6,0.9174041982025528,0.2661067198374697,158.27008805956868,2.842170943040401e-14
517510257,rot,7,0.8083350799981385,0.4068675906309047,143.00061890071748,153.83042251429836
517510257,rot,8,0.8973899872270721,0.4044275981568579,178.466304868325,3.501691348624236
517510257,rot,9,1.08834534678401,0.3952134963982985,70.71614916364624,74.17247565573547
517510257,rot,10,1.2296703195740772,0.41683786708458725,146.56299332874966,141.17750667202782
517510257,rot,11,0.9448074168201095,0.43826262195568844,100.66776354447354,109.57591709942757
517510257,rot,12,0.8618846497975308,0.4829076329847346,175.04955390646853,1.5063820813858224
517510257,rot,13,1.217044270512039,0.3844623060134813,107.0649059116061,98.41456023666586
517510257,rot,14,0.8692063832888244,0.24636609733613313,171.7673755359594,150.80780184725037
517510257,rot,15,0.9811321081199079,0.5273537107215047,117.43595280176503,104.03575908353405
517510257,rot,16,0.7884088706661203,0.47116988487694456,55.31041535618001,51.14284278330894
517510257,rot,17,0.7392080500744608,0.3652473742593719,143.13651525250327,137.9554615926911
517510257,rot,18,1.1939113016724274,0.4324979523025607,61.55959308123595,55.61348629277671
517510257,rot,19,1.1673264677075184,0.5479547237839304,111.94443113407223,133.30080109038755
517510257,rot,20,0.2316692796608451,0.3146928136973437,75.85736035200567,150.48920118502468
517510257,rot,21,0.9619786597110156,0.45243826631507045,60.772567090728145,60.74616297706117
517510257,rot,22,1.2334774398409831,0.5106220333172162,120.51098840573566,123.64953682422279
517510257,rot,23,0.7786289599423585,0.4301687449044743,28.966554542624014,26.727885767358934
517510257,rot,24,0.9835907402064149,0.3749818191245141,9.816064614277467,179.99999999999258
517510257,rot,25,1.2134340547475129,0.4739088805169057,76.15213582911075,81.64108663573208
517510257,rot,26,0.9673831919364528,0.5163916867374406,81.21394136845721,75.46959455631958
517510257,rot,27,1.1197606864627958,0.46878061741244637,117.864506387276,121.28230606015126
517510257,rot,28,0.944324496811645,0.48971445697451776,177.8845510103275,169.98772465167806
517510257,rot,29,1.08006982413656,0.49648352681444174,43.163236275722824,53.158386614600886
517510257,rot,30,1.3134509049318597,0.4841580420750986,134.7649649481902,117.85408838329697
517510257,rot,31,1.0626228477883741,0.3769477635141856,75.20643875802588,78.07343924101536
517510257,rot,32,0.6478595880249391,0.45640940278033726,76.53026292914066,93.89079144922266
517510257,rot,33,0.7425741232320222,0.4470415050379921,59.069478644816584,72.24392692039635
517510257,rot,34,0.7645037816955934,0.5987268138958899,46.37071726311213,42.249454709246976
517510257,rot,35,0.7938674237267797,0.40843058812395316,41.251277694499315,50.25977646817455
517510257,rot,36,0.6134985680281276,0.4778914068982023,125.87104014138724,106.02397259771365
517510257,rot,37,0.33149705115097555,0.23875145713661217,66.18211147636381,158.64139741332102
517510257,rot,38,0.9526825855306768,0.4203211562580975,100.82978090231711,92.3965704364823
517510257,rot,39,1.036652680293635,0.5691117274007857,76.24118343016113,67.1532413385325
517510257,rot,40,1.0947287898476832,0.5009299469868392,38.84805277173079,41.773602932340395
517510257,rot,41,0.9877665964702778,0.42212267539325654,30.289905415757516,179.99999999999997
517510257,rot,42,1.232230362607938,0.4758951795254368,1.7970105117644808,165.38304839407488
517510257,rot,43,0.9924367378322554,0.4582622439265748,176.99156370074041,1.8666306162187427
517510257,rot,44,0.7552712518677168,0.39351365146533757,39.899819946107286,44.87253566736497
517510257,rot,45,1.0368798477084107,0.3694167482192253,122.7495245617793,114.55477675968501
517510257,rot,46,0.958285518311995,0.47389186331519906,139.5613819992477,156.37180280342102
517510257,rot,47,1.0494029855761091,0.5588148382338427,7.12208761151246,11.747590730891304
517510257,rot,48,1.0736973110753723,0.4868495176352885,111.70656012061312,109.18369294695987
517510257,rot,49,1.402829370016692,0.38964955540979485,77.76820485519269,88.76702721532143
517511183,round,0,1.0422699259879906,0.606436920247677,75.42404978198391,79.89236801159723
517511183,round,1,1.1013207574709525,0.4975937963340814,75.42404978198391,75.23630107797709
517511183,round,2,1.0946458489989568,0.5688481883682039,75.42404978198391,79.82706171793512
517511183,round,3,1.3282157437608637,0.5447198047888704,75.42404978198391,71.86219182381794
517511183,round,4,0.9292421646351824,0.5706051176135256,75.42404978198391,81.8378540312515
517511183,round,5,0.9837996356568144,0.514235513429751,75.42404978198391,79.94073155200549
517511183,round,6,0.947098178587374,0.6149504847758698,75.42404978198391,61.21099834839349
517511183,round,7,1.0829531091648796,0.6448186053559752,75.42404978198391,73.14331270746541
517511183,round,8,0.38720975944477115,0.29997885010940495,75.42404978198391,178.3404479210096
517511183,round,9,0.9735762072501903,0.713840882170423,75.42404978198391,79.72069129237306
517511183,round,10,1.0083040080562158,0.6474282271202675,75.42404978198391,70.09027556082447
517511183,round,11,0.8872327237215909,0.5496984412315233,75.42404978198391,81.22383458114776
517511183,round,12,0.9807181406532658,0.5345366801555025,75.42404978198391,75.09519805937373
517511183,round,13,1.0946970061845342,0.184810424170749,75.42404978198391,88.8800388048337
517511183,round,14,1.2374084388852817,0.5447583829208109,75.42404978198391,83.25309960301507
517511183,round,15,0.9699658427255391,0.5301747918322317,75.42404978198391,71.0172427802992
517511183,round,16,0.9000445452811701,0.5086433377352662,75.42404978198391,79.63991351946454
517511183,round,17,0.9437829540778776,0.6404849385165515,75.42404978198391,77.16793290451442
517511183,round,18,1.0696792505359676,0.5166510620766427,75.42404978198391,80.30378157629391
517511183,round,19,1.077194465903798,0.6223222466216785,75.42404978198391,74.38578371266843
517511183,round,20,0.974795862307395,0.5309492230544226,75.42404978198391,78.1470892631358
517511183,round,21,1.0178420484897213,0.573501011970649,75.42404978198391,83.76058056178658
517511183,round,22,1.2157812043554341,0.5843892302013634,75.42404978198391,69.20553923265123
517511183,round,23,1.025162503069122,0.5413773459666249,75.42404978198391,66.70101977006541
517511183,round,24,1.1180579666709456,0.6040590796884389,75.42404978198391,76.94136896493052
517511183,round,25,1.2067407887953558,0.5883625424683492,75.42404978198391,74.6928320439819
517511183,round,26,1.1089551959761972,0.5868423175042388,75.42404978198391,64.8567189641029
517511183,round,27,0.21954482365445246,0.30316927319715403,75.42404978198391,132.64647950652338
517511183,round,28,1.2517591199825804,0.5752058420011312,75.42404978198391,74.60771484240303
517511183,round,29,0.9621002111431507,0.5513867845320062,75.42404978198391,83.37366541115414
517511183,round,30,1.1020013223348324,0.551827189458268,75.42404978198391,73.83893858972544
517511183,round,31,0.9712087118406336,0.6407815664186363,75.42404978198391,81.5691778998899
517511183,round,32,0.9850645728742305,0.5007469202659777,75.42404978198391,77.02946775615956
517511183,round,33,1.0503439929976335,0.45667561881472696,75.42404978198391,77.41468810156988
517511183,round,34,0.8768345168789805,0.24629483292869603,75.42404978198391,55.28949528433519
517511183,round,35,0.9462620625024545,0.5608314773516168,75.42404978198391,77.84165283154098
517511183,round,36,1.0696909807598876,0.5166510620800392,75.42404978198391,80.30349386211475
517511183,round,37,0.8913204119599879,0.5085035267497293,75.42404978198391,80.38602444304307
517511183,round,38,0.9783247595437012,0.5977167589333262,75.42404978198391,77.60839301378164
517511183,round,39,0.974819866987384,0.5309492226538075,75.42404978198391,78.14805835459772
517511183,round,40,0.8788342458449212,0.630285296368373,75.42404978198391,74.58496984707877
517511183,round,41,0.913725077021895,0.5974046428174772,75.42404978198391,78.35393645800484
517511183,round,42,1.2157898183193088,0.5843892301527139,75.42404978198391,69.20546409953482
517511183,round,43,1.22159157657329,0.6663122904147817,75.42404978198391,74.88738834788921
517511183,round,44,1.2145073324196405,0.5682234650988743,75.42404978198391,82.47512844346392
517511183,round,45,0.9336969925522417,0.5277993591219305,75.42404978198391,75.21924909139078
517511183,round,46,0.958170521838044,0.6327879012897681,75.42404978198391,65.67455226887485
517511183,round,47,0.963287648315727,0.5777483029895936,75.42404978198391,74.14574732333921
517511183,round,48,0.9213449778627922,0.5912490594209996,75.42404978198391,70.86475753514237
517511183,round,49,1.0408615043534237,0.5931224285165939,75.42404978198391,74.28272378920647
517511183,round,50,0.9723486377635279,0.5935865555870883,75.42404978198391,90.2284354805346
517511183,round,51,0.33960227404809096,0.25198281460229777,75.42404978198391,140.90001380131505
517511183,round,52,1.1556894394564317,0.5492597153395014,75.42404978198391,77.43822088541174
517511183,round,53,0.90719940515399,0.6226723054113535,75.42404978198391,74.75923508186845
517511183,round,54,0.9211160666907584,0.6103574889623133,75.42404978198391,68.48940954110343
517511183,round,55,1.1020138881884995,0.5518271894505108,75.42404978198391,73.83887737497389
517511183,round,56,1.0383330527477084,0.5712335813797098,75.42404978198391,68.39219929320461
517511183,round,57,0.9807191893914615,0.5345366801460705,75.42404978198391,75.09516917228667
517511183,round,58,1.096163638473032,0.47158407121963475,75.42404978198391,70.14743469468141
517511183,round,59,1.1681940838277716,0.5563820894834163,75.42404978198391,82.90452219600866
517511183,round,60,1.2874784650369684,0.48332798814008293,75.42404978198391,73.48324792629955
517511183,round,61,0.900694280464655,0.6033763095839982,75.42404978198391,71.95159309523545
517511183,round,62,0.8354637807725125,0.6107254517439975,75.42404978198391,72.54704956351986
517511183,round,63,1.038367507402328,0.5712335814389427,75.42404978198391,68.39312158136471
517511183,round,64,1.1036976688123554,0.5671777539289513,75.42404978198391,85.6511788372942
517511183,round,65,0.8393290957063321,0.5692848561112849,75.42404978198391,75.09087087716546
517511183,round,66,1.1025336974064994,0.6019283034602734,75.42404978198391,86.91618351865401
517511183,round,67,0.9534708965762465,0.5556390937464033,75.42404978198391,67.46402155240281
517511183,round,68,4.6830891055800095,0.17105299235401317,75.42404978198391,89.94789579262303
517511183,round,69,1.100788764521221,0.6034211617239802,75.42404978198391,79.75964712169935
517511183,round,70,0.9042882040229867,0.6331807731109749,75.42404978198391,78.6758041641379
517511183,round,71,1.4037049231698429,0.549212550651601,75.42404978198391,75.96592446551787
517511183,round,72,1.0898820428781493,0.5626190245408587,75.42404978198391,71.96823161971179
517511183,round,73,0.9658735859306786,0.6404057446854658,75.42404978198391,72.31621310675598
517511183,round,74,1.076245095979036,0.49641804504902176,75.42404978198391,79.40448356554518
517511183,round,75,0.9957984377900052,0.5584001537200218,75.42404978198391,74.055285708991
517511183,round,76,1.1917294763752453,0.5720637010098593,75.42404978198391,69.77855916520338
517511183,round,77,0.9056179717119078,0.5372055314100197,75.42404978198391,75.91470158309865
517511183,round,78,1.0357375871834613,0.6599397083446227,75.42404978198391,76.21991389004688
517511183,round,79,1.0005139050318843,0.5732725151123523,75.42404978198391,75.498426360113
517511183,round,80,0.846685609263219,0.4776156046944905,75.42404978198391,84.595120420077
517511183,round,81,0.963287648315727,0.5777483029895936,75.42404978198391,74.14574732333921
517511183,round,82,1.053865499209598,0.6034134070660505,75.42404978198391,83.20000020664116
517511183,round,83,0.8653354162784458,0.6200075988433424,75.42404978198391,74.71133518893973
517511183,round,84,1.0843049435575418,0.6111101652423259,75.42404978198391,74.42756876520764
517511183,round,85,1.2546790784473714,0.5567777699486602,75.42404978198391,83.57818554756568
517511183,round,86,1.1037524747030347,0.5671777540862772,75.42404978198391,85.65100483099394
517511183,round,87,1.0438982765375908,0.5980484733176982,75.42404978198391,85.78205125582775
517511183,round,88,1.0339885473043333,0.5332779749909154,75.42404978198391,83.47086375215886
517511183,round,89,1.0582311529802986,0.6266591634637917,75.42404978198391,71.73739239876431
517511183,round,90,0.9943706108054545,0.6155905926439873,75.42404978198391,78.24755541821457
517511183,round,91,1.036193948381609,0.5403169356287043,75.42404978198391,76.27045753558355
517511183,round,92,0.8834519973094664,0.6552388528061874,75.42404978198391,79.10899855169174
517511183,round,93,0.9741610955607461,0.5991100057353276,75.42404978198391,77.75663072574193
517511183,round,94,1.181624966324874,0.5886001647020298,75.42404978198391,76.35350577864875
517511183,round,95,0.9232467592247809,0.6189058451225535,75.42404978198391,72.60351606095938
517511183,round,96,1.0660367568513693,0.5508814444191581,75.42404978198391,81.39811299525252
517511183,round,97,0.27307107017299237,0.2219602152544513,75.42404978198391,133.9429605757898
517511183,round,98,1.0367829903451133,0.5737385745082224,75.42404978198391,78.38025906333735
517511183,round,99,0.9060260273054925,0.5468150589432552,75.42404978198391,75.27403241363982
517511183,boot,0,1.3634337805915,0.5731724107889898,75.42404978198391,82.85221540947535
517511183,boot,1,1.362516494597256,0.49042523694407625,75.42404978198391,91.89657108585402
517511183,boot,2,1.232531955946017,0.6706648238870812,75.42404978198391,81.11919765012289
517511183,boot,3,0.9936587700623528,0.6050690782085404,75.42404978198391,73.10371715548108
517511183,boot,4,0.932765891202759,0.2846768898970917,75.42404978198391,51.024140013574225
517511183,boot,5,1.3029282268224478,0.5604794266475823,75.42404978198391,83.24460402287573
517511183,boot,6,1.0632090442848372,0.6005930641927235,75.42404978198391,74.53417417379046
517511183,boot,7,1.1362970232143745,0.5788622305309153,75.42404978198391,67.50993420765462
517511183,boot,8,1.1211546990305976,0.5552913393644467,75.42404978198391,75.14693922847408
517511183,boot,9,1.1506320497516604,0.5697072707753441,75.42404978198391,69.0240814044844
517511183,boot,10,1.0566661760003495,0.5670637425686933,75.42404978198391,72.52681242540046
517511183,boot,11,1.1325228729467323,0.6959665339202262,75.42404978198391,72.83033145583872
517511183,boot,12,1.00591615344397,0.48760578877432503,75.42404978198391,63.80800005069125
517511183,boot,13,1.1145885554127708,0.5363521618102302,75.42404978198391,80.71617498541042
517511183,boot,14,1.0813162420486422,0.6331720930878227,75.42404978198391,84.90035435134547
517511183,boot,15,1.1194950198388767,0.588693620218427,75.42404978198391,70.47801370489913
517511183,boot,16,1.0691996936923953,0.5421106893277745,75.42404978198391,71.57972012492371
517511183,boot,17,1.1666708809420654,0.511890493891905,75.42404978198391,72.73086071674484
517511183,boot,18,0.9921628043346936,0.5202043007445756,75.42404978198391,78.27287171696901
517511183,boot,19,1.386389514661393,0.47179890899245713,75.42404978198391,72.63023127323899
517511183,boot,20,1.2229893716188334,0.5641957448059258,75.42404978198391,71.85211206623404
517511183,boot,21,1.1062312601043836,0.4749109864138248,75.42404978198391,77.35497672050906
517511183,boot,22,1.324863552112075,0.5912055437432382,75.42404978198391,75.62881091418367
517511183,boot,23,1.4722614731724877,0.6602651556288991,75.42404978198391,79.6296510706839
517511183,boot,24,0.9300563099516972,0.5374421971071943,75.42404978198391,76.75730717403323
517511183,boot,25,1.3056518212049957,0.5421759279848523,75.42404978198391,68.95696991830442
517511183,boot,26,1.2972304122423088,0.5473389594933631,75.42404978198391,77.19472186051337
517511183,boot,27,0.21855524535710588,0.26950710820319435,75.42404978198391,0.8548624236189539
517511183,boot,28,1.1340089017162482,0.5293684248967726,75.42404978198391,74.56531983729414
517511183,boot,29,1.1514285031393385,0.6065157501642535,75.42404978198391,79.78853138509072
517511183,boot,30,1.3010752180839151,0.6123430506843721,75.42404978198391,78.15441250892985
517511183,boot,31,1.0269314165146781,0.61274311842731,75.42404978198391,61.38062752306513
517511183,boot,32,1.3322866976094598,0.5452462959793796,75.42404978198391,82.91473120224254
517511183,boot,33,1.0948962142694623,0.5326819346123416,75.42404978198391,77.91458186324385
517511183,boot,34,1.0536167924190414,0.510911630593545,75.42404978198391,84.25076941814362
517511183,boot,35,1.1795562459045799,0.4883341108069622,75.42404978198391,86.07730709599832
517511183,boot,36,1.061122528123246,0.6062740686004451,75.42404978198391,74.5722134894383
517511183,boot,37,1.046292157695368,0.4936121552078877,75.42404978198391,87.59099715242212
517511183,boot,38,1.2082013368259785,0.5304508420556248,75.42404978198391,78.55346085820554
517511183,boot,39,1.044045638202013,0.5455150385527989,75.42404978198391,72.83100315739875
517511183,boot,40,0.9448043556002547,0.6025958430700131,75.42404978198391,81.17559616036776
517511183,boot,41,1.1353830374343217,0.6125994184298846,75.42404978198391,68.75950858364956
517511183,boot,42,1.215317758818386,0.4606779921308686,75.42404978198391,77.47463047783032
517511183,boot,43,1.2345685874076722,0.5947794980639457,75.42404978198391,79.42842313009871
517511183,boot,44,1.204880758853807,0.6100264905985088,75.42404978198391,66.50585398819578
517511183,boot,45,1.0277284039507404,0.5690811996786908,75.42404978198391,70.50764837140912
517511183,boot,46,1.0311287643129463,0.6824586038990121,75.42404978198391,80.98230864719258
517511183,boot,47,1.0057008205063331,0.6318921479120574,75.42404978198391,81.82595432816444
517511183,boot,48,1.0989813806160362,0.5339617112660971,75.42404978198391,76.45430769682702
517511183,boot,49,0.20206969691697657,0.2699196902360935,75.42404978198391,156.29958296885394
517511183,boot,50,1.0277267107202925,0.5690811997611676,75.42404978198391,70.50767630746938
517511183,boot,51,1.173871922213678,0.6857942677326969,75.42404978198391,69.81735685498438
517511183,boot,52,1.0437852313574199,0.6373361562125084,75.42404978198391,76.43266448060422
517511183,boot,53,1.1088454387723383,0.5651691618450176,75.42404978198391,70.11990903230353
517511183,boot,54,0.9995067140699576,0.5949400489871037,75.42404978198391,79.13446470222226
517511183,boot,55,0.16966288908543461,0.24314460313291808,75.42404978198391,3.087577006662542
517511183,boot,56,1.0742053002033627,0.628705644230405,75.42404978198391,78.42486050718415
517511183,boot,57,1.4193509955102142,0.5739727850607723,75.42404978198391,70.08484711154298
517511183,boot,58,0.08962923901849959,0.2314939842337529,75.42404978198391,160.91331412065287
517511183,boot,59,1.165921387750127,0.5633551497315175,75.42404978198391,76.85561170431617
517511183,boot,60,1.0249185363936635,0.5288694390718109,75.42404978198391,67.3634928981756
517511183,boot,61,1.1397027773124973,0.5995022687067155,75.42404978198391,85.59787822493047
517511183,boot,62,1.5214045891884855,0.5923285623912596,75.42404978198391,71.10419082269641
517511183,boot,63,1.087286296753758,0.52934026613604,75.42404978198391,71.62569883675988
517511183,boot,64,1.1541827880916407,0.534503306856136,75.42404978198391,68.0316819758512
517511183,boot,65,1.1910161996419473,0.6007705949863038,75.42404978198391,79.50985126008584
517511183,boot,66,1.1910066577656264,0.6007705949502503,75.42404978198391,79.50985335595729
517511183,boot,67,1.7013129910867877,0.4403372237123643,75.42404978198391,69.96876155174652
517511183,boot,68,0.1735793363826121,0.22440098656738372,75.42404978198391,0.6233761522601924
517511183,boot,69,1.2552266986810345,0.6289164205900886,75.42404978198391,78.81613233035088
517511183,boot,70,1.1034458452714002,0.5738683243578785,75.42404978198391,76.46817982711462
517511183,boot,71,1.1003170264316693,0.618960031429012,75.42404978198391,73.36495085228293
517511183,boot,72,1.0020893477863058,0.525264338930027,75.42404978198391,72.85862536249513
517511183,boot,73,1.0555942505774232,0.6251522744528802,75.42404978198391,74.19463666997501
517511183,boot,74,1.1145928155362406,0.5363521617466376,75.42404978198391,80.71613797593596
517511183,boot,75,1.0203209575612509,0.47353349335862993,75.42404978198391,78.66092242264341
517511183,boot,76,0.2885693126392086,0.27364932793762975,75.42404978198391,157.754744552838
517511183,boot,77,1.301367780676389,0.48366287749012005,75.42404978198391,76.38202751039836
517511183,boot,78,1.132527443004904,0.6959665338313181,75.42404978198391,72.8303745254446
517511183,boot,79,1.1353811676209369,0.6125994187537234,75.42404978198391,68.75926848963613
517511183,boot,80,1.031171646981168,0.6824586039756235,75.42404978198391,80.9829398598495
517511183,boot,81,1.166679558912911,0.5118904937757651,75.42404978198391,72.73103228047617
517511183,boot,82,1.071987834270283,0.6593588390937188,75.42404978198391,83.85784712323743
517511183,boot,83,0.15575465669057514,0.2112781450298652,75.42404978198391,3.092580868034105
517511183,boot,84,1.3816615835970611,0.5206264669579298,75.42404978198391,66.90763710689791
517511183,boot,85,0.4072267331580632,0.23747260365313905,75.42404978198391,161.29528544585946
517511183,boot,86,0.32762259504638624,0.2598091880507438,75.42404978198391,171.48511620104898
517511183,boot,87,0.9131830486606235,0.5434132308999051,75.42404978198391,71.99511066029127
517511183,boot,88,1.3029158059512522,0.5604794269059904,75.42404978198391,83.24442187530695
517511183,boot,89,1.0395233794778995,0.6346185271278011,75.42404978198391,75.07880270184711
517511183,boot,90,1.1738662032266476,0.5937402861965236,75.42404978198391,71.29607635782008
517511183,boot,91,0.6898930141853927,0.2159610794437894,75.42404978198391,119.32492918132192
517511183,boot,92,1.1490109452319681,0.5609137321311217,75.42404978198391,66.26783634754003
517511183,boot,93,1.1338309616597118,0.6310314580163628,75.42404978198391,80.05730881567351
517511183,boot,94,1.352829546737497,0.6012895650793701,75.42404978198391,75.12019705600557
517511183,boot,95,0.9963014226902147,0.5461992801877302,75.42404978198391,82.30919674554467
517511183,boot,96,1.0006456788132394,0.5645520361928823,75.42404978198391,79.49984110081257
517511183,boot,97,1.363392369462848,0.5731724103394384,75.42404978198391,82.85174254940694
517511183,boot,98,1.4183690872999295,0.48820379448731055,75.42404978198391,73.1265336204711
517511183,boot,99,1.186016781058782,0.513554905987434,75.42404978198391,66.63784763212485
517511183,rot,0,0.8837286337537543,0.5763880244221666,15.200310423459635,14.082558613292065
517511183,rot,1,0.9304120270044844,0.5928240298430704,156.33766055796022,155.21392398399834
517511183,rot,2,1.0075701344303765,0.6365669766346824,143.5169268180992,145.15490712304523
517511183,rot,3,0.7941187683228,0.6155523364070028,86.61244441999449,88.04855245304314
517511183,rot,4,1.227324898275879,0.5874930273537228,159.62233228363817,166.70342357288712
517511183,rot,5,1.281094353510372,0.5679412896541853,18.008374900773273,8.594027068458956
517511183,rot,6,1.1197646581333083,0.6062574090752497,95.59203926630619,97.28171518384922
517511183,rot,7,1.1026734615119016,0.5470012484730424,59.10650344301566,57.96752444230691
517511183,rot,8,1.0648002441164706,0.5668322703528562,154.66771108884112,158.10478675760908
517511183,rot,9,0.18494742567188754,0.19680724010169226,107.75508536648978,18.697890571453627
517511183,rot,10,1.3642744858544016,0.4890986332350601,84.28920389123519,77.37118289302714
517511183,rot,11,1.1977892086768207,0.5806027651870938,53.06503999090201,54.52884812570983
517511183,rot,12,1.1877992848200147,0.6075504490133745,65.54039109140591,69.9541777301178
517511183,rot,13,0.9333400330695707,0.5451714949316802,134.20265736620743,137.80411686733663
517511183,rot,14,1.0921280541705247,0.7064277002767214,132.59075070161802,126.22461827602152
517511183,rot,15,1.133211957561386,0.5482320574035093,79.88040099083409,84.59992451820446
517511183,rot,16,0.9700113575703464,0.5724877257192611,118.04770810471722,111.3084099421061
517511183,rot,17,1.246149814926285,0.62434728449582,80.3821455054628,80.04183410298856
517511183,rot,18,1.1080456873449092,0.5800457481481618,78.37817367432774,77.42057719696032
517511183,rot,19,1.1908225399119183,0.426014380868347,131.00724722895887,132.41100231962267
517511183,rot,20,1.1387314146096117,0.596606541329496,159.6448974899334,159.30610399625095
517511183,rot,21,1.2180490539978133,0.48729837423401823,54.19975167603753,51.94313912138574
517511183,rot,22,1.153703182447867,0.5366648129536189,158.75356630028745,158.39478947594606
517511183,rot,23,1.1428785771576437,0.5581145082817459,1.5239694677053595,0.28630972567863466
517511183,rot,24,1.2410740139687322,0.6053709935894875,8.134865878010263,6.682252799904688
517511183,rot,25,0.8500209032405648,0.3969711805509939,38.51599811197011,179.99999999999997
517511183,rot,26,1.113295571890858,0.5689867349634147,168.93541612270684,165.91745182016194
517511183,rot,27,1.2754472222607838,0.5556246590938594,91.44159312141663,84.1860629755702
517511183,rot,28,1.1738873800875886,0.5876043586307271,140.2298053483113,135.07416077749244
517511183,rot,29,1.3365075808239324,0.5788277330268801,179.8460368334243,176.25053229198937
517511183,rot,30,1.1648638080018614,0.4799953368005505,156.46437947260833,158.67494845484174
517511183,rot,31,1.3186554566612396,0.6196296943656865,115.429477831801,122.34575220181492
517511183,rot,32,1.0753907582074722,0.5055555554194503,29.67228746459343,34.49768004053851
517511183,rot,33,1.16255882588607,0.5319792678561357,60.948829910824266,62.86802851755806
517511183,rot,34,1.2658567418754503,0.5638431626205951,55.058137454699086,55.24717054305623
517511183,rot,35,1.0033786410085612,0.5333172970194608,38.58298887232273,39.23613277281396
517511183,rot,36,0.9597747782425221,0.6016431060477294,150.13849331235116,138.19054188435695
517511183,rot,37,0.19969423967731256,0.299180672624197,45.90288129825135,123.02086495868674
517511183,rot,38,1.261137054135229,0.5971397932713749,60.609552963115156,58.165670939043935
517511183,rot,39,0.8980548405139301,0.5846431823900416,74.0425206534221,75.45530041107378
517511183,rot,40,0.5582643922496939,0.21896484567477603,78.82573030245628,121.30086145823446
517511183,rot,41,1.3967591089116083,0.5883270108842096,88.05353348063295,92.57101488528102
517511183,rot,42,1.1325085185246286,0.5114439991915232,119.09645715139996,119.19172364156617
517511183,rot,43,1.0634508965062077,0.6355341192417396,9.68254228525554,18.80088761374445
517511183,rot,44,0.9772644389346928,0.5052521593533658,8.315430581837461,8.263198674081224
517511183,rot,45,1.1922566649396535,0.5687450644284672,145.7463926022472,142.72662588200382
517511183,rot,46,1.0293956721527484,0.445323938618871,157.9093888614552,161.32130581610315
517511183,rot,47,1.1272014295751105,0.5166565527431002,50.86325798348651,44.92445624219977
517511183,rot,48,1.1268493394678105,0.5928207724688348,141.54280093010502,148.51562098608787
517511183,rot,49,1.1922143448969418,0.6311514378003793,177.20113220249036,2.3988658679662507
517511567,round,0,1.040131481955868,0.6281399743326839,66.22771734686762,70.22998420122985
517511567,round,1,0.940378626690078,0.621575358756866,66.22771734686762,54.98608904280157
517511567,round,2,1.1778729710995444,0.6271650461975216,66.22771734686762,69.78875789563818
517511567,round,3,1.0775550060898125,0.6306408938079341,66.22771734686762,71.99660985043101
517511567,round,4,0.9765368324668456,0.5525249116164129,66.22771734686762,65.51396576567723
517511567,round,5,1.2564511213702503,0.5023991546780263,66.22771734686762,69.61033353828043
517511567,round,6,1.2159345155014891,0.5390684709591609,66.22771734686762,68.17134859063896
517511567,round,7,1.8483245024774424,0.5442725776164714,66.22771734686762,84.88322530625786
517511567,round,8,1.4515165752377333,0.5001532764113037,66.22771734686762,81.31029921431161
517511567,round,9,0.768172431737415,0.5274352148626794,66.22771734686762,65.90632113475802
517511567,round,10,1.4518434950742194,0.5663311633377508,66.22771734686762,59.68950311906326
517511567,round,11,1.841534469888285,0.5442726491248535,66.22771734686762,84.82447493034624
517511567,round,12,0.7692353140684122,0.5847539197853708,66.22771734686762,69.97787506885547
517511567,round,13,1.3129256981386344,0.5012477788100032,66.22771734686762,56.80805617894532
517511567,round,14,1.1349365779527374,0.4805457027984542,66.22771734686762,60.246368345308156
517511567,round,15,1.2662755844647295,0.5827217260676958,66.22771734686762,73.97186816121092
517511567,round,16,1.5032517665853267,0.3838200715456995,66.22771734686762,53.84275871242846
517511567,round,17,1.287982280041294,0.6070071851538538,66.22771734686762,67.72827958991607
517511567,round,18,0.8106598571611624,0.5854474166060938,66.22771734686762,63.968102314707885
517511567,round,19,0.9018470425192378,0.48599382209200725,66.22771734686762,69.03779867773999
517511567,round,20,0.9641119198699265,0.6562243118770026,66.22771734686762,71.06348830450243
517511567,round,21,1.1133095092256637,0.5348844997297888,66.22771734686762,64.8290438624189
517511567,round,22,0.7219256038647536,0.5150454067366398,66.22771734686762,63.50324548795583
517511567,round,23,0.8907214459275187,0.6320498412909236,66.22771734686762,67.00175792749408
517511567,round,24,0.6670518019979804,0.6626134986809262,66.22771734686762,72.85732286701798
517511567,round,25,0.8548394842969725,0.4926385661082965,66.22771734686762,72.71797732343407
517511567,round,26,0.9220419654117142,0.6099183563505377,66.22771734686762,73.12905361442839
517511567,round,27,1.1746473151627856,0.4696433595191448,66.22771734686762,61.241983346290425
517511567,round,28,1.116442811843787,0.523010634252786,66.22771734686762,62.57843104231543
517511567,round,29,1.3545702854059496,0.4609514799239307,66.22771734686762,70.45067180093912
517511567,round,30,1.6165560995322898,0.5364305319587095,66.22771734686762,78.95850125302354
517511567,round,31,0.8911808255560254,0.634557911638971,66.22771734686762,69.61742383922214
517511567,round,32,1.0306531193524242,0.6070143858447887,66.22771734686762,63.73707579183704
517511567,round,33,1.3546328046835003,0.4609515303246182,66.22771734686762,70.44868159413579
517511567,round,34,1.2395512491225067,0.5309416007226505,66.22771734686762,72.85972188023914
517511567,round,35,1.1632578268524867,0.45004796337517405,66.22771734686762,73.04243855827463
517511567,round,36,0.948502220735912,0.4164757084262324,66.22771734686762,67.13709324245593
517511567,round,37,0.8661197360414541,0.5289632762265433,66.22771734686762,67.41208255933404
517511567,round,38,1.2955472087493165,0.5330423149454505,66.22771734686762,80.4272075842506
517511567,round,39,1.2887031294894553,0.5917044750700917,66.22771734686762,66.69056106388479
517511567,round,40,0.9374126118533795,0.4941450289650372,66.22771734686762,62.42812923322891
517511567,round,41,0.8291515150042857,0.6747952871468927,66.22771734686762,59.37420787592019
517511567,round,42,1.1413330014446048,0.5795287198792232,66.22771734686762,60.07448393826755
517511567,round,43,1.1699135947355335,0.5338757856103448,66.22771734686762,59.25770238345626
517511567,round,44,1.0805166520918283,0.5593634291655505,66.22771734686762,72.68272341777714
517511567,round,45,0.8856100293039256,0.6038103582049619,66.22771734686762,58.46791078946055
517511567,round,46,1.0362197868656498,0.6379410622670336,66.22771734686762,76.14648810875218
517511567,round,47,0.8662539556586749,0.5289632403581022,66.22771734686762,67.41932303538233
517511567,round,48,0.4937393961162768,0.26878573744730827,66.22771734686762,90.79210748471552
517511567,round,49,0.8856100293039256,0.6038103582049619,66.22771734686762,58.46791078946055
517511567,round,50,0.8314727962963099,0.5203537419145923,66.22771734686762,72.42413035488754
517511567,round,51,0.9372899573417162,0.5248123975382757,66.22771734686762,59.852816833684145
517511567,round,52,0.579517993127681,0.2708004839675836,66.22771734686762,50.05682309353296
517511567,round,53,0.9810235631073022,0.600820437924064,66.22771734686762,54.381197653592935
517511567,round,54,1.1363590189059167,0.48853679163351815,66.22771734686762,68.184905415728
517511567,round,55,1.02513941644783,0.5618835624101406,66.22771734686762,65.06410568846263
517511567,round,56,1.0783242801065094,0.47267779053991565,66.22771734686762,70.23549897563998
517511567,round,57,1.2522921633203106,0.5471976792797741,66.22771734686762,71.16443397026546
517511567,round,58,0.6124855800214087,0.5001471210493371,66.22771734686762,53.90895868897023
517511567,round,59,1.086232192080548,0.5477553468075675,66.22771734686762,70.67003153639052
517511567,round,60,0.9426774321538632,0.569473928784226,66.22771734686762,65.03987781021651
517511567,round,61,1.0123458635018696,0.5498024546806282,66.22771734686762,65.3456953011565
517511567,round,62,1.0241307211596051,0.561883559143309,66.22771734686762,65.04682417196574
517511567,round,63,1.022698710407569,0.45480123674664064,66.22771734686762,62.404736990149104
517511567,round,64,0.6664660067294815,0.6626135663330264,66.22771734686762,72.8584303830153
517511567,round,65,1.0601343487458825,0.4471288446060403,66.22771734686762,59.2713124331633
517511567,round,66,1.0645672794999586,0.5344709405743828,66.22771734686762,50.21714996329936
517511567,round,67,0.9719712035495479,0.5967302595196865,66.22771734686762,63.472268730903224
517511567,round,68,1.3445322492953626,0.5469202581169843,66.22771734686762,69.69576785258397
517511567,round,69,0.7379935336673068,0.5412601305549052,66.22771734686762,57.57915767713274
517511567,round,70,1.0189273697101404,0.5011760532317537,66.22771734686762,60.64109861972895
517511567,round,71,0.7219224545767546,0.5150454244567984,66.22771734686762,63.51781822148929
517511567,round,72,1.1743633256499524,0.4696433980682272,66.22771734686762,61.24554116332365
517511567,round,73,1.2666771563383206,0.5827217427566256,66.22771734686762,73.96699752605474
517511567,round,74,1.066526633200008,0.5290488210301596,66.22771734686762,77.55320537317246
517511567,round,75,0.9356659209716316,0.6263957335140211,66.22771734686762,66.10938041719272
517511567,round,76,1.642752919487701,0.5852665571923128,66.22771734686762,67.05553368532821
517511567,round,77,0.756583691434702,0.5020779757875782,66.22771734686762,71.48701919490428
517511567,round,78,1.0309179245381785,0.5082940998438679,66.22771734686762,69.25162683300567
517511567,round,79,0.7954318175736651,0.5341515929398182,66.22771734686762,58.97152527818808
517511567,round,80,1.0452372575611737,0.5445312107289397,66.22771734686762,60.063002771482644
517511567,round,81,1.2488307458300825,0.6280336236216792,66.22771734686762,76.6562208644755
517511567,round,82,0.32334894062690905,0.2875110341279359,66.22771734686762,145.73572453319088
517511567,round,83,0.8396226251069502,0.47432963136002737,66.22771734686762,50.42821162895504
517511567,round,84,0.9751945251022758,0.6134339221057814,66.22771734686762,67.56014181277338
517511567,round,85,0.9988705431367824,0.6088457505103195,66.22771734686762,72.65260168865484
517511567,round,86,1.0198906762798783,0.5279399038423251,66.22771734686762,60.02886692164111
517511567,round,87,1.5105650056175544,0.4874346314353071,66.22771734686762,63.69969773794381
517511567,round,88,0.948499254046761,0.41647572406930466,66.22771734686762,67.14477105290344
517511567,round,89,1.005727375866944,0.4772996759347944,66.22771734686762,72.02688840748175
517511567,round,90,1.1544962723651349,0.4556896401487657,66.22771734686762,73.45268320973352
517511567,round,91,1.2852019573969125,0.5917047801214217,66.22771734686762,66.74633430730685
517511567,round,92,0.2911572300656725,0.3029350629054408,66.22771734686762,148.6320161601067
517511567,round,93,0.9406449124801869,0.6215753273771003,66.22771734686762,54.97678364096381
517511567,round,94,0.8828528911960516,0.5156975127849301,66.22771734686762,82.4747416135357
517511567,round,95,0.8236995415715349,0.597326809363574,66.22771734686762,80.23094310932461
517511567,round,96,1.6165128998716265,0.5364305557254785,66.22771734686762,78.95780565154371
517511567,round,97,1.1416911692052285,0.5164573885310558,66.22771734686762,57.07757943335679
517511567,round,98,0.8051746082164608,0.5266927006795481,66.22771734686762,58.970461459007595
517511567,round,99,1.03061809215793,0.607014400077597,66.22771734686762,63.73848812142788
517511567,boot,0,1.0488182000542252,0.4582267244531826,66.22771734686762,59.47195672111155
517511567,boot,1,1.0685604011724517,0.5980011717782794,66.22771734686762,65.06862994005274
517511567,boot,2,1.3219968336710557,0.48725854270876046,66.22771734686762,63.83214656813584
517511567,boot,3,1.4139818637495034,0.524927021782353,66.22771734686762,48.49324783423543
517511567,boot,4,1.1439111970859182,0.6092914538170557,66.22771734686762,66.91552603149319
517511567,boot,5,1.2754975171608782,0.42235528029085323,66.22771734686762,63.14142337063447
517511567,boot,6,1.0041282057683756,0.5844650814608758,66.22771734686762,55.686334071168915
517511567,boot,7,0.984445126359925,0.5307221048041505,66.22771734686762,77.38240169378642
517511567,boot,8,1.3542110215031757,0.5040549703406245,66.22771734686762,63.53182323838922
517511567,boot,9,1.0890658734196699,0.49282106042987195,66.22771734686762,63.148088511449515
517511567,boot,10,1.2877951426301046,0.567465178026792,66.22771734686762,68.43450255358849
517511567,boot,11,1.3013518537691566,0.46326175666315406,66.22771734686762,57.48587792805557
517511567,boot,12,1.3878270880923893,0.6498103564219841,66.22771734686762,73.00057518761386
517511567,boot,13,1.3042429213310855,0.6121070391868042,66.22771734686762,65.34455886429731
517511567,boot,14,1.1451052104649309,0.6013194367102859,66.22771734686762,59.35813234697372
517511567,boot,15,1.1159440717553242,0.5521778681386369,66.22771734686762,77.26803695863345
517511567,boot,16,1.1577751158871414,0.5754496163031715,66.22771734686762,66.10635487520764
517511567,boot,17,1.1195801270417098,0.5254267367383387,66.22771734686762,66.57877411057945
517511567,boot,18,1.1957513847026346,0.5001062224921298,66.22771734686762,62.01794126583911
517511567,boot,19,1.2369444888981644,0.5414803857042711,66.22771734686762,81.0528963729704
517511567,boot,20,1.171765794262847,0.5742224741898212,66.22771734686762,61.817846066353866
517511567,boot,21,1.333882406980771,0.4870844218452649,66.22771734686762,70.1256209440071
517511567,boot,22,1.2138559531055024,0.5509830012935957,66.22771734686762,74.24721820381279
517511567,boot,23,1.4401622132913008,0.5822795124349431,66.22771734686762,66.71821184780998
517511567,boot,24,1.0594454481434317,0.4111213062543989,66.22771734686762,64.83299480666528
517511567,boot,25,1.3522870564327771,0.5956795071560288,66.22771734686762,75.77865217442059
517511567,boot,26,1.7312933798430712,0.592539425825112,66.22771734686762,73.3261136993207
517511567,boot,27,1.5859131297467066,0.526533955398071,66.22771734686762,75.5296713520554
517511567,boot,28,1.1771636384536468,0.5683775178540794,66.22771734686762,68.25106004901417
517511567,boot,29,1.1468673062782042,0.4847405991194921,66.22771734686762,65.19067705286903
517511567,boot,30,1.5046533184236113,0.6521214070405277,66.22771734686762,69.85402190979869
517511567,boot,31,1.3818181029334649,0.5863219265656563,66.22771734686762,67.71772157340297
517511567,boot,32,1.2616138744448935,0.5058395390200023,66.22771734686762,68.88813922762628
517511567,boot,33,1.214819542011787,0.5846448519016431,66.22771734686762,74.83758447718702
517511567,boot,34,1.2939276025292425,0.4572811962412241,66.22771734686762,58.73183343344758
517511567,boot,35,1.2343696429669426,0.5213394657401098,66.22771734686762,62.16447958876401
517511567,boot,36,0.8525803800019168,0.5406953422289313,66.22771734686762,67.35590481704658
517511567,boot,37,1.3766704797077474,0.5752851736227895,66.22771734686762,72.48860266956694
517511567,boot,38,1.1875469547427666,0.5813358959697479,66.22771734686762,72.03589835087169
517511567,boot,39,1.351611325902952,0.6287002707261324,66.22771734686762,70.16402172345042
517511567,boot,40,1.666174376541641,0.5352843945878213,66.22771734686762,70.64006087636528
517511567,boot,41,1.1131958308583332,0.5714790136058718,66.22771734686762,71.40675135152924
517511567,boot,42,1.342798074002828,0.51504433164492,66.22771734686762,68.96246245160282
517511567,boot,43,1.321946407917541,0.4872584973928027,66.22771734686762,63.83064580423519
517511567,boot,44,1.0378474889420675,0.5153541084596871,66.22771734686762,66.39319366861335
517511567,boot,45,0.9910997819004232,0.47202939882331785,66.22771734686762,60.76447971734266
517511567,boot,46,1.153303720632532,0.6436491535639699,66.22771734686762,69.6853897454873
517511567,boot,47,0.7179305041545052,0.5591001164503162,66.22771734686762,57.86709792100777
517511567,boot,48,1.6970400793026952,0.5214652199785383,66.22771734686762,72.11372298189079
517511567,boot,49,1.046829483826024,0.5972325776538505,66.22771734686762,75.04559815183123
517511567,boot,50,1.6124901792752662,0.5152179968513234,66.22771734686762,70.46237100319976
517511567,boot,51,0.7183984140480126,0.5591001749213595,66.22771734686762,57.87272945333725
517511567,boot,52,0.8512714877837647,0.5444158339264561,66.22771734686762,69.2639467172894
517511567,boot,53,1.2184897381411084,0.43882892847777755,66.22771734686762,64.55641036599559
517511567,boot,54,0.747927443245046,0.41405991881451754,66.22771734686762,77.55402626621184
517511567,boot,55,1.0878130058420934,0.49073516387145244,66.22771734686762,86.49768222619593
517511567,boot,56,1.3042936962615166,0.6121070140716874,66.22771734686762,65.34523133300723
517511567,boot,57,1.5116838049005978,0.5102492931053735,66.22771734686762,58.044994613702556
517511567,boot,58,1.4893214308598497,0.5048698581819946,66.22771734686762,88.45425652189599
517511567,boot,59,1.0752988189738375,0.4298164912981658,66.22771734686762,67.30050168712654
517511567,boot,60,1.0715164438128562,0.5151464989501442,66.22771734686762,61.98228457593484
517511567,boot,61,1.44089913288202,0.6323066526605468,66.22771734686762,64.67334076038469
517511567,boot,62,0.1871587678514333,0.2417926267856081,66.22771734686762,156.17267154675406
517511567,boot,63,0.8183884278595773,0.6398148574319789,66.22771734686762,71.92134177184235
517511567,boot,64,1.2769925754641114,0.5703854391725003,66.22771734686762,63.830179989297136
517511567,boot,65,0.7424887729410022,0.5279626874533023,66.22771734686762,61.759379044178345
517511567,boot,66,1.3763463507098694,0.3872913815493051,66.22771734686762,64.91567513905574
517511567,boot,67,1.546066964635268,0.6075130557747693,66.22771734686762,71.93933087074515
517511567,boot,68,1.4195653997345405,0.5747778255514322,66.22771734686762,70.0181819078336
517511567,boot,69,1.113348924748763,0.6373666796484634,66.22771734686762,67.34569620075848
517511567,boot,70,1.4420953644509333,0.5976357119019167,66.22771734686762,72.72789569232941
517511567,boot,71,0.9287977330352982,0.5857571258938321,66.22771734686762,81.02744537864093
517511567,boot,72,1.2232402201510606,0.525953302860412,66.22771734686762,64.39484591207807
517511567,boot,73,1.8544606583339762,0.5326491283732945,66.22771734686762,68.93676714788245
517511567,boot,74,1.4255089905733447,0.6455737128600296,66.22771734686762,67.20984995926483
517511567,boot,75,1.3778645592482062,0.49009064943281044,66.22771734686762,76.94165202438867
517511567,boot,76,1.350002476686259,0.5806899264968685,66.22771734686762,63.25525440556379
517511567,boot,77,1.6281440940693461,0.6174104724711573,66.22771734686762,64.77570685544134
517511567,boot,78,0.5186058972083736,0.3224490378584506,66.22771734686762,30.869976946216347
517511567,boot,79,1.2932839301138774,0.5590013878044912,66.22771734686762,59.09494884155836
517511567,boot,80,1.419603375513193,0.5747777963598142,66.22771734686762,70.01458320568287
517511567,boot,81,1.202412798630128,0.5203919395450356,66.22771734686762,60.44334006269588
517511567,boot,82,1.0648818399093645,0.5309241139916607,66.22771734686762,52.07714692003037
517511567,boot,83,1.2400243699946756,0.46970309718278014,66.22771734686762,64.47813974203513
517511567,boot,84,1.6391744004304287,0.5493378606280788,66.22771734686762,69.84443160897129
517511567,boot,85,1.3034673901267173,0.5821357690030158,66.22771734686762,59.939643582130174
517511567,boot,86,0.8586301967069591,0.5077980032040821,66.22771734686762,77.85360139202092
517511567,boot,87,1.3767657593288913,0.5752852282126124,66.22771734686762,72.48725240755368
517511567,boot,88,1.508520946055422,0.5703644987688867,66.22771734686762,67.60336180428618
517511567,boot,89,1.6125996759202852,0.5152180220189455,66.22771734686762,70.46091707339872
517511567,boot,90,1.6275852363042185,0.6174105161557921,66.22771734686762,64.76210732826539
517511567,boot,91,1.2037362410357073,0.5302934832462491,66.22771734686762,66.01208841032764
517511567,boot,92,1.2843643498160293,0.4836167890983264,66.22771734686762,66.69303094253542
517511567,boot,93,1.6303943644762926,0.5972226338100324,66.22771734686762,71.39381383296165
517511567,boot,94,1.3684537608138168,0.491538844912928,66.22771734686762,71.44936957510646
517511567,boot,95,0.9919725042958848,0.5568548133956457,66.22771734686762,72.5403763999935
517511567,boot,96,1.9663287964146032,0.5605036618859323,66.22771734686762,64.24815705809601
517511567,boot,97,1.0225734762723697,0.5054059467115591,66.22771734686762,71.14419149072683
517511567,boot,98,1.2517312163609509,0.5521596153679388,66.22771734686762,70.89243358376044
517511567,boot,99,1.3959043208990791,0.5933602452713668,66.22771734686762,69.84374502797908
517511567,rot,0,0.9706637514217801,0.593340254021324,9.459498578299643,12.367800620393085
517511567,rot,1,1.3342837695900243,0.6566983850804735,33.74271926258976,28.780151708418657
517511567,rot,2,1.0097009287714933,0.5607659177941486,68.50065718208512,69.86806673841232
517511567,rot,3,1.3338820395990016,0.5659459915818164,177.85808907283177,171.422242607214
517511567,rot,4,1.4694431660224343,0.5320455867725052,52.82883175439582,59.09697383881246
517511567,rot,5,1.6910026223447543,0.5072027616138425,88.74188063264823,85.82878309233035
517511567,rot,6,1.1810230547965446,0.5168664172854128,140.51249850188208,140.9857905084035
517511567,rot,7,1.2184169076475495,0.5132576127709543,43.844089688341775,36.73778122491868
517511567,rot,8,1.070897460504176,0.5661504360569788,154.26479572550713,164.38352332801156
517511567,rot,9,1.17862494403941,0.5978343037242728,92.8175990420103,94.85537457007786
517511567,rot,10,2.073378995184505,0.534103579018616,149.74594143857638,142.64737859230118
517511567,rot,11,1.0486458294148113,0.5741837589695444,145.89580238361762,148.62115856798002
517511567,rot,12,1.27376986692775,0.5790444404010181,175.1344454623792,165.34332970512565
517511567,rot,13,1.5267121494399243,0.548843852127643,128.40139916689643,128.87185263495616
517511567,rot,14,1.3342300611234004,0.5993334593578465,44.23337797537551,44.04579132152293
517511567,rot,15,0.9307210233751034,0.618836698001059,43.11687184430796,37.36778463935795
517511567,rot,16,1.625317647171875,0.41410310991082666,47.4584725461813,42.423787610963075
517511567,rot,17,1.529445943914545,0.518936577059194,59.115437376106556,52.81845441976375
517511567,rot,18,1.6191673187639566,0.6149303890975035,84.32373274709084,86.9027948442288
517511567,rot,19,0.9323682674650888,0.541979441477207,40.029290881888926,28.69871745744328
517511567,rot,20,0.9382078172916829,0.5243001820404312,47.18821315771836,45.760597545767524
517511567,rot,21,1.5109047327993959,0.4804330026891013,137.707911679955,130.8553794599354
517511567,rot,22,1.2333472122650033,0.5234327243824503,44.46194314547916,52.47422913789839
517511567,rot,23,1.3210717726998549,0.48703919280052543,6.41413518932257,179.19204141665477
517511567,rot,24,1.544529890919395,0.4984593173061347,30.584235245286195,26.03831218281492
517511567,rot,25,0.9275788742812393,0.5523761668516298,171.84128163486605,4.864597303033917
517511567,rot,26,1.2398708010246644,0.48581321387726883,105.83976742658804,96.46148038326072
517511567,rot,27,1.104023276970851,0.5250787143604478,148.35741681518678,150.46603609365542
517511567,rot,28,1.163537215807831,0.49810842073028294,36.10030807910104,37.949730697207144
517511567,rot,29,1.0051590839260927,0.45661044635773607,144.25563869114734,139.6056894947593
517511567,rot,30,0.8256263636002271,0.5128293828470845,49.051811065135034,59.383465406944765
517511567,rot,31,1.2996907289539135,0.45997542029421756,150.3843068022881,140.4563978012192
517511567,rot,32,1.4344303929735887,0.5547186896798801,43.733337985152275,37.98254139245279
517511567,rot,33,1.2210536881699374,0.5639397769100162,174.16376653494052,178.26839043379783
517511567,rot,34,1.8185674023342568,0.5991349553254709,22.576835545124666,9.323499759212751
517511567,rot,35,1.2474165220972375,0.6320494136953073,43.87431188786017,42.559382822553744
517511567,rot,36,1.1121978215867034,0.37431943839773885,158.06295026320907,147.3561100312244
517511567,rot,37,1.4754814714785152,0.5416762316937116,92.60573889760514,99.84740219584747
517511567,rot,38,1.690124002098844,0.4995248847539807,160.47618014053916,154.78664107072444
517511567,rot,39,1.798160148793683,0.5059242572607294,81.93240553544533,83.683565743484
517511567,rot,40,1.5369671990390659,0.5417253589011732,83.63406940590295,88.0068398826593
517511567,rot,41,1.9355433623449272,0.46291867359092465,160.89265913643726,146.99387252973227
517511567,rot,42,1.1875815140708745,0.5683991437063989,138.94851683093344,137.0798212376276
517511567,rot,43,1.2709347942850775,0.5985418956384299,144.494259619903,154.57417769249614
517511567,rot,44,0.9367302910012661,0.5430240224176477,110.76028432688905,104.80567155209512
517511567,rot,45,1.4596685482343348,0.5658235868001138,134.27124815196953,131.17815475603655
517511567,rot,46,1.1788942858858118,0.5633210092406875,126.56929073842228,126.08240140038797
517511567,rot,47,1.2539232953109836,0.5757736353355847,71.27716022486233,64.4036592443766
517511567,rot,48,1.3042032188352037,0.5712765229714394,132.68842361931348,139.0842362188867
517511567,rot,49,1.5052461357461697,0.5996600747783245,34.27605784107648,28.11024233582819
517514088,round,0,0.965037215675017,0.5953201251323668,65.17906300153584,65.5483162538761
517514088,round,1,1.0947027090767267,0.7079504374661243,65.17906300153584,70.69144510430624
517514088,round,2,1.0868729751009159,0.6004110891394869,65.17906300153584,77.36742892328041
517514088,round,3,0.9993616701226093,0.5818906803364521,65.17906300153584,62.76239899775092
517514088,round,4,0.9355708077330646,0.49733497511708447,65.17906300153584,54.07230964431836
517514088,round,5,0.9703878429644432,0.5845432340189308,65.17906300153584,64.54332249668688
517514088,round,6,0.9665881383540765,0.5683880358977912,65.17906300153584,72.0384351703876
517514088,round,7,1.0649375662767782,0.5079758736320831,65.17906300153584,77.34102711558182
517514088,round,8,1.068409364065961,0.5810858568942964,65.17906300153584,65.79278261459052
517514088,round,9,1.0019616762808337,0.6234284777480854,65.17906300153584,66.31209238158266
517514088,round,10,0.15468710293355395,0.21005040235094374,65.17906300153584,149.8397503555692
517514088,round,11,1.1205631196266153,0.5650337149113012,65.17906300153584,59.72640399189663
517514088,round,12,1.1676754972193082,0.6406456523584438,65.17906300153584,68.92209238356386
517514088,round,13,1.0326801355936146,0.5795355063985154,65.17906300153584,59.622450723792696
517514088,round,14,0.9092833935242857,0.6367907114970573,65.17906300153584,59.868805110951676
517514088,round,15,0.8223427492392308,0.5444374185043155,65.17906300153584,71.41638958247397
517514088,round,16,1.1906336191031002,0.5840877136402771,65.17906300153584,58.014582674594635
517514088,round,17,0.8153771278598352,0.582033592120736,65.17906300153584,64.5329498451013
517514088,round,18,1.1376134430634515,0.6050223770765379,65.17906300153584,68.20087410613192
517514088,round,19,1.0556010967584037,0.7168327496950497,65.17906300153584,64.83561681758405
517514088,round,20,0.987233040874119,0.4817397436821681,65.17906300153584,65.77417477435637
517514088,round,21,0.8285177161922037,0.4934375484776661,65.17906300153584,79.30447999649898
517514088,round,22,0.8685940217150863,0.5436638540413558,65.17906300153584,59.20609243388908
517514088,round,23,0.8960142015324183,0.6368709341898506,65.17906300153584,73.50284606650234
517514088,round,24,0.9085348758976326,0.6367907845756042,65.17906300153584,59.89332593931705
517514088,round,25,1.000802885779486,0.5964744348812374,65.17906300153584,74.45156351044233
517514088,round,26,0.9457860512010798,0.6519116393412059,65.17906300153584,63.13706348094214
517514088,round,27,1.009775396596743,0.5698961428484053,65.17906300153584,72.1409448480253
517514088,round,28,1.1507379768553256,0.6010567461986849,65.17906300153584,69.5424979801162
517514088,round,29,1.131043367232366,0.6129012055219817,65.17906300153584,67.31326795392556
517514088,round,30,0.9369359145019956,0.5525923935055497,65.17906300153584,64.97860824215341
517514088,round,31,1.0137664724810824,0.5887022385461564,65.17906300153584,68.89422820350995
517514088,round,32,0.9721446915383933,0.6099982494138836,65.17906300153584,70.01186177669402
517514088,round,33,1.0482595832883614,0.5772406082278473,65.17906300153584,62.8203260698898
517514088,round,34,0.9501636532387171,0.6281852806103195,65.17906300153584,61.476253996060706
517514088,round,35,0.9502975969229824,0.6281852600856752,65.17906300153584,61.46712908197253
517514088,round,36,1.1920770167959147,0.6550313467514846,65.17906300153584,69.92181141628623
517514088,round,37,0.2515890141516,0.2949299468198483,65.17906300153584,135.05000315695426
517514088,round,38,1.0768247193073488,0.5609716615136888,65.17906300153584,54.41414208557177
517514088,round,39,1.1830396973242614,0.5691966097713919,65.17906300153584,63.74933869863608
517514088,round,40,0.10089067456208212,0.22286252082611768,65.17906300153584,136.56954931348656
517514088,round,41,1.0285013959785125,0.5937628465618723,65.17906300153584,62.550270023812516
517514088,round,42,1.0479753315425437,0.5772406094987699,65.17906300153584,62.82027015263321
517514088,round,43,0.8543566294353404,0.6699947432763109,65.17906300153584,70.60758725406058
517514088,round,44,1.1344699351433571,0.5248198475459107,65.17906300153584,72.82855757411795
517514088,round,45,0.8778381101105937,0.6521967892850512,65.17906300153584,72.30937696701083
517514088,round,46,1.0462490593630254,0.7026229043936083,65.17906300153584,65.98202302669426
517514088,round,47,1.1252222683801403,0.6118840347999102,65.17906300153584,66.8879087648551
517514088,round,48,1.0325964715179903,0.5515844166498087,65.17906300153584,77.45015298982469
517514088,round,49,1.0356711557305045,0.5944975460622133,65.17906300153584,68.69657839526496
517514088,round,50,1.028439612444839,0.5937628296501747,65.17906300153584,62.55243908868388
517514088,round,51,1.0727918889281072,0.5889631095557397,65.17906300153584,63.58434266896833
517514088,round,52,0.8924489922492025,0.6535544970733743,65.17906300153584,62.50937250231491
517514088,round,53,1.0912051393877291,0.6122340498057355,65.17906300153584,78.33306485627622
517514088,round,54,0.6711715831141569,0.5556937373087437,65.17906300153584,67.58893814349172
517514088,round,55,1.158387632334009,0.5816210089095935,65.17906300153584,59.07039363659928
517514088,round,56,0.927360415371604,0.6597470012998196,65.17906300153584,68.19563103230439
517514088,round,57,0.9485277322527456,0.6617445767619108,65.17906300153584,70.22388178178754
517514088,round,58,0.8542491959306837,0.6085990675386072,65.17906300153584,71.33469993808414
517514088,round,59,0.9274564390352285,0.5668336868214823,65.17906300153584,72.92883612242468
517514088,round,60,1.2928035620612583,0.6086055125094394,65.17906300153584,66.32776370740768
517514088,round,61,0.8684774070278857,0.6515108685449289,65.17906300153584,60.450620816324744
517514088,round,62,0.9618958186441767,0.6505967907051913,65.17906300153584,63.86973454533709
517514088,round,63,0.9539386525656426,0.5939861591312386,65.17906300153584,67.83102772962805
517514088,round,64,1.180631239603315,0.5889259532633614,65.17906300153584,67.14892059462966
517514088,round,65,1.1396755965769598,0.6050221396900777,65.17906300153584,68.25076355683734
517514088,round,66,1.1402648964510658,0.6068182906493379,65.17906300153584,78.51664257264599
517514088,round,67,1.0932401892216643,0.5457575664745129,65.17906300153584,71.25857427715795
517514088,round,68,0.8575951033157895,0.6692477451351946,65.17906300153584,72.74931276196747
517514088,round,69,0.9705107726524026,0.557980714167007,65.17906300153584,72.96447808042197
517514088,round,70,1.0534508871577515,0.6072543099997929,65.17906300153584,76.43123109661303
517514088,round,71,0.9784512327293187,0.6188815096625172,65.17906300153584,75.6894744649798
517514088,round,72,1.158387632334009,0.5816210089095935,65.17906300153584,59.07039363659928
517514088,round,73,1.1218533328349631,0.5409075919632969,65.17906300153584,59.415454249558536
517514088,round,74,1.047273056794038,0.5575194368102514,65.17906300153584,68.11898878649279
517514088,round,75,1.012299636641707,0.5597875098083007,65.17906300153584,62.69595458390626
517514088,round,76,0.9144892710447076,0.5767777089009649,65.17906300153584,71.00051087027857
517514088,round,77,0.976336918495696,0.6880516494400892,65.17906300153584,65.73832193516971
517514088,round,78,1.0629710022882448,0.52319141840162,65.17906300153584,69.71382180862986
517514088,round,79,1.0533102877349425,0.607254351178699,65.17906300153584,76.41538935296848
517514088,round,80,0.9146718553427652,0.5847580202794007,65.17906300153584,70.31584230538513
517514088,round,81,1.057585897342094,0.654439998271761,65.17906300153584,65.14744101309964
517514088,round,82,1.1340538062426049,0.5321601194122707,65.17906300153584,64.00682942503244
517514088,round,83,0.909305899329896,0.6367906825557494,65.17906300153584,59.86709576692817
517514088,round,84,1.0009198752634827,0.5964744218626333,65.17906300153584,74.45899013073478
517514088,round,85,1.0019448598126892,0.5457510072891432,65.17906300153584,71.72481801156255
517514088,round,86,0.9588625536542179,0.6338385189019287,65.17906300153584,63.82088654428905
517514088,round,87,0.8306167145064551,0.5823434774409235,65.17906300153584,66.25216744643859
517514088,round,88,1.0731264110853407,0.5931140871738267,65.17906300153584,70.89883011535738
517514088,round,89,0.9190286416868136,0.5263544623962498,65.17906300153584,60.415867406229964
517514088,round,90,1.1402648964510658,0.6068182906493379,65.17906300153584,78.51664257264599
517514088,round,91,1.1924130077013821,0.5840875869277763,65.17906300153584,57.968935837299085
517514088,round,92,0.959957346130542,0.515041385746083,65.17906300153584,69.96693702520301
517514088,round,93,0.9808780521634649,0.6317339063241213,65.17906300153584,64.55585888289322
517514088,round,94,0.8184482597112257,0.6053780357547993,65.17906300153584,54.559558585413626
517514088,round,95,1.1227995422898156,0.5517243696982406,65.17906300153584,69.85703732108982
517514088,round,96,0.9456265183349836,0.6519116501886874,65.17906300153584,63.1330139879901
517514088,round,97,1.1263800504134471,0.5461062955094811,65.17906300153584,66.51749781797696
517514088,round,98,1.1092791679283573,0.5439407570929522,65.17906300153584,62.45097200603982
517514088,round,99,1.0194888825654338,0.5936492530224935,65.17906300153584,62.91309499701907
517514088,boot,0,1.1241594351758555,0.6017206148234149,65.17906300153584,77.39121253446763
517514088,boot,1,0.950691838443621,0.526143578757689,65.17906300153584,60.27180283520497
517514088,boot,2,1.306513871401086,0.5704996761440939,65.17906300153584,65.18769178023717
517514088,boot,3,1.0114473450646557,0.6190829262020663,65.17906300153584,75.67885133020962
517514088,boot,4,1.1241594351758555,0.6017206148234149,65.17906300153584,77.39121253446763
517514088,boot,5,0.8612319582386517,0.6631188498983716,65.17906300153584,62.48718363889205
517514088,boot,6,0.9590126257280165,0.6261875680632476,65.17906300153584,61.39198216683231
517514088,boot,7,1.1627416696741157,0.5654781141215541,65.17906300153584,60.221344733501155
517514088,boot,8,1.2200130076251763,0.570799404254949,65.17906300153584,63.96371600334302
517514088,boot,9,0.8567636725045135,0.6193820056294228,65.17906300153584,60.17834249427017
517514088,boot,10,1.105248590432776,0.6173707599496393,65.17906300153584,58.260174270059764
517514088,boot,11,0.39024338667568825,0.27216349102917703,65.17906300153584,179.99999999999997
517514088,boot,12,0.9666599352673387,0.6715309689622762,65.17906300153584,57.8388536919566
517514088,boot,13,1.075400441255056,0.5810272741700977,65.17906300153584,62.65659363560158
517514088,boot,14,1.0184620713313455,0.6334098483741325,65.17906300153584,68.12575735634903
517514088,boot,15,0.9783979438698561,0.5492117846720603,65.17906300153584,51.76369964044025
517514088,boot,16,0.9393086637092534,0.6351371699995408,65.17906300153584,68.11957418806169
517514088,boot,17,0.8113166023493218,0.633561336757808,65.17906300153584,64.08040957525814
517514088,boot,18,0.9795395569525442,0.6233943951491738,65.17906300153584,68.91374446088327
517514088,boot,19,0.9581539869935036,0.4955378249550051,65.17906300153584,72.34294420639937
517514088,boot,20,1.1883862892519965,0.526206259461609,65.17906300153584,72.96401490538395
517514088,boot,21,1.118869635969675,0.630497614669943,65.17906300153584,76.53439504876764
517514088,boot,22,1.170528119322143,0.6381758622145646,65.17906300153584,62.65443866695378
517514088,boot,23,0.8819057537373263,0.5120508797018978,65.17906300153584,72.79323806040637
517514088,boot,24,1.0819209824465252,0.6122412606909773,65.17906300153584,52.0277120618814
517514088,boot,25,1.0162845278382728,0.5319562379957965,65.17906300153584,61.70958171912315
517514088,boot,26,1.0365766715301779,0.5822221257413486,65.17906300153584,62.47797449571539
517514088,boot,27,1.0591017461622514,0.5587998472532227,65.17906300153584,62.831899487822795
517514088,boot,28,0.9657628921916196,0.6268954265131825,65.17906300153584,65.69098803601608
517514088,boot,29,1.060694640807903,0.592668142750154,65.17906300153584,63.54181452241397
517514088,boot,30,1.0275578895248956,0.6590763522848011,65.17906300153584,67.44343018309564
517514088,boot,31,1.4554179185349407,0.5247267381973653,65.17906300153584,71.94776360772332
517514088,boot,32,1.1036501538959014,0.5071533981683551,65.17906300153584,76.93073670844649
517514088,boot,33,0.2856600538563875,0.21871501142411942,65.17906300153584,156.00363890593584
517514088,boot,34,0.8222458133199715,0.5939289912568246,65.17906300153584,62.26303772952842
517514088,boot,35,1.181096529003257,0.5617787287378586,65.17906300153584,63.47686191629421
517514088,boot,36,1.2674308634991736,0.6271710778459131,65.17906300153584,66.38179745174068
517514088,boot,37,0.9783979438698561,0.5492117846720603,65.17906300153584,51.76369964044025
517514088,boot,38,1.4551679803582536,0.5546214931952868,65.17906300153584,69.1498784064384
517514088,boot,39,1.1246060264913311,0.5223031830791889,65.17906300153584,64.74613574659946
517514088,boot,40,1.1905723726371231,0.5840985459231145,65.17906300153584,56.69363596228993
517514088,boot,41,1.1379877771827542,0.5593197966321712,65.17906300153584,70.48701225632456
517514088,boot,42,1.1006128135460427,0.5714484029973094,65.17906300153584,66.49662083644932
517514088,boot,43,1.0082440215779296,0.6222386554012571,65.17906300153584,64.65995957593412
517514088,boot,44,0.95156076930785,0.6622503339436449,65.17906300153584,55.308518354639716
517514088,boot,45,0.9743184444140074,0.4959789380190366,65.17906300153584,54.5662281781909
517514088,boot,46,1.177912933183431,0.6132499969161511,65.17906300153584,66.80274386171632
517514088,boot,47,1.0326695881508288,0.5937667750952087,65.17906300153584,60.70190785432487
517514088,boot,48,1.012214246843986,0.5561050375997232,65.17906300153584,72.36789648454936
517514088,boot,49,1.1608284917392333,0.5604633277128594,65.17906300153584,73.68495685957947
517514088,boot,50,1.123891338955158,0.5614574057704775,65.17906300153584,70.76380262184492
517514088,boot,51,0.8857911991074982,0.6065148018903198,65.17906300153584,71.65653911658192
517514088,boot,52,1.0924276048605819,0.5769002006868076,65.17906300153584,62.837039486201036
517514088,boot,53,1.169275313487849,0.5473710048987306,65.17906300153584,66.54228116714677
517514088,boot,54,1.1925667370059663,0.6052503135709787,65.17906300153584,63.628114152574256
517514088,boot,55,1.0520719982797715,0.5897307084795469,65.17906300153584,67.28742946883915
517514088,boot,56,1.0916526093614183,0.6078237604209383,65.17906300153584,76.5475813248957
517514088,boot,57,0.9184564081974486,0.5831667860849574,65.17906300153584,68.70380504503741
517514088,boot,58,1.0281494365149417,0.5997063818130138,65.17906300153584,50.1169583590642
517514088,boot,59,1.003585595327079,0.598618507387853,65.17906300153584,59.74239494394837
517514088,boot,60,1.1509153601744684,0.626530017134308,65.17906300153584,70.2444251795896
517514088,boot,61,1.0570692468420335,0.5531160601662218,65.17906300153584,67.79743266218361
517514088,boot,62,1.182670350089619,0.5948557221748418,65.17906300153584,70.86693826434669
517514088,boot,63,0.9206449472794702,0.6595317401747602,65.17906300153584,65.24279066726531
517514088,boot,64,1.0038167134565192,0.5823542904224388,65.17906300153584,61.50987393488418
517514088,boot,65,1.085007935042092,0.7050387424892,65.17906300153584,60.38506913746562
517514088,boot,66,1.0789900131282837,0.65594450934916,65.17906300153584,59.491149560053145
517514088,boot,67,0.9800102903952884,0.6533453202723665,65.17906300153584,65.92960376512407
517514088,boot,68,1.0739728202258745,0.6209941301881409,65.17906300153584,62.84474509662829
517514088,boot,69,1.0851382681358466,0.5726103345741331,65.17906300153584,68.22132569134652
517514088,boot,70,1.1692521840962087,0.5473710275015631,65.17906300153584,66.54265512263868
517514088,boot,71,1.2075075525668906,0.6301339552167279,65.17906300153584,59.201893163136134
517514088,boot,72,0.9561796749868167,0.4567917308759071,65.17906300153584,59.56121180892603
517514088,boot,73,0.8990623107222008,0.6500925734384588,65.17906300153584,60.82525337468656
517514088,boot,74,0.9968065827103587,0.5688459819324971,65.17906300153584,72.12159807957977
517514088,boot,75,1.2438473048654382,0.585943669121998,65.17906300153584,57.67146591893189
517514088,boot,76,1.026623510431216,0.5158338108249254,65.17906300153584,69.58218518415714
517514088,boot,77,1.2234254336919774,0.538085686479385,65.17906300153584,62.24224175226641
517514088,boot,78,1.0340857065164382,0.6530350635362572,65.17906300153584,65.38419896278376
517514088,boot,79,1.228876326057121,0.5404508567899011,65.17906300153584,78.54977658271949
517514088,boot,80,0.8501745408438424,0.5804152268683649,65.17906300153584,64.41777425667146
517514088,boot,81,0.941109779206827,0.575946116257509,65.17906300153584,70.9431223772524
517514088,boot,82,0.9777939830634134,0.6744980023219482,65.17906300153584,60.35018869437463
517514088,boot,83,0.9740163284289626,0.6322558146630045,65.17906300153584,67.33361113995018
517514088,boot,84,0.8619641301318736,0.581221116023463,65.17906300153584,65.94112905884089
517514088,boot,85,1.1565063695354798,0.6260436664817016,65.17906300153584,60.73539769064962
517514088,boot,86,0.1425016034842045,0.23433761719096502,65.17906300153584,176.4976669528921
517514088,boot,87,0.870189348136497,0.6011006696191221,65.17906300153584,58.12397159891976
517514088,boot,88,0.992557724635933,0.6603794146308029,65.17906300153584,74.3503311046264
517514088,boot,89,0.8993529434540397,0.5425041211687911,65.17906300153584,59.419438867359816
517514088,boot,90,1.0774124691299953,0.5897074950055545,65.17906300153584,69.95845103121903
517514088,boot,91,1.0609287367030094,0.5926681576224423,65.17906300153584,63.54710780135352
517514088,boot,92,1.0113059568319098,0.6190829203898998,65.17906300153584,75.68465816698296
517514088,boot,93,1.0347258661132925,0.6530350316168638,65.17906300153584,65.3774639016543
517514088,boot,94,1.1380621862553892,0.5817794613147189,65.17906300153584,76.08260197755288
517514088,boot,95,1.2062174293340757,0.6198015147202975,65.17906300153584,67.91986108304593
517514088,boot,96,0.9513128560850378,0.5261435500742082,65.17906300153584,60.27772809307901
517514088,boot,97,1.057546462791565,0.5531160516939062,65.17906300153584,67.79829192519009
517514088,boot,98,1.1853388910941591,0.5333122093599175,65.17906300153584,65.95922865720715
517514088,boot,99,0.9575114394747677,0.4955378589020938,65.17906300153584,72.33323396514024
517514088,rot,0,1.113685202842767,0.6611217395268392,100.91315669443836,109.04098344753777
517514088,rot,1,0.8478388388187837,0.5731353526112822,67.15712326345941,68.059766835847
517514088,rot,2,0.8821401106030333,0.6075301718692453,138.7695221062882,140.10635166623234
517514088,rot,3,0.9373930805794685,0.5840531554677308,117.9889945353628,116.83383148151468
517514088,rot,4,1.038625786695476,0.6424174402055294,7.730977505094789,179.57477342317125
517514088,rot,5,0.9187502949240575,0.5204942430477173,12.518131001066807,18.248276328280465
517514088,rot,6,1.1145750008067785,0.5536083762098865,148.4612427690642,153.1241412089067
517514088,rot,7,0.9975658201573951,0.6235416147251922,108.69241691517792,106.12269605127528
517514088,rot,8,1.1722517924531775,0.5820158910590303,171.40315404057762,175.75198038349356
517514088,rot,9,0.8875979433321197,0.5610395109320785,41.71489430387361,44.098915788239566
517514088,rot,10,0.9618418127746884,0.529353596778233,61.24171554805589,55.840956559998716
517514088,rot,11,1.0669637743814238,0.6250066300737924,10.452989163355253,11.91012620602936
517514088,rot,12,1.1631414133347429,0.610756216976132,76.17023715963818,83.38050416362415
517514088,rot,13,1.1429863279122858,0.5430896042013547,171.0907026313531,0.6397208624401145
517514088,rot,14,1.199586923707173,0.6251716306482087,77.55617664269023,77.62614759966544
517514088,rot,15,1.0742015792370043,0.6291429900520745,7.727585587761983,9.82338301901811
517514088,rot,16,0.9831939223917975,0.6675652825661744,137.62357113345257,129.12559746222016
517514088,rot,17,1.060656903041022,0.6790208989111085,131.42749541337867,130.13296117130335
517514088,rot,18,0.944276130236066,0.6403242005403629,98.91563492052529,98.71919447109931
517514088,rot,19,0.7904852055564988,0.6491405596519322,25.348311907219866,27.712243457201037
517514088,rot,20,1.0089902851128099,0.5658586919948634,159.58730709615742,145.6847956171236
517514088,rot,21,1.3416368638870892,0.5961657136479241,22.147374952000533,31.768995611011576
517514088,rot,22,1.0858717907905169,0.5963699445177103,54.094399481560075,45.23360934461297
517514088,rot,23,1.2290927442960113,0.6809084416269336,110.19744533853967,113.12699976033885
517514088,rot,24,1.1526575865297124,0.6813000489609893,22.41710568279489,12.505747878435628
517514088,rot,25,1.1092358874895971,0.5625545768364983,92.87223817276391,91.86391839693492
517514088,rot,26,1.1393654907166915,0.5421595567619626,179.2672235801163,0.0
517514088,rot,27,1.074331821978798,0.6335978872166186,18.310675058749407,20.39660955150356
517514088,rot,28,1.0205333772171572,0.5417788063709669,47.141158816354945,43.55597508044019
517514088,rot,29,1.3191642063620381,0.5688698374887579,73.18136528299303,72.81873814064949
517514088,rot,30,0.8507560207108641,0.6268488317607345,144.98493596877051,133.14297756914956
517514088,rot,31,1.1438923232244294,0.5291688385943749,62.31648494350055,59.46680229039819
517514088,rot,32,1.0852926336366944,0.643409936796041,104.92347887546748,112.08416045014876
517514088,rot,33,1.0185638724004837,0.5944871331321311,62.187558814863706,62.498571625237474
517514088,rot,34,0.83774557129252,0.5882697378440915,72.0029189595297,68.33440513422491
517514088,rot,35,1.025826675105678,0.42585271049090456,10.869943928623266,179.99999999996368
517514088,rot,36,1.0423196142314937,0.666037735643375,168.99170008349333,172.6915666700658
517514088,rot,37,1.0031081262147086,0.5748906767093693,65.49263031977785,72.8175845003862
517514088,rot,38,0.9922642598112046,0.5979133546522504,106.99691284951604,105.61396363118784
517514088,rot,39,0.9398042039690697,0.616406410636601,92.28710587419579,96.45675692643006
517514088,rot,40,0.9056027136061909,0.5464274894130611,99.64357703942233,99.48444402845175
517514088,rot,41,0.9439147808419271,0.6765512737241227,101.0489365966432,94.68428706940412
517514088,rot,42,1.0561115260347715,0.5941261019500506,160.15151707605477,150.22228203650448
517514088,rot,43,1.0214664239940847,0.5253886908477019,179.88342156550567,1.4196342945561753
517514088,rot,44,0.9714147507454285,0.6403817242320322,6.648668754207259,0.5498966704238651
517514088,rot,45,0.8776103037815465,0.5098319554829904,130.24026875086892,124.95458137919852
517514088,rot,46,0.7099072919066343,0.5277132980409168,16.832157875681087,13.247978619136802
517514088,rot,47,1.0754103025394388,0.4494584669769266,83.89043193193865,85.68370248532688
517514088,rot,48,0.8644256751115281,0.5183949895557292,121.80903956114935,116.2599581588146
517514088,rot,49,1.0942750540060584,0.5699793193371463,142.25198392431284,141.05518719412234
587179530,round,0,1.1436394854970617,0.5813470633197761,107.57556182287475,105.6325638872318
587179530,round,1,1.0696849961848658,0.5991579130051556,107.57556182287475,106.388171751758
587179530,round,2,0.9264209825045331,0.6492322623566076,107.57556182287475,110.97772766098787
587179530,round,3,1.07327799910491,0.5671130835003784,107.57556182287475,101.25938120534872
587179530,round,4,1.1400145283515273,0.5721180667445447,107.57556182287475,102.47437701575683
587179530,round,5,0.20393576775872418,0.2810828401408314,107.57556182287475,11.168975080735834
587179530,round,6,0.9750488146945964,0.5749365194179956,107.57556182287475,113.12890883107684
587179530,round,7,1.0381608479035418,0.6082259838436895,107.57556182287475,101.2219072535342
587179530,round,8,0.8485179757277116,0.5990194221582403,107.57556182287475,117.66449767444462
587179530,round,9,0.934581003699944,0.5566708956134894,107.57556182287475,107.31554036644074
587179530,round,10,1.1800197726219528,0.6054144641762305,107.57556182287475,116.60806454992277
587179530,round,11,0.5071914670958098,0.3271161712636572,107.57556182287475,49.54716499874954
587179530,round,12,0.4227830391171912,0.21730741798394382,107.57556182287475,54.95553106576898
587179530,round,13,0.9432978914677151,0.6209567996365195,107.57556182287475,117.58057343783133
587179530,round,14,0.9893840688030128,0.583795728316646,107.57556182287475,114.61426630782347
587179530,round,15,1.1455591454405902,0.5084930134864838,107.57556182287475,108.48573448269104
587179530,round,16,1.0108412991578883,0.4926984533985853,107.57556182287475,112.15739459151055
587179530,round,17,0.910817835741547,0.5842718880627791,107.57556182287475,107.18372865571786
587179530,round,18,1.030940262784928,0.5686128124639707,107.57556182287475,107.35439186160264
587179530,round,19,1.2083614088694279,0.4953843052756228,107.57556182287475,116.0739828352368
587179530,round,20,1.0003090518640614,0.6022953956250943,107.57556182287475,99.49403738390095
587179530,round,21,1.3684757213638064,0.5976663114556416,107.57556182287475,100.6346209698385
587179530,round,22,0.8124193082631742,0.49675172743706797,107.57556182287475,106.27917489547781
587179530,round,23,0.40614627566248884,0.29380067983518876,107.57556182287475,4.915595420378465
587179530,round,24,1.091701256919813,0.5873322626853767,107.57556182287475,104.15029546256133
587179530,round,25,0.4820634619538695,0.30001626059512576,107.57556182287475,165.52571444541516
587179530,round,26,1.052074791408858,0.5504502669163238,107.57556182287475,108.81071417746513
587179530,round,27,1.1588898910945213,0.5879930231896908,107.57556182287475,116.45726031909254
587179530,round,28,1.1322047096857981,0.683177294979659,107.57556182287475,110.04424807024051
587179530,round,29,1.0973347565167666,0.583992311433379,107.57556182287475,101.72090958777159
587179530,round,30,1.393846892326564,0.44321625452381663,107.57556182287475,99.07410496114595
587179530,round,31,1.1843998596732668,0.5466990496202386,107.57556182287475,116.94368172112507
587179530,round,32,0.8682209393502447,0.5600330252947907,107.57556182287475,102.92703677261265
587179530,round,33,1.034771084817459,0.5752032002117051,107.57556182287475,107.39931571549897
587179530,round,34,1.1814577756689648,0.5904563379877785,107.57556182287475,101.33790808303067
587179530,round,35,1.4069190087178765,0.5962727908559609,107.57556182287475,106.31958770843421
587179530,round,36,0.9808995619455586,0.5702248509226009,107.57556182287475,106.86797431969417
587179530,round,37,1.0251366187077084,0.5982500562287871,107.57556182287475,109.4446768273512
587179530,round,38,0.4291935278863977,0.2488240147106735,107.57556182287475,47.56037024948455
587179530,round,39,0.928234664171875,0.6406197988903175,107.57556182287475,107.42184706932098
587179530,round,40,0.9686183601437648,0.6373308640915343,107.57556182287475,106.17100880462365
587179530,round,41,1.1033831968477499,0.6058747105823268,107.57556182287475,111.76646146348045
587179530,round,42,1.139996641165144,0.5721180665384916,107.57556182287475,102.47594989866565
587179530,round,43,1.065611104204686,0.5868929421198745,107.57556182287475,104.73953564501494
587179530,round,44,1.208451518123419,0.4953843048325536,107.57556182287475,116.07151811406615
587179530,round,45,0.9750286135890864,0.5749365191914917,107.57556182287475,113.12888844594079
587179530,round,46,1.0732397412972179,0.56711308355697,107.57556182287475,101.2587189756175
587179530,round,47,1.0456831252736452,0.6551756968855416,107.57556182287475,107.98574917708811
587179530,round,48,0.8767579708797311,0.5771404539797176,107.57556182287475,112.86111162881497
587179530,round,49,0.8852407450853627,0.53462600746088,107.57556182287475,108.7290511348684
587179530,round,50,1.216549316629938,0.6055841400780093,107.57556182287475,108.99505481093966
587179530,round,51,1.2233821954882185,0.5748448574140947,107.57556182287475,95.43512533989482
587179530,round,52,1.3171719472880052,0.6494399007031492,107.57556182287475,111.90177185436613
587179530,round,53,1.2295405367438181,0.5512739989260427,107.57556182287475,96.6647485233392
587179530,round,54,0.8063096017218722,0.5541543150528254,107.57556182287475,105.67232177589247
587179530,round,55,0.8928220917107558,0.6143867133926091,107.57556182287475,109.71230116296424
587179530,round,56,1.2147051380282958,0.6525998684863298,107.57556182287475,110.95676121441204
587179530,round,57,0.9881418576122163,0.5597411221462645,107.57556182287475,108.29640226183928
587179530,round,58,1.118421566398323,0.7365776569235167,107.57556182287475,109.8875618900534
587179530,round,59,0.7066622044263302,0.5552705041056065,107.57556182287475,94.34808290147755
587179530,round,60,1.1453723605184376,0.610166107746143,107.57556182287475,105.1796029986156
587179530,round,61,0.8842131795941253,0.6252948976713131,107.57556182287475,111.67133444169664
587179530,round,62,1.1544472113211737,0.5729815970081947,107.57556182287475,102.16400230839255
587179530,round,63,1.0701903745611843,0.5431314589370824,107.57556182287475,100.41255044576415
587179530,round,64,0.7927187134840892,0.5680739071980082,107.57556182287475,107.64635069113488
587179530,round,65,1.1216884754176677,0.5056149994866233,107.57556182287475,98.41996905013369
587179530,round,66,1.118422310281502,0.736577656924337,107.57556182287475,109.8875499056874
587179530,round,67,0.854784589952287,0.49577769941989047,107.57556182287475,108.28578714390811
587179530,round,68,1.121646302544531,0.5056149993771193,107.57556182287475,98.41862092036178
587179530,round,69,0.9495812217058515,0.6276057283134977,107.57556182287475,104.63156856114922
587179530,round,70,1.3451771718610803,0.5149993108145228,107.57556182287475,114.38761814926698
587179530,round,71,0.9699142701375941,0.4897261647775365,107.57556182287475,112.00479673505431
587179530,round,72,0.9893914756590021,0.5837957287043398,107.57556182287475,114.61443650236545
587179530,round,73,0.9643965796548606,0.6103101387143433,107.57556182287475,110.86959818905244
587179530,round,74,0.8552833958208916,0.533255282727924,107.57556182287475,108.41374346875453
587179530,round,75,0.25263982809139396,0.2825050797029215,107.57556182287475,6.851904339152245
587179530,round,76,0.9186111868098809,0.6751716932975036,107.57556182287475,103.90331112672145
587179530,round,77,0.3645824744159397,0.23011343020135155,107.57556182287475,18.34973322743977
587179530,round,78,1.1586516124122255,0.5303684926192376,107.57556182287475,119.16898125542576
587179530,round,79,1.1478907508892748,0.509339740236298,107.57556182287475,113.23751781101998
587179530,round,80,1.1628083870823187,0.5181846913096744,107.57556182287475,107.87628011450869
587179530,round,81,0.9132669663750541,0.5284040380356866,107.57556182287475,105.03593479747747
587179530,round,82,0.3454280660642479,0.18380937774199269,107.57556182287475,54.860333090262145
587179530,round,83,0.9368925120506013,0.58102155292608,107.57556182287475,110.1837131822538
587179530,round,84,0.8486560811295109,0.5334017271105282,107.57556182287475,104.40875197397466
587179530,round,85,0.8847226199815562,0.5825208618912808,107.57556182287475,113.4481171376021
587179530,round,86,0.9430669203106,0.6283375083636349,107.57556182287475,105.95164223240226
587179530,round,87,1.1387366476298686,0.5373200661367756,107.57556182287475,106.79582714769293
587179530,round,88,0.8637524011536659,0.5494863220979168,107.57556182287475,104.37184222198576
587179530,round,89,0.9103995729201292,0.6354535851864149,107.57556182287475,107.26869939057845
587179530,round,90,0.9841693100514276,0.7059785205973215,107.57556182287475,99.76471862657732
587179530,round,91,0.9630830826323978,0.5051066459739952,107.57556182287475,112.55309582566811
587179530,round,92,1.2131010750114144,0.5321398467153469,107.57556182287475,105.47458322617003
587179530,round,93,0.895127682747849,0.5970893531161856,107.57556182287475,107.58105980795193
587179530,round,94,1.0936152216972808,0.5261853030646788,107.57556182287475,100.6987806458991
587179530,round,95,1.0537140242833782,0.6485824052506732,107.57556182287475,111.64307480399297
587179530,round,96,1.09625722543851,0.6147700475076959,107.57556182287475,104.05289444208938
587179530,round,97,1.1586763724237805,0.5303684924258375,107.57556182287475,119.16824384599701
587179530,round,98,0.9186111868098809,0.6751716932975036,107.57556182287475,103.90331112672145
587179530,round,99,0.32226612918287534,0.2060548814197034,107.57556182287475,175.4817223703551
587179530,boot,0,1.031574295845803,0.5833796542467112,107.57556182287475,101.7726578364984
587179530,boot,1,1.148147801881916,0.6026277878731449,107.57556182287475,108.93819230641816
587179530,boot,2,0.9733696728699339,0.5850170389692395,107.57556182287475,111.9296025696343
587179530,boot,3,0.5326560025964471,0.3223268996884302,107.57556182287475,69.54873710993364
587179530,boot,4,0.8695936637370033,0.6513673542775047,107.57556182287475,111.63594629268732
587179530,boot,5,0.861917906341592,0.5092183594797288,107.57556182287475,110.9184964089861
587179530,boot,6,0.9529919101007387,0.6075559210658926,107.57556182287475,102.47105715938011
587179530,boot,7,1.0561377194051138,0.5439518662294007,107.57556182287475,108.5220771029375
587179530,boot,8,0.9352917013982561,0.6312854841778079,107.57556182287475,100.70538608837556
587179530,boot,9,0.9036912740398235,0.6320284881023085,107.57556182287475,104.12904829681213
587179530,boot,10,0.9864510275309606,0.504838190155988,107.57556182287475,103.43911980198747
587179530,boot,11,1.0932729161535994,0.529165919688516,107.57556182287475,119.12560994392562
587179530,boot,12,0.798189405121266,0.5348414832378036,107.57556182287475,107.39831260484105
587179530,boot,13,0.9917013818915743,0.5866645395133654,107.57556182287475,104.8959343885585
587179530,boot,14,1.043881932772818,0.48269592648069726,107.57556182287475,112.17005154981541
587179530,boot,15,0.21968175731292489,0.2460382736558372,107.57556182287475,1.700053170236893
587179530,boot,16,0.8632086044027264,0.6343821061603587,107.57556182287475,98.77035054523829
587179530,boot,17,0.8632141044071405,0.6343821061542396,107.57556182287475,98.77048829040872
587179530,boot,18,0.8046460911346369,0.5607262832792185,107.57556182287475,102.4116904206486
587179530,boot,19,0.9833782182948222,0.5140213479832727,107.57556182287475,107.1356237265544
587179530,boot,20,1.1198423684402266,0.5553782835486909,107.57556182287475,100.46167396499476
587179530,boot,21,0.8632064291431798,0.6740094591945825,107.57556182287475,112.32274031535277
587179530,boot,22,0.9745513808123422,0.580753454987916,107.57556182287475,109.03684820269358
587179530,boot,23,0.8367445776296664,0.600076997922605,107.57556182287475,107.50521512227361
587179530,boot,24,0.11399599429996161,0.27140590334411674,107.57556182287475,35.11982071339028
587179530,boot,25,0.7922998777012594,0.6345613556904023,107.57556182287475,102.64973872279201
587179530,boot,26,0.8718690146468722,0.5592051550016379,107.57556182287475,111.00012201543207
587179530,boot,27,0.8940648451693455,0.5549063332715448,107.57556182287475,123.78489721106322
587179530,boot,28,1.069886403134091,0.6025358715396403,107.57556182287475,105.82296824746268
587179530,boot,29,0.9972256980854235,0.6548422308667228,107.57556182287475,108.12563817367385
587179530,boot,30,1.1110372563722892,0.5181882357273355,107.57556182287475,114.7597974677264
587179530,boot,31,0.9143121155191054,0.574859213462547,107.57556182287475,113.39391554984705
587179530,boot,32,0.9533982367804846,0.5680064248450387,107.57556182287475,107.15120298238395
587179530,boot,33,1.1110371822630651,0.5181882357355521,107.57556182287475,114.75979036402887
587179530,boot,34,0.9169269153233096,0.5660950226585495,107.57556182287475,103.44236447108091
587179530,boot,35,0.9534074284463412,0.5680064248473368,107.57556182287475,107.15134466472138
587179530,boot,36,0.9258192597565938,0.6035455835872214,107.57556182287475,109.57288907628363
587179530,boot,37,0.9326267357497386,0.6054241155469643,107.57556182287475,98.79837640808356
587179530,boot,38,0.9956476565473044,0.5981412413264788,107.57556182287475,105.88631202200155
587179530,boot,39,1.0123230386122597,0.5530172405120906,107.57556182287475,102.0388724951618
587179530,boot,40,1.0447109267297199,0.5610499374081225,107.57556182287475,104.97618560769314
587179530,boot,41,1.023420781896502,0.543951423156803,107.57556182287475,113.82891487859342
587179530,boot,42,0.8262758214354916,0.5366271890215606,107.57556182287475,109.95018047663211
587179530,boot,43,0.985987803788875,0.594578789163098,107.57556182287475,108.26595013315904
587179530,boot,44,0.903698259821214,0.632028488181165,107.57556182287475,104.12852286276127
587179530,boot,45,0.17423860002351055,0.2998459902310977,107.57556182287475,50.22971945404964
587179530,boot,46,0.9946513949364064,0.5842558886554567,107.57556182287475,105.06386636314738
587179530,boot,47,0.9732956454964231,0.5480108561591472,107.57556182287475,107.88479391132093
587179530,boot,48,0.9366783810419432,0.6116988145160294,107.57556182287475,108.65583016990345
587179530,boot,49,0.8813471073182508,0.5540512253733119,107.57556182287475,103.56697395782935
587179530,boot,50,0.3104193310422325,0.24664051504462914,107.57556182287475,22.29128543388768
587179530,boot,51,1.2071229122402893,0.5584618306983256,107.57556182287475,112.64772532564834
587179530,boot,52,1.0319915662676906,0.5791256234777514,107.57556182287475,99.68052762630992
587179530,boot,53,0.6757933676694041,0.5593543476300313,107.57556182287475,94.86345133473495
587179530,boot,54,1.0126363302447743,0.4624112725448051,107.57556182287475,111.67496690317603
587179530,boot,55,0.9733144436246398,0.5850170389879954,107.57556182287475,111.92813813885797
587179530,boot,56,0.8834391388161446,0.5235869529916448,107.57556182287475,112.59791054603158
587179530,boot,57,0.3478016210861266,0.189738676689028,107.57556182287475,2.213645881270445
587179530,boot,58,0.8959399644163692,0.6802732497600816,107.57556182287475,105.91713689627596
587179530,boot,59,0.75769783972109,0.5758948473943497,107.57556182287475,109.26041992547056
587179530,boot,60,0.8582739398860403,0.5291828963683705,107.57556182287475,105.3893569547313
587179530,boot,61,0.3618280572680925,0.22858098270718252,107.57556182287475,158.7446956392768
587179530,boot,62,0.7916972469947644,0.539871761239102,107.57556182287475,104.12542776628061
587179530,boot,63,0.9892885882227741,0.6599279899383967,107.57556182287475,104.58801132978486
587179530,boot,64,0.7892857766939181,0.48718016012428733,107.57556182287475,102.89808290295173
587179530,boot,65,1.1324545228459353,0.5547748385667355,107.57556182287475,112.42846732924376
587179530,boot,66,0.9695865590668327,0.5127272627906339,107.57556182287475,113.10517602519317
587179530,boot,67,0.741339374374864,0.5802726403380076,107.57556182287475,104.32724749752528
587179530,boot,68,1.1110409040424123,0.5181882357950403,107.57556182287475,114.75948528407378
587179530,boot,69,0.9802958517947209,0.5492728640103961,107.57556182287475,108.57831365871002
587179530,boot,70,0.9691767669031021,0.5622483426742344,107.57556182287475,104.24052907294163
587179530,boot,71,0.7585102476256146,0.5030182569714975,107.57556182287475,106.63679059421725
587179530,boot,72,1.072016998456652,0.6080568889670486,107.57556182287475,104.92845748617708
587179530,boot,73,0.9948118465280785,0.6484236899225815,107.57556182287475,111.66044615039058
587179530,boot,74,1.1730416666674819,0.5502749395652153,107.57556182287475,96.57129680131169
587179530,boot,75,0.725400130685543,0.43541108922213867,107.57556182287475,112.18594850270573
587179530,boot,76,0.9857765631901438,0.5559853757860558,107.57556182287475,101.99805162862721
587179530,boot,77,0.15468487433779685,0.27643219386905027,107.57556182287475,44.062316369590356
587179530,boot,78,0.9050118713027813,0.6424398951004437,107.57556182287475,109.50259609248832
587179530,boot,79,1.0364524314926926,0.6050970123254363,107.57556182287475,108.74093200288013
587179530,boot,80,0.7414708042779485,0.6007294726133032,107.57556182287475,101.1855312903714
587179530,boot,81,0.9312450785407299,0.5966592827817643,107.57556182287475,111.0289137711712
587179530,boot,82,0.8271642108663287,0.5355262700740402,107.57556182287475,109.03827468594649
587179530,boot,83,0.8941297481173347,0.5549063333880276,107.57556182287475,123.7825765691673
587179530,boot,84,0.7587828519211599,0.5406130198741101,107.57556182287475,113.51831943450755
587179530,boot,85,0.7823406632774984,0.3051423157682168,107.57556182287475,97.16828080614306
587179530,boot,86,1.0729683284895724,0.6822402571271458,107.57556182287475,109.76926853269774
587179530,boot,87,0.7347409904103432,0.5805355335300166,107.57556182287475,100.17742102026408
587179530,boot,88,0.8312675529391704,0.6102932991099779,107.57556182287475,114.36570732917899
587179530,boot,89,0.9013139295078821,0.6695126020575506,107.57556182287475,110.0704085428319
587179530,boot,90,1.0656891792821013,0.6632601485415599,107.57556182287475,103.9789317931714
587179530,boot,91,0.8182468456853875,0.4982714806040086,107.57556182287475,116.59341320780544
587179530,boot,92,0.9254201491911085,0.5071552620039623,107.57556182287475,121.00681427296583
587179530,boot,93,1.096888729238934,0.5029335048470143,107.57556182287475,105.2713242967514
587179530,boot,94,0.9342440694098229,0.5855683110590342,107.57556182287475,114.82923534437423
587179530,boot,95,1.132791556032714,0.6052558412272796,107.57556182287475,113.2337296276174
587179530,boot,96,0.7347270711261503,0.5805355334799424,107.57556182287475,100.17710286684347
587179530,boot,97,1.0258553357633273,0.6734931381493665,107.57556182287475,109.15513019659048
587179530,boot,98,0.20880400826897297,0.23796977528538255,107.57556182287475,9.814942950027355
587179530,boot,99,1.0970375613657821,0.5775758259776556,107.57556182287475,107.22636890163784
587179530,rot,0,0.9299965003500631,0.6348483837267496,154.9907191018114,161.89118937708108
587179530,rot,1,0.38467049850468793,0.29818152293113653,38.21450831652286,116.48670005472832
587179530,rot,2,0.8464870140725494,0.5268896416380375,112.8987667922712,110.95487559512183
587179530,rot,3,0.8031751082940631,0.5821638427120426,58.74869363678459,54.45630570769755
587179530,rot,4,0.9251725388754921,0.6207060840346587,39.522640617342056,39.102171394956116
587179530,rot,5,1.216804963953253,0.5693410744742657,142.80433919211052,147.45697547246672
587179530,rot,6,0.8521710024084371,0.5233800711436954,5.9227743549593015,179.99999999999997
587179530,rot,7,0.8223163241507468,0.5941628294363346,24.293372428020458,30.518291772876374
587179530,rot,8,0.9706431000633937,0.5798252232605612,153.14782490645405,150.32024610342637
587179530,rot,9,0.7770433250112111,0.5502364297113747,34.66429972424907,33.03593768478498
587179530,rot,10,0.8315654561748729,0.4991939227987109,55.93690973733001,60.82564295369245
587179530,rot,11,1.0699681876106866,0.5722941251640835,151.2117641201556,140.29202766103893
587179530,rot,12,0.8609091997020892,0.5573803809866255,170.494479771762,175.32983174773204
587179530,rot,13,0.19229772361703173,0.24373572203430827,129.73657746309607,38.085063760844065
587179530,rot,14,0.8655189989635466,0.5574514966061613,45.768901581445576,48.3963464925296
587179530,rot,15,0.9825671728620854,0.5344127351354724,139.81415690076707,133.63293126512093
587179530,rot,16,0.97097075117347,0.6797330956098002,127.6562540990574,124.55278724360618
587179530,rot,17,0.9992018501598953,0.5942732400893351,132.64426461105987,142.44914176195613
587179530,rot,18,0.8713065878219347,0.6222756624277961,86.91599809905536,84.6360069864483
587179530,rot,19,0.9697685766803035,0.6188124376939054,161.27188958563215,156.11345673995103
587179530,rot,20,0.7276395215176309,0.5833576183870426,108.4647209362704,114.04114898136906
587179530,rot,21,1.0178358635785012,0.5945424232744432,36.247541552001756,36.38049465812617
587179530,rot,22,0.9294911509636675,0.5507363997932306,160.73630799006173,158.4419592718879
587179530,rot,23,0.3021785177469693,0.2720224285377809,22.742098057778463,75.7716210516219
587179530,rot,24,1.0884938406933446,0.5474105467600646,88.14761514251003,79.34093211707233
587179530,rot,25,0.8553897169342728,0.6292491073798605,3.775026622661126,5.990920617905846
587179530,rot,26,1.0453363759639411,0.5475509634691464,108.2814397450716,119.70607867440526
587179530,rot,27,0.9970220787923775,0.638988689846449,138.3988183123308,129.58481250811136
587179530,rot,28,1.1894599420430996,0.5011163390020432,134.3872741343426,142.92555260388934
587179530,rot,29,0.44538285930181687,0.23361309979091394,19.977920241633974,99.08815209660044
587179530,rot,30,0.7921896977563844,0.5476198797651057,16.515448850204624,20.740170816348353
587179530,rot,31,0.8253211144604675,0.6287453114799586,120.51602882312355,128.4454186419133
587179530,rot,32,0.9511670814965825,0.6334137365898075,19.247971431687564,15.979730670123597
587179530,rot,33,1.0000220486051503,0.559684869258422,30.91980329933469,34.967160116076286
587179530,rot,34,0.8797763001898115,0.6955111871997026,14.468470135521013,15.080137273167281
587179530,rot,35,1.0357022232902766,0.6566208063215913,52.48467180112098,43.18124840550405
587179530,rot,36,0.8112402531560583,0.6970431499337093,142.75693176265833,136.37920738388647
587179530,rot,37,0.9466881044617195,0.6712122359242984,88.35466587642584,92.24863090136884
587179530,rot,38,0.7675933746068767,0.5341370275766517,170.7328428861198,165.47888385278486
587179530,rot,39,0.964168558620806,0.6140946343191354,155.9427707071029,147.96135485975498
587179530,rot,40,0.7906165740796393,0.5613207198972519,52.95165517213917,46.11903472225208
587179530,rot,41,0.8880324796556082,0.6905023685040119,169.048500626173,159.66186539111447
587179530,rot,42,0.9176141712279727,0.5163399870215217,114.24073235896218,115.15602643454343
587179530,rot,43,1.1410901837091203,0.5692888733708164,93.20011895202836,87.1898761458717
587179530,rot,44,0.8920936234459136,0.5784796587546054,115.6795091976169,120.6927005763781
587179530,rot,45,0.26688600419678854,0.2924714424596785,47.81200021872264,138.48327163461587
587179530,rot,46,0.7872180247106267,0.5598073731382005,125.84838020893127,124.54322802874462
587179530,rot,47,0.8073593560669975,0.6003373783897348,52.2910609135666,52.76583616077663
587179530,rot,48,0.9906286535389623,0.5451963524277039,76.27262567234528,82.52056001472788
587179530,rot,49,0.8658673435201574,0.689487220754414,179.37295091132515,163.270910924272
587435972,round,0,0.7961603183373329,0.6826091571036444,1.1605310769004917,176.7173025590787
587435972,round,1,0.9166119571832763,0.5635145249864271,1.1605310769004917,171.50982141715534
587435972,round,2,1.1313908073916923,0.6089505544833425,1.1605310769004917,179.99999991983236
587435972,round,3,0.3823403351563911,0.28856617507075033,1.1605310769004917,77.28585277270153
587435972,round,4,1.0767764040336927,0.5758174329544545,1.1605310769004917,173.44997004058817
587435972,round,5,0.8981154973390264,0.6424501330014105,1.1605310769004917,1.3831843934962365
587435972,round,6,0.8720446777667346,0.5399532054307434,1.1605310769004917,4.182536462154218
587435972,round,7,0.9178404064333661,0.55595791424779,1.1605310769004917,176.88211688486848
587435972,round,8,1.0014493130824418,0.6137345452131081,1.1605310769004917,178.62615241736933
587435972,round,9,0.9709979458903983,0.6460424951467587,1.1605310769004917,177.74744410538418
587435972,round,10,0.8245307526514173,0.6113492516926022,1.1605310769004917,12.327279109639221
587435972,round,11,0.8915558798270717,0.5717500407334677,1.1605310769004917,1.652448264621853e-05
587435972,round,12,1.0842212405272202,0.5778628766768041,1.1605310769004917,176.41548862943392
587435972,round,13,1.0107490900862903,0.609255824400188,1.1605310769004917,5.776652610030425
587435972,round,14,1.0395805885775184,0.5938943201558053,1.1605310769004917,9.603603543265393
587435972,round,15,0.9131357700708811,0.6507135401044617,1.1605310769004917,13.479686947907624
587435972,round,16,1.1024435545789675,0.6726476860549826,1.1605310769004917,7.260231527118023
587435972,round,17,0.9881977244982884,0.6148648473940095,1.1605310769004917,174.67552777421463
587435972,round,18,1.2989779422178198,0.6425785941125441,1.1605310769004917,2.338209971763277
587435972,round,19,0.8944669513046548,0.6182711293428976,1.1605310769004917,3.5477385993958106
587435972,round,20,1.1486335491077335,0.6317951286836777,1.1605310769004917,4.787820179342702
587435972,round,21,0.9974929621588969,0.6473814624056362,1.1605310769004917,4.688089388455656
587435972,round,22,1.289453184152594,0.5659267936325936,1.1605310769004917,0.5382580055897819
587435972,round,23,0.9608364096104413,0.5613139945210412,1.1605310769004917,5.876087982009095
587435972,round,24,0.973109594594895,0.5375528881910401,1.1605310769004917,6.028817883609809
587435972,round,25,1.1792361292986002,0.6388446747553675,1.1605310769004917,179.31944599732088
587435972,round,26,1.1216795116552576,0.5617649274531213,1.1605310769004917,0.9555353047763617
587435972,round,27,0.8349875764050022,0.6664851831772067,1.1605310769004917,1.0032942464177557
587435972,round,28,0.8930825513592261,0.6093729568369928,1.1605310769004917,173.2136834171444
587435972,round,29,0.7641587276219873,0.5639037732950866,1.1605310769004917,4.987094420567899
587435972,round,30,0.9991958692678312,0.5995063818775856,1.1605310769004917,179.99998469551338
587435972,round,31,1.0642281011473593,0.600940222998857,1.1605310769004917,3.883078838033356
587435972,round,32,0.9911717113367877,0.6443795851333928,1.1605310769004917,177.71993141665138
587435972,round,33,1.1515608185250406,0.5818160361598218,1.1605310769004917,3.764736039908229
587435972,round,34,1.1192208771807488,0.5731254505439446,1.1605310769004917,2.6674502014751056
587435972,round,35,1.0941014862449254,0.6308422203615756,1.1605310769004917,0.0
587435972,round,36,0.9533314672447902,0.720903980964686,1.1605310769004917,174.60177333817214
587435972,round,37,1.3168706598796087,0.5872760859830164,1.1605310769004917,171.11699014528023
587435972,round,38,1.0224479719723825,0.5526670528435966,1.1605310769004917,14.02794270776495
587435972,round,39,1.0404215924206948,0.628792466909112,1.1605310769004917,4.451347489069576
587435972,round,40,1.001025380150245,0.613734523531748,1.1605310769004917,178.63110383368365
587435972,round,41,1.0632995648851555,0.5874683412209497,1.1605310769004917,175.8368037817964
587435972,round,42,0.2759007575419993,0.3050811385132032,1.1605310769004917,90.29702711391808
587435972,round,43,0.876401858688401,0.5626018737088454,1.1605310769004917,173.01667933403309
587435972,round,44,0.9940897864962465,0.5807315520216356,1.1605310769004917,13.29653473896974
587435972,round,45,1.1340389005370513,0.6048766488414152,1.1605310769004917,7.153639977417896
587435972,round,46,0.9254767474799835,0.6041443421543882,1.1605310769004917,179.99999999999997
587435972,round,47,0.2457534309868513,0.2669104090853436,1.1605310769004917,100.8419678652527
587435972,round,48,1.1221804303840774,0.638647306706005,1.1605310769004917,179.16869625414358
587435972,round,49,0.9432455186852321,0.5745377161369991,1.1605310769004917,7.536645266138748
587435972,round,50,0.9427360133575131,0.5141842322511333,1.1605310769004917,179.4073194786391
587435972,round,51,1.1979306897783837,0.6180475904441707,1.1605310769004917,178.4923541897517
587435972,round,52,1.0915117235574097,0.6445599574956873,1.1605310769004917,6.142386917248842
587435972,round,53,1.054027200519251,0.6056351147526535,1.1605310769004917,176.23023286357383
587435972,round,54,0.9049485034194461,0.6302406276934037,1.1605310769004917,178.86120561022193
587435972,round,55,1.0341819818773277,0.5664721416064685,1.1605310769004917,174.4591855950107
587435972,round,56,0.35825147613417435,0.3223162191950648,1.1605310769004917,89.9379141071171
587435972,round,57,1.1499068942178194,0.5675180399274818,1.1605310769004917,5.80605640034365
587435972,round,58,1.1732856272860501,0.6428524485256121,1.1605310769004917,179.8835086441146
587435972,round,59,1.0443286664018347,0.7068432568943728,1.1605310769004917,5.212586806531206
587435972,round,60,0.8426348781890285,0.6073426758074378,1.1605310769004917,179.86937240661828
587435972,round,61,1.1710148327736816,0.5956225637858685,1.1605310769004917,174.33886231859373
587435972,round,62,0.7997917998792677,0.5983700073843642,1.1605310769004917,173.07072655108735
587435972,round,63,1.079140761938032,0.6289693224317516,1.1605310769004917,177.87162287465264
587435972,round,64,0.9803712244899229,0.6683066788894052,1.1605310769004917,179.63828147718237
587435972,round,65,1.3543436563933233,0.6385319906409622,1.1605310769004917,177.2232470056034
587435972,round,66,1.1222285671323056,0.5224135353589546,1.1605310769004917,0.5760634857021216
587435972,round,67,0.8862246716334695,0.5619576809126761,1.1605310769004917,4.808207147604228
587435972,round,68,0.8243605335922083,0.6113492916085426,1.1605310769004917,12.318092579769257
587435972,round,69,0.8994198806195304,0.6512885361522702,1.1605310769004917,17.603341495927907
587435972,round,70,1.2268119483500568,0.5170670602992051,1.1605310769004917,179.99999999999966
587435972,round,71,1.090667410341451,0.6445597799505299,1.1605310769004917,6.166511698190064
587435972,round,72,1.1111451765235167,0.5683492325538464,1.1605310769004917,178.35392154841452
587435972,round,73,0.837957911805725,0.6373746678090313,1.1605310769004917,6.011172246742056
587435972,round,74,0.9574304901378727,0.6194168058612213,1.1605310769004917,2.195317817546794
587435972,round,75,1.1221001877643209,0.6626944755391377,1.1605310769004917,3.6301145217675668
587435972,round,76,0.8227208233538348,0.5173513447377184,1.1605310769004917,179.99999999140687
587435972,round,77,0.9855834846729027,0.5968000726501668,1.1605310769004917,2.440787216797708
587435972,round,78,1.1114341238463616,0.5323562340602708,1.1605310769004917,1.3474919629628772
587435972,round,79,0.09748556038719994,0.3433695448731928,1.1605310769004917,99.92039776583788
587435972,round,80,0.8145151205041326,0.602291063216611,1.1605310769004917,8.280158283109524
587435972,round,81,0.9814758545643648,0.652178324922202,1.1605310769004917,179.03302228562558
587435972,round,82,0.3012247654159672,0.21964100741620907,1.1605310769004917,107.57459776109924
587435972,round,83,0.8787172161052043,0.6515130772928661,1.1605310769004917,9.891008229734512
587435972,round,84,0.9125925005245734,0.6223314445550523,1.1605310769004917,175.60658941964513
587435972,round,85,0.14400274360729734,0.32828865643691374,1.1605310769004917,88.37570516521735
587435972,round,86,0.924792619034335,0.6757219164256483,1.1605310769004917,179.41067283895438
587435972,round,87,1.0195004165248565,0.6806303033196082,1.1605310769004917,169.95693160499428
587435972,round,88,1.0066050772474668,0.6607359473449705,1.1605310769004917,6.937475864526121
587435972,round,89,0.9125630120822921,0.6505793664490789,1.1605310769004917,179.53058099213482
587435972,round,90,0.8842918750441577,0.6406136405289378,1.1605310769004917,178.16479672814137
587435972,round,91,1.136029392037305,0.6152076861177195,1.1605310769004917,168.15111708140319
587435972,round,92,1.3171118597304032,0.5872761927213754,1.1605310769004917,171.12330904707682
587435972,round,93,0.9482661158155061,0.5469288078303454,1.1605310769004917,7.485940820193775
587435972,round,94,1.1221982385460403,0.6626944673920263,1.1605310769004917,3.6318694146491737
587435972,round,95,0.13140959082888398,0.24936755931861332,1.1605310769004917,74.60513834425807
587435972,round,96,1.053549303772903,0.49438740575783524,1.1605310769004917,177.32743473820955
587435972,round,97,1.1732457433836319,0.6428524552555501,1.1605310769004917,179.88245253171397
587435972,round,98,1.3169761908198716,0.5506147708176441,1.1605310769004917,174.792114345708
587435972,round,99,0.12613008132267894,0.30272392156265826,1.1605310769004917,84.5205123141762
587435972,boot,0,0.978399401474216,0.5613929207957479,1.1605310769004917,3.604352548069047
587435972,boot,1,1.0793339016387213,0.6877678413785022,1.1605310769004917,7.076380967419027e-06
587435972,boot,2,0.9817079176096173,0.5698012445992715,1.1605310769004917,0.4636380012051404
587435972,boot,3,0.880605826718386,0.5929502542324359,1.1605310769004917,9.971715169609354
587435972,boot,4,0.8130258002357416,0.6314269714180688,1.1605310769004917,3.817008801563304
587435972,boot,5,0.8881346124156461,0.6599774782680408,1.1605310769004917,10.682753058350869
587435972,boot,6,0.8640483572153193,0.5900466700760456,1.1605310769004917,4.878566203031982
587435972,boot,7,0.7568944910414945,0.6384071848202736,1.1605310769004917,179.3809487735269
587435972,boot,8,0.7247963550271582,0.6491767326130842,1.1605310769004917,13.461602032821176
587435972,boot,9,0.7133345904533421,0.6582101114104573,1.1605310769004917,178.79916027320934
587435972,boot,10,0.9466858634050997,0.5770538840537389,1.1605310769004917,3.972176538036942
587435972,boot,11,1.014219650136836,0.6307639736556027,1.1605310769004917,4.936617876539572
587435972,boot,12,0.850664855051626,0.6144989186687173,1.1605310769004917,8.356445524906096
587435972,boot,13,0.7388591885133673,0.6650008101674789,1.1605310769004917,178.35743042850658
587435972,boot,14,0.9466689783082645,0.5754548139312423,1.1605310769004917,10.69229045875697
587435972,boot,15,0.8958214799703171,0.6356785410854209,1.1605310769004917,2.6996653694178008
587435972,boot,16,1.0856950965899956,0.5333643969590716,1.1605310769004917,7.193993293123853
587435972,boot,17,0.9172129003568307,0.648991884770762,1.1605310769004917,7.621799835194707
587435972,boot,18,0.5825965102750721,0.577295920049693,1.1605310769004917,11.927088790098935
587435972,boot,19,0.8497872019902853,0.612999422408884,1.1605310769004917,176.84421017538776
587435972,boot,20,0.8062954577474007,0.6699116989805532,1.1605310769004917,7.384957679105055
587435972,boot,21,0.8017061525594301,0.5123432922959084,1.1605310769004917,6.567480434025924
587435972,boot,22,0.8540030400039065,0.6298411623473354,1.1605310769004917,5.082828421333111
587435972,boot,23,0.8914016959941414,0.6254094030949813,1.1605310769004917,4.131606532073745
587435972,boot,24,0.910489586908365,0.6292641744897194,1.1605310769004917,179.9999999771905
587435972,boot,25,1.142937570368396,0.6427971915551907,1.1605310769004917,11.315365355680768
587435972,boot,26,0.12284942260392379,0.29537404105826004,1.1605310769004917,95.47264030545209
587435972,boot,27,0.7691381960630047,0.6207960692611368,1.1605310769004917,1.8300041650320482
587435972,boot,28,0.7952813572008526,0.48574414187397874,1.1605310769004917,2.1072103791677605
587435972,boot,29,1.1593232865784766,0.6665437853219804,1.1605310769004917,7.395448035744209
587435972,boot,30,0.739550183269193,0.620990273311107,1.1605310769004917,3.6478071212229106
587435972,boot,31,0.3129778835322855,0.2988550029595106,1.1605310769004917,72.32824590674157
587435972,boot,32,0.903084511730685,0.6534879824764381,1.1605310769004917,4.471897834772209
587435972,boot,33,0.8684861214694624,0.6437861112119343,1.1605310769004917,176.4647609952255
587435972,boot,34,0.7277155845312049,0.5879139993005518,1.1605310769004917,179.99999999996845
587435972,boot,35,0.6324671684790927,0.5571507784349892,1.1605310769004917,2.745392660538471
587435972,boot,36,0.8677595446424115,0.6755546582258691,1.1605310769004917,6.298137348133878
587435972,boot,37,0.8543940105525252,0.6133471367196242,1.1605310769004917,9.866047334861173
587435972,boot,38,0.8879295555083269,0.6016634160565749,1.1605310769004917,0.8822162705442338
587435972,boot,39,0.7096928314361638,0.6130657587168518,1.1605310769004917,0.11826932013386227
587435972,boot,40,0.8021044540398558,0.6174171285279884,1.1605310769004917,5.7874098164902605
587435972,boot,41,0.7248029414986275,0.6491767366631048,1.1605310769004917,13.461125227253063
587435972,boot,42,0.8699278178480031,0.5205483712776551,1.1605310769004917,175.39476695349816
587435972,boot,43,0.9004792478675223,0.6328727439860256,1.1605310769004917,177.98434146949063
587435972,boot,44,1.026294753008011,0.5934390517788007,1.1605310769004917,178.08639930231436
587435972,boot,45,0.9537871360898906,0.6186519408006473,1.1605310769004917,176.7287877075392
587435972,boot,46,0.8549357408988789,0.5182351774467655,1.1605310769004917,10.600997288318366
587435972,boot,47,0.30413151691530554,0.26704483335661,1.1605310769004917,94.1063892102258
587435972,boot,48,0.8769483367361679,0.6069905927532107,1.1605310769004917,179.03072377812748
587435972,boot,49,0.6936358955826067,0.5756970369798973,1.1605310769004917,179.04483015752612
587435972,boot,50,0.8412436229801873,0.5549625530484732,1.1605310769004917,173.47777712555006
587435972,boot,51,0.8661235186736356,0.6585991950877315,1.1605310769004917,1.9312901572533903
587435972,boot,52,0.9384809866518324,0.6424594271824968,1.1605310769004917,172.0627432060085
587435972,boot,53,0.876160177925651,0.6787798136015828,1.1605310769004917,176.62292445089386
587435972,boot,54,0.2988346128117249,0.2606451359998123,1.1605310769004917,91.48847281291252
587435972,boot,55,0.9093829278761848,0.7325930227133514,1.1605310769004917,179.87952827027624
587435972,boot,56,0.7932200204404907,0.6352000314109989,1.1605310769004917,176.5930285808418
587435972,boot,57,1.064826930328144,0.5338561058240721,1.1605310769004917,0.7292642760525467
587435972,boot,58,0.689616612747339,0.5985914194513117,1.1605310769004917,179.99999999999997
587435972,boot,59,0.22852737801136402,0.289581176691723,1.1605310769004917,43.846545361195254
587435972,boot,60,1.0347177847510993,0.631715318292408,1.1605310769004917,0.0
587435972,boot,61,1.0471441302981688,0.5694238541316632,1.1605310769004917,4.208699557774068
587435972,boot,62,0.7567410606381736,0.6384071969683389,1.1605310769004917,179.36869293378243
587435972,boot,63,0.8017682625247406,0.5746507523309963,1.1605310769004917,6.848179775268189
587435972,boot,64,1.013716273757115,0.5541732466959628,1.1605310769004917,179.99999999995657
587435972,boot,65,0.8857627780421545,0.582143137400695,1.1605310769004917,5.8841808116492595
587435972,boot,66,0.7936695741414143,0.5308414257634664,1.1605310769004917,6.132907154163026
587435972,boot,67,0.8582515573086085,0.5133312079943084,1.1605310769004917,179.99999999999997
587435972,boot,68,0.7573334822287007,0.7014472441428905,1.1605310769004917,177.79697179499985
587435972,boot,69,0.7637907148923785,0.5763312011377457,1.1605310769004917,13.031128692438104
587435972,boot,70,0.7123804085835822,0.5479878352976453,1.1605310769004917,8.985272845247522
587435972,boot,71,0.9166619761156881,0.6012430137873488,1.1605310769004917,4.87381840916765
587435972,boot,72,0.27515215499854684,0.36570249258275933,1.1605310769004917,89.69947543336477
587435972,boot,73,0.9404562468688871,0.555911855457851,1.1605310769004917,11.77739426781171
587435972,boot,74,0.8864044399003085,0.66771340249658,1.1605310769004917,175.9568375212105
587435972,boot,75,0.8703779917519626,0.5205483156226592,1.1605310769004917,175.39101359133096
587435972,boot,76,0.8554422830828655,0.5182348568278259,1.1605310769004917,10.561161012626993
587435972,boot,77,0.7509167205981759,0.5986678660443809,1.1605310769004917,13.339400046234374
587435972,boot,78,0.9344063483601935,0.5926511302233066,1.1605310769004917,179.13946427073938
587435972,boot,79,0.7822409091900665,0.5298589756341849,1.1605310769004917,4.004281904733034
587435972,boot,80,0.6864035391765374,0.5356242372581282,1.1605310769004917,1.5057737524147106
587435972,boot,81,0.7082309865151822,0.6264484767108993,1.1605310769004917,2.433936902705218
587435972,boot,82,0.7482185050726485,0.5529758400865672,1.1605310769004917,179.99999999999997
587435972,boot,83,0.7239525015915915,0.468146172424051,1.1605310769004917,4.71307238273981
587435972,boot,84,0.7672950023367512,0.5380682099419347,1.1605310769004917,179.99999997721915
587435972,boot,85,1.0358053007596904,0.6145259281760707,1.1605310769004917,1.4852720372896613
587435972,boot,86,0.7543568014790767,0.6353920121783194,1.1605310769004917,2.368016485579859
587435972,boot,87,0.7540145108011265,0.6075899938609524,1.1605310769004917,179.9999993303513
587435972,boot,88,0.826556884409456,0.5782757824415956,1.1605310769004917,11.49296024752818
587435972,boot,89,0.866776764708852,0.5622565838439195,1.1605310769004917,0.37634241103275556
587435972,boot,90,0.828281295736074,0.7201152768375018,1.1605310769004917,175.1615497890348
587435972,boot,91,0.704709696409209,0.6092176490291568,1.1605310769004917,179.74165025436534
587435972,boot,92,0.7553395573006754,0.6252096306862738,1.1605310769004917,179.24499508120834
587435972,boot,93,1.0977690633660193,0.6267589986700284,1.1605310769004917,178.56686384033134
587435972,boot,94,0.94703603143495,0.5770538654611423,1.1605310769004917,3.9433059133707578
587435972,boot,95,0.712442795388895,0.5479877800200204,1.1605310769004917,8.98579349465267
587435972,boot,96,0.41411833012313304,0.2381669375042973,1.1605310769004917,88.12043942372895
587435972,boot,97,1.0447520897329903,0.5572739851999935,1.1605310769004917,4.792193891902045
587435972,boot,98,0.8454036396570951,0.5760093572725312,1.1605310769004917,4.609987310570432
587435972,boot,99,0.8921256511563309,0.6782263020841589,1.1605310769004917,170.93557502814323
587435972,rot,0,0.7184967209878266,0.5170273258028275,19.77768671641284,19.422492437882184
587435972,rot,1,0.9531278679171271,0.5605747606677377,122.14443683062261,113.94123851213224
587435972,rot,2,0.7257173762292116,0.6685682697426104,16.68111173213823,12.950309647121832
587435972,rot,3,0.8686727224526705,0.6215865312710389,35.929784516628985,25.423529374886733
587435972,rot,4,0.8837138228803261,0.5867134202348612,173.47390705391675,175.10737270863567
587435972,rot,5,0.7266739963153379,0.6271216715360217,80.9085134938172,82.07831706576324
587435972,rot,6,0.9642740350579541,0.6023403699264955,165.4744747190634,171.62628064243344
587435972,rot,7,0.7032214519830907,0.5491302609865165,17.27161283219187,22.474876299266896
587435972,rot,8,0.8795134743747295,0.5651448739128642,26.198542189808375,179.99999999999997
587435972,rot,9,0.653830968549212,0.4958229510488599,52.78748370555884,48.7432993995979
587435972,rot,10,0.9628518951515576,0.634358241575592,175.19748877207067,176.60299260064303
587435972,rot,11,0.8811380666233732,0.7081297502684103,18.4859904240582,19.25117278411154
587435972,rot,12,0.7913134838099478,0.6666184579867139,42.19775498741035,37.075568250378154
587435972,rot,13,0.8818335327851826,0.5372065713102849,166.49051635058782,169.00587275994008
587435972,rot,14,0.6991118055468399,0.5462727676842329,102.0494011498224,101.73286638065557
587435972,rot,15,0.8826851481461057,0.5834597902909433,99.91944619678253,94.48665225854269
587435972,rot,16,0.7916535564085083,0.6857235950435367,178.18063231652934,176.81773269986482
587435972,rot,17,0.7081305184676024,0.5626598886566778,174.87943304808329,167.70951834927604
587435972,rot,18,0.9031323443206304,0.6437183948904432,148.5634314652931,149.73369201742412
587435972,rot,19,0.8373058037232325,0.6211390563274068,147.7570283513283,159.7184721264748
587435972,rot,20,0.8236467892940612,0.6102170830777617,134.37253513520395,125.59178747280484
587435972,rot,21,1.0557892709676633,0.6629501840235813,90.0342595925769,87.69084604722349
587435972,rot,22,0.3901837259790644,0.40967650827874014,45.194829390147575,121.98733789044742
587435972,rot,23,0.6910417996205309,0.5555369196319528,160.64169247550512,154.98642378665096
587435972,rot,24,0.8186661793059,0.6168201254944667,17.455041942717642,28.05638127349232
587435972,rot,25,0.776483239088178,0.6485130782178856,30.587900358725637,26.097880756090632
587435972,rot,26,0.3474657786400644,0.2498941090743727,161.92601978694924,68.8550737048171
587435972,rot,27,0.7877098656300884,0.5814470807874992,7.835779591001244,179.99999999999997
587435972,rot,28,1.0502443537529293,0.6614994012716544,119.67876142881379,128.2512914701137
587435972,rot,29,0.7263158864377091,0.5531278493212803,124.34584303368582,121.18728370536974
587435972,rot,30,0.8460685559490931,0.6695123215261078,122.40447623940733,117.99259988628623
587435972,rot,31,0.9083463524857477,0.5090489623763834,4.747046191128725,11.282824816286254
587435972,rot,32,0.7652090395121475,0.587454570532695,149.53273503071875,155.85012547283216
587435972,rot,33,0.5845207415528914,0.6455354524683505,171.7754181556125,166.2408800186995
587435972,rot,34,0.7280402855046848,0.5947029124394685,143.8158045364396,145.22337336127617
587435972,rot,35,0.9535455940529227,0.664865421914667,133.00138847010757,133.62477970231845
587435972,rot,36,0.4750716446812263,0.3351060986520594,16.59944215421767,95.31680475000606
587435972,rot,37,0.7783834141545368,0.48946680599438286,103.78997509957003,109.90102723265527
587435972,rot,38,1.0660497212833564,0.5714781022173236,33.94710670336148,42.82231008216016
587435972,rot,39,0.3066001412399583,0.26775239073176116,33.14563097408357,162.4292101583399
587435972,rot,40,0.724435403366534,0.5740359128192913,147.3681228355017,151.8411952143869
587435972,rot,41,1.0670699894819773,0.6460801087777321,55.20968389504343,42.603744171673725
587435972,rot,42,0.44915087024214806,0.37909717068788784,24.59654169748515,95.80070923598528
587435972,rot,43,0.3171486274242861,0.19392480896444575,110.18234260518257,28.436751191616622
587435972,rot,44,0.8536437005552582,0.6918402605154087,36.18990166476926,38.15505655821919
587435972,rot,45,0.7036255691406148,0.6002607170025454,89.83255317328484,84.8794581393616
587435972,rot,46,0.7653782495543398,0.6263765379525985,168.36431481711688,169.7493673568764
587435972,rot,47,0.7765399076842521,0.6023685960675554,159.42343979382215,164.88616782416855
587435972,rot,48,0.8500131850643232,0.5925136669672122,19.084558025462442,179.99999999999997
587435972,rot,49,0.34021655322274186,0.3089440488329154,135.20515972983202,56.500631177986314
589156275,round,0,0.9059925118531917,0.739525189545653,160.5434743527592,155.6747974693459
589156275,round,1,0.903838074924465,0.7688824359308447,160.5434743527592,163.20042241979388
589156275,round,2,1.059561148584801,0.814629456116187,160.5434743527592,157.5133606745693
589156275,round,3,1.1590557373507222,0.8013750177978225,160.5434743527592,163.62927253112758
589156275,round,4,1.11565900722357,0.8120770090865591,160.5434743527592,158.48420303864265
589156275,round,5,1.059561148584801,0.814629456116187,160.5434743527592,157.5133606745693
589156275,round,6,0.9994641331912393,0.7928727984324766,160.5434743527592,168.49354028743986
589156275,round,7,0.9471647044627375,0.7549077163188522,160.5434743527592,157.9692108209792
589156275,round,8,0.9055548965185501,0.7602988536367594,160.5434743527592,164.0969838219231
589156275,round,9,1.0654763714257067,0.8304010699763416,160.5434743527592,164.92175290202022
589156275,round,10,1.1020699176268896,0.7967063270321156,160.5434743527592,165.7953695022191
589156275,round,11,1.1195709817472963,0.7378582501284303,160.5434743527592,156.14772653667526
589156275,round,12,1.1355291435445716,0.7994580376870182,160.5434743527592,159.6528662616739
589156275,round,13,0.9517500948695496,0.7727941467731627,160.5434743527592,160.80679910288598
589156275,round,14,1.1376543663513257,0.8208702905469036,160.5434743527592,164.81708366453609
589156275,round,15,1.0241022528470467,0.7836239490015632,160.5434743527592,153.02603402846376
589156275,round,16,0.9715434040348333,0.8058943373323542,160.5434743527592,158.85603106992147
589156275,round,17,0.912905978494268,0.7595969285218043,160.5434743527592,163.40953865496795
589156275,round,18,0.992588931452452,0.7960783454954345,160.5434743527592,157.68437119245843
589156275,round,19,1.0825286259779698,0.7475300128023619,160.5434743527592,160.8340875754049
589156275,round,20,0.9378100791171647,0.7966370566807476,160.5434743527592,155.95282619798007
589156275,round,21,0.9523263545269944,0.74115066824978,160.5434743527592,154.67060086032004
589156275,round,22,0.9966711654492307,0.7809403266142142,160.5434743527592,168.34261441648908
589156275,round,23,0.9755043948830845,0.8055347346840545,160.5434743527592,164.49127845220588
589156275,round,24,0.9068198037991299,0.7971550814547108,160.5434743527592,158.3765901500584
589156275,round,25,0.8771748173369837,0.7594394966739697,160.5434743527592,153.5595941456781
589156275,round,26,1.1219738669859132,0.762508450201443,160.5434743527592,158.9309466480869
589156275,round,27,1.0161571629542767,0.7767983917269261,160.5434743527592,161.8736983518149
589156275,round,28,0.866591980538642,0.7377008488752173,160.5434743527592,165.6486816160601
589156275,round,29,0.9269326659004904,0.7647848557834765,160.5434743527592,155.727439696071
589156275,round,30,1.040790872546762,0.7773494580162473,160.5434743527592,161.97741515372726
589156275,round,31,1.1304387216903196,0.7966009570828868,160.5434743527592,165.35896243194827
589156275,round,32,1.1092543133983328,0.845869310881269,160.5434743527592,164.06985878692504
589156275,round,33,1.018312369007629,0.8178601831085646,160.5434743527592,161.05300566061058
589156275,round,34,1.044053525264243,0.8076967943683244,160.5434743527592,158.26711814257632
589156275,round,35,0.9823034156891568,0.8074796952730966,160.5434743527592,159.53287709656377
589156275,round,36,0.9352622642990359,0.6975205048935533,160.5434743527592,2.842170943040401e-14
589156275,round,37,0.9929834427343378,0.7687656404779586,160.5434743527592,161.58839615553094
589156275,round,38,0.9366495806929929,0.8327560595093045,160.5434743527592,160.43410365129816
589156275,round,39,0.8852160410663843,0.7784491691801212,160.5434743527592,153.42798943008927
589156275,round,40,0.9999823476111559,0.825359955324826,160.5434743527592,158.55040271246156
589156275,round,41,1.0672841450328012,0.8082344329817412,160.5434743527592,169.53515195590137
589156275,round,42,1.1353376424850818,0.8309443301523123,160.5434743527592,157.39657416639648
589156275,round,43,0.8882726817191843,0.8274348049401188,160.5434743527592,169.80465205552952
589156275,round,44,0.9850438622936597,0.7755388834114059,160.5434743527592,156.16366037773804
589156275,round,45,0.933924860113337,0.7968385536042712,160.5434743527592,154.26712110269074
589156275,round,46,1.12444699163267,0.8129705158012703,160.5434743527592,166.18624062354115
589156275,round,47,0.9861457266487337,0.810800100815604,160.5434743527592,159.21140318065156
589156275,round,48,0.92388668136538,0.7854070384726448,160.5434743527592,157.1928269139241
589156275,round,49,1.0018102050570232,0.7521962218730236,160.5434743527592,156.74064528513236
589156275,round,50,0.951386892969018,0.7767063609318958,160.5434743527592,158.66795639790428
589156275,round,51,0.9055535665410854,0.7602988536242826,160.5434743527592,164.09698476349325
589156275,round,52,0.9378100791171647,0.7966370566807476,160.5434743527592,155.95282619798007
589156275,round,53,1.0563486076942206,0.782243185024718,160.5434743527592,156.8708837342599
589156275,round,54,1.0057519184602997,0.7765017595713515,160.5434743527592,164.7172302700789
589156275,round,55,0.8755687104465532,0.7691972938675915,160.5434743527592,152.83520644666888
589156275,round,56,1.1362581299067733,0.8062380440920981,160.5434743527592,153.94907195583386
589156275,round,57,0.9823061657741974,0.8074796952810253,160.5434743527592,159.53274426102502
589156275,round,58,1.0561637072002552,0.8239627973879382,160.5434743527592,156.95098328030716
589156275,round,59,1.1857116710419895,0.8016424291753553,160.5434743527592,160.02471433025104
589156275,round,60,0.9513874762399138,0.7767063609293229,160.5434743527592,158.66793974634197
589156275,round,61,0.944733662165337,0.8303307948376795,160.5434743527592,165.00699153808262
589156275,round,62,0.9464629770292802,0.7700955091754745,160.5434743527592,158.32699706572654
589156275,round,63,0.9934787682130513,0.7627668873663939,160.5434743527592,160.47383061191738
589156275,round,64,0.9493377759036075,0.7648908331450176,160.5434743527592,156.0746879802466
589156275,round,65,1.1169994848653837,0.7852895708890619,160.5434743527592,163.21995279843605
589156275,round,66,1.0343976900852045,0.8252139575723881,160.5434743527592,159.7353993952759
589156275,round,67,1.0740098829891993,0.7908290052290554,160.5434743527592,158.36184600690095
589156275,round,68,0.8498173348958457,0.7886516785377732,160.5434743527592,160.3851225963728
589156275,round,69,0.7858575333163568,0.7993253272428711,160.5434743527592,163.60512861209537
589156275,round,70,1.1736005178814515,0.7985164839715174,160.5434743527592,163.2700039082669
589156275,round,71,0.9348873555873838,0.7813393133673038,160.5434743527592,162.16842351446797
589156275,round,72,0.8852207632015769,0.7784491691805953,160.5434743527592,153.42804799771
589156275,round,73,0.9638130033393519,0.7983491716502209,160.5434743527592,159.34412286703767
589156275,round,74,0.9036840735362482,0.7844311750267691,160.5434743527592,162.31583549266043
589156275,round,75,0.9223585115560126,0.7806011708697844,160.5434743527592,154.64266571329645
589156275,round,76,1.0213746589132235,0.7796846464430145,160.5434743527592,164.75543344868998
589156275,round,77,1.0203123323897476,0.8056010664426215,160.5434743527592,161.56905569358833
589156275,round,78,1.1342208115951768,0.7510447740069064,160.5434743527592,160.59027030799396
589156275,round,79,1.0523031601273125,0.8123292263552356,160.5434743527592,160.11179893446894
589156275,round,80,1.137640437250384,0.8208702905325563,160.5434743527592,164.81689829367133
589156275,round,81,0.9903840396362196,0.8129755411343955,160.5434743527592,164.21658336451912
589156275,round,82,0.8902938475412854,0.8006319947034767,160.5434743527592,160.38953778846957
589156275,round,83,0.10428223713098672,0.3543163300182922,160.5434743527592,80.29718751198959
589156275,round,84,0.9501903743007726,0.7903604003361276,160.5434743527592,160.87680838762378
589156275,round,85,1.0647364158409447,0.7874784711142009,160.5434743527592,159.91999940421226
589156275,round,86,0.9175697346435373,0.7834675456713928,160.5434743527592,157.3935251194977
589156275,round,87,0.977393481182718,0.7540059512357404,160.5434743527592,165.4282197239699
589156275,round,88,1.1279522902171035,0.7803754401549837,160.5434743527592,159.69354123395993
589156275,round,89,0.9631828079716178,0.7886739713043965,160.5434743527592,154.1538478929537
589156275,round,90,1.0183104117247437,0.81786018310907,160.5434743527592,161.05306167454302
589156275,round,91,0.9859243976524437,0.7702974858698938,160.5434743527592,160.80372129084228
589156275,round,92,1.0435586581778344,0.7898306616052726,160.5434743527592,159.5579926126378
589156275,round,93,1.1179575537543864,0.7792408120775316,160.5434743527592,160.3359931850707
589156275,round,94,1.1244458326111524,0.8129705158011532,160.5434743527592,166.18623759177456
589156275,round,95,0.8880945343455072,0.781933936877495,160.5434743527592,158.8024083398685
589156275,round,96,1.0274823440427958,0.7759508528137917,160.5434743527592,160.58122703682864
589156275,round,97,0.9381037235867572,0.8047166378305413,160.5434743527592,159.94466937887265
589156275,round,98,1.1063665407738899,0.7929602961002598,160.5434743527592,160.6651949504859
589156275,round,99,0.94808464038969,0.8277800018901079,160.5434743527592,155.61463065574424
589156275,boot,0,0.6169771945128663,0.7937109424569759,160.5434743527592,161.13727793600847
589156275,boot,1,0.5670851645988325,0.7917597870089811,160.5434743527592,160.29431580752362
589156275,boot,2,0.5159351307773524,0.7219174365653999,160.5434743527592,160.0409459010862
589156275,boot,3,0.6356737392984021,0.7979063604770287,160.5434743527592,156.82130934384972
589156275,boot,4,0.6020835525293864,0.8305013687718452,160.5434743527592,160.84470388316942
589156275,boot,5,0.6875233649922663,0.8444905659068953,160.5434743527592,156.6705057442357
589156275,boot,6,0.6207127805655943,0.7346600480464778,160.5434743527592,158.55389365663868
589156275,boot,7,0.6542313750665025,0.786788738190325,160.5434743527592,155.6241501639716
589156275,boot,8,0.5619127452888671,0.744003370184122,160.5434743527592,157.3292731742307
589156275,boot,9,0.616807282900083,0.7420365048639077,160.5434743527592,159.03744498630235
589156275,boot,10,0.6083757314605512,0.7715620135594878,160.5434743527592,158.4490016136415
589156275,boot,11,0.5530396729657009,0.7743806114959242,160.5434743527592,157.75176169059338
589156275,boot,12,0.7096587145278919,0.7470138857917308,160.5434743527592,158.15985079233042
589156275,boot,13,0.5115557189048905,0.7967950938237401,160.5434743527592,160.11165329719182
589156275,boot,14,0.6176108791414744,0.8336434235303001,160.5434743527592,158.04208537700214
589156275,boot,15,0.6359173994247876,0.7902325484450479,160.5434743527592,162.2521332560038
589156275,boot,16,0.6224393453695547,0.7961110484507401,160.5434743527592,161.42020272705304
589156275,boot,17,0.6186673483594383,0.8166039729692387,160.5434743527592,161.1487366696716
589156275,boot,18,0.5938908764785924,0.7858424324370242,160.5434743527592,159.1286331594298
589156275,boot,19,0.6471824656538531,0.8333304640176256,160.5434743527592,163.31321147443418
589156275,boot,20,0.5438686812897382,0.817070221845698,160.5434743527592,157.94787350390487
589156275,boot,21,0.5995213555448882,0.8075335823059759,160.5434743527592,159.58186122476985
589156275,boot,22,0.6488470669317203,0.7446945050639333,160.5434743527592,163.16755515441264
589156275,boot,23,0.5852694570865378,0.753685683374591,160.5434743527592,159.04012566715232
589156275,boot,24,0.5077950882307518,0.7989972753340056,160.5434743527592,159.62474372661214
589156275,boot,25,0.703411073985393,0.7838556979801883,160.5434743527592,163.54071183539207
589156275,boot,26,0.6865000202619641,0.7781219498402392,160.5434743527592,159.49533331355372
589156275,boot,27,0.5565180382213658,0.7882385470948704,160.5434743527592,164.46777961276416
589156275,boot,28,0.5932988957757305,0.7991098252401836,160.5434743527592,163.39220948039738
589156275,boot,29,0.5727183869275267,0.7838770358253975,160.5434743527592,158.6802062107611
589156275,boot,30,0.6919922337982468,0.8056124593749523,160.5434743527592,160.96056235439508
589156275,boot,31,0.6020746254700522,0.8305013687467264,160.5434743527592,160.84462223939735
589156275,boot,32,0.6038215108768877,0.8227944706928844,160.5434743527592,159.8255838215751
589156275,boot,33,0.6359173994247876,0.7902325484450479,160.5434743527592,162.2521332560038
589156275,boot,34,0.6378792678132619,0.8157519924504351,160.5434743527592,156.1365500112993
589156275,boot,35,0.5649096170899055,0.7815653602696686,160.5434743527592,165.07622936289604
589156275,boot,36,0.7368902296144854,0.8179590070414053,160.5434743527592,160.34174689602312
589156275,boot,37,0.5580817500949387,0.8268420304500945,160.5434743527592,159.5508973547304
589156275,boot,38,0.7052340699021677,0.7736427722277185,160.5434743527592,156.45553451567017
589156275,boot,39,0.6491955178610991,0.8187599548561237,160.5434743527592,159.36307797706002
589156275,boot,40,0.5841819326808347,0.7538767236315903,160.5434743527592,158.78343269291463
589156275,boot,41,0.6210595182051581,0.8192584859360692,160.5434743527592,159.13266987118178
589156275,boot,42,0.6247140482448055,0.7718085617433992,160.5434743527592,158.57455468006984
589156275,boot,43,0.6307147104643769,0.8082635745905704,160.5434743527592,156.33393603182245
589156275,boot,44,0.608374086616422,0.7715620135757761,160.5434743527592,158.44897764151784
589156275,boot,45,0.5619110727764911,0.7440033701902353,160.5434743527592,157.32922522908876
589156275,boot,46,0.6717405487819024,0.7716182960175759,160.5434743527592,155.94777265559244
589156275,boot,47,0.5585999106156596,0.8356925107217223,160.5434743527592,161.27924596087502
589156275,boot,48,0.6903720297400361,0.8085510190234408,160.5434743527592,158.76410797602094
589156275,boot,49,0.6298697304667435,0.7781199263839488,160.5434743527592,165.0009460158923
589156275,boot,50,0.5790171546051128,0.8045740830530932,160.5434743527592,160.60660686056465
589156275,boot,51,0.5945592525962589,0.8083578375697014,160.5434743527592,159.6821059528479
589156275,boot,52,0.5077980046549035,0.7989972753343526,160.5434743527592,159.62475914701037
589156275,boot,53,0.6181189756874423,0.7791764207278296,160.5434743527592,158.16075645929948
589156275,boot,54,0.5594845501427729,0.7653976181842974,160.5434743527592,162.18615493625555
589156275,boot,55,0.6365769567697644,0.8197701943530258,160.5434743527592,161.1501788907205
589156275,boot,56,0.6018268788008174,0.7854482002428607,160.5434743527592,161.29378647891733
589156275,boot,57,0.6378781036602953,0.8157519924671732,160.5434743527592,156.1365794600753
589156275,boot,58,0.6058638953541242,0.7769061497555663,160.5434743527592,158.57018621458408
589156275,boot,59,0.6003495189842041,0.8442305694921128,160.5434743527592,162.87418924808432
589156275,boot,60,0.7096563711720874,0.7470138857565432,160.5434743527592,158.15987685453035
589156275,boot,61,0.5934795188662539,0.8035791602011394,160.5434743527592,160.29663491939783
589156275,boot,62,0.5192138515333407,0.7641554978839744,160.5434743527592,161.0187584818509
589156275,boot,63,0.5462300621279694,0.7681177554440428,160.5434743527592,161.1709008565768
589156275,boot,64,0.6236224254912761,0.808332879165124,160.5434743527592,161.25180817606915
589156275,boot,65,0.6406882418989827,0.7532885311792954,160.5434743527592,158.07658637760795
589156275,boot,66,0.620317452782075,0.7970049310756762,160.5434743527592,160.76661959006296
589156275,boot,67,0.6531533212713677,0.802567066976189,160.5434743527592,158.89980231314212
589156275,boot,68,0.6495143765160409,0.7841323287368507,160.5434743527592,162.38331267568552
589156275,boot,69,0.5585999106156596,0.8356925107217223,160.5434743527592,161.27924596087502
589156275,boot,70,0.5580817500949387,0.8268420304500945,160.5434743527592,159.5508973547304
589156275,boot,71,0.5960546388861754,0.8192547587598625,160.5434743527592,159.77036369023307
589156275,boot,72,0.5904522377609579,0.785364773577823,160.5434743527592,158.4744627456305
589156275,boot,73,0.5470452709111019,0.780520627188654,160.5434743527592,159.97011737933036
589156275,boot,74,0.5938014527231478,0.7922844739035949,160.5434743527592,159.68173715494433
589156275,boot,75,0.6656266865656079,0.8021110444529069,160.5434743527592,158.2342576568478
589156275,boot,76,0.5934194568315374,0.7752960513105858,160.5434743527592,156.42121945443998
589156275,boot,77,0.6365767371934807,0.8197701943656507,160.5434743527592,161.15020786713478
589156275,boot,78,0.7600134385994709,0.8287891568530887,160.5434743527592,164.16766296844332
589156275,boot,79,0.5645330704418945,0.7704823031048074,160.5434743527592,160.0561143708165
589156275,boot,80,0.7040220249272113,0.830528668627752,160.5434743527592,158.40240399463337
589156275,boot,81,0.5748542735238689,0.8108993154756075,160.5434743527592,160.14457056499333
589156275,boot,82,0.7016490066509972,0.828444669261313,160.5434743527592,156.06905496624836
589156275,boot,83,0.6456685787337937,0.7547565724197035,160.5434743527592,161.54461218320412
589156275,boot,84,0.662166100560981,0.772479687647195,160.5434743527592,158.87632402387305
589156275,boot,85,0.7109092113751235,0.7936536713280082,160.5434743527592,160.94676629272556
589156275,boot,86,0.5881178028453855,0.7669235402555064,160.5434743527592,156.13344901166792
589156275,boot,87,0.5720338616389538,0.8101445460693794,160.5434743527592,160.40246650565305
589156275,boot,88,0.5649217403559534,0.7815653602798774,160.5434743527592,165.07566460634968
589156275,boot,89,0.6937285822127509,0.8266694092044358,160.5434743527592,157.52455296280993
589156275,boot,90,0.6473426825067607,0.7602870837928819,160.5434743527592,160.86423295448293
589156275,boot,91,0.6474136566630673,0.8031661360989858,160.5434743527592,162.12431122925454
589156275,boot,92,0.5445883781761839,0.79102364175618,160.5434743527592,161.32091292992024
589156275,boot,93,0.6307128613431092,0.8082635745964438,160.5434743527592,156.33389208447684
589156275,boot,94,0.5636846184434794,0.7792075915295363,160.5434743527592,159.18449002759968
589156275,boot,95,0.5649218571999711,0.7815653602676843,160.5434743527592,165.07566594559123
589156275,boot,96,0.6038217383579152,0.8227944706930351,160.5434743527592,159.8255730514821
589156275,boot,97,0.6042075290061169,0.7207336711502466,160.5434743527592,157.69279693023776
589156275,boot,98,0.5327273233675119,0.7877848687561702,160.5434743527592,157.99819010923454
589156275,boot,99,0.5781954995068822,0.7806544670758973,160.5434743527592,163.06830297532468
589156275,rot,0,0.5390675846270918,0.8295350170800303,34.66932937015274,38.11425782864191
589156275,rot,1,0.5766245987801699,0.755265440290599,99.1282830190443,96.71668696489567
589156275,rot,2,0.587136726594483,0.7775628935203862,97.04296303294886,98.94376045108577
589156275,rot,3,0.5857152160920405,0.7509761590765509,124.30308901419424,126.42264258880763
589156275,rot,4,0.6068373883931404,0.7520332770019968,29.94028306569896,33.6137436743829
589156275,rot,5,0.6452002921018333,0.7980612241487377,13.840237292581186,13.421175764649576
589156275,rot,6,0.7750476515774982,0.8277617349155819,44.840432948720526,49.78294972377836
589156275,rot,7,0.6028993899035007,0.7912384184722111,7.6505024654740446,8.7646412155988
589156275,rot,8,0.5798161056584729,0.7775969876409313,77.76627674571493,77.38294044805038
589156275,rot,9,0.5406504074925147,0.7992471463390348,57.12048164382037,57.47628176270234
589156275,rot,10,0.6014360508480986,0.7643700151885333,91.3106200779689,92.24116386706042
589156275,rot,11,0.6694142601560406,0.7959110619570072,26.969529849174975,30.436870886565277
589156275,rot,12,0.6290054073052462,0.7581270066842651,23.81368719179202,23.332883063522676
589156275,rot,13,0.6149486104826232,0.8055018545834285,148.99720536308962,146.12072166571417
589156275,rot,14,0.5287649674349065,0.7951425205184903,89.09057878376001,91.96013132408544
589156275,rot,15,0.5292977148467919,0.7991976046063924,43.68222507807038,42.24125784190457
589156275,rot,16,0.6207558874227136,0.8041628505006828,73.8529956170553,74.72243506581242
589156275,rot,17,0.7139143975657625,0.7748727496787639,49.10740534863592,44.72169100951558
589156275,rot,18,0.5955757181988763,0.7990069802668252,104.82779249878959,104.69745775052988
589156275,rot,19,0.5899403136832263,0.8001974972634853,37.7990769007435,35.57827589520963
589156275,rot,20,0.5851708689349373,0.7859284181106675,27.86571766819209,31.98771269167906
589156275,rot,21,0.5580757817296466,0.8355231877250866,75.04018031731188,76.68305575436494
589156275,rot,22,0.6621668231374428,0.8091997576806845,29.606461327541997,26.43482626314284
589156275,rot,23,0.6923852379782008,0.7840243731561634,134.17718957820685,133.52413086572722
589156275,rot,24,0.5732370961782292,0.7747880308310817,35.76231507326467,36.38905034234899
589156275,rot,25,0.616246426189434,0.8309400358816579,66.96107625985204,66.3668177313684
589156275,rot,26,0.6334478353623548,0.7653381388350539,144.5706030375468,142.43727243391686
589156275,rot,27,0.636631293080354,0.821747370426935,7.02302575121027,5.705320503458342
589156275,rot,28,0.5555109286939418,0.765271363026474,59.14509136483098,59.64758805455537
589156275,rot,29,0.6435705156910637,0.7651653340312957,134.78459535211508,139.98149224779155
589156275,rot,30,0.7883108396390527,0.8221344188554066,139.80129550261427,140.2362771238512
589156275,rot,31,0.6612507361138489,0.7915976292011132,66.0251904544741,65.14442458226888
589156275,rot,32,0.5931947122156788,0.8373890334731048,132.90284442379917,127.94049159258542
589156275,rot,33,0.6672852604075404,0.7639800821797039,45.215970027812126,45.07252011750205
589156275,rot,34,0.6404111362754951,0.7545656699072255,97.09635298235209,94.80896513074507
589156275,rot,35,0.6120968430905904,0.8029519287442676,19.090252881022206,19.94906729634291
589156275,rot,36,0.6309418660094082,0.7930099772787186,171.94481596649848,173.09042855426236
589156275,rot,37,0.6356426593715525,0.8245859177474426,148.14394985054244,149.6227417678456
589156275,rot,38,0.6332298144967642,0.8157540282842385,38.70999644061831,40.863383405695714
589156275,rot,39,0.5842978092435893,0.8281806597599172,80.3068018379087,80.04139567871069
589156275,rot,40,0.7850043372701797,0.8089989831715595,113.34003137998991,111.6599976196547
589156275,rot,41,0.5914987921034016,0.7634542607242267,117.95950931626639,115.284302258587
589156275,rot,42,0.710975017591306,0.8242789274369176,106.60689167756588,103.74430975729292
589156275,rot,43,0.7099788989065217,0.7923518596617873,80.40587738342077,82.35890481144536
589156275,rot,44,0.6643491298506086,0.7964471786181868,4.523237393344617,6.2713916575860935
589156275,rot,45,0.672018868766534,0.7849993068723697,34.37428494859521,33.30844353694105
589156275,rot,46,0.6288948355801515,0.7558470994889235,103.61672060426217,102.24918219838021
589156275,rot,47,0.6199058094150708,0.7692767266492433,49.817191632745654,46.8576072451346
589156275,rot,48,0.6387514204282824,0.8233066515013813,131.45928930933596,130.28430774680618
589156275,rot,49,0.5073147489266472,0.7597752179348707,67.99544042561396,68.59329576585375
589170196,round,0,0.9941749867399683,0.5883892366168988,15.22881684129223,17.646656777801496
589170196,round,1,1.3861555725700032,0.4162487753552272,15.22881684129223,3.9650293442996087
589170196,round,2,0.8951501900325943,0.5969777004713103,15.22881684129223,16.116985253222936
589170196,round,3,1.0945747492217537,0.5862948492983424,15.22881684129223,21.67572482892092
589170196,round,4,0.9277441460298771,0.5567004901311772,15.22881684129223,16.351817147390477
589170196,round,5,0.6434572879118543,0.4406356029298547,15.22881684129223,28.189859862066584
589170196,round,6,0.9275046562145127,0.5567002193501933,15.22881684129223,16.33094005174678
589170196,round,7,1.0624444117330116,0.6304162441855322,15.22881684129223,14.665685376342111
589170196,round,8,1.2069467075268017,0.5559100014971665,15.22881684129223,17.534868096516306
589170196,round,9,1.0738998803426925,0.6456950489108485,15.22881684129223,14.047118894168051
589170196,round,10,1.2571027389906302,0.5992137999233355,15.22881684129223,12.236500848444408
589170196,round,11,0.7782443313508285,0.481920915638996,15.22881684129223,22.97528244100834
589170196,round,12,1.6934650622218392,0.4718076764322976,15.22881684129223,10.997068461362744
589170196,round,13,0.9160175411617489,0.5018390729601216,15.22881684129223,25.1545455092687
589170196,round,14,1.1446920703193182,0.6226110414535326,15.22881684129223,23.26904243882734
589170196,round,15,0.8286069184871682,0.5544201382743876,15.22881684129223,25.05534758854905
589170196,round,16,0.8805682103273175,0.5321031627701676,15.22881684129223,17.98031553650017
589170196,round,17,1.1031931374433883,0.5393498846851302,15.22881684129223,14.193690126169159
589170196,round,18,0.7756994566734389,0.5561523852878385,15.22881684129223,6.449331160412786
589170196,round,19,0.8769394926838796,0.5763562048073421,15.22881684129223,179.99999999987799
589170196,round,20,0.9067070704602941,0.6077828405199494,15.22881684129223,21.815406967324577
589170196,round,21,0.9925666137054926,0.6217273466002731,15.22881684129223,17.779844542132224
589170196,round,22,0.6854662215220143,0.5045924840250993,15.22881684129223,27.853903859915278
589170196,round,23,1.0011262131962142,0.5628918129305677,15.22881684129223,0.0
589170196,round,24,0.8717887583650898,0.532861022992922,15.22881684129223,20.478414954533523
589170196,round,25,0.7740073416735119,0.5179073032276587,15.22881684129223,19.496439082379286
589170196,round,26,0.7501751350462866,0.5315084462040356,15.22881684129223,16.097726706793168
589170196,round,27,0.7724521840712898,0.5561500310279748,15.22881684129223,6.41180301876912
589170196,round,28,1.7380760666868569,0.6181509397081604,15.22881684129223,0.556930486705852
589170196,round,29,0.7830534064571111,0.5661914881635393,15.22881684129223,29.500027276812858
589170196,round,30,1.0828882759160476,0.5054205059157717,15.22881684129223,12.18128412319929
589170196,round,31,0.8441532725214173,0.5388690436261401,15.22881684129223,6.39869223113676
589170196,round,32,0.792951336141537,0.5829618556624925,15.22881684129223,18.312147725948833
589170196,round,33,0.751720680017894,0.4887473750262914,15.22881684129223,13.556493650260363
589170196,round,34,2.0869982026739766,0.508178681169986,15.22881684129223,14.479431958108307
589170196,round,35,0.9204566130456232,0.5796792833453712,15.22881684129223,20.387418059780344
589170196,round,36,0.9399838066012162,0.5357669591817027,15.22881684129223,9.056148468326171
589170196,round,37,0.9330309368337443,0.6095562606702619,15.22881684129223,21.521029470468648
589170196,round,38,0.9305067133595586,0.5660518223546076,15.22881684129223,18.739570830502885
589170196,round,39,0.8393957637033057,0.5792247689821417,15.22881684129223,6.585373625914661
589170196,round,40,0.8086964233973589,0.6356797357505,15.22881684129223,18.50471682342922
589170196,round,41,1.0727788703199723,0.6315969477847209,15.22881684129223,7.227571559161817
589170196,round,42,0.9625350401632288,0.598328375339761,15.22881684129223,14.677626983053642
589170196,round,43,0.9399763047865114,0.4260637154190675,15.22881684129223,15.237800575796285
589170196,round,44,1.0165767346333894,0.5125111674304272,15.22881684129223,7.672505033946663
589170196,round,45,0.7675411135038346,0.49127347036290736,15.22881684129223,18.183504579055466
589170196,round,46,1.3351148074842982,0.5641355946472792,15.22881684129223,6.526610559301545
589170196,round,47,0.6316845255229727,0.6198910440524815,15.22881684129223,10.163542992902105
589170196,round,48,1.5774530972038896,0.5033368512466234,15.22881684129223,5.485418825076664
589170196,round,49,0.8562060863480399,0.5532989414883849,15.22881684129223,15.071935702816035
589170196,round,50,1.1462392639197598,0.5931855403165349,15.22881684129223,19.945344249414205
589170196,round,51,1.2331425344981994,0.5201921734660937,15.22881684129223,19.81099494937382
589170196,round,52,0.6594680302385623,0.6051267766503006,15.22881684129223,20.549303650270126
589170196,round,53,1.4391586011121371,0.6320766247936633,15.22881684129223,16.551756733067677
589170196,round,54,0.8276559174783464,0.5544204245927413,15.22881684129223,24.983613312506836
589170196,round,55,0.8251278268444628,0.5754689718592135,15.22881684129223,9.218176531471443
589170196,round,56,1.020014639340442,0.6588332282782186,15.22881684129223,21.11869452068906
589170196,round,57,0.9086358806441132,0.5709770315010825,15.22881684129223,3.185491610401101
589170196,round,58,1.4164695076567855,0.6225788955788318,15.22881684129223,0.6488440845870258
589170196,round,59,1.196237588073546,0.5453497775374878,15.22881684129223,8.769943721536777
589170196,round,60,0.7577084260363746,0.467675831118328,15.22881684129223,179.99999999999997
589170196,round,61,1.0454478833980274,0.595561665362921,15.22881684129223,3.842206146198805
589170196,round,62,1.3293102482079533,0.591263627064136,15.22881684129223,179.99999913340014
589170196,round,63,0.9716253516999327,0.5032231234975819,15.22881684129223,179.64099959897194
589170196,round,64,0.8289572725869705,0.5073188611140913,15.22881684129223,8.493953685506852
589170196,round,65,1.3333580388439727,0.4965963897045591,15.22881684129223,19.656321081307198
589170196,round,66,0.9949032788939081,0.44053955674692835,15.22881684129223,18.635138128585766
589170196,round,67,1.3468877155955616,0.5342082613316658,15.22881684129223,7.77750218032908
589170196,round,68,1.0054426836339172,0.6107674867073956,15.22881684129223,19.703052679647698
589170196,round,69,1.0428321155405043,0.6524894693725067,15.22881684129223,9.128956766457065
589170196,round,70,1.0138374245592594,0.608669016931767,15.22881684129223,19.574635882216256
589170196,round,71,0.6335234733546783,0.5687122789230012,15.22881684129223,7.760495600726813
589170196,round,72,1.4135868479096239,0.6225786690677162,15.22881684129223,0.6537577867428439
589170196,round,73,1.3435901289299714,0.5641395941623946,15.22881684129223,6.362022501968696
589170196,round,74,1.0366205821416627,0.6524924461962173,15.22881684129223,9.084519493310495
589170196,round,75,0.8269475392030422,0.5455115880659756,15.22881684129223,17.75327619397268
589170196,round,76,0.941138099974066,0.4969730296332957,15.22881684129223,9.729973027937689
589170196,round,77,0.9128389477513109,0.6077803877851605,15.22881684129223,21.86605688776814
589170196,round,78,0.827335722322902,0.5455111543575676,15.22881684129223,17.737118389765016
589170196,round,79,1.1411241622004655,0.5366252442515614,15.22881684129223,11.800930086071844
589170196,round,80,0.8635416566353435,0.5382679339049878,15.22881684129223,15.09030813537035
589170196,round,81,0.8205286273952184,0.49503649613985823,15.22881684129223,26.412462362836315
589170196,round,82,1.0179432797704313,0.5125131048862737,15.22881684129223,7.786956422916006
589170196,round,83,1.0713616608147971,0.5056277890405383,15.22881684129223,21.058935946874755
589170196,round,84,0.9085436379485385,0.5709771997921672,15.22881684129223,3.172782826620818
589170196,round,85,1.4358563712864305,0.5315999526853161,15.22881684129223,14.383016595510071
589170196,round,86,1.091291008161239,0.46609616234158524,15.22881684129223,12.121429517751807
589170196,round,87,0.9479637182693988,0.425322408890347,15.22881684129223,25.964065000334358
589170196,round,88,2.3035368342964953,0.46770227934229247,15.22881684129223,15.43772368288964
589170196,round,89,1.6211140679377951,0.4720926115590005,15.22881684129223,20.33483422663798
589170196,round,90,1.2060130160777165,0.43885591029216087,15.22881684129223,12.641078544847772
589170196,round,91,0.9714341615219009,0.543534121470871,15.22881684129223,9.755554395409108
589170196,round,92,0.6646424122201586,0.5523342161846527,15.22881684129223,19.463460913741564
589170196,round,93,0.8812731682068824,0.5400058359994122,15.22881684129223,12.757833989653237
589170196,round,94,1.1173911684557152,0.5931457255010123,15.22881684129223,6.348728590895604
589170196,round,95,0.7372433870913765,0.5284937464080562,15.22881684129223,0.4358669195978848
589170196,round,96,1.0713480793760572,0.5491257883426195,15.22881684129223,14.709732345552311
589170196,round,97,0.9927322148935558,0.530452314388395,15.22881684129223,11.570175356772827
589170196,round,98,1.7636565134437858,0.5424343163292633,15.22881684129223,13.873429764991371
589170196,round,99,0.7031919739999792,0.6394397864276891,15.22881684129223,14.56333744943719
589170196,boot,0,0.514757085955854,0.5996979156627507,15.22881684129223,21.128624519838553
589170196,boot,1,0.46900151156699876,0.581470976464783,15.22881684129223,10.433332061876712
589170196,boot,2,0.708159010241735,0.5673765320884065,15.22881684129223,7.4147585810451915
589170196,boot,3,0.6037931523666674,0.598849892686083,15.22881684129223,20.865083653942165
589170196,boot,4,0.7073459546670622,0.46927259151863443,15.22881684129223,23.174889897999236
589170196,boot,5,0.4978932914444571,0.572647590415385,15.22881684129223,18.26320079623889
589170196,boot,6,0.6108808413153218,0.5863384261580514,15.22881684129223,20.759151632528194
589170196,boot,7,0.44320060586127813,0.5283471615961162,15.22881684129223,8.57406076300137
589170196,boot,8,0.5003037214361598,0.513399631718821,15.22881684129223,19.671296131906416
589170196,boot,9,0.5016684782991256,0.542916937858015,15.22881684129223,13.915228308294644
589170196,boot,10,0.4688272079820912,0.5850554408183011,15.22881684129223,21.5832434912419
589170196,boot,11,0.5263633899237411,0.538057374977267,15.22881684129223,18.354522231889597
589170196,boot,12,0.42662123003723657,0.5998581581047739,15.22881684129223,18.061749704162363
589170196,boot,13,0.5970855589905268,0.5252327384454865,15.22881684129223,14.68420143778261
589170196,boot,14,0.6365191460757688,0.6339774609434867,15.22881684129223,11.28724877662603
589170196,boot,15,0.4511405969003401,0.4369267434913233,15.22881684129223,22.18989314013072
589170196,boot,16,0.7885342528542285,0.6068040658808098,15.22881684129223,28.37444275018162
589170196,boot,17,0.5363553332800336,0.6220584022841387,15.22881684129223,14.901120621460691
589170196,boot,18,0.8585626920206934,0.5179137944028307,15.22881684129223,24.67724606662307
589170196,boot,19,2.1898199746650278,0.5037575626872757,15.22881684129223,171.36280994436984
589170196,boot,20,0.6416519419387526,0.5103586443936379,15.22881684129223,25.10996858132245
589170196,boot,21,0.6019898704722025,0.6467495046922884,15.22881684129223,17.01588166898285
589170196,boot,22,0.46925072087561936,0.6060158188845841,15.22881684129223,15.001630444301314
589170196,boot,23,0.5952428963618037,0.5577224955454794,15.22881684129223,19.753866491560544
589170196,boot,24,0.47946690484259574,0.5839253645585458,15.22881684129223,17.808753896182594
589170196,boot,25,0.466896133286269,0.4675008616635762,15.22881684129223,19.239879185130487
589170196,boot,26,0.605721497142459,0.4839134530670701,15.22881684129223,17.644877342985822
589170196,boot,27,0.5077515603425046,0.5366483870066276,15.22881684129223,24.259535075447438
589170196,boot,28,0.6127098630678955,0.5953026838682738,15.22881684129223,14.334260239943967
589170196,boot,29,0.45840590855013,0.47694450123635923,15.22881684129223,14.782836368646894
589170196,boot,30,0.634328759032208,0.44686426740987906,15.22881684129223,30.166989325945924
589170196,boot,31,0.47329045827479327,0.5570349488743618,15.22881684129223,14.608844786013087
589170196,boot,32,0.908391171013573,0.5626105192988904,15.22881684129223,179.99999979455626
589170196,boot,33,0.6613547902656344,0.4797359775072514,15.22881684129223,22.537600606218128
589170196,boot,34,0.545429080619849,0.5394152878485214,15.22881684129223,12.391141841085528
589170196,boot,35,0.47245840647483955,0.5791068242715782,15.22881684129223,10.770008087331945
589170196,boot,36,0.593947512800471,0.592103445480219,15.22881684129223,9.676885920850538
589170196,boot,37,0.5452371414212884,0.5394158008783659,15.22881684129223,12.390366789647654
589170196,boot,38,0.4515242708355932,0.5712737024597757,15.22881684129223,14.098351464910508
589170196,boot,39,0.5755358593713229,0.4401432176563569,15.22881684129223,10.561234858869568
589170196,boot,40,0.7334324335545107,0.6013724037619165,15.22881684129223,11.199040643872786
589170196,boot,41,0.6993524693909227,0.5149722529165909,15.22881684129223,8.666712034284217
589170196,boot,42,0.4981960702964564,0.4729204724232178,15.22881684129223,11.722484289527102
589170196,boot,43,0.5072634280041944,0.6256740943995118,15.22881684129223,14.944593207835176
589170196,boot,44,0.6314997503354604,0.5816968239910185,15.22881684129223,24.526653928482688
589170196,boot,45,0.6299762089046081,0.590026606816049,15.22881684129223,20.015437078299357
589170196,boot,46,0.7281434439428445,0.6361796760976165,15.22881684129223,12.539415090077977
589170196,boot,47,0.7523308916045863,0.4479644501008796,15.22881684129223,18.9248328025522
589170196,boot,48,0.5957820449901101,0.5708467062634662,15.22881684129223,21.39441394604002
589170196,boot,49,0.8063157023179597,0.6111797307950644,15.22881684129223,16.098290825595313
589170196,boot,50,0.46818203495275,0.5390555073480907,15.22881684129223,16.258800620077533
589170196,boot,51,0.6007329416812935,0.5444856936125282,15.22881684129223,18.95363499703174
589170196,boot,52,0.49325863471648035,0.6339672547640056,15.22881684129223,13.327945663154152
589170196,boot,53,0.6124211347139052,0.5135223359378911,15.22881684129223,5.216392409754505
589170196,boot,54,0.5998946789791199,0.5067915921397002,15.22881684129223,19.036922675538673
589170196,boot,55,0.6260662788334701,0.49839021640586734,15.22881684129223,6.941953344680142
589170196,boot,56,0.5360279736274896,0.577251118058292,15.22881684129223,16.936161003615826
589170196,boot,57,0.5372401785611749,0.5198725301315108,15.22881684129223,11.640817982335165
589170196,boot,58,0.5129330561468823,0.4750339063261101,15.22881684129223,28.330853324273022
589170196,boot,59,0.6587382613235393,0.5838319236687017,15.22881684129223,179.99999999999997
589170196,boot,60,0.708159010241735,0.5673765320884065,15.22881684129223,7.4147585810451915
589170196,boot,61,0.43984563271324006,0.5184421631083003,15.22881684129223,12.87661508876294
589170196,boot,62,0.4826618974941238,0.6001338565227018,15.22881684129223,14.927238348142108
589170196,boot,63,0.5985015522908554,0.5067965930280256,15.22881684129223,19.210358474617415
589170196,boot,64,0.5206404174665696,0.5761619068662696,15.22881684129223,12.618189118257298
589170196,boot,65,0.4279323326895495,0.6039567794318997,15.22881684129223,16.398115639468426
589170196,boot,66,0.6692195623501522,0.525790596405426,15.22881684129223,17.33301110899265
589170196,boot,67,0.4809023151372975,0.5128636555199201,15.22881684129223,17.384093357390448
589170196,boot,68,0.7017063043855732,0.5500604968272418,15.22881684129223,22.135411852955997
589170196,boot,69,0.4620606673054629,0.6454742669533222,15.22881684129223,11.96657180524856
589170196,boot,70,0.7719760338637607,0.5700365915024834,15.22881684129223,15.863248949592057
589170196,boot,71,0.6192551443973859,0.595417619909964,15.22881684129223,13.733531137168585
589170196,boot,72,0.6374036008132115,0.6323943324656418,15.22881684129223,10.638934992758907
589170196,boot,73,0.5121463598409801,0.5680726234709033,15.22881684129223,19.429575517912212
589170196,boot,74,0.5277109276600217,0.5380587119942034,15.22881684129223,18.327513936460132
589170196,boot,75,0.6441144879381075,0.5636294768987302,15.22881684129223,5.639980331112394
589170196,boot,76,0.7484766532624524,0.5700395719446312,15.22881684129223,16.572110838105093
589170196,boot,77,0.6300274092767665,0.46009309051683156,15.22881684129223,12.024499627476416
589170196,boot,78,0.4820467162083819,0.603771913017381,15.22881684129223,16.60590752275893
589170196,boot,79,0.47881539802687445,0.4780904095526982,15.22881684129223,14.421470938776574
589170196,boot,80,0.6137465032317264,0.5610665450091789,15.22881684129223,14.882485271026013
589170196,boot,81,0.47245840647483955,0.5791068242715782,15.22881684129223,10.770008087331945
589170196,boot,82,0.5826922718085581,0.5870089189584615,15.22881684129223,21.21486087311567
589170196,boot,83,0.5909664847124597,0.5687032927299258,15.22881684129223,18.28683837339784
589170196,boot,84,0.6275758459815282,0.6466825473793663,15.22881684129223,16.366042904986898
589170196,boot,85,0.6094722367313522,0.57942860182184,15.22881684129223,21.757982602318663
589170196,boot,86,0.6261100852206066,0.5526141597695161,15.22881684129223,14.68165334398734
589170196,boot,87,0.4620719413377411,0.6454742981895578,15.22881684129223,11.966366146718308
589170196,boot,88,0.5346263355544538,0.5518029263377837,15.22881684129223,18.32865056912229
589170196,boot,89,0.6969320948526285,0.6282880913130291,15.22881684129223,10.81018660087571
589170196,boot,90,0.450791404715746,0.43692692922175,15.22881684129223,22.18074492206412
589170196,boot,91,0.4584860593500035,0.47694351525213896,15.22881684129223,14.77069027553901
589170196,boot,92,0.5037639422661621,0.43975864058361214,15.22881684129223,21.079816084339274
589170196,boot,93,0.6296514206668217,0.5900275764204723,15.22881684129223,20.008090218251397
589170196,boot,94,0.7219977622140178,0.5387377159038409,15.22881684129223,12.265770825115434
589170196,boot,95,0.6347924576319498,0.44686452434327717,15.22881684129223,30.20371587168188
589170196,boot,96,0.5959351392682517,0.5708472597293504,15.22881684129223,21.39628523274959
589170196,boot,97,0.6111956677997707,0.554563568949554,15.22881684129223,17.73381724131386
589170196,boot,98,0.4658404668313086,0.5645450181023604,15.22881684129223,8.172233765213349
589170196,boot,99,0.6724894659503384,0.44003579063757037,15.22881684129223,12.545830631733104
589170196,rot,0,0.4116406288287116,0.608946914015781,24.35776119896895,26.87679290238487
589170196,rot,1,0.6651700118431881,0.49429026377933283,94.1937978673857,97.86148786942043
589170196,rot,2,0.4442623243618364,0.4822875260467353,172.6911537185473,164.88223614144974
589170196,rot,3,0.6293329244649528,0.5950669837866542,16.661856511142467,15.079958735995938
589170196,rot,4,0.8789696515971345,0.48571708292258553,49.52875601049352,57.23483979578417
589170196,rot,5,0.567145223054864,0.4470776550765083,115.01167711589764,109.2384947654464
589170196,rot,6,0.6939625487837563,0.5532405606321475,144.18398955652597,153.5980167752015
589170196,rot,7,0.5976949936609216,0.6072691699416766,172.70638396761112,0.4137691933354704
589170196,rot,8,0.5929244143095477,0.48577344997845573,23.20335663853831,31.903207844007255
589170196,rot,9,0.5452458407688509,0.6046258228635177,99.83158804457395,100.86071738114097
589170196,rot,10,0.499736330232545,0.6027016699133433,17.95647789180308,15.227776662669555
589170196,rot,11,0.5352771284575556,0.5560046125989675,151.89921080290492,159.3556936686351
589170196,rot,12,0.7714035596057566,0.46419560017408246,32.657478895728204,37.63909355331154
589170196,rot,13,0.6099735452460131,0.6056465025469266,50.2622002774294,52.63379553935981
589170196,rot,14,0.5085175537720941,0.5355637838687621,56.432670748075,57.11050501507307
589170196,rot,15,0.612879571543792,0.5606625716665405,171.8754191760346,166.0074569375831
589170196,rot,16,0.6641545987063592,0.5589976123232747,42.978734257760735,43.35834600298776
589170196,rot,17,0.55379812547529,0.4531627356329633,156.54544626032364,162.10837225758445
589170196,rot,18,0.7659295327316843,0.6455816967808611,99.85272345516476,101.40025115031018
589170196,rot,19,0.6582112721580687,0.5941153040476347,19.77166993231475,18.167394349823326
589170196,rot,20,0.5107640461080608,0.4071705496748209,82.51608076966417,92.6114394655439
589170196,rot,21,0.8371390912385566,0.6323555512830112,140.98355222389878,138.54729948854794
589170196,rot,22,0.5518857726539576,0.5393640710317068,108.0849265483781,105.67724443695082
589170196,rot,23,0.8115021108742275,0.5402934185659176,8.05747647318733,11.552258629485607
589170196,rot,24,0.5129335439703518,0.5978116692156615,24.580973329044042,27.141618215570446
589170196,rot,25,0.9502163146400078,0.5594211990833575,178.34828662277127,165.7313586014524
589170196,rot,26,0.5408943617532255,0.510387803499221,51.414949594216296,52.53912520466193
589170196,rot,27,0.6155612473276916,0.574465352115862,136.16065163089846,135.40839904625045
589170196,rot,28,0.47403706545397567,0.5785559626912002,16.347108513787834,11.628969975899054
589170196,rot,29,0.5027466664445049,0.6002642478048013,81.23960316980418,81.63998134049491
589170196,rot,30,0.7024167741787521,0.5233298389968988,74.87505526954482,78.12086238780175
589170196,rot,31,0.4943549350143305,0.48886050363182043,115.94686715180627,110.78598918674706
589170196,rot,32,0.5274995406013638,0.5548506074645845,149.8865373132391,148.0012689596772
589170196,rot,33,0.6219104505703362,0.5566721382920865,158.74188647663132,155.9239433508031
589170196,rot,34,0.5961064210036533,0.5284052699624642,91.04867927083258,87.57658809907512
589170196,rot,35,0.5425867862770567,0.5601445480183053,107.1655379442596,111.24190390785739
589170196,rot,36,0.597504783863557,0.5054069106846001,85.77228925183718,92.11442441265707
589170196,rot,37,0.7643604232087003,0.49929300360522777,85.52358109572585,91.24439471984799
589170196,rot,38,0.4936662079823118,0.5340428218421396,110.0188291063587,107.15583926228241
589170196,rot,39,0.41318516644779807,0.5303344973615439,179.2496527331532,167.50705335154382
589170196,rot,40,0.5181600888640858,0.44301817391141274,96.02276804167542,93.50028765435394
589170196,rot,41,0.6203554696948371,0.4433311854665193,150.26174041748175,145.01563305554868
589170196,rot,42,0.7806838184475832,0.5757132130545835,78.40475000902832,83.38348472490252
589170196,rot,43,0.42084123575707966,0.595613390342036,55.43212591796085,60.9325205018489
589170196,rot,44,0.4465704530772273,0.6047774015858512,1.8817849495288286,4.89511399812838
589170196,rot,45,0.6880787525032682,0.5907086633979288,137.47308503923634,131.3943774763553
589170196,rot,46,0.6516998375566231,0.4906125330786998,116.42127490824632,117.48585907198232
589170196,rot,47,0.4695948035274522,0.5878643616073553,85.22248581218763,84.09840906057507
589170196,rot,48,0.6208428082783624,0.5828409383235956,6.8201917625978155,7.032278476085963
589170196,rot,49,0.6276109302550595,0.4043105222585732,124.41556986933612,118.12499808697208
589170614,round,0,0.9973105732169442,0.4026290991268865,155.87373186227646,150.46968388699307
589170614,round,1,0.9832233440962856,0.36837481840428843,155.87373186227646,2.842170943040401e-14
589170614,round,2,0.9548889904151879,0.5141385256232687,155.87373186227646,164.2018998952228
589170614,round,3,1.076816078280368,0.46817466146771547,155.87373186227646,158.30236510741355
589170614,round,4,0.8980859585215685,0.4095332103166921,155.87373186227646,131.70013681425837
589170614,round,5,1.2772535958029143,0.3717118269992191,155.87373186227646,160.78577735655665
589170614,round,6,0.5958741625662872,0.34594845203686275,155.87373186227646,154.68762431959
589170614,round,7,1.0060648042810643,0.3763094438710155,155.87373186227646,154.6036572111218
589170614,round,8,1.1353358029593907,0.26536649798062073,155.87373186227646,156.06988186559195
589170614,round,9,1.2373882347449734,0.4302705548914405,155.87373186227646,161.88185028755248
589170614,round,10,1.3114386928252237,0.47627301516851894,155.87373186227646,152.43410431183167
589170614,round,11,1.3762071307616859,0.30117617766116156,155.87373186227646,153.19040580234932
589170614,round,12,0.7818025932324867,0.4381472282928157,155.87373186227646,155.26826878297805
589170614,round,13,1.0775387922771709,0.4540655481753971,155.87373186227646,158.32382084120496
589170614,round,14,0.7011031510717937,0.5283443096191269,155.87373186227646,152.75423456082018
589170614,round,15,1.2857224439927601,0.301355512053893,155.87373186227646,2.842170943040401e-14
589170614,round,16,0.7032714089802996,0.4397371305064053,155.87373186227646,148.63997324736445
589170614,round,17,0.8837190109113942,0.34671478838657843,155.87373186227646,166.63327045405364
589170614,round,18,1.1063975067704968,0.4097856569133149,155.87373186227646,151.74630131163642
589170614,round,19,0.9778857730622483,0.427247681034547,155.87373186227646,140.5410720095006
589170614,round,20,0.858466537376228,0.3487172117938273,155.87373186227646,159.26095350682982
589170614,round,21,1.2848062124957447,0.27870950778344294,155.87373186227646,8.368203907593852e-10
589170614,round,22,0.8394264487450744,0.39687127176298453,155.87373186227646,149.83027920342127
589170614,round,23,0.9443336769235273,0.41233213182464734,155.87373186227646,161.7434556073294
589170614,round,24,0.813658336916815,0.3402694590479356,155.87373186227646,146.6853593121982
589170614,round,25,0.3231169537849632,0.24944463519047122,155.87373186227646,48.52694616407936
589170614,round,26,0.8779079470732344,0.3782070948486074,155.87373186227646,150.4654708144374
589170614,round,27,0.8404539439408835,0.5330934714241522,155.87373186227646,148.7595987200957
589170614,round,28,0.8805507372399501,0.2959283466998268,155.87373186227646,159.6799566357794
589170614,round,29,1.443688423698558,0.30015102442295727,155.87373186227646,163.33735341620152
589170614,round,30,0.697294386523231,0.3533596948169393,155.87373186227646,158.5600950310284
589170614,round,31,1.080598962985904,0.47943118696967957,155.87373186227646,160.87048970613836
589170614,round,32,0.6126496038041546,0.2008660180982138,155.87373186227646,2.842170943040401e-14
589170614,round,33,0.8923976060409559,0.4192242645933447,155.87373186227646,162.07186137593789
589170614,round,34,0.9956900788904418,0.20766926866401292,155.87373186227646,2.842170943040401e-14
589170614,round,35,0.6823556649633972,0.35111048265659794,155.87373186227646,153.50808577737237
589170614,round,36,1.0399303251895247,0.3792869910561125,155.87373186227646,163.0460127249537
589170614,round,37,2.4371046399042244,0.3059098936690514,155.87373186227646,135.83274793239286
589170614,round,38,1.0706382118869533,0.31807879189307187,155.87373186227646,162.22505184038502
589170614,round,39,0.7792964792685184,0.3648170048857796,155.87373186227646,134.02595949226756
589170614,round,40,0.6155638790795637,0.37792481946436984,155.87373186227646,137.6023779912396
589170614,round,41,0.6901692096644734,0.37305598401175755,155.87373186227646,164.16285415548293
589170614,round,42,1.4758104322464425,0.42400931567315514,155.87373186227646,169.31383908788692
589170614,round,43,0.7568144777269513,0.45948595667916503,155.87373186227646,148.4470409244193
589170614,round,44,1.1111476539005865,0.38081287278051945,155.87373186227646,165.70470962330353
589170614,round,45,1.0644096807292738,0.37784134135687863,155.87373186227646,141.01033993648682
589170614,round,46,0.40663619115757543,0.23959106941119224,155.87373186227646,86.27633004825589
589170614,round,47,0.45441458412496266,0.22946519086815453,155.87373186227646,49.98953780677536
589170614,round,48,0.9543706521987496,0.25263198345764737,155.87373186227646,154.90124004239695
589170614,round,49,1.0028308551217453,0.3086969539015705,155.87373186227646,160.9189047655594
589170614,round,50,0.8874239078427647,0.45145569242508576,155.87373186227646,159.84820242578186
589170614,round,51,0.9482691097114012,0.46197914197611445,155.87373186227646,149.27452615795423
589170614,round,52,1.2969501948756612,0.3714822062478327,155.87373186227646,2.842170943040401e-14
589170614,round,53,0.8558272595438825,0.49373405252795743,155.87373186227646,153.38175568139502
589170614,round,54,1.1205807976949278,0.3083242013919859,155.87373186227646,142.67494945198115
589170614,round,55,1.5627744533723196,0.39143118156409173,155.87373186227646,156.23531716723267
589170614,round,56,0.832474362240509,0.29587911202326855,155.87373186227646,156.0424587595965
589170614,round,57,1.438241384491184,0.32943962018820894,155.87373186227646,115.36228092118762
589170614,round,58,1.4910228818753561,0.26394516614650054,155.87373186227646,132.1928048321671
589170614,round,59,0.8438582499347663,0.4976724521192457,155.87373186227646,144.58375931486495
589170614,round,60,0.6929220873271308,0.36515806840672227,155.87373186227646,130.4823456964573
589170614,round,61,0.7552261219152194,0.3478236875660188,155.87373186227646,157.8374515531598
589170614,round,62,0.7901352233881972,0.37498008329561916,155.87373186227646,2.842170943040401e-14
589170614,round,63,1.8254686567223717,0.2989464520626143,155.87373186227646,134.63157097465816
589170614,round,64,0.8992493478413148,0.3765126178452579,155.87373186227646,153.05920310270048
589170614,round,65,1.2147559038727027,0.21611806333952388,155.87373186227646,140.48420229783363
589170614,round,66,1.0445831899236313,0.25090467474828027,155.87373186227646,166.80536821039857
589170614,round,67,1.010357510788377,0.5028385765557468,155.87373186227646,157.21231630858784
589170614,round,68,0.9006616680418806,0.34028807283736884,155.87373186227646,2.842170943040401e-14
589170614,round,69,1.2416170326896856,0.29695184181329737,155.87373186227646,153.78966001951068
589170614,round,70,0.7160771728470849,0.2399917792211217,155.87373186227646,9.08488045765452
589170614,round,71,1.0200247581574287,0.24483810816723794,155.87373186227646,161.9673011247607
589170614,round,72,1.3787841790239814,0.30117521879025355,155.87373186227646,153.24478026855684
589170614,round,73,0.8039441615850663,0.2669874154962255,155.87373186227646,161.79150054860023
589170614,round,74,0.5612013191162573,0.3841196633494822,155.87373186227646,2.842170943040401e-14
589170614,round,75,0.8722140764774675,0.39555014823699164,155.87373186227646,168.44086610541095
589170614,round,76,0.9463660906461709,0.46198523117834167,155.87373186227646,149.1869170739996
589170614,round,77,0.7731329629095389,0.29261766938714473,155.87373186227646,168.5539996018033
589170614,round,78,1.0977710787179245,0.3503031987374492,155.87373186227646,157.1140590987564
589170614,round,79,0.9981321576633758,0.3008731098289218,155.87373186227646,163.19442450040845
589170614,round,80,1.3854142271296914,0.3525295656622025,155.87373186227646,169.9210554935243
589170614,round,81,1.053970534361291,0.4059640226893352,155.87373186227646,150.77483286299773
589170614,round,82,1.269332596578982,0.24255783932903952,155.87373186227646,2.842170943040401e-14
589170614,round,83,0.9730429920932955,0.5668769319718665,155.87373186227646,162.11332971216672
589170614,round,84,1.2521194725036022,0.36124574987371416,155.87373186227646,163.10916903623865
589170614,round,85,0.9855929311385353,0.42972403302215323,155.87373186227646,2.842170943040401e-14
589170614,round,86,1.1054766470198487,0.3653832884132254,155.87373186227646,156.0180670351194
589170614,round,87,1.087724248977691,0.44628875322905404,155.87373186227646,151.60224710021745
589170614,round,88,1.124793792920788,0.3709250228887139,155.87373186227646,162.22935308877973
589170614,round,89,0.6136335798907118,0.5016187480271465,155.87373186227646,155.51922998983343
589170614,round,90,0.9701192862644821,0.3428770415262167,155.87373186227646,2.842170943040401e-14
589170614,round,91,1.0901009046286652,0.34494596308474434,155.87373186227646,143.80810173432855
589170614,round,92,0.9973105732169442,0.4026290991268865,155.87373186227646,150.46968388699307
589170614,round,93,1.01637791121577,0.2516206372909392,155.87373186227646,2.842170943040401e-14
589170614,round,94,0.614449404023462,0.37792938037708157,155.87373186227646,137.57834326866237
589170614,round,95,0.7295597056392658,0.41479180701117124,155.87373186227646,156.61100745243243
589170614,round,96,1.0526214649754784,0.3140335324951371,155.87373186227646,159.7641057376195
589170614,round,97,1.4883995597911717,0.26394962300561364,155.87373186227646,132.25356385975152
589170614,round,98,1.2857437590570995,0.3693460140481303,155.87373186227646,157.56380192831213
589170614,round,99,1.0142102488697815,0.40549264331140844,155.87373186227646,164.76946142164368
589170614,boot,0,0.6156942015720797,0.29506104939383826,155.87373186227646,161.1056585609325
589170614,boot,1,0.3457288588466535,0.36341237076812416,155.87373186227646,154.09769454661466
589170614,boot,2,0.5158133597316749,0.2808776846620763,155.87373186227646,2.842170943040401e-14
589170614,boot,3,0.6080057147170852,0.2572876557240964,155.87373186227646,160.796270064276
589170614,boot,4,0.4376481615755649,0.34602833318827686,155.87373186227646,125.47224435655647
589170614,boot,5,0.8932495952001906,0.283433148799471,155.87373186227646,2.842170943040401e-14
589170614,boot,6,0.5247264886971478,0.3498674622040905,155.87373186227646,155.76797025407834
589170614,boot,7,0.45505735647954354,0.43588535864370237,155.87373186227646,149.85795820510796
589170614,boot,8,0.3980384654628127,0.28344825713417765,155.87373186227646,11.554423288762166
589170614,boot,9,0.4913897082333667,0.34486813047633835,155.87373186227646,158.289101798336
589170614,boot,10,0.6900422746869719,0.39087074621809825,155.87373186227646,156.6777100837109
589170614,boot,11,0.6017107886966194,0.38587244828156475,155.87373186227646,151.26157639516686
589170614,boot,12,0.39257789507112734,0.4386249762450811,155.87373186227646,151.62088677838872
589170614,boot,13,0.47206372988230105,0.40662830294380525,155.87373186227646,156.608422572506
589170614,boot,14,0.47251560234526097,0.3127088043362697,155.87373186227646,151.84894507776553
589170614,boot,15,0.5213813412895921,0.5021672025923762,155.87373186227646,151.8332193872393
589170614,boot,16,0.576209135161323,0.31081873095182133,155.87373186227646,148.55555462425286
589170614,boot,17,0.5967030009657887,0.30779977236796696,155.87373186227646,155.3678526627532
589170614,boot,18,0.6324468222253519,0.4288500875549113,155.87373186227646,156.92465215414657
589170614,boot,19,0.5119123428378559,0.34763326949212203,155.87373186227646,150.3622995353805
589170614,boot,20,0.9573637745736423,0.3930739216634148,155.87373186227646,163.48969289892332
589170614,boot,21,0.5291408146975762,0.27729526239653124,155.87373186227646,164.94246101944555
589170614,boot,22,0.7662128220223884,0.3832959997915141,155.87373186227646,149.24307911785115
589170614,boot,23,0.6445360268894289,0.3261737774013195,155.87373186227646,151.02645522401616
589170614,boot,24,0.49010125732940785,0.4736346336434918,155.87373186227646,155.15649569051254
589170614,boot,25,0.47930747617547165,0.35063889909018586,155.87373186227646,149.81668158777825
589170614,boot,26,0.4838064241196345,0.33577969832082355,155.87373186227646,156.9366294420994
589170614,boot,27,0.44430873991249553,0.47813076140345423,155.87373186227646,153.95824518905286
589170614,boot,28,0.47417721595921847,0.4677993400804402,155.87373186227646,154.82969929147026
589170614,boot,29,0.42950083732138267,0.4464824758374857,155.87373186227646,156.97805994199302
589170614,boot,30,0.5213644490813055,0.5021667150425366,155.87373186227646,151.83612335809556
589170614,boot,31,0.5183856901166457,0.42892231649679713,155.87373186227646,150.3424546939889
589170614,boot,32,0.41271158845242245,0.40359244819778795,155.87373186227646,159.0554363982276
589170614,boot,33,0.6002177448297548,0.273667828818571,155.87373186227646,168.28572379974833
589170614,boot,34,0.5149662587358096,0.3857800354106521,155.87373186227646,160.01963307676212
589170614,boot,35,1.052584269259714,0.20124778655782083,155.87373186227646,2.842170943040401e-14
589170614,boot,36,0.5397678511402744,0.3216497455222681,155.87373186227646,147.48929867834576
589170614,boot,37,0.4722547550346902,0.4677961169282423,155.87373186227646,154.82346776875465
589170614,boot,38,0.4144972021395846,0.3415321508940534,155.87373186227646,154.36892586344894
589170614,boot,39,0.41163803499674034,0.34153084196703254,155.87373186227646,154.47291494190281
589170614,boot,40,0.5807943345807844,0.34592416807805537,155.87373186227646,159.7010087771435
589170614,boot,41,0.503528969158939,0.4445650963703297,155.87373186227646,155.34271873441813
589170614,boot,42,0.5780943188016807,0.4619417884641033,155.87373186227646,158.81606870516669
589170614,boot,43,0.5152566262770294,0.38883468066135063,155.87373186227646,158.90403036021996
589170614,boot,44,0.5457601739861587,0.43638710042300444,155.87373186227646,156.35208570034217
589170614,boot,45,0.536628525507924,0.3276046459452794,155.87373186227646,151.16107247157154
589170614,boot,46,0.4909254569341286,0.40523094968060636,155.87373186227646,141.76881987260964
589170614,boot,47,0.7068326344313101,0.4006813376744788,155.87373186227646,1.0530243343964685e-10
589170614,boot,48,0.5787792014932235,0.42770789423079236,155.87373186227646,155.70232423497472
589170614,boot,49,0.4897793005300694,0.4736374217886511,155.87373186227646,155.17010104169083
589170614,boot,50,0.5500199419823375,0.39288964573666163,155.87373186227646,145.38739552116837
589170614,boot,51,0.6668990898556043,0.40929684281002987,155.87373186227646,144.98611012588037
589170614,boot,52,0.440762007222446,0.5246676493528143,155.87373186227646,160.25844679018414
589170614,boot,53,0.8297012437873268,0.2225991706884345,155.87373186227646,2.842170943040401e-14
589170614,boot,54,0.39956997495029,0.24070261394476733,155.87373186227646,157.6187311985615
589170614,boot,55,0.4554980057569532,0.5102303154586815,155.87373186227646,154.3720235765691
589170614,boot,56,0.49661923666391133,0.3845550958082593,155.87373186227646,148.30845095581117
589170614,boot,57,0.41000101292645313,0.3883912820611971,155.87373186227646,157.52968499984158
589170614,boot,58,0.45894459518046643,0.3612422446244189,155.87373186227646,155.76195881265394
589170614,boot,59,0.7711832985572711,0.4388023131637372,155.87373186227646,163.91308725823475
589170614,boot,60,0.46613098003105197,0.3577932744757739,155.87373186227646,160.28868511570465
589170614,boot,61,0.8161439639428653,0.37609270720906596,155.87373186227646,166.2824554045603
589170614,boot,62,0.4203579964340017,0.5093936696920286,155.87373186227646,152.14651901622165
589170614,boot,63,0.4941152564162131,0.39465423656749343,155.87373186227646,150.99399458750446
589170614,boot,64,0.5718167796296937,0.36956639390126955,155.87373186227646,159.51776725411298
589170614,boot,65,0.3218067360492989,0.31184912770587636,155.87373186227646,150.61160521267416
589170614,boot,66,0.3416482606430867,0.2998649500323245,155.87373186227646,147.49697082886948
589170614,boot,67,0.4077696732878584,0.2298050426533642,155.87373186227646,164.58766680236388
589170614,boot,68,0.8931582702989668,0.38990973430124887,155.87373186227646,2.842170943040401e-14
589170614,boot,69,0.6068942020699823,0.2573009353731084,155.87373186227646,160.81828616032797
589170614,boot,70,0.43303199732448927,0.27087316678866846,155.87373186227646,162.3546249276913
589170614,boot,71,0.44717559653022515,0.43610198494392394,155.87373186227646,155.92299350266043
589170614,boot,72,0.6122561181242292,0.5038878288203796,155.87373186227646,153.73110975316288
589170614,boot,73,0.6769514531765558,0.4422576686400683,155.87373186227646,157.40860811829123
589170614,boot,74,0.6598560939453838,0.3207583214645031,155.87373186227646,2.842170943040401e-14
589170614,boot,75,0.40204462924398654,0.3628175128843115,155.87373186227646,158.91119089341845
589170614,boot,76,0.4305991986384891,0.37532751564002276,155.87373186227646,157.60547948291585
589170614,boot,77,0.8288105905216031,0.46088356473486014,155.87373186227646,157.39516883480906
589170614,boot,78,0.7217268633419488,0.3246269253291849,155.87373186227646,147.6925762125145
589170614,boot,79,0.4900277503501661,0.2686364546154464,155.87373186227646,161.6223014526457
589170614,boot,80,0.44828281639402123,0.4157394603682929,155.87373186227646,161.97343261949953
589170614,boot,81,0.9876643206195889,0.42178510738531216,155.87373186227646,162.07046312461128
589170614,boot,82,0.5203682799792417,0.39368015460132155,155.87373186227646,165.45549804004227
589170614,boot,83,0.6929933102855937,0.248118866156126,155.87373186227646,2.842170943040401e-14
589170614,boot,84,0.5823056956393122,0.27142043720045594,155.87373186227646,31.82085488792933
589170614,boot,85,0.5735390130621333,0.3621116302515416,155.87373186227646,154.3051957430802
589170614,boot,86,0.5351960954124267,0.3164811694027636,155.87373186227646,157.7537341360051
589170614,boot,87,0.4671825266829443,0.3955311200733951,155.87373186227646,157.3609169492056
589170614,boot,88,0.547417883844275,0.42655972259450214,155.87373186227646,156.60393504511094
589170614,boot,89,0.4460013836271065,0.28858422470787237,155.87373186227646,153.79545794892124
589170614,boot,90,0.5826706630170988,0.2596439517018524,155.87373186227646,141.5634440955476
589170614,boot,91,0.4500677103198469,0.22851020215153084,155.87373186227646,148.5020608613137
589170614,boot,92,0.5599121388292526,0.415437859168442,155.87373186227646,158.7660657157335
589170614,boot,93,0.37875682056958615,0.3680844676403596,155.87373186227646,155.03760149523316
589170614,boot,94,0.41311963930067613,0.4174025564161711,155.87373186227646,149.15757309779514
589170614,boot,95,0.5936295660783176,0.4438360619565205,155.87373186227646,164.27834551558152
589170614,boot,96,0.46949810011804377,0.39930966068536333,155.87373186227646,158.61778678061364
589170614,boot,97,0.8975116750987832,0.30319411432303167,155.87373186227646,2.842170943040401e-14
589170614,boot,98,0.5022172516334065,0.4447499109008728,155.87373186227646,153.45169452952788
589170614,boot,99,0.3511692370782479,0.24460004562617832,155.87373186227646,38.274750684358025
589170614,rot,0,0.47535321561512284,0.3507532311928456,115.49087559616878,111.55255513773761
589170614,rot,1,0.6274348249791794,0.262183800628772,68.54031181939469,175.34988585136816
589170614,rot,2,0.47246453670446814,0.4384971568960261,66.59832133258107,66.70754907345692
589170614,rot,3,0.7778777296012083,0.4466679952442991,97.14496800476027,103.12865050699034
589170614,rot,4,0.6718395391966329,0.2923303671590771,159.52623676780345,154.75624343960152
589170614,rot,5,0.6248556983314558,0.38839512763093365,77.78597618413778,79.40074952904446
589170614,rot,6,0.39466348151090375,0.35687291527969633,57.70900525585096,59.359297019992624
589170614,rot,7,0.30646879356477624,0.3480761057839281,157.18997216966014,153.00086687784795
589170614,rot,8,0.7115583997004317,0.44230523774555364,4.527208974557679,176.07419334544463
589170614,rot,9,0.6515538758949377,0.35327738711148127,115.75004897705236,117.79041611450486
589170614,rot,10,0.30887379917979146,0.31195778595735435,142.60541676125658,146.41684789472998
589170614,rot,11,0.38342515369538405,0.355701980050257,164.95708083237218,164.8697793542083
589170614,rot,12,0.7241809157023922,0.505834585291706,163.69145744955034,161.9357707323834
589170614,rot,13,0.6092835394906122,0.2913217220922222,132.93621720408643,119.32375614135958
589170614,rot,14,0.36619503719339963,0.4082348586613668,141.71066077692217,144.9770551497278
589170614,rot,15,0.37890311739271637,0.3498196596989196,24.72745040593575,27.272476311966102
589170614,rot,16,0.39280566511306236,0.26980326265205856,51.86700898868178,45.362487299798005
589170614,rot,17,0.7657551170044402,0.41212490101646826,69.15426312492887,61.623905869861886
589170614,rot,18,0.6795314828503165,0.4452512310920015,14.650072164131643,24.582976084014035
589170614,rot,19,0.3753408398871998,0.288625626252601,158.305990503177,159.46279266798192
589170614,rot,20,0.7447857136106524,0.4327917190820545,89.35937271680278,93.39431247508567
589170614,rot,21,0.5776409468914222,0.2934406147108035,45.31839761890615,40.739665332011384
589170614,rot,22,0.5110103348349478,0.47700779600932797,62.912826462577996,69.31565471741978
589170614,rot,23,0.6497005793167226,0.4632158596967907,37.53916470289209,34.340013313717826
589170614,rot,24,0.6185996748889085,0.26129533635901603,156.0804216470202,166.2385854238303
589170614,rot,25,0.3962899980193903,0.27825990588411553,21.593905376999484,21.944152414303517
589170614,rot,26,0.4742588952643919,0.3723507109132056,84.4661276170333,78.39735511132251
589170614,rot,27,0.43188597060205164,0.24256213728693476,97.55536917297555,4.144132625896122
589170614,rot,28,0.5192671293015322,0.3586643847308374,91.51865837936508,85.50674842722992
589170614,rot,29,0.5739643847170158,0.22536422923630706,127.48357256943045,129.77329095223928
589170614,rot,30,0.488256925791475,0.26764037401855134,48.971763975093545,129.4196373530223
589170614,rot,31,0.4742154644947417,0.3901102974206606,42.60843247793224,31.270521373590668
589170614,rot,32,0.4507190153653337,0.4584164773043693,72.69503347139799,71.93778047289435
589170614,rot,33,0.5472839949924745,0.34630338272664274,40.62944692760139,41.300413909097585
589170614,rot,34,0.3710626480963259,0.4027529189308444,79.20294991444563,73.78609297466753
589170614,rot,35,0.4247068602349341,0.3340399286624818,57.623258907594405,61.24621427103176
589170614,rot,36,0.49926763917199246,0.4201011248207208,126.64562262907819,127.4012836989634
589170614,rot,37,0.3515588348422696,0.20818032320010382,47.520301724376004,34.3843856168842
589170614,rot,38,0.48290474928583943,0.35963079417063504,12.23821488072661,16.054892619446786
589170614,rot,39,0.4011466989006591,0.3453783184635064,174.55510400873172,167.61838052076868
589170614,rot,40,0.4271976910827406,0.3796567870744675,132.97618387176843,131.63995955217075
589170614,rot,41,0.4878527382664504,0.36442298649629135,36.38358949111197,39.33517991831309
589170614,rot,42,0.5107781868891489,0.34524793510953733,75.90941710705698,77.7560903654993
589170614,rot,43,0.6177181255920704,0.41512189010901646,157.68253009901034,163.49923578365065
589170614,rot,44,0.4174836067901952,0.29198020648106093,133.5127673210556,124.27729815946083
589170614,rot,45,0.39909259476690895,0.32956919209380486,16.32718828301271,16.206482386102053
589170614,rot,46,0.5863949387173685,0.5223945309896358,96.91350625165079,99.49222730676517
589170614,rot,47,0.8158117451686695,0.43859952522298373,62.05012456776058,45.11119828562872
589170614,rot,48,0.3634818545438708,0.3574573153573427,136.7472740089194,133.48896750095372
589170614,rot,49,0.5991218453951386,0.3893179921850002,64.4245340974857,62.26937037553793
662279460,round,0,0.884910188984653,0.4708793372962764,173.8225317156176,178.03989554468023
662279460,round,1,1.0953749547984246,0.5159994310498038,173.8225317156176,166.77176856879063
662279460,round,2,0.8500846816485291,0.6051323651131176,173.8225317156176,171.68714268351061
662279460,round,3,0.8736322034847046,0.5583298091309032,173.8225317156176,168.29545999704
662279460,round,4,0.8585677702897947,0.5373436503068028,173.8225317156176,0.6373576829043626
662279460,round,5,1.0314905742132339,0.6376425521390992,173.8225317156176,0.0
662279460,round,6,0.9335916525540328,0.580404308316832,173.8225317156176,159.77631834204107
662279460,round,7,0.8068305842115184,0.6449611174192769,173.8225317156176,179.24138767106686
662279460,round,8,1.2458870451957156,0.49310369000861864,173.8225317156176,171.38612365602347
662279460,round,9,1.2849830216145197,0.573857226645895,173.8225317156176,177.3214866553257
662279460,round,10,0.977754218218875,0.548998749950586,173.8225317156176,159.84023926230591
662279460,round,11,0.8078323644270089,0.5633078201076086,173.8225317156176,2.842170943040401e-14
662279460,round,12,1.3108993944594025,0.6017588368191722,173.8225317156176,173.3148229804591
662279460,round,13,0.992502092099765,0.5458868844982434,173.8225317156176,172.03898038912595
662279460,round,14,1.1207919690655266,0.5985686344214138,173.8225317156176,168.4476812498475
662279460,round,15,0.8414967822861773,0.557728085522016,173.8225317156176,176.97731227715443
662279460,round,16,1.0587146719257687,0.6666578674155397,173.8225317156176,175.3332754880321
662279460,round,17,1.093952634658084,0.4350466529555048,173.8225317156176,2.842170943040401e-14
662279460,round,18,0.27816410114037454,0.4330867559587406,173.8225317156176,83.41331617291588
662279460,round,19,1.2520792662465345,0.557561612373858,173.8225317156176,178.88378160163353
662279460,round,20,1.0491398613390228,0.4965520385662555,173.8225317156176,165.8845761997879
662279460,round,21,0.8616259731760457,0.6176677156825974,173.8225317156176,174.3515856236886
662279460,round,22,0.9985237258540869,0.5710015082438948,173.8225317156176,179.15504908200708
662279460,round,23,0.7424721234854027,0.5514723365361843,173.8225317156176,171.99915379492043
662279460,round,24,1.1203134159102601,0.5451522422623141,173.8225317156176,165.5930815080765
662279460,round,25,0.729127480733921,0.5094289893228108,173.8225317156176,176.2171216272451
662279460,round,26,1.1508162452174377,0.6226018529408388,173.8225317156176,179.22098098244908
662279460,round,27,0.845589039743939,0.5172742216750679,173.8225317156176,171.7496597724918
662279460,round,28,1.047967251332822,0.47783388564467444,173.8225317156176,173.21878086720585
662279460,round,29,1.0513685600211997,0.5575902370851769,173.8225317156176,177.26229237707742
662279460,round,30,1.3625348878718846,0.5554716483549047,173.8225317156176,173.47851640109167
662279460,round,31,0.8429624370106771,0.5691470866108032,173.8225317156176,2.842170943040401e-14
662279460,round,32,0.9383561656917229,0.6769273763932301,173.8225317156176,166.86596052250803
662279460,round,33,0.9661633056793442,0.5144181330403947,173.8225317156176,2.842170943040401e-14
662279460,round,34,0.7300714435019252,0.5278946312512308,173.8225317156176,0.2103276179291811
662279460,round,35,0.8763353763154619,0.6244994636061159,173.8225317156176,173.9096608150705
662279460,round,36,0.8963896546596191,0.5574807895723941,173.8225317156176,171.57565761500746
662279460,round,37,1.3545928356229946,0.5069019087996676,173.8225317156176,175.16163434511495
662279460,round,38,1.2587982062813396,0.5379310471433012,173.8225317156176,169.54304688148645
662279460,round,39,1.1907453247190922,0.5016376053711149,173.8225317156176,167.3267241630088
662279460,round,40,0.8980519756839879,0.608349029087589,173.8225317156176,177.59064567358206
662279460,round,41,0.9895457136232383,0.6266715493834107,173.8225317156176,170.1236271638289
662279460,round,42,0.8127433318798648,0.576116533152292,173.8225317156176,172.83499302043188
662279460,round,43,0.8000646288237562,0.5169045763945912,173.8225317156176,164.76348398854975
662279460,round,44,0.8629940800902302,0.5656169271802081,173.8225317156176,175.90340275532313
662279460,round,45,0.7427186705143312,0.5514723518270779,173.8225317156176,172.00847668774844
662279460,round,46,1.1132364304553202,0.48586572468412725,173.8225317156176,168.9997302375665
662279460,round,47,0.9153654250413,0.5185473322845358,173.8225317156176,174.42979744462875
662279460,round,48,0.9242788436682076,0.5698773299110491,173.8225317156176,162.51078184236724
662279460,round,49,1.0682364253801055,0.5696330839447207,173.8225317156176,173.26334554379804
662279460,round,50,1.1226676997771994,0.5501735489479228,173.8225317156176,175.40093391228137
662279460,round,51,0.8021364492317885,0.4907411344292212,173.8225317156176,168.6366572770262
662279460,round,52,1.071667955328024,0.5755643967524674,173.8225317156176,167.3653862289667
662279460,round,53,0.7607797728124402,0.49390392807550876,173.8225317156176,174.371814518093
662279460,round,54,0.9146773650423788,0.5340628381090069,173.8225317156176,178.30754649260925
662279460,round,55,1.0178626441160432,0.4724002422329088,173.8225317156176,6.384680713560755
662279460,round,56,0.8276389397992782,0.5005940322100109,173.8225317156176,167.42393857126564
662279460,round,57,0.8856042074574171,0.5997905582895255,173.8225317156176,178.23177552345027
662279460,round,58,0.8478423085551313,0.5341943123374251,173.8225317156176,179.99999999999997
662279460,round,59,1.0099678111810018,0.6584077411779663,173.8225317156176,175.03492826432222
662279460,round,60,0.9477751510666269,0.5148634646343897,173.8225317156176,170.8839518084921
662279460,round,61,1.1522110152450435,0.5654252143378093,173.8225317156176,6.293340871107318
662279460,round,62,0.8809092139277682,0.573694123309933,173.8225317156176,2.842170943040401e-14
662279460,round,63,1.0551134404268474,0.50219747805539,173.8225317156176,177.70801989070648
662279460,round,64,1.2000681071431694,0.5790915626489276,173.8225317156176,175.48404630251622
662279460,round,65,0.8563168459687955,0.5611638101367538,173.8225317156176,175.30445652998034
662279460,round,66,0.9913358442924213,0.6521148279550951,173.8225317156176,2.869638082835877
662279460,round,67,1.0922861177535135,0.6392954126802323,173.8225317156176,164.75007134931099
662279460,round,68,0.9598755847697678,0.5846348787878872,173.8225317156176,179.43889028471693
662279460,round,69,0.9874311281658499,0.55370594859958,173.8225317156176,175.93045430774714
662279460,round,70,1.1395378794216204,0.5351304446647911,173.8225317156176,175.6729932755934
662279460,round,71,0.8395411713478852,0.5809323020595762,173.8225317156176,175.3961483213414
662279460,round,72,0.9061459986208447,0.5476759803520141,173.8225317156176,177.9453149975411
662279460,round,73,1.0195785430256683,0.4914414389776196,173.8225317156176,3.1861108482567886
662279460,round,74,1.1319161620704659,0.5461741303224343,173.8225317156176,176.8948069166922
662279460,round,75,0.9448465946054001,0.6156549315254107,173.8225317156176,166.9809106251735
662279460,round,76,1.239762273960743,0.5164231543333775,173.8225317156176,7.175263490929382
662279460,round,77,0.6918358917198905,0.46187936339496205,173.8225317156176,178.50795631006002
662279460,round,78,1.0039440335525438,0.5499503962469416,173.8225317156176,169.57669325081426
662279460,round,79,1.1228533406868848,0.5519635003540164,173.8225317156176,168.52035654061285
662279460,round,80,0.9060589852017624,0.5476759814086724,173.8225317156176,177.94421887062998
662279460,round,81,0.9011620611947078,0.5696419416359356,173.8225317156176,3.4336244425503537e-07
662279460,round,82,0.9649399892507802,0.6149152878579245,173.8225317156176,2.842170943040401e-14
662279460,round,83,0.8829200970149997,0.5418285251347983,173.8225317156176,2.99645791685424
662279460,round,84,1.14320054653142,0.5612895184894984,173.8225317156176,175.87070695358474
662279460,round,85,1.171584166905573,0.5355206844843428,173.8225317156176,169.35664863621543
662279460,round,86,1.013762540285224,0.6157376707023413,173.8225317156176,178.13483587554697
662279460,round,87,0.9835958898741072,0.5567149172405614,173.8225317156176,164.74257989966895
662279460,round,88,0.885943267484502,0.5997904861822168,173.8225317156176,178.21765804117075
662279460,round,89,0.885756719038836,0.5997905392210631,173.8225317156176,178.22242876804827
662279460,round,90,1.0583091476064468,0.6666578747779248,173.8225317156176,175.34239538217548
662279460,round,91,0.8122635982073101,0.5525262417613941,173.8225317156176,175.70820886240725
662279460,round,92,1.6997558508498185,0.6027167088087201,173.8225317156176,171.37632941328792
662279460,round,93,0.981895714044785,0.5674667157888451,173.8225317156176,166.424600688571
662279460,round,94,1.1127556693060148,0.4858658704715698,173.8225317156176,169.00591844861748
662279460,round,95,1.1551621881219158,0.599693294539215,173.8225317156176,169.92993321569475
662279460,round,96,0.9578369087284528,0.5364935317337012,173.8225317156176,5.945117778855604
662279460,round,97,0.8866516602037219,0.5634554028071368,173.8225317156176,179.7597323645117
662279460,round,98,1.0207751554483508,0.5538941635221148,173.8225317156176,166.49913519009408
662279460,round,99,1.246070704515308,0.493103797489404,173.8225317156176,171.4028953634234
662279460,boot,0,0.6297513879710505,0.571012176698891,173.8225317156176,174.27874720969317
662279460,boot,1,0.6746952405666213,0.5593933445215339,173.8225317156176,171.18902376575252
662279460,boot,2,0.5490986288609115,0.49178449991189555,173.8225317156176,177.57020604017336
662279460,boot,3,0.8726604940601096,0.5298758618411991,173.8225317156176,172.25398264480555
662279460,boot,4,0.8757711836328144,0.5233606746189329,173.8225317156176,172.49693671642328
662279460,boot,5,0.7210867822108962,0.6159979067236738,173.8225317156176,176.2070311684425
662279460,boot,6,0.6544891503348554,0.5069520875256324,173.8225317156176,167.21515909498257
662279460,boot,7,0.6992178586264728,0.5100655237417752,173.8225317156176,169.82679095432314
662279460,boot,8,0.7828103337507479,0.49230410838897265,173.8225317156176,0.3755216741980405
662279460,boot,9,0.7111551175242449,0.6627984338000237,173.8225317156176,168.21221362578072
662279460,boot,10,0.620263717475388,0.6547183861712761,173.8225317156176,177.96923513802955
662279460,boot,11,0.5750713115703466,0.5283890870694137,173.8225317156176,174.45244367948283
662279460,boot,12,0.6545439782355805,0.5375679686567167,173.8225317156176,174.4949531892156
662279460,boot,13,0.5438391652675629,0.43719455849643396,173.8225317156176,173.70965701291885
662279460,boot,14,0.6645220613525434,0.4635958987456331,173.8225317156176,179.75988730819174
662279460,boot,15,0.569470383101172,0.45952694547266815,173.8225317156176,2.963653824252358
662279460,boot,16,1.0777587084122588,0.5440812145755027,173.8225317156176,177.9803792092879
662279460,boot,17,0.850276141932307,0.5505982073754441,173.8225317156176,8.090775859190359
662279460,boot,18,0.7447665735262919,0.5779516159422557,173.8225317156176,2.842170943040401e-14
662279460,boot,19,0.7479342035721276,0.6113554405110135,173.8225317156176,177.04923576562254
662279460,boot,20,0.6555450312268268,0.5208664037501999,173.8225317156176,173.87138916507828
662279460,boot,21,0.7359830919651769,0.5283723213460203,173.8225317156176,170.6501666321577
662279460,boot,22,0.6394741644475985,0.595141099210324,173.8225317156176,170.51499141962083
662279460,boot,23,0.5470518293401632,0.5693939844129006,173.8225317156176,168.58838702952724
662279460,boot,24,0.6990739296098178,0.5805284947745897,173.8225317156176,178.21378431225665
662279460,boot,25,0.4850443517951542,0.5731145274893175,173.8225317156176,179.7660946904404
662279460,boot,26,0.7085927935430684,0.503983546624241,173.8225317156176,177.92016134417196
662279460,boot,27,0.6298879136917604,0.571012176656974,173.8225317156176,174.28255365942448
662279460,boot,28,0.648240348874853,0.5395047865336369,173.8225317156176,173.54215597042688
662279460,boot,29,0.7085927935430684,0.503983546624241,173.8225317156176,177.92016134417196
662279460,boot,30,0.6321767521236644,0.5637685859148291,173.8225317156176,175.28480113238203
662279460,boot,31,0.7609360070748612,0.6381321455275143,173.8225317156176,1.9204192523169885
662279460,boot,32,0.761003722984846,0.6381321433531824,173.8225317156176,1.9279084349409907
662279460,boot,33,0.6271045222374334,0.5049940243579166,173.8225317156176,176.2591401155081
662279460,boot,34,0.6545439782355805,0.5375679686567167,173.8225317156176,174.4949531892156
662279460,boot,35,0.7730778460300031,0.5504893890453147,173.8225317156176,2.842170943040401e-14
662279460,boot,36,0.7613847292007849,0.47852255145739386,173.8225317156176,161.2028413449209
662279460,boot,37,0.7491279659442486,0.4949003915430543,173.8225317156176,179.41838913280378
662279460,boot,38,0.6481377108749128,0.5395048186538722,173.8225317156176,173.54048878461484
662279460,boot,39,0.5821918438767942,0.5744705659975355,173.8225317156176,176.88588843272154
662279460,boot,40,0.7421940993243246,0.6560447610030709,173.8225317156176,170.3351399345409
662279460,boot,41,0.7303138762303684,0.48754293558019957,173.8225317156176,2.842170943040401e-14
662279460,boot,42,0.70271282489297,0.553388740462899,173.8225317156176,177.129737425015
662279460,boot,43,0.8481737002488017,0.5385589906306207,173.8225317156176,162.05850510493642
662279460,boot,44,0.8159944267534006,0.6045365978636488,173.8225317156176,170.0737527223989
662279460,boot,45,0.5910419463921839,0.6321882416091553,173.8225317156176,176.94376345121273
662279460,boot,46,0.4306113771841698,0.4346882783839593,173.8225317156176,2.842170943040401e-14
662279460,boot,47,0.6746152041797466,0.49683588198993633,173.8225317156176,178.1562272182728
662279460,boot,48,0.56146963276903,0.49172186937364937,173.8225317156176,169.7230416290935
662279460,boot,49,0.609331340089686,0.5216720740522653,173.8225317156176,7.389644451905042e-13
662279460,boot,50,0.6929638136073347,0.648237748774172,173.8225317156176,171.43152261978184
662279460,boot,51,0.5923976189408263,0.6040160775140884,173.8225317156176,171.76346219915897
662279460,boot,52,0.6878153451010015,0.6315079036706899,173.8225317156176,174.10257562075864
662279460,boot,53,0.6431398423108671,0.6430533033988104,173.8225317156176,176.514379362956
662279460,boot,54,0.6034749208662138,0.5843448558757287,173.8225317156176,174.99041516423424
662279460,boot,55,0.6524887601261722,0.5517702125018684,173.8225317156176,172.05738386939512
662279460,boot,56,0.8167980263321047,0.43382423996547603,173.8225317156176,1.2337288015971808
662279460,boot,57,0.7257763750028835,0.5486104955412571,173.8225317156176,168.74351122516447
662279460,boot,58,0.5643573174552607,0.47322219906793284,173.8225317156176,178.92220628815414
662279460,boot,59,0.7828039477899054,0.4923041171143463,173.8225317156176,0.3704600487072014
662279460,boot,60,0.7146556622711832,0.5609820870827023,173.8225317156176,2.5151498928375418
662279460,boot,61,0.6800833587039767,0.6071366206782977,173.8225317156176,178.4120731123197
662279460,boot,62,0.7281758061084519,0.5317565639563706,173.8225317156176,171.6208203586166
662279460,boot,63,0.6929716892733545,0.5589427356268923,173.8225317156176,2.842170943040401e-14
662279460,boot,64,0.5231005298006783,0.5647401372921119,173.8225317156176,2.842170943040401e-14
662279460,boot,65,0.6618535968620951,0.5494129187485624,173.8225317156176,2.842170943040401e-14
662279460,boot,66,0.8035022186210964,0.577105147763799,173.8225317156176,6.518921538650046
662279460,boot,67,0.758102805043932,0.5008522907877463,173.8225317156176,1.4702597100339005
662279460,boot,68,0.6917698734086374,0.5332015718803852,173.8225317156176,2.9883418514376388
662279460,boot,69,0.7113185465718722,0.6185417319508993,173.8225317156176,4.178462649970818
662279460,boot,70,0.6883686581559327,0.5910920048592476,173.8225317156176,1.3982919379336463
662279460,boot,71,0.7980394051707975,0.47285066705898027,173.8225317156176,166.31040255292265
662279460,boot,72,0.7353187124669294,0.5250950841665559,173.8225317156176,173.55523443175576
662279460,boot,73,0.6782068296278686,0.5496980968351471,173.8225317156176,167.56984586628192
662279460,boot,74,0.7475022939873229,0.5585082533152346,173.8225317156176,176.5947892735498
662279460,boot,75,0.6751234480062679,0.6491151300268558,173.8225317156176,179.21284849089136
662279460,boot,76,0.6284177270745687,0.5413015469243583,173.8225317156176,173.17158375083756
662279460,boot,77,0.6631281855096435,0.632827712282189,173.8225317156176,175.60854167095772
662279460,boot,78,0.5555485774998145,0.5146563453620288,173.8225317156176,172.43631641601044
662279460,boot,79,0.638457952530173,0.5588684147750126,173.8225317156176,2.842170943040401e-14
662279460,boot,80,0.6652814093727712,0.46359591969598823,173.8225317156176,179.78700050004463
662279460,boot,81,0.7610150605357628,0.6381321398619092,173.8225317156176,1.9288911854210897
662279460,boot,82,0.7600711254697018,0.5219505600138635,173.8225317156176,2.842170943040401e-14
662279460,boot,83,0.6541910767721077,0.48646943855697,173.8225317156176,170.64597925756473
662279460,boot,84,0.5727297957531462,0.4806557894558242,173.8225317156176,178.96740086835126
662279460,boot,85,0.7764113361316959,0.5322680016202493,173.8225317156176,174.2653474712262
662279460,boot,86,0.6631281855096435,0.632827712282189,173.8225317156176,175.60854167095772
662279460,boot,87,0.9187595816143219,0.5145839376504966,173.8225317156176,168.76445391674204
662279460,boot,88,0.6048703688160613,0.578588233363609,173.8225317156176,175.06893910731543
662279460,boot,89,0.5158549792940718,0.5702678457501598,173.8225317156176,176.42423146128775
662279460,boot,90,0.8027533289147909,0.56117296934119,173.8225317156176,168.55291704532402
662279460,boot,91,0.8411300592334748,0.5852258713865646,173.8225317156176,169.64738851288698
662279460,boot,92,0.8116504319675149,0.5697387922475114,173.8225317156176,170.60507102999793
662279460,boot,93,0.8184112067973652,0.4511115424310783,173.8225317156176,176.8523643924324
662279460,boot,94,0.6236513528012003,0.6129804289336163,173.8225317156176,176.40839327902611
662279460,boot,95,0.6681636509709902,0.5755031990169868,173.8225317156176,172.34017947575262
662279460,boot,96,0.7847314300058781,0.5579194201882292,173.8225317156176,171.53906182017934
662279460,boot,97,0.7812229697301966,0.5646815036071013,173.8225317156176,174.7764720641099
662279460,boot,98,0.543800551044563,0.4371945546175273,173.8225317156176,173.71065508623042
662279460,boot,99,0.7586836172648335,0.675393056425968,173.8225317156176,178.9446666397491
662279460,rot,0,0.7066079004974709,0.4170063971278709,139.30871757287773,136.37660055971926
662279460,rot,1,0.7898240439484786,0.5204927821118639,152.31236755710628,159.19568977238703
662279460,rot,2,0.7666762049591105,0.5229017431147769,79.05940108454526,84.55830281085048
662279460,rot,3,0.7768726388462346,0.5231392081397386,1.5678156766925633,7.080022365606672
662279460,rot,4,0.6256491321940322,0.4580049500332666,40.458889080120606,37.83282644240555
662279460,rot,5,0.7144999116293606,0.5334298761500519,83.51330295633485,83.57951389529077
662279460,rot,6,0.6328898119435483,0.5560447644053454,9.44229052790536,8.688080854168298
662279460,rot,7,0.6555637951657559,0.547659743051109,72.00275425492373,69.2921343912909
662279460,rot,8,0.6393324165548114,0.4862087118979219,55.42595593707565,52.10927341590232
662279460,rot,9,0.8102676997277534,0.4897404251660039,118.71661740393445,127.378967858952
662279460,rot,10,0.6298266728105041,0.5642617536591243,96.817545155634,99.9880491647522
662279460,rot,11,0.6029886354332439,0.5361837444320476,177.10656565148827,5.718144476286677
662279460,rot,12,0.7924890339400882,0.5842929971830725,76.88783045109406,83.28656221942587
662279460,rot,13,0.6771944403391071,0.6050943713461825,78.4973131390556,76.78023837189785
662279460,rot,14,0.8778914315449345,0.6021225293439005,155.35815737876095,149.83167631555494
662279460,rot,15,0.5127231452927299,0.18981638026319503,90.34697621122399,158.95954624827456
662279460,rot,16,0.66128067703321,0.6098399993391319,99.93323818811007,104.79012868821069
662279460,rot,17,0.7793061461341347,0.4820853485076787,16.484172070761815,20.313242171980267
662279460,rot,18,0.7337838965806521,0.5406181511543777,114.60975097367131,114.95555775974333
662279460,rot,19,0.5962418827886911,0.6239561419486128,76.6881727978727,82.28100504034342
662279460,rot,20,0.6278877397976755,0.5266507406165496,0.8612181847089051,4.91379185899108
662279460,rot,21,0.5804346965730278,0.5056708812757089,107.32397092761788,104.15039614966815
662279460,rot,22,0.6859859935216727,0.595802093062908,142.70407419330618,144.09866136921522
662279460,rot,23,0.6191150504424973,0.5073955347730181,89.90271173673237,88.63213376998878
662279460,rot,24,0.6533161431705186,0.4180214852151928,33.5617240625029,31.093811702080245
662279460,rot,25,0.6434766644779705,0.46395241854453073,117.99189382543273,111.58912267304241
662279460,rot,26,0.706117273584136,0.5053727537983703,113.52341566893186,110.33535055774075
662279460,rot,27,0.7517044604285317,0.5307303090232732,117.31633369804828,107.65710817610866
662279460,rot,28,0.703461727430333,0.5750676737248028,3.1370859488141734,6.636675726668898
662279460,rot,29,0.5572586462773855,0.6371349021739212,49.6657295196975,45.084890386787805
662279460,rot,30,0.6504921897926499,0.6362864025093133,11.905309524185117,12.397648147330186
662279460,rot,31,0.7318180924298815,0.6020291360229026,105.68453030166238,109.94081295382443
662279460,rot,32,0.7044129948152595,0.5440203611406424,178.1342495004232,172.02668278695134
662279460,rot,33,0.5947760212627278,0.5500081980384974,103.69637315230331,106.04141205665984
662279460,rot,34,0.5751189375849534,0.5178023467390338,89.66706208284685,88.19798393865254
662279460,rot,35,0.5679209587311382,0.5742534606667464,1.6542007170652129,179.99999999913962
662279460,rot,36,0.5922083178379012,0.5682864365543578,154.26120463166734,158.55581058945845
662279460,rot,37,0.6478079949033891,0.6176005749364213,56.13406616812024,47.70389873128201
662279460,rot,38,0.5787625855257009,0.48950885734018257,69.2471265218655,68.83351737878415
662279460,rot,39,0.6128776923185056,0.5808035962436287,36.72334955400915,35.713541846255666
662279460,rot,40,0.7566568565855761,0.5573874238644544,157.56369442906805,157.91990089627515
662279460,rot,41,0.9414040050346332,0.5305056518695082,140.44887727756497,146.17153949320058
662279460,rot,42,0.8635075764233401,0.5598613277684183,133.2827400211142,125.1544387972258
662279460,rot,43,0.7124967261230397,0.4759210281871519,79.0688162803646,81.54103793908345
662279460,rot,44,0.7057227521644815,0.613817939025473,33.750506562513614,31.24250727173171
662279460,rot,45,0.6625810909684451,0.5456129943495625,109.72684957327512,120.01985917346732
662279460,rot,46,0.6371962771670169,0.44822556674047764,103.5680946173168,95.11849554714752
662279460,rot,47,0.7395381819275552,0.6383266191990413,24.356902811656344,27.126507091390152
662279460,rot,48,0.6583796992518036,0.5683432071121598,172.1274688909652,168.94152713250176
662279460,rot,49,0.6352828870984976,0.5490709167194461,142.5857826415644,145.80470404258475
662282845,round,0,0.8843306946131936,0.6781335548830166,11.448779840012714,11.423204298720378
662282845,round,1,0.9332303363541332,0.7388791816347189,11.448779840012714,13.215018064430012
662282845,round,2,0.9653503731796917,0.7365042905932973,11.448779840012714,12.5038877549584
662282845,round,3,0.9435365584222144,0.6358541007334224,11.448779840012714,8.831410574695411
662282845,round,4,1.026741561138553,0.6792490543188645,11.448779840012714,0.0
662282845,round,5,0.8346060494695192,0.6452863864847874,11.448779840012714,8.682756794071281
662282845,round,6,1.2467547024667618,0.6950884271263176,11.448779840012714,10.72396447945303
662282845,round,7,1.0141051144113031,0.698359063896191,11.448779840012714,11.99194615881116
662282845,round,8,1.0219121600997567,0.6767808760146519,11.448779840012714,9.917595977428533
662282845,round,9,1.0882482032539589,0.7143344127211742,11.448779840012714,7.309311960958155
662282845,round,10,1.079735944402743,0.7635712608713983,11.448779840012714,6.05896879951473
662282845,round,11,1.267852702271374,0.724067293028393,11.448779840012714,10.426032823465647
662282845,round,12,1.0078861783407278,0.7407504441277508,11.448779840012714,14.358881055211697
662282845,round,13,1.1448944409271917,0.6827234602135717,11.448779840012714,14.111848689147848
662282845,round,14,0.6119100598965889,0.6619821742469683,11.448779840012714,7.8601085904947485
662282845,round,15,1.1584670386511957,0.6952295891661207,11.448779840012714,13.370914122778487
662282845,round,16,0.9602617309827783,0.7183583415416342,11.448779840012714,15.802800562174241
662282845,round,17,1.0141121994823086,0.6983590642918471,11.448779840012714,11.990810455072847
662282845,round,18,1.2203406312063434,0.710992552707113,11.448779840012714,12.301002517168769
662282845,round,19,0.9291148308419831,0.7406620234153084,11.448779840012714,8.879475945135281
662282845,round,20,0.939356495448558,0.7587069105888893,11.448779840012714,9.512431166029357
662282845,round,21,0.9944587089725018,0.648874730820645,11.448779840012714,16.880282603167444
662282845,round,22,0.9278958315164119,0.6970563393144009,11.448779840012714,15.121971863183205
662282845,round,23,0.9470315675760395,0.6269037670777822,11.448779840012714,13.383485792193733
662282845,round,24,1.0482328184200185,0.7140084388314125,11.448779840012714,7.260423790124776
662282845,round,25,1.2467743388098849,0.6950884274505162,11.448779840012714,10.723896530452606
662282845,round,26,0.9602096375959093,0.7183583417154373,11.448779840012714,15.801911348615565
662282845,round,27,1.0265940256055144,0.664505241481457,11.448779840012714,12.226143170197318
662282845,round,28,0.9436540581538475,0.6358541039232228,11.448779840012714,8.826730295490112
662282845,round,29,1.0135886810840167,0.6971017479840163,11.448779840012714,12.532622349189353
662282845,round,30,1.1602212681794861,0.6569455561097073,11.448779840012714,11.03143782130961
662282845,round,31,1.1030014643145232,0.6553011793750272,11.448779840012714,11.555404778396309
662282845,round,32,1.1584670386511957,0.6952295891661207,11.448779840012714,13.370914122778487
662282845,round,33,1.0513958714634053,0.7421153794859034,11.448779840012714,4.252471787983239
662282845,round,34,0.901019056290301,0.7396161827120002,11.448779840012714,9.642309774700326
662282845,round,35,0.9944769879205866,0.6488747310922258,11.448779840012714,16.88045998391246
662282845,round,36,1.0185411145925618,0.7106947724044789,11.448779840012714,11.336069508545279
662282845,round,37,1.0425021242274852,0.6769703715781519,11.448779840012714,17.033904686980605
662282845,round,38,1.133828206360862,0.6296800411076745,11.448779840012714,8.027200403780625
662282845,round,39,1.1050255781042426,0.700106479927614,11.448779840012714,12.882231533804543
662282845,round,40,0.9918616896320297,0.7071614568490946,11.448779840012714,8.700163778479155
662282845,round,41,1.0798528868143273,0.7635712616861585,11.448779840012714,6.061393275729429
662282845,round,42,1.0853289188863555,0.574751448479405,11.448779840012714,0.0
662282845,round,43,0.8974866780442147,0.688318630638323,11.448779840012714,7.471174127223776
662282845,round,44,0.2451313429519491,0.34504060307828044,11.448779840012714,86.77354151228077
662282845,round,45,1.202749395169205,0.6191862662985874,11.448779840012714,17.8787589301553
662282845,round,46,0.9702157549528907,0.6131533592025484,11.448779840012714,179.99999999999997
662282845,round,47,0.9345766057673952,0.6863792216348013,11.448779840012714,9.726293349253739
662282845,round,48,1.1078340986555142,0.6060709321083545,11.448779840012714,9.58728790744604
662282845,round,49,1.055492909414139,0.6252967351258079,11.448779840012714,6.434534655233762
662282845,round,50,0.9435365584222144,0.6358541007334224,11.448779840012714,8.831410574695411
662282845,round,51,1.1670082731709808,0.6738917022809436,11.448779840012714,14.179870686126904
662282845,round,52,1.083097145042949,0.6323999124185469,11.448779840012714,4.66933638939949
662282845,round,53,1.095748394365151,0.6416264286633591,11.448779840012714,11.11149188072747
662282845,round,54,1.065359485131774,0.6972652569768254,11.448779840012714,6.784075146774057
662282845,round,55,1.0052180292410318,0.7537042343129373,11.448779840012714,11.22600948456548
662282845,round,56,1.4186685875629514,0.7177742279739479,11.448779840012714,10.460348524174407
662282845,round,57,1.1997265946705578,0.6488174139310411,11.448779840012714,18.066817795220572
662282845,round,58,1.0136670692006278,0.653970004206915,11.448779840012714,6.313962870201266
662282845,round,59,1.0533220193390134,0.7557367908134673,11.448779840012714,10.557926400946258
662282845,round,60,1.0473528559902532,0.729579601067198,11.448779840012714,18.610659024756245
662282845,round,61,0.9187645892719059,0.7229316442324611,11.448779840012714,179.99999999999997
662282845,round,62,1.0275398211186122,0.6279624743493233,11.448779840012714,22.36417180820277
662282845,round,63,0.8224845227116429,0.7266032030672674,11.448779840012714,17.4755013766966
662282845,round,64,1.0533220193390134,0.7557367908134673,11.448779840012714,10.557926400946258
662282845,round,65,1.418200210060293,0.7177742359114453,11.448779840012714,10.463996720198352
662282845,round,66,0.8592575383647215,0.7146623416917248,11.448779840012714,8.296044474212778
662282845,round,67,1.036206420926601,0.6733729011097123,11.448779840012714,7.6221542891185265
662282845,round,68,0.9332303363541332,0.7388791816347189,11.448779840012714,13.215018064430012
662282845,round,69,1.1957256478064007,0.7218491815168213,11.448779840012714,13.996258056716812
662282845,round,70,1.1874430349718967,0.697235446705919,11.448779840012714,10.143460852983736
662282845,round,71,1.0095302339616679,0.7215453997844459,11.448779840012714,14.55827004523988
662282845,round,72,1.0360551110176905,0.6733728975501057,11.448779840012714,7.623248257259178
662282845,round,73,1.0055126813960793,0.7686837124930693,11.448779840012714,14.646307846079367
662282845,round,74,0.9494924030754908,0.6969747080064759,11.448779840012714,15.037886436374293
662282845,round,75,0.9387405089255116,0.6659109635743738,11.448779840012714,15.11652867696666
662282845,round,76,1.034849378903489,0.6064483786907329,11.448779840012714,9.808012129677053
662282845,round,77,0.94750745068646,0.6895559164635536,11.448779840012714,16.71095650461163
662282845,round,78,1.0470556119163414,0.6862598194955589,11.448779840012714,16.394859922571726
662282845,round,79,1.0067898665810309,0.6363784493741647,11.448779840012714,16.892011212619167
662282845,round,80,0.9315004020727758,0.7335448324462679,11.448779840012714,12.186294176190614
662282845,round,81,0.9905538845230478,0.6936015558992363,11.448779840012714,14.143254997919074
662282845,round,82,0.980817057775403,0.7287637636942936,11.448779840012714,9.312947832205113
662282845,round,83,1.1186868223977453,0.708836427822628,11.448779840012714,12.539861026143939
662282845,round,84,0.9374369605599985,0.7496393481509176,11.448779840012714,15.543581036860559
662282845,round,85,1.022459597567861,0.7347314695273863,11.448779840012714,15.559256793889517
662282845,round,86,1.00638174632958,0.7147084943388915,11.448779840012714,12.17722183809147
662282845,round,87,1.0224369731556222,0.7347314691115809,11.448779840012714,15.559371563810743
662282845,round,88,0.8504229069340741,0.7154861410184132,11.448779840012714,10.261714591899647
662282845,round,89,1.0349588952797235,0.5920374421992051,11.448779840012714,0.0
662282845,round,90,0.9872528865239536,0.7055653214037593,11.448779840012714,11.527338211282256
662282845,round,91,1.101007773993821,0.6692717796085846,11.448779840012714,18.900392702860245
662282845,round,92,0.8563984941284657,0.7574514494600464,11.448779840012714,16.351434057559786
662282845,round,93,1.156791459475987,0.7142561445012237,11.448779840012714,14.50637231845829
662282845,round,94,0.9629452333705658,0.7051246544425398,11.448779840012714,13.462203759368121
662282845,round,95,1.1970718293969087,0.6900590471126319,11.448779840012714,8.364871188880741
662282845,round,96,0.9291512121762975,0.7406620224736404,11.448779840012714,8.880229804847025
662282845,round,97,0.7355805088689825,0.6610868148103322,11.448779840012714,3.934464611456608
662282845,round,98,0.9163123610628936,0.7474416013360465,11.448779840012714,8.570808242969804
662282845,round,99,1.007841508110424,0.7407504439578407,11.448779840012714,14.357492409296668
662282845,boot,0,0.9098325953190721,0.6867729654951062,11.448779840012714,11.644446035276909
662282845,boot,1,0.7666996801303507,0.7212480770948761,11.448779840012714,11.88118303698161
662282845,boot,2,0.6774411265769128,0.6695770900834389,11.448779840012714,7.505604075177567
662282845,boot,3,0.7361918039113842,0.7419691217241611,11.448779840012714,8.745378189848054
662282845,boot,4,0.7336035546576042,0.7512500659011624,11.448779840012714,9.745646498474201
662282845,boot,5,0.7581859153620846,0.66165615978713,11.448779840012714,18.243050989615483
662282845,boot,6,0.7591852672589153,0.7607126991249166,11.448779840012714,7.016855872932069
662282845,boot,7,0.742473902383955,0.5990138115138157,11.448779840012714,6.302856374432385
662282845,boot,8,0.6974795718417577,0.6842951843860966,11.448779840012714,13.368992572580138
662282845,boot,9,0.6806321274343411,0.7158605843917962,11.448779840012714,11.702214312374556
662282845,boot,10,0.7171165927004299,0.7335310615114685,11.448779840012714,16.587046304751084
662282845,boot,11,0.6799183927560376,0.6971872154128769,11.448779840012714,8.022868710662863
662282845,boot,12,0.6862122626434827,0.6465947701844019,11.448779840012714,8.73548789843197
662282845,boot,13,0.7152223031501617,0.688973695245832,11.448779840012714,6.9973868547646525
662282845,boot,14,0.7619582781480038,0.6319803613417732,11.448779840012714,18.708184093228517
662282845,boot,15,0.48520960271024155,0.684615137760956,11.448779840012714,8.033536732035682
662282845,boot,16,0.7211521543258212,0.6849600439069878,11.448779840012714,16.050275890302345
662282845,boot,17,0.7311181708331504,0.6953069581100566,11.448779840012714,16.460422294734506
662282845,boot,18,0.8559512156665335,0.7401896455512684,11.448779840012714,6.441394634934511
662282845,boot,19,0.7550285876165312,0.7082662433112353,11.448779840012714,8.966864961523498
662282845,boot,20,0.7023473939820338,0.7187010297064326,11.448779840012714,10.027893001029911
662282845,boot,21,0.846368264536061,0.7621207258891275,11.448779840012714,8.303477540385776
662282845,boot,22,0.8072403221729922,0.6748245708774698,11.448779840012714,16.4004525954698
662282845,boot,23,0.8163142774616544,0.7023687330411361,11.448779840012714,10.278408118211235
662282845,boot,24,0.8795001753246492,0.6319586054772776,11.448779840012714,11.144664103764889
662282845,boot,25,0.48521253791063784,0.6846151374940914,11.448779840012714,8.033489885425524
662282845,boot,26,0.6799273579457691,0.6971872170601816,11.448779840012714,8.022945605444912
662282845,boot,27,0.7334627817435948,0.7059611942039392,11.448779840012714,10.911224193065426
662282845,boot,28,0.6923262738663585,0.6792637180622545,11.448779840012714,5.173630041186101
662282845,boot,29,0.7954989254450516,0.6676654691266077,11.448779840012714,4.999743521501159
662282845,boot,30,0.8397155441217843,0.6500420293199032,11.448779840012714,8.84003530548291
662282845,boot,31,0.7415401809138383,0.7118478789986771,11.448779840012714,15.673777737468754
662282845,boot,32,0.8506295479345116,0.710360974060806,11.448779840012714,9.489862561014888
662282845,boot,33,0.673257526241039,0.706349773876546,11.448779840012714,10.556797467643975
662282845,boot,34,0.7330460548172003,0.7013454625455351,11.448779840012714,10.902640400090565
662282845,boot,35,0.6657956515446757,0.6829409207934578,11.448779840012714,13.669839054504886
662282845,boot,36,0.7613763466340162,0.6772106840435868,11.448779840012714,6.194238584058894
662282845,boot,37,0.8158719196355274,0.7081728552473381,11.448779840012714,7.851744196899091
662282845,boot,38,0.8571875295788188,0.594569160608684,11.448779840012714,8.468715036530511
662282845,boot,39,0.7326487875645347,0.7441544450928583,11.448779840012714,8.959961634926515
662282845,boot,40,0.7455181410371626,0.7634625635610869,11.448779840012714,10.92058373932835
662282845,boot,41,0.7819237728746058,0.65546224120192,11.448779840012714,10.575098410810131
662282845,boot,42,0.7630534716676275,0.6791955875144821,11.448779840012714,8.873801022546417
662282845,boot,43,0.9218210261254376,0.7273372013269899,11.448779840012714,9.882176386163092
662282845,boot,44,0.8397220502889851,0.6500420288379277,11.448779840012714,8.84063178499656
662282845,boot,45,0.7402968226654941,0.701599157547852,11.448779840012714,15.189391414159303
662282845,boot,46,0.732967189947187,0.7013454600817497,11.448779840012714,10.904795091382653
662282845,boot,47,0.7263690989328306,0.6665366734591357,11.448779840012714,10.013281040397999
662282845,boot,48,0.7481039489007669,0.7239313930050142,11.448779840012714,13.034473095680406
662282845,boot,49,0.7429474243307347,0.7021379571674009,11.448779840012714,12.054731436589947
662282845,boot,50,0.7220092159605883,0.6744376795336846,11.448779840012714,6.911506768541528
662282845,boot,51,0.956106532085218,0.7698030919954333,11.448779840012714,4.353643987762325
662282845,boot,52,0.8384270439427136,0.6976774285453049,11.448779840012714,6.7485090133886105
662282845,boot,53,0.8593138200649046,0.632816805077759,11.448779840012714,8.413831575429185
662282845,boot,54,0.7538224038435729,0.6198812212847975,11.448779840012714,8.533395700538506
662282845,boot,55,0.700108598357431,0.7065366602493751,11.448779840012714,5.081054210710106
662282845,boot,56,0.7966287832394219,0.6841466456839186,11.448779840012714,6.736382287200257
662282845,boot,57,0.8039108481672809,0.7306226961791951,11.448779840012714,7.11689753764162
662282845,boot,58,0.7152051357001906,0.6889736906838777,11.448779840012714,6.998301780815353
662282845,boot,59,0.7115055860597296,0.7072793906993171,11.448779840012714,17.015499009942403
662282845,boot,60,0.7895462226453857,0.6601393128059304,11.448779840012714,5.012757938247688
662282845,boot,61,0.7946063122472634,0.7106039003935247,11.448779840012714,5.678585187875764
662282845,boot,62,1.0076270336275102,0.6907700561900942,11.448779840012714,10.881330007910805
662282845,boot,63,0.8834891000736089,0.7070151306994361,11.448779840012714,13.765648646973517
662282845,boot,64,0.7681413168918467,0.6525481290352185,11.448779840012714,8.336242205522467
662282845,boot,65,0.7683024454877213,0.6255781862856986,11.448779840012714,3.668668363099243
662282845,boot,66,0.8033296775326664,0.7392054561330557,11.448779840012714,15.00259876591267
662282845,boot,67,0.7713801967476044,0.6719192767237634,11.448779840012714,8.868392889856608
662282845,boot,68,0.6971277438301596,0.6814369502842241,11.448779840012714,10.824832417015529
662282845,boot,69,0.6850088538715243,0.611575471094663,11.448779840012714,8.214917240730829
662282845,boot,70,0.7209546886354965,0.7426354736470934,11.448779840012714,9.148101256944106
662282845,boot,71,0.8674108571157868,0.7139846838420147,11.448779840012714,13.383394689904605
662282845,boot,72,0.7906096812902996,0.7652389826369723,11.448779840012714,14.402614538624277
662282845,boot,73,0.8313366531274193,0.737110108803994,11.448779840012714,7.64824810110823
662282845,boot,74,0.8603584797817225,0.7699730511567773,11.448779840012714,12.659128685553156
662282845,boot,75,0.7930882570978172,0.7351945602028387,11.448779840012714,15.978910749060844
662282845,boot,76,0.7415602017771743,0.7118478781960889,11.448779840012714,15.67485483618925
662282845,boot,77,0.8402851201936969,0.5937456573845945,11.448779840012714,15.264889595950336
662282845,boot,78,0.7794814433933929,0.6496989340490888,11.448779840012714,13.179353294278176
662282845,boot,79,0.6549723380147849,0.6711323048333855,11.448779840012714,4.2723409675892015
662282845,boot,80,0.7465387818902239,0.6954953539887878,11.448779840012714,8.347081203525741
662282845,boot,81,0.7232284269241903,0.7049666567205481,11.448779840012714,11.222480927354951
662282845,boot,82,0.7808259841925185,0.6909231755891116,11.448779840012714,14.429605709086701
662282845,boot,83,0.8373985137678316,0.6077493282856562,11.448779840012714,7.832863658475077
662282845,boot,84,0.818450095947706,0.7193359788642627,11.448779840012714,15.585769056782311
662282845,boot,85,0.8673890107292334,0.6811123408016526,11.448779840012714,16.176480253214095
662282845,boot,86,0.7748164920484181,0.6788374099582599,11.448779840012714,7.193300766839712
662282845,boot,87,0.9824058327706594,0.6399054778761595,11.448779840012714,1.8742912457276475
662282845,boot,88,1.0332103388259495,0.6575613138400138,11.448779840012714,21.190760170702646
662282845,boot,89,0.8293942376281368,0.6985715964552428,11.448779840012714,11.330317864418916
662282845,boot,90,0.7840909642001526,0.6931054841766355,11.448779840012714,10.788202551383336
662282845,boot,91,0.680628121880264,0.7158605843981909,11.448779840012714,11.702124312862596
662282845,boot,92,0.9537040876182159,0.6706789099938378,11.448779840012714,16.53239223338946
662282845,boot,93,0.7591852672589153,0.7607126991249166,11.448779840012714,7.016855872932069
662282845,boot,94,0.8375573933614824,0.6570972714945884,11.448779840012714,1.8115693491670064
662282845,boot,95,0.7063599987626069,0.7257625877400158,11.448779840012714,11.060873054311184
662282845,boot,96,0.7480976907922691,0.7239313913410822,11.448779840012714,13.033822066987398
662282845,boot,97,0.7058976768501076,0.6852019886323168,11.448779840012714,7.1461929131892035
662282845,boot,98,0.6974717797378803,0.6842951836950568,11.448779840012714,13.368575087429994
662282845,boot,99,0.7332964772594794,0.6421325605406663,11.448779840012714,18.83779009698418
662282845,rot,0,0.7662428042281475,0.7475639961066471,79.19829877204958,77.32604934849012
662282845,rot,1,0.8129060687569102,0.6965737835595516,7.729169645755718,10.96981039405145
662282845,rot,2,0.21912993336255712,0.3896693176981635,59.96121438724117,118.04078834749951
662282845,rot,3,0.7738287195682113,0.653503071080012,4.211334540861542,0.11948890380040235
662282845,rot,4,0.7198952229714134,0.6989867355772437,86.30541268797644,84.02562430885362
662282845,rot,5,0.6774799726019083,0.6526552718282855,130.78730399101912,131.5525906633928
662282845,rot,6,0.7334726736010986,0.7445901291953207,136.08036853774237,131.73606249067257
662282845,rot,7,0.7490301173890127,0.7286800241433714,47.08832650538236,54.00457977480555
662282845,rot,8,0.760688691165499,0.708708726504731,48.23560327874639,52.35457468748132
662282845,rot,9,0.8753251245292477,0.6756138367821851,174.22228903335107,171.5261234792013
662282845,rot,10,0.8440016922562205,0.668137552283093,175.35651158630682,179.05021221963776
662282845,rot,11,0.8604805257604863,0.7116542793335375,30.646909789337894,26.13362195371908
662282845,rot,12,0.8211876106489677,0.6499460400484295,68.6118082943324,73.83442908516196
662282845,rot,13,0.6939023365843207,0.6801172913077171,131.18410506624895,129.28458500662958
662282845,rot,14,0.7893851372237508,0.6975515117695986,166.83203534918886,164.74276544327194
662282845,rot,15,0.6910616751142707,0.7028917453721786,38.26388832093268,35.71547445689387
662282845,rot,16,0.8171210069691315,0.7158233391745253,51.41777281966482,49.673443596243345
662282845,rot,17,0.3139224672306103,0.20073387478663873,109.6651573177783,78.94384117040238
662282845,rot,18,0.8858978294857812,0.6941565079628089,95.58447420206137,92.83298865890804
662282845,rot,19,0.6971183897218829,0.6429814413469122,158.19076227800093,163.01480394636386
662282845,rot,20,0.8047036856474307,0.5448541552931814,160.83389326453678,159.49540279326743
662282845,rot,21,0.8865569380347412,0.6021986929666756,150.5919142460456,159.1728518895548
662282845,rot,22,0.6858718565649154,0.7182898046709131,10.724818292116838,11.319110573443027
662282845,rot,23,0.7772807006226045,0.7520492919632509,100.2498272733969,102.1942930142747
662282845,rot,24,0.8620662751373569,0.7404257635059284,108.84929564086181,114.43585012776782
662282845,rot,25,0.9528122105399452,0.6499607480332769,87.94247561081498,85.75631642401225
662282845,rot,26,0.6813554206971397,0.725716405456003,56.31059160267053,57.67043801550607
662282845,rot,27,0.9290145641232279,0.6938730951698878,143.19010949688044,139.23069728517112
662282845,rot,28,0.7908528863946986,0.5818616453393293,130.04518449605067,128.87730459566845
662282845,rot,29,0.9026690620647191,0.6961580234719712,22.60072180146875,17.385581510869294
662282845,rot,30,0.8184292828581818,0.7514127125405247,55.905521259383974,50.706425422393295
662282845,rot,31,0.740843131143832,0.692217459313478,38.14733056626377,44.56062163604244
662282845,rot,32,0.8303981107777257,0.6309071457576954,156.36127511341115,154.0621058554222
662282845,rot,33,0.7629131670147448,0.6195723171962282,111.74376093785934,112.64174820751646
662282845,rot,34,0.6854653569836322,0.7013131663181458,134.6455299395473,128.36497295856148
662282845,rot,35,0.8394762759851753,0.687136414240195,92.9587193727,87.25576254574524
662282845,rot,36,0.615784914278601,0.6926082330450536,169.4919599422243,175.2119186398485
662282845,rot,37,0.6679416701629594,0.723210612649223,7.662399110609856,2.0910344515709895
662282845,rot,38,0.852049265679305,0.728115223496038,67.11742897321128,71.43054150601994
662282845,rot,39,0.7715497390038023,0.7083228336647291,8.659431512151244,179.99999999999997
662282845,rot,40,0.7197211925985012,0.6280827193798602,9.14086219050106,10.36440574947008
662282845,rot,41,0.8180432492473545,0.7710087261172911,8.154903748353895,10.098243743118699
662282845,rot,42,0.852111042333769,0.6753122725761956,118.65700497354281,119.38657611631149
662282845,rot,43,0.7109289042494914,0.702106608459111,160.22547541147085,162.05401199908144
662282845,rot,44,0.8902219467102463,0.6754118490902176,97.06476313204168,87.22713052085926
662282845,rot,45,0.6497650256319437,0.6986763620455116,165.1142978864147,159.33930365594375
662282845,rot,46,0.8786931930387821,0.7471546496286374,60.5014655323579,55.71564452781867
662282845,rot,47,0.7448489082770045,0.6641168407033118,24.496072598229276,19.260059749355406
662282845,rot,48,0.756503060786812,0.6945928095839367,11.802991449127255,16.967936752544233
662282845,rot,49,0.6621608262935986,0.7035038143875578,58.56433188343465,61.01137719706993
662283858,round,0,0.39640916075039734,0.1825466769781975,73.09884657365359,7.867721908593182
662283858,round,1,1.0699455796947417,0.37040017867866715,73.09884657365359,76.46146688070274
662283858,round,2,0.9239946546326353,0.3924952792805215,73.09884657365359,63.67144934615298
662283858,round,3,1.0012993983616447,0.4332121389271548,73.09884657365359,81.60581104945751
662283858,round,4,0.9628552684000063,0.35895517786783204,73.09884657365359,73.52542470847834
662283858,round,5,0.894292874391282,0.37883566325965057,73.09884657365359,73.23431923076436
662283858,round,6,1.9053177939546921,0.245741197014527,73.09884657365359,67.05034553632271
662283858,round,7,0.8429341792398408,0.4229583491029424,73.09884657365359,71.60849239208814
662283858,round,8,1.000290008824882,0.4023228831073097,73.09884657365359,58.689252113516886
662283858,round,9,0.2714173870268598,0.19426137977450275,73.09884657365359,131.31592068861553
662283858,round,10,0.9959084993764991,0.35330706089822705,73.09884657365359,79.38327219235346
662283858,round,11,0.8927550178477649,0.33047765985428845,73.09884657365359,73.04196480392672
662283858,round,12,1.1545631829808514,0.34998043546400304,73.09884657365359,64.10759795832126
662283858,round,13,1.1893409291817985,0.40106144569572877,73.09884657365359,70.44862927348106
662283858,round,14,1.0539718660807,0.10381276302103593,73.09884657365359,81.63511802899404
662283858,round,15,1.0060275742506353,0.30733657573907835,73.09884657365359,63.98382109379577
662283858,round,16,1.1889659718802714,0.3535618160141988,73.09884657365359,75.65368825196487
662283858,round,17,1.1600341194148922,0.32554945484068476,73.09884657365359,77.3472262430723
662283858,round,18,0.8862278846176846,0.26939497132985646,73.09884657365359,72.74948941870863
662283858,round,19,0.9996767771930014,0.3214953018863247,73.09884657365359,71.60308033830485
662283858,round,20,1.6058953449008802,0.34712843667157645,73.09884657365359,64.48558147155751
662283858,round,21,1.0524091705433747,0.46004817100213125,73.09884657365359,67.95090473328426
662283858,round,22,0.9931353654529453,0.35944390765305356,73.09884657365359,67.19091738044538
662283858,round,23,1.267256181976614,0.44504350105301593,73.09884657365359,70.91328393950371
662283858,round,24,0.3273918974567749,0.21343397461287905,73.09884657365359,173.69819417556772
662283858,round,25,0.9221947067782464,0.40911015717743016,73.09884657365359,79.71340616990398
662283858,round,26,1.2382405077845673,0.4208151351783168,73.09884657365359,75.66887369481697
662283858,round,27,1.0910629048376959,0.4369300243667369,73.09884657365359,73.65611271734525
662283858,round,28,0.34232057530276694,0.24593550067238013,73.09884657365359,4.811097781173771
662283858,round,29,1.2096410580989523,0.30566157468290656,73.09884657365359,51.81418606875525
662283858,round,30,1.0674482119289783,0.29137713610872795,73.09884657365359,75.38792643204275
662283858,round,31,0.7003345725550957,0.4070056529380668,73.09884657365359,71.60413828395372
662283858,round,32,0.3887462409975933,0.11328037057773843,73.09884657365359,158.0214278797194
662283858,round,33,0.9944354001463143,0.4348708595079295,73.09884657365359,60.11113149589011
662283858,round,34,1.026801673689606,0.3748560436804216,73.09884657365359,67.54446312559571
662283858,round,35,1.9439792779769276,0.39287890331104713,73.09884657365359,56.158287629943885
662283858,round,36,0.10332935712074817,0.1645852833860767,73.09884657365359,128.12055648800094
662283858,round,37,0.33989994358134606,0.24662021374067122,73.09884657365359,146.36360908977883
662283858,round,38,0.8648519296076247,0.5234604059202232,73.09884657365359,57.64492356359938
662283858,round,39,0.9239709190091959,0.46197351324453495,73.09884657365359,77.33271498052962
662283858,round,40,0.9762180749354963,0.48030826126404946,73.09884657365359,60.0961193027357
662283858,round,41,1.2238638492447236,0.41059618974531464,73.09884657365359,74.84693146696986
662283858,round,42,0.8901137798019331,0.46006327111558887,73.09884657365359,64.3437642600369
662283858,round,43,0.8229951849236182,0.21036998570675702,73.09884657365359,88.40962586309743
662283858,round,44,0.8950019170121355,0.3522152391021304,73.09884657365359,69.91659147424072
662283858,round,45,1.9977693343838603,0.27358464029499363,73.09884657365359,107.63218458511955
662283858,round,46,1.0018140011811467,0.3655355695526695,73.09884657365359,61.443520266178325
662283858,round,47,0.9588540858134553,0.3209057393463066,73.09884657365359,63.22753447401492
662283858,round,48,0.26853935088154135,0.2647206623770443,73.09884657365359,159.40602060977946
662283858,round,49,1.0949186812643557,0.3267176893671636,73.09884657365359,77.68288062562866
662283858,round,50,0.9014405931928232,0.36702616460718684,73.09884657365359,68.94829693775051
662283858,round,51,1.057532999011723,0.44825755505581766,73.09884657365359,75.29278725021334
662283858,round,52,0.987002348700859,0.36441612695155545,73.09884657365359,80.74678189633022
662283858,round,53,0.30359499549769,0.2000129373037669,73.09884657365359,0.3387128926309799
662283858,round,54,1.1241817349618102,0.4229327263120223,73.09884657365359,81.78007766282099
662283858,round,55,0.9239464117271173,0.4300067019339624,73.09884657365359,69.38324444465354
662283858,round,56,0.8339665768111886,0.4124360623599507,73.09884657365359,61.591871593349694
662283858,round,57,1.0034800199537937,0.3132211262874246,73.09884657365359,78.8364649069284
662283858,round,58,0.8908904517130378,0.4018510932304378,73.09884657365359,50.91565817044116
662283858,round,59,1.245779366135437,0.31631269411490215,73.09884657365359,77.3456252333664
662283858,round,60,1.0130428503115372,0.49484632820663566,73.09884657365359,74.54313482153299
662283858,round,61,1.2212600319522149,0.34435118092104733,73.09884657365359,67.54787898982639
662283858,round,62,1.0942392368740392,0.3267186385537705,73.09884657365359,77.743445352349
662283858,round,63,1.0795596524927153,0.43707927244980815,73.09884657365359,66.74180740883133
662283858,round,64,0.11909278451559299,0.18791347067409303,73.09884657365359,149.04099365477342
662283858,round,65,0.29997842301097916,0.2751389457877599,73.09884657365359,152.1218115967889
662283858,round,66,0.9865056348940691,0.3664177289205235,73.09884657365359,84.42619904803396
662283858,round,67,0.8313104969906218,0.3281047232539013,73.09884657365359,68.13378097172868
662283858,round,68,1.0732946813525748,0.31619840833544244,73.09884657365359,65.00450472921648
662283858,round,69,1.029875846167595,0.2941857978400485,73.09884657365359,70.20331492005238
662283858,round,70,0.9958776224222516,0.35330698184948484,73.09884657365359,79.38225120405995
662283858,round,71,0.7526963856111871,0.45125644868713155,73.09884657365359,63.31806415239305
662283858,round,72,0.29699632981682644,0.20660542141601113,73.09884657365359,177.37005467903228
662283858,round,73,1.5637311456585274,0.14175693850593674,73.09884657365359,135.3669463790814
662283858,round,74,1.015937786940473,0.2893065806233899,73.09884657365359,74.59581850629743
662283858,round,75,1.0460531872373726,0.32388941985661834,73.09884657365359,70.56752605915261
662283858,round,76,1.1438957291620946,0.4716078432639845,73.09884657365359,69.90583405049716
662283858,round,77,0.9447976122005072,0.2909289477691195,73.09884657365359,73.00988761851366
662283858,round,78,0.9992604477198551,0.5614346360639451,73.09884657365359,67.04212080214215
662283858,round,79,0.7317195063761505,0.34397939402877376,73.09884657365359,84.25532308033253
662283858,round,80,0.766628843110023,0.3572610288585508,73.09884657365359,76.26195359171446
662283858,round,81,0.9402840349102685,0.40729273253241227,73.09884657365359,70.68425787331198
662283858,round,82,0.3443789730442329,0.22434734456340188,73.09884657365359,3.9409201002945053
662283858,round,83,1.1265382618698694,0.3121464633663794,73.09884657365359,70.7797975580913
662283858,round,84,0.7929555101504662,0.39484623410419994,73.09884657365359,86.21754214922083
662283858,round,85,0.8568330972459488,0.33640915267815485,73.09884657365359,68.12939603191052
662283858,round,86,0.9758032351783644,0.4119048088318381,73.09884657365359,75.06743090207799
662283858,round,87,1.2316900871885395,0.4208163171308017,73.09884657365359,75.82469031890284
662283858,round,88,1.0678497458397798,0.13876281393915157,73.09884657365359,49.85145298866016
662283858,round,89,0.8134275263318685,0.3360143418111161,73.09884657365359,72.13693357100736
662283858,round,90,0.32217138224725855,0.20408767224865187,73.09884657365359,2.842170943040401e-14
662283858,round,91,0.9311799908195035,0.34958572978791025,73.09884657365359,68.25025138178646
662283858,round,92,1.070836952523605,0.35269022557897456,73.09884657365359,68.59915162504174
662283858,round,93,0.995079760432211,0.4477366254650209,73.09884657365359,68.6569925421103
662283858,round,94,1.4243097441170571,0.3764397865603296,73.09884657365359,65.35465923633993
662283858,round,95,0.42314351154470786,0.15312183154492665,73.09884657365359,129.92584044199288
662283858,round,96,1.266888637861774,0.44504334966115267,73.09884657365359,70.89863396930514
662283858,round,97,1.0492736973244021,0.46004762796600596,73.09884657365359,67.89143498761638
662283858,round,98,0.32845739078914654,0.24039309623337657,73.09884657365359,15.551686014687988
662283858,round,99,0.8327795606709852,0.41243502842959623,73.09884657365359,61.590596362455784
662283858,boot,0,1.001258448484161,0.3655272449779108,73.09884657365359,61.42480011721955
662283858,boot,1,1.199566953269625,0.4359317116613236,73.09884657365359,80.56684016917637
662283858,boot,2,0.9503063591318317,0.4092080825134612,73.09884657365359,70.25950188311201
662283858,boot,3,1.2241004568500993,0.41061111460524125,73.09884657365359,74.86116831883425
662283858,boot,4,0.15381418969171515,0.17098184138589478,73.09884657365359,175.27999977084514
662283858,boot,5,1.1925109848257096,0.32630941663497903,73.09884657365359,81.93476373861097
662283858,boot,6,1.1259123385269165,0.3121571585988454,73.09884657365359,70.79739665792965
662283858,boot,7,0.9221968059416707,0.23334377272644669,73.09884657365359,74.49110554739326
662283858,boot,8,1.2891092989286594,0.3671586106105478,73.09884657365359,67.37239634863153
662283858,boot,9,1.1977960281448272,0.272539818487609,73.09884657365359,65.67435228176032
662283858,boot,10,1.124299053346061,0.4229331194156556,73.09884657365359,81.78454487054961
662283858,boot,11,0.7867995874894855,0.3948114673435248,73.09884657365359,86.39483574472612
662283858,boot,12,0.9210822601075823,0.4299685473944097,73.09884657365359,69.3124342988225
662283858,boot,13,0.8823584324186394,0.33573563317214905,73.09884657365359,75.23656165152504
662283858,boot,14,0.1042906829713884,0.11551953299662188,73.09884657365359,16.502200076834473
662283858,boot,15,1.0362653410243137,0.31131612850053236,73.09884657365359,72.70526852049719
662283858,boot,16,0.4122379771999241,0.24732808039005472,73.09884657365359,167.3960704992001
662283858,boot,17,0.2376372405969697,0.21416760491987885,73.09884657365359,11.364077322727269
662283858,boot,18,0.8697561970751354,0.23166585266447404,73.09884657365359,51.47047505727946
662283858,boot,19,0.9108508874335202,0.43557647758931395,73.09884657365359,76.64388473742171
662283858,boot,20,0.9744594892889192,0.41644837798126155,73.09884657365359,70.1477582136336
662283858,boot,21,1.0592466340393942,0.3320959551467044,73.09884657365359,71.30099383529424
662283858,boot,22,0.42052687057119364,0.24910235283119508,73.09884657365359,159.479991268343
662283858,boot,23,1.08372695667249,0.33692490321953383,73.09884657365359,72.97321368163705
662283858,boot,24,0.7645505143874881,0.29343910196377765,73.09884657365359,76.48769022230388
662283858,boot,25,1.0378219948648588,0.35971145288103623,73.09884657365359,74.05138930648519
662283858,boot,26,0.9600545808516833,0.426448093947707,73.09884657365359,87.5519384548273
662283858,boot,27,1.0867422134774876,0.2956709099640955,73.09884657365359,61.98037715826189
662283858,boot,28,1.3161953902310757,0.4309623869036546,73.09884657365359,75.37013506384648
662283858,boot,29,1.1273808981077973,0.3121578171881494,73.09884657365359,70.76548826628562
662283858,boot,30,0.9427032555708965,0.48668757537927476,73.09884657365359,77.53776862641219
662283858,boot,31,0.9958080538456113,0.4519145941647239,73.09884657365359,76.6945462321158
662283858,boot,32,1.1861310207731768,0.4292110308469309,73.09884657365359,85.4191921664443
662283858,boot,33,1.0070069188710034,0.37540248288819944,73.09884657365359,60.79401400582813
662283858,boot,34,0.8994391073709844,0.4640606692001281,73.09884657365359,77.3751493017495
662283858,boot,35,0.9279474232872269,0.3245690843179764,73.09884657365359,70.7511335487749
662283858,boot,36,0.867543814675316,0.37885874325105506,73.09884657365359,74.03935649576735
662283858,boot,37,1.2194913233275784,0.4887438497101263,73.09884657365359,78.3885373138275
662283858,boot,38,0.4052261783704332,0.17768358066972023,73.09884657365359,154.3271529553175
662283858,boot,39,0.4166981959023717,0.20962617367285674,73.09884657365359,45.96105125911569
662283858,boot,40,0.21513179669873234,0.1543563409704224,73.09884657365359,17.911481104404317
662283858,boot,41,1.0915190951222948,0.3710465738547617,73.09884657365359,69.00930999003026
662283858,boot,42,1.02158074428056,0.3312318088664816,73.09884657365359,78.4952965005582
662283858,boot,43,1.0540280922925365,0.35956362786361185,73.09884657365359,75.54192033796042
662283858,boot,44,0.9776553317789096,0.4471943492684637,73.09884657365359,85.45603617320252
662283858,boot,45,3.1293644358685837,0.16923427209114483,73.09884657365359,45.456094775507324
662283858,boot,46,1.017461446218557,0.4137340663918325,73.09884657365359,76.14601523117909
662283858,boot,47,0.8353682452667729,0.38414091723296373,73.09884657365359,84.54336955278394
662283858,boot,48,0.9987537778612582,0.3900378214389574,73.09884657365359,77.09844083012433
662283858,boot,49,0.9709815262472864,0.31887867367447276,73.09884657365359,72.64383038093293
662283858,boot,50,1.00671550190521,0.37540272794947815,73.09884657365359,60.80609143580858
662283858,boot,51,1.0411213592564712,0.3369653647321811,73.09884657365359,77.01331032287123
662283858,boot,52,0.1492142018136714,0.10188163399265648,73.09884657365359,162.61618636581898
662283858,boot,53,1.0411107163761846,0.30135356672119695,73.09884657365359,75.91804604599639
662283858,boot,54,0.3417981661052766,0.2459321240615493,73.09884657365359,4.66904086955218
662283858,boot,55,0.8813857268126702,0.40722529233841886,73.09884657365359,71.60253005619653
662283858,boot,56,0.9514375963353529,0.24783228042129313,73.09884657365359,64.02125844111309
662283858,boot,57,0.9611012777741891,0.34873147779636793,73.09884657365359,82.35580610200903
662283858,boot,58,1.033066077357935,0.29417987451245353,73.09884657365359,70.52379221383393
662283858,boot,59,0.92383196110646,0.3924943180745606,73.09884657365359,63.682402821945495
662283858,boot,60,2.0016568481990076,0.30706017885383496,73.09884657365359,65.79200448359308
662283858,boot,61,1.057373366470104,0.416203155217835,73.09884657365359,73.31157475915342
662283858,boot,62,0.5548379381571037,0.19031821722109876,73.09884657365359,13.996860934945602
662283858,boot,63,0.951583646778145,0.3258288492378888,73.09884657365359,74.39824781896588
662283858,boot,64,1.1262870653538959,0.31215751333167496,73.09884657365359,70.78385279065668
662283858,boot,65,4.350610981381171,0.2265756580257564,73.09884657365359,65.1691898997068
662283858,boot,66,1.0322080077362703,0.269130604555211,73.09884657365359,81.70052913938159
662283858,boot,67,1.1379030031283617,0.3986170563781417,73.09884657365359,78.90492361197727
662283858,boot,68,1.1181120887289913,0.36699962237647943,73.09884657365359,83.28527703284419
662283858,boot,69,0.377576245272418,0.2798504443065989,73.09884657365359,8.421223540562721
662283858,boot,70,1.348927035132694,0.3956923665320202,73.09884657365359,65.29673225484885
662283858,boot,71,1.0686633171720177,0.3704038856814412,73.09884657365359,76.53751823091915
662283858,boot,72,1.1029315605843666,0.4039444735757851,73.09884657365359,73.39685996854138
662283858,boot,73,0.9423807764670127,0.46080125199003696,73.09884657365359,70.87967531259311
662283858,boot,74,0.18862725839438477,0.19267893853851792,73.09884657365359,1.457534772544392
662283858,boot,75,1.1675843866661428,0.45441462586399173,73.09884657365359,65.46289425501482
662283858,boot,76,0.8803178418375812,0.3990179069192985,73.09884657365359,75.08090059640118
662283858,boot,77,0.3035184614835544,0.20000062820776243,73.09884657365359,0.33473016238298214
662283858,boot,78,0.8427708272435719,0.353809397862899,73.09884657365359,63.96157240407261
662283858,boot,79,0.33375514044868604,0.24285311927776176,73.09884657365359,164.2778648469593
662283858,boot,80,1.2732086439330514,0.3912469697893469,73.09884657365359,76.17583191302299
662283858,boot,81,1.2207769458153641,0.488744360224995,73.09884657365359,78.40824379204503
662283858,boot,82,1.086612725448339,0.3521372462034974,73.09884657365359,59.684673960903694
662283858,boot,83,0.9916962007147232,0.30697112954040784,73.09884657365359,61.810657843829915
662283858,boot,84,1.154260615114244,0.3915496131632519,73.09884657365359,70.975911233121
662283858,boot,85,1.004346623456561,0.43016484990269177,73.09884657365359,70.95077908439828
662283858,boot,86,1.091629134831954,0.35263334897104326,73.09884657365359,75.06544289190151
662283858,boot,87,0.9424360044601043,0.4452483293044821,73.09884657365359,75.3850212895297
662283858,boot,88,0.994967503493786,0.434848436709822,73.09884657365359,60.119257757733976
662283858,boot,89,0.417698865948175,0.24829650894858513,73.09884657365359,155.60942650772606
662283858,boot,90,1.1269088010115353,0.312157688789813,73.09884657365359,70.78378716600747
662283858,boot,91,0.9975069005042319,0.46645243640374756,73.09884657365359,82.38003779214858
662283858,boot,92,1.0055702414796843,0.3754024995320998,73.09884657365359,60.78623023555235
662283858,boot,93,1.0749351690501576,0.29139218412570045,73.09884657365359,75.01644885720407
662283858,boot,94,0.9944492918616659,0.3594295951090447,73.09884657365359,67.21190897196773
662283858,boot,95,0.5441702344217181,0.177719036337194,73.09884657365359,3.550824188956255
662283858,boot,96,0.8107263949623676,0.42300135263793803,73.09884657365359,72.56631857382817
662283858,boot,97,1.2444267861531073,0.39746634074468723,73.09884657365359,77.71588502091117
662283858,boot,98,0.9438147252992505,0.29091866348605644,73.09884657365359,72.89322159449006
662283858,boot,99,0.39242722595535234,0.2478287219595552,73.09884657365359,153.67676045883454
662283858,rot,0,1.3574503229174275,0.35002835303819124,106.01406036007538,104.08250701626062
662283858,rot,1,0.9542393367267685,0.2290692249213263,176.53098734312906,172.50709782303136
662283858,rot,2,0.1988999474305692,0.2106312041184668,129.59887336268005,43.66228912710645
662283858,rot,3,0.9054701942852925,0.31570753181493927,113.80306628508512,117.92365819166108
662283858,rot,4,0.9472547047968048,0.48365423425757303,100.8266219009988,105.2139263740913
662283858,rot,5,1.1367331694419651,0.13843080900190896,162.9929670302471,0.6854382116046054
662283858,rot,6,0.7343515713406572,0.30644936412562007,146.30557562608385,134.45175295915274
662283858,rot,7,1.1553049446052472,0.3915638176872438,73.0043535997863,70.95378446223842
662283858,rot,8,0.5359594558840981,0.187899264538139,139.6324440577512,49.61038975578713
662283858,rot,9,1.0646612791041676,0.3763849880844743,112.01630646151817,119.80277094354346
662283858,rot,10,0.11467216945412168,0.20705782700447917,28.093206684028424,135.73151362192996
662283858,rot,11,0.7839929408348442,0.40226945020526683,86.31535363292829,71.51850793883887
662283858,rot,12,0.9560063133631209,0.3018540219640342,142.85186648424636,136.20520303317764
662283858,rot,13,1.0346394152910772,0.403972801816486,102.56912950931206,103.70711027108263
662283858,rot,14,1.071886209191953,0.4053061684862409,107.60505643283601,108.77574461784926
662283858,rot,15,1.1582158531537974,0.43533195650722634,83.66393999130887,90.30773377192646
662283858,rot,16,0.9541799056734978,0.3424497731704811,45.891705896754694,60.01123082091497
662283858,rot,17,0.8727899307108336,0.41926791049832646,52.35564126804037,66.96518542109209
662283858,rot,18,1.013593675527999,0.26306433611982794,22.12750297091639,28.45621976004209
662283858,rot,19,0.868112658971794,0.40154510464197324,25.558454505865114,23.67319731114435
662283858,rot,20,0.9951155458786787,0.4517031270046111,72.5810514319718,76.18907663843105
662283858,rot,21,0.38605542625424705,0.1468310017810044,137.61187426106233,42.57413899291146
662283858,rot,22,0.9495413297733144,0.33060233965943686,74.24967588036199,79.2079439284261
662283858,rot,23,0.7548964660945203,0.4096138029561728,28.62641019222761,16.81555980677581
662283858,rot,24,0.33674290372034765,0.14974208946145817,144.82607833692379,30.04734426527395
662283858,rot,25,1.2358884794648817,0.42090227540911385,73.29647854685874,75.85409501725653
662283858,rot,26,0.8904727912391206,0.4431798603286653,109.96903976743869,105.89326456880649
662283858,rot,27,0.10392687135991026,0.15836744095317767,47.95603555294305,148.70650412300404
662283858,rot,28,0.7905157917821417,0.29169472543670294,111.94099051949891,116.99111760903078
662283858,rot,29,1.1392293436594727,0.3775382664638911,80.07584149672007,87.77722418618421
662283858,rot,30,0.9045374240190365,0.4613435018856331,41.442120980465795,33.08322637182144
662283858,rot,31,1.2935239072759002,0.307586805648288,65.30925145299108,73.48849416342819
662283858,rot,32,0.9922407467348787,0.36583735614805934,27.708506736440935,18.70585769906477
662283858,rot,33,0.20910601291830627,0.16771802663813362,43.272080496109325,120.05757502373373
662283858,rot,34,0.45183094139738783,0.16053793108828163,115.86615806031709,19.281704373829
662283858,rot,35,0.893768098435874,0.3465224120133735,38.947286011555434,21.527075215697607
662283858,rot,36,1.019032339478153,0.38626243559363926,119.45773112262198,135.36686434155584
662283858,rot,37,0.7194321972393967,0.2860225646526089,171.04487155213127,171.08699864918657
662283858,rot,38,0.8782390925334491,0.28324042194828214,142.76065115333049,142.5234956797422
662283858,rot,39,0.8200064529760054,0.33357455398494695,7.447758761696339,9.403237299920875e-09
662283858,rot,40,0.38616603540651223,0.16339718954743432,136.91352727238797,57.488559317946404
662283858,rot,41,1.0365656340053304,0.4051760919456763,9.8618564570155,179.9999998981648
662283858,rot,42,0.17679410806410503,0.1756484151081391,146.48547815405718,60.437191086832065
662283858,rot,43,1.3625952342106749,0.36842477837358845,106.26107755763907,112.8072986346885
662283858,rot,44,0.9703316759909186,0.3956162998129733,15.088342372127393,21.814215699167534
662283858,rot,45,0.9056601316960666,0.3989527890498741,22.753069413462597,20.53381340494343
662283858,rot,46,0.9122178472861721,0.3253836857264686,127.38508080196173,127.42600214258897
662283858,rot,47,1.052541973841703,0.4373927697746619,36.46647551337045,41.35478033572167
662283858,rot,48,0.8416289421089723,0.312979482222148,90.89685894827568,100.06314671019796
662283858,rot,49,0.8173393629309266,0.33816643323121964,156.1861542522605,157.1837291971399
662284816,round,0,1.319220340541422,0.5836877460971712,179.0165897957312,179.3509752969569
662284816,round,1,1.0466579699661345,0.5974292623798341,179.0165897957312,173.575800543071
662284816,round,2,0.7914467035606275,0.5755188512064975,179.0165897957312,5.553474664176463
662284816,round,3,0.9479412944336616,0.5640005871586099,179.0165897957312,179.99999999999997
662284816,round,4,0.9716039943128666,0.6242238533992541,179.0165897957312,176.4894607213395
662284816,round,5,1.0903126570482125,0.5915146897582308,179.0165897957312,171.76451187190014
662284816,round,6,0.8777626219735734,0.6221370370111097,179.0165897957312,2.842170943040401e-14
662284816,round,7,1.0140201029256153,0.5257181553729097,179.0165897957312,0.36573086874608407
662284816,round,8,1.000652287439582,0.6969387251256061,179.0165897957312,4.210979186332082
662284816,round,9,1.2134034869369097,0.5580798682938197,179.0165897957312,0.8431491001323366
662284816,round,10,0.9967500250657945,0.5829528458041502,179.0165897957312,178.4767907221692
662284816,round,11,1.2510927599966524,0.5318475130496298,179.0165897957312,1.4875884043458996
662284816,round,12,1.0075078333573282,0.5818947309681601,179.0165897957312,11.098274278615861
662284816,round,13,1.145973183221573,0.7080275872293434,179.0165897957312,174.45913952631125
662284816,round,14,0.9403216443391653,0.6125060052777249,179.0165897957312,174.42295667272344
662284816,round,15,0.8646369128542947,0.680930869309551,179.0165897957312,10.93620063548704
662284816,round,16,1.0392407077816983,0.6671946831288209,179.0165897957312,176.2446988171002
662284816,round,17,1.154938510713989,0.6101152332371963,179.0165897957312,177.35113393453366
662284816,round,18,0.9535514208807236,0.6920998516432091,179.0165897957312,5.362965555018132
662284816,round,19,1.1047201894607952,0.5499175718114366,179.0165897957312,170.1052781895546
662284816,round,20,1.2664204332384215,0.5539468709899467,179.0165897957312,176.88784151850285
662284816,round,21,1.07120749037693,0.5842936756556985,179.0165897957312,2.3002684201856027e-08
662284816,round,22,1.250563971163165,0.651550995215725,179.0165897957312,5.422059988437098
662284816,round,23,0.9431673777628657,0.629416612882664,179.0165897957312,7.517405877334227
662284816,round,24,0.8845560639333787,0.5613671288214201,179.0165897957312,3.902035649083416
662284816,round,25,0.9243316235619724,0.5857135090808171,179.0165897957312,179.75351661005578
662284816,round,26,0.9262051684794481,0.5512025957843728,179.0165897957312,177.47720755116822
662284816,round,27,0.9967399002543412,0.6203933771224395,179.0165897957312,176.69191884910362
662284816,round,28,0.9263148844001811,0.6407418056396014,179.0165897957312,178.67437915648398
662284816,round,29,0.9329604432996501,0.5349661994107773,179.0165897957312,176.7752159871424
662284816,round,30,0.8679347493471977,0.5368365017149379,179.0165897957312,179.99999999999997
662284816,round,31,1.036808608495872,0.663292404531107,179.0165897957312,5.295671615727116
662284816,round,32,0.9868881788542241,0.6240680679354988,179.0165897957312,5.66112894218449
662284816,round,33,1.0362207368525642,0.6813491558674436,179.0165897957312,170.03624625317548
662284816,round,34,1.0048604066217577,0.5614399797975238,179.0165897957312,177.93105621992248
662284816,round,35,0.7914698749496755,0.575518851697395,179.0165897957312,5.550857563624033
662284816,round,36,0.8975697750193034,0.6064579964618093,179.0165897957312,4.547529827783933
662284816,round,37,1.217087019019874,0.6130811316619262,179.0165897957312,1.403888700546645
662284816,round,38,0.8973155560442292,0.6782315383600283,179.0165897957312,3.997664059017751
662284816,round,39,0.9927832116304679,0.6299375608286464,179.0165897957312,179.9999999999999
662284816,round,40,0.9037677331247426,0.5929120518708928,179.0165897957312,173.58061076253637
662284816,round,41,1.0524728134472643,0.5679517784485963,179.0165897957312,178.1354887716476
662284816,round,42,1.03247775225976,0.5940802339822426,179.0165897957312,178.38100875706414
662284816,round,43,0.88452193829367,0.5613671283452601,179.0165897957312,3.9020147828520635
662284816,round,44,0.887648240549235,0.5561045004882723,179.0165897957312,171.3599581237425
662284816,round,45,1.1105044703250406,0.5688304402094294,179.0165897957312,0.11043010527620822
662284816,round,46,0.8615842117054666,0.6268376225124377,179.0165897957312,1.0686280365149832
662284816,round,47,1.0963210500230558,0.5780594676334996,179.0165897957312,172.60474556811857
662284816,round,48,0.8720881410567787,0.513076729886478,179.0165897957312,3.23202542803502
662284816,round,49,0.9696654329888129,0.5064756080920371,179.0165897957312,179.11463019042202
662284816,round,50,0.8791383535711832,0.5154770298457116,179.0165897957312,3.3652734315037325
662284816,round,51,1.1315727232398234,0.570050625140208,179.0165897957312,167.73412179705343
662284816,round,52,1.0555593672289478,0.5767709967226881,179.0165897957312,4.663709572076343
662284816,round,53,1.0336840884285516,0.5230079843707542,179.0165897957312,179.65405304905892
662284816,round,54,1.0192600362114903,0.6099131772209001,179.0165897957312,0.4080983246865344
662284816,round,55,1.3519649802200209,0.6189698615326524,179.0165897957312,1.8216797171177035
662284816,round,56,0.7260851634352704,0.6646962068069153,179.0165897957312,2.842170943040401e-14
662284816,round,57,1.0835578568417827,0.5968228087080174,179.0165897957312,175.29744854438877
662284816,round,58,1.0971543735737883,0.604579020351616,179.0165897957312,2.452627751233294
662284816,round,59,0.910004613809968,0.4941495494081206,179.0165897957312,179.26706328461708
662284816,round,60,0.9145564307824445,0.5856910471116095,179.0165897957312,172.63052578080422
662284816,round,61,0.8701472654412876,0.6015123518237504,179.0165897957312,173.1467075862849
662284816,round,62,0.24426510925005365,0.30804345274175227,179.0165897957312,77.28289671853443
662284816,round,63,0.7934636467209266,0.6185113465171619,179.0165897957312,3.3788973593235028
662284816,round,64,0.8773345790936917,0.6596178596201098,179.0165897957312,177.70862446040556
662284816,round,65,0.8773345790936917,0.6596178596201098,179.0165897957312,177.70862446040556
662284816,round,66,0.6640006523476657,0.6323395901202521,179.0165897957312,170.16209505304107
662284816,round,67,0.888530333982476,0.5648549129191214,179.0165897957312,5.392360353531643
662284816,round,68,1.0868495973025578,0.6598145674124918,179.0165897957312,3.956570313007063
662284816,round,69,0.9661508229717416,0.586320308908052,179.0165897957312,172.8875412873875
662284816,round,70,1.0423370323895584,0.5681975048676293,179.0165897957312,176.38605569703026
662284816,round,71,1.2210509701346353,0.5714013396104092,179.0165897957312,3.2681454771704637
662284816,round,72,0.8104314250902397,0.6611146288135225,179.0165897957312,176.62265100245335
662284816,round,73,0.9399262413780228,0.670034072129532,179.0165897957312,177.46632957064227
662284816,round,74,1.124415489690282,0.5471324126577712,179.0165897957312,172.91379096947185
662284816,round,75,1.0348344924316277,0.6523828142680727,179.0165897957312,1.2416432188870061
662284816,round,76,0.9736613050861957,0.5773806184512844,179.0165897957312,2.842170943040401e-14
662284816,round,77,1.0724416158551269,0.6250253296707184,179.0165897957312,2.032264446272933
662284816,round,78,1.0048163258617802,0.5614399799203249,179.0165897957312,177.93199612439827
662284816,round,79,0.8751973406953127,0.6443433455188985,179.0165897957312,3.5492229208756783
662284816,round,80,1.0971207748950016,0.5168527442069829,179.0165897957312,179.70594005542034
662284816,round,81,1.145482453633702,0.2925514748688649,179.0165897957312,2.805350001944973
662284816,round,82,1.0945682160250385,0.608971806363326,179.0165897957312,1.7945571982968715
662284816,round,83,1.0769079727694,0.6363158791925719,179.0165897957312,1.968736652219505
662284816,round,84,1.0039887405547534,0.6193227667459824,179.0165897957312,6.6081767850711515
662284816,round,85,1.0324674552238242,0.5940802344381666,179.0165897957312,178.38110121485064
662284816,round,86,1.292707297455665,0.6343719594616004,179.0165897957312,173.76941971097406
662284816,round,87,1.131573624632221,0.5700506253134128,179.0165897957312,167.73400273803543
662284816,round,88,0.8228562689984065,0.4812907460263347,179.0165897957312,11.898779382907344
662284816,round,89,1.1050485585549794,0.6012132966873605,179.0165897957312,2.842170943040401e-14
662284816,round,90,1.251484092260631,0.5318475120503001,179.0165897957312,1.4915319359632804
662284816,round,91,0.9064408011634861,0.599768534943384,179.0165897957312,1.6409788437407258
662284816,round,92,0.9949554841746573,0.5271734992813282,179.0165897957312,170.62857969178606
662284816,round,93,0.875193888522339,0.6443433455424952,179.0165897957312,3.5491107368573895
662284816,round,94,1.096997355168311,0.661063399191325,179.0165897957312,5.060512547234481
662284816,round,95,0.9148828332127574,0.6737351304970103,179.0165897957312,2.1283713433911373
662284816,round,96,0.7341927675691354,0.6205714659811499,179.0165897957312,177.17742103451596
662284816,round,97,1.250563971163165,0.651550995215725,179.0165897957312,5.422059988437098
662284816,round,98,1.1334081137500074,0.6298349702645725,179.0165897957312,177.11440543663468
662284816,round,99,0.9537608295694022,0.5605931540591422,179.0165897957312,176.10853133946068
662284816,boot,0,0.8068375603148707,0.5692587413602807,179.0165897957312,179.99999999999997
662284816,boot,1,0.4920518304970814,0.5697238047510254,179.0165897957312,2.7320849983565103
662284816,boot,2,0.46585727914094066,0.6359633462248448,179.0165897957312,6.059454668604928
662284816,boot,3,0.5106396761145799,0.6316961171681365,179.0165897957312,0.17528370076501856
662284816,boot,4,0.4582864608140026,0.5932859287152736,179.0165897957312,179.86348461153875
662284816,boot,5,0.45678353401172206,0.5663159026052869,179.0165897957312,174.78599706123296
662284816,boot,6,0.5634887395581288,0.5665658506760805,179.0165897957312,174.18722804687397
662284816,boot,7,0.5620532688937063,0.5966693887362673,179.0165897957312,2.6363512860401777
662284816,boot,8,0.46716126501257926,0.6039457664629289,179.0165897957312,177.56701058051016
662284816,boot,9,0.4031447653734304,0.5957461040683973,179.0165897957312,7.617018127348274e-12
662284816,boot,10,0.48541471043230117,0.6369421114852334,179.0165897957312,177.77569738653838
662284816,boot,11,0.5845676526255538,0.6254643305389231,179.0165897957312,176.87314602589953
662284816,boot,12,0.5525596578532023,0.6155671701255157,179.0165897957312,178.30995235545532
662284816,boot,13,0.6771740947005414,0.5124009529929177,179.0165897957312,174.8796759486866
662284816,boot,14,0.5016248990164183,0.558124374519253,179.0165897957312,179.86697535649992
662284816,boot,15,0.4670364023709098,0.5520273826346578,179.0165897957312,177.92078888369667
662284816,boot,16,0.5337854912917677,0.6184518759001175,179.0165897957312,176.8560937218103
662284816,boot,17,0.5824567561742884,0.6684016202137518,179.0165897957312,176.74815246635734
662284816,boot,18,0.5505609206669385,0.6080935445109685,179.0165897957312,179.66451081184434
662284816,boot,19,0.5054324499587,0.6696748123204829,179.0165897957312,0.807807529249178
662284816,boot,20,0.48388023617171694,0.610217680613952,179.0165897957312,2.842170943040401e-14
662284816,boot,21,0.47262195855801425,0.5553893131543184,179.0165897957312,3.743580998887751
662284816,boot,22,0.47518013300559125,0.6184648652305527,179.0165897957312,0.23430462414646058
662284816,boot,23,0.42805042330780635,0.6461419559791648,179.0165897957312,178.790996352042
662284816,boot,24,0.42218453956508445,0.5113155012833235,179.0165897957312,178.29680907932317
662284816,boot,25,0.614000781421112,0.6004282255886122,179.0165897957312,179.5658569948151
662284816,boot,26,0.4769825215879504,0.6381703011970788,179.0165897957312,179.7300541094972
662284816,boot,27,0.4864002060815536,0.5869133614276045,179.0165897957312,3.2358004309044035
662284816,boot,28,0.5904897251713828,0.6229648847277446,179.0165897957312,3.482901078863573
662284816,boot,29,0.47594096677818876,0.5801789348851341,179.0165897957312,2.5731816141600294
662284816,boot,30,0.5470138731235923,0.656318562664505,179.0165897957312,4.803499377858145
662284816,boot,31,0.45017751903699765,0.6275553970057963,179.0165897957312,1.5275531950464938e-09
662284816,boot,32,0.4227835865263783,0.6085348879915647,179.0165897957312,5.44660457794256
662284816,boot,33,0.37599474708250974,0.608672766914277,179.0165897957312,0.3407880140500601
662284816,boot,34,0.47666152501239356,0.6288100952383047,179.0165897957312,178.45646284948396
662284816,boot,35,0.48250017309286264,0.6656257697379795,179.0165897957312,3.074504869925292
662284816,boot,36,0.48113665310289705,0.6600780555361015,179.0165897957312,178.5843612725032
662284816,boot,37,0.7011882739710067,0.600694108579827,179.0165897957312,4.157873376914893
662284816,boot,38,0.510639046539582,0.6316961171608353,179.0165897957312,0.17528785317526285
662284816,boot,39,0.662043784835343,0.6597833075439807,179.0165897957312,8.097516028753716
662284816,boot,40,0.41699209227921286,0.5929155133183079,179.0165897957312,178.38165840400833
662284816,boot,41,0.4527190788226586,0.5689959008104525,179.0165897957312,1.01124071230646
662284816,boot,42,0.4206902022409279,0.5627043293741452,179.0165897957312,177.22689865477392
662284816,boot,43,0.503876799458704,0.6085891071057646,179.0165897957312,179.6448104735818
662284816,boot,44,0.4077406736943566,0.5896815419736716,179.0165897957312,179.77320961514008
662284816,boot,45,0.4201038952370022,0.5785339511019048,179.0165897957312,177.54791096871213
662284816,boot,46,0.4125873863084376,0.5363185693366589,179.0165897957312,179.83356801636043
662284816,boot,47,0.45959913145218945,0.5363206464366528,179.0165897957312,178.19024987853302
662284816,boot,48,0.8041357625629848,0.5707597912837424,179.0165897957312,2.7836564238820927
662284816,boot,49,0.5031191487482769,0.6882940105855887,179.0165897957312,177.29077279202676
662284816,boot,50,0.46769760703464774,0.6042734763028543,179.0165897957312,175.32833182845684
662284816,boot,51,0.5616611345993989,0.48062256846878504,179.0165897957312,2.7593782903603894
662284816,boot,52,0.505391190582918,0.6177035734834491,179.0165897957312,0.7962735665331079
662284816,boot,53,0.504706573444413,0.6664441153965716,179.0165897957312,178.26563764030934
662284816,boot,54,0.4420998070597491,0.6338233520223537,179.0165897957312,2.2216812003532027
662284816,boot,55,0.5038619899724146,0.6085891073241094,179.0165897957312,179.6448153124158
662284816,boot,56,0.6645859824444684,0.5873688089267599,179.0165897957312,4.283691397478719
662284816,boot,57,0.42276265587772627,0.6085348859439659,179.0165897957312,5.4480149415660435
662284816,boot,58,0.45926951765851104,0.6174530407613386,179.0165897957312,0.6368922447072123
662284816,boot,59,0.4730770966967704,0.4875053795346783,179.0165897957312,177.8241300384332
662284816,boot,60,0.46369713722816147,0.6888359561082151,179.0165897957312,179.148979657402
662284816,boot,61,0.5442253706179757,0.567570998551364,179.0165897957312,178.45119929697807
662284816,boot,62,0.48304020227637956,0.49737773921903095,179.0165897957312,0.42331019567441946
662284816,boot,63,0.5620327330935632,0.5966693885385652,179.0165897957312,2.6371904548769396
662284816,boot,64,0.46585727914094066,0.6359633462248448,179.0165897957312,6.059454668604928
662284816,boot,65,0.52523113653449,0.5473818778999738,179.0165897957312,3.877175904646151
662284816,boot,66,0.43624940065198325,0.6610357424295015,179.0165897957312,178.9846710669547
662284816,boot,67,0.5566134486114074,0.6667032391680073,179.0165897957312,6.948545713587556
662284816,boot,68,0.5216406448978453,0.6673933198724481,179.0165897957312,1.2846919114360382
662284816,boot,69,0.46900490361990604,0.6528521885002709,179.0165897957312,1.4126986924912899
662284816,boot,70,0.5000386205787598,0.6061116507730464,179.0165897957312,174.84631790140557
662284816,boot,71,0.5517200693979113,0.6097627804946607,179.0165897957312,178.5831302425273
662284816,boot,72,0.5460734950493733,0.5643985420367855,179.0165897957312,0.7595547669700982
662284816,boot,73,0.44624841006936466,0.5576070609577257,179.0165897957312,177.7037380452661
662284816,boot,74,0.4582882600089507,0.5932859287607568,179.0165897957312,179.86306263369823
662284816,boot,75,0.49675271882815264,0.6721768443392719,179.0165897957312,0.8258764697888895
662284816,boot,76,0.5046994842472426,0.6664441154566509,179.0165897957312,178.26554398391036
662284816,boot,77,0.5114747573596021,0.6436274381004488,179.0165897957312,176.35648734270362
662284816,boot,78,0.4574736510541027,0.5627375272617521,179.0165897957312,2.842414487023614
662284816,boot,79,0.44229156789595514,0.6076214388679125,179.0165897957312,179.43186393321207
662284816,boot,80,0.4722788447249449,0.638274871066246,179.0165897957312,3.6096338976785773
662284816,boot,81,0.5931736355469931,0.606266765101953,179.0165897957312,177.26084159707446
662284816,boot,82,0.4769825215879504,0.6381703011970788,179.0165897957312,179.7300541094972
662284816,boot,83,0.5460943851146445,0.5643985421641466,179.0165897957312,0.7603414071042774
662284816,boot,84,0.6071822533226933,0.5349501110103301,179.0165897957312,179.2562455155975
662284816,boot,85,0.49310616287165937,0.5392510353170559,179.0165897957312,1.759049014617663
662284816,boot,86,0.5194366853459818,0.6095562197875977,179.0165897957312,1.032909710874764
662284816,boot,87,0.5645220928261018,0.5966858906471892,179.0165897957312,174.15016668171188
662284816,boot,88,0.5173087051401506,0.6264722156942445,179.0165897957312,173.89832869010232
662284816,boot,89,0.5178413685029291,0.5778114179304197,179.0165897957312,178.33236516247302
662284816,boot,90,0.5458707176401391,0.5573137931900928,179.0165897957312,2.063467819511602
662284816,boot,91,0.5634658950936493,0.5665658510551621,179.0165897957312,174.1871847265187
662284816,boot,92,0.539750604881633,0.6747831417744282,179.0165897957312,0.003647072586745545
662284816,boot,93,0.4922271369900897,0.608817491752618,179.0165897957312,177.54476212781208
662284816,boot,94,0.6034595136152018,0.6449346107353149,179.0165897957312,2.733335588070753
662284816,boot,95,0.42537923613458456,0.5410167227631058,179.0165897957312,0.5740208398199931
662284816,boot,96,0.4418586207334583,0.600323294406319,179.0165897957312,179.96292732543697
662284816,boot,97,0.5429372629159613,0.6489354057866348,179.0165897957312,177.87813265701803
662284816,boot,98,0.4763296336468294,0.5944025120385995,179.0165897957312,178.7177907019708
662284816,boot,99,0.45185639043581366,0.6083053893997205,179.0165897957312,0.18809712581659693
662284816,rot,0,0.4242979564468042,0.553630703503861,116.49635010002307,117.77181690339233
662284816,rot,1,0.5292602806985198,0.5819899792515022,9.040461770688017,9.663177373085134
662284816,rot,2,0.6324429680390428,0.7112194997169927,116.32062533286627,111.56751122336236
662284816,rot,3,0.545896240589763,0.6327573378968889,27.5828288850212,22.006500062508678
662284816,rot,4,0.5099528473496201,0.6066958142667102,56.302521057202085,60.53409724469665
662284816,rot,5,0.40566153078985795,0.5196508255883014,143.90263618229955,147.6775322654594
662284816,rot,6,0.4975298615888669,0.4778973779410739,95.85441855647134,94.89925493735949
662284816,rot,7,0.6314028352870608,0.647292704864878,8.832300421710874,10.968259872146092
662284816,rot,8,0.4937426217624337,0.5345539547407163,53.980857876267024,56.781846799668315
662284816,rot,9,0.7442536574132262,0.6293559270181965,127.2532150408587,132.7295377586548
662284816,rot,10,0.5391858514865735,0.6026366644349552,170.53298370906325,172.2975664737075
662284816,rot,11,0.5353340662109267,0.5882042669722068,81.47827918249222,82.23385034472454
662284816,rot,12,0.5438212109240123,0.6222998131616462,67.7912785552336,67.3596934409826
662284816,rot,13,0.5359973321788866,0.5541698420978483,58.12007251228911,61.78998645511367
662284816,rot,14,0.48507484435539383,0.6304738433004754,103.25328617187402,104.3092243297432
662284816,rot,15,0.5366228000838554,0.5656578304788542,16.81596508550174,14.31191461824541
662284816,rot,16,0.4697652610880844,0.6112587146044446,111.21274805938208,108.72453785145787
662284816,rot,17,0.5486253139218658,0.6128853523171012,169.76212086748245,171.545898608197
662284816,rot,18,0.4955403592968421,0.6184555451125552,18.775838169861053,16.52341769806253
662284816,rot,19,0.4486831536760638,0.6062652469543235,1.2686189421309013,0.7280258530090862
662284816,rot,20,0.5339841232782746,0.623509868126799,131.4912670062918,136.1960277885534
662284816,rot,21,0.9257870955155434,0.25735197754466366,110.36827713033195,179.46246450879562
662284816,rot,22,0.7616001243729014,0.2758730112315524,143.972626559599,64.7321823572329
662284816,rot,23,0.431186458752951,0.6149331350528326,52.898629718080045,52.95989391614522
662284816,rot,24,0.5113218651641959,0.6876536279230802,24.898432029776117,21.415601500983264
662284816,rot,25,0.5388470601827269,0.6215491361176256,143.0843347634918,143.41985325793138
662284816,rot,26,0.4573218444997346,0.5055838223233904,166.36528853034642,164.2437724372723
662284816,rot,27,0.6561892111479393,0.5801471385300907,98.01949314677223,100.58643855478849
662284816,rot,28,0.39317259376405617,0.5421609093272215,29.03282659442713,31.435652596117023
662284816,rot,29,0.4232714373989841,0.509160409851849,56.47009039493042,53.17834427187587
662284816,rot,30,0.5932165898382036,0.6147148954449516,78.42226024005681,78.47755903144966
662284816,rot,31,0.4194118035160813,0.5055257550757744,18.520891485812278,20.216554047442287
662284816,rot,32,0.5932176233857113,0.6531807030203696,102.41544748707497,104.93414439099723
662284816,rot,33,0.5189432975231076,0.6065644756165494,112.71077230530778,111.44341027341154
662284816,rot,34,0.41462775680069247,0.4831146482680434,7.142350192815233,4.630071937938169
662284816,rot,35,0.45751182101568916,0.6110682944116888,85.40346518554183,86.75992391330959
662284816,rot,36,0.8407513729210887,0.4642131882468943,160.07496869276034,2.842170943040401e-14
662284816,rot,37,0.14315324146128378,0.20116259058323416,100.28391768954985,160.59537118503852
662284816,rot,38,0.4629599109331086,0.5391582543709676,44.4035612612271,45.82535057067173
662284816,rot,39,0.40097891634087063,0.616477538999112,176.98964762188137,178.12239119839364
662284816,rot,40,0.5106295456431281,0.6221176223798425,82.68992216632701,85.90753243236377
662284816,rot,41,0.5129672995060102,0.6337376576454634,121.83678539234793,129.27038433243928
662284816,rot,42,2.0634919960012152,0.34638577681155003,129.52279583553207,2.842170943040401e-14
662284816,rot,43,0.48645826995408814,0.6082179608452267,159.02843544002167,157.66448007674154
662284816,rot,44,0.5452392456984115,0.6401185101235216,2.6252516721225527,4.050235186068911
662284816,rot,45,0.5082855516087463,0.5565606740620482,107.45520804222409,108.159594015797
662284816,rot,46,0.43572234322181647,0.6238392730136009,88.54433258552092,85.5857957667937
662284816,rot,47,0.4221268108604821,0.7124669912064568,59.29782182776322,61.78219761344807
662284816,rot,48,0.44467378567519944,0.481583987105621,20.874883522508412,22.535932794929067
662284816,rot,49,0.6692312744278034,0.5707256744380915,51.843908149105204,51.039739669317356
662284952,round,0,0.8734504804682505,0.525399874486217,94.71652988234175,81.96562898877464
662284952,round,1,0.7126030115470893,0.4757844062873485,94.71652988234175,98.09714478585694
662284952,round,2,0.7459150827537492,0.4839739494600014,94.71652988234175,95.95659347178504
662284952,round,3,0.9695448948014983,0.5023862195079511,94.71652988234175,93.08896821332901
662284952,round,4,0.8239653198881635,0.46059044318639153,94.71652988234175,107.16231395825932
662284952,round,5,0.7474161988585748,0.4839740866252863,94.71652988234175,95.997362287229
662284952,round,6,1.1077148801927539,0.41539958577468516,94.71652988234175,98.98532724515593
662284952,round,7,0.6284044893468123,0.4679016797590789,94.71652988234175,85.70175640203311
662284952,round,8,0.8262509633823758,0.48651625632281514,94.71652988234175,92.63034911690536
662284952,round,9,1.0799115832712023,0.5050567220679869,94.71652988234175,100.26750204755615
662284952,round,10,1.4295228536438138,0.5115016067778104,94.71652988234175,106.87036208130834
662284952,round,11,1.0799115832712023,0.5050567220679869,94.71652988234175,100.26750204755615
662284952,round,12,0.9637859515707612,0.5551516384427544,94.71652988234175,92.99615410027351
662284952,round,13,0.7067385031062391,0.5124605279687722,94.71652988234175,74.28341906844558
662284952,round,14,1.0507424915905024,0.4451083284566564,94.71652988234175,92.9650581604385
662284952,round,15,1.1601937758448506,0.5816305164280715,94.71652988234175,107.51345915312255
662284952,round,16,0.5937170150704701,0.509577580303537,94.71652988234175,78.59139161092793
662284952,round,17,1.003150428490879,0.49063063468610124,94.71652988234175,100.44465495456694
662284952,round,18,0.7459150827537492,0.4839739494600014,94.71652988234175,95.95659347178504
662284952,round,19,1.117778014692173,0.5968229248699013,94.71652988234175,95.29614742160268
662284952,round,20,0.6913314560961544,0.4708471531117847,94.71652988234175,91.15429688393229
662284952,round,21,1.177629827823549,0.40986941758625384,94.71652988234175,97.42705758661526
662284952,round,22,0.8552867158884426,0.4573712565897473,94.71652988234175,78.51295396806303
662284952,round,23,1.0792912672907848,0.5328931132037185,94.71652988234175,84.20814319010094
662284952,round,24,0.9150644280684969,0.49648682760922647,94.71652988234175,93.25961865280044
662284952,round,25,0.8510820940811995,0.40728205457422473,94.71652988234175,101.52152059444799
662284952,round,26,1.2014245997850592,0.5773265487753148,94.71652988234175,92.19922511655655
662284952,round,27,2.4360190923152065,0.1932331554757356,94.71652988234175,84.26034853684607
662284952,round,28,1.3256735345725827,0.4694720565212144,94.71652988234175,94.50796269467716
662284952,round,29,1.1398650519957099,0.45016769168720827,94.71652988234175,102.42943885758834
662284952,round,30,0.698224746649013,0.28983015335333295,94.71652988234175,90.45251947650326
662284952,round,31,0.9779306891520309,0.64514959983617,94.71652988234175,100.01912556681388
662284952,round,32,0.7597201392225819,0.4898798446829419,94.71652988234175,99.1016415360126
662284952,round,33,0.9674967174405963,0.39196933542708956,94.71652988234175,107.50851092393944
662284952,round,34,0.7568772879866327,0.519602359839922,94.71652988234175,92.25057877353225
662284952,round,35,0.9735030494389502,0.4284058186867673,94.71652988234175,80.72919211174063
662284952,round,36,0.7982238721474015,0.6065460443497338,94.71652988234175,84.47867990956146
662284952,round,37,1.0320742057087122,0.44277329621311645,94.71652988234175,98.77564468417461
662284952,round,38,0.8879636107433401,0.5762494846895829,94.71652988234175,95.77578465545997
662284952,round,39,0.8426349587322957,0.4940620508763941,94.71652988234175,93.46903981210504
662284952,round,40,0.9811510738982503,0.5682925870171498,94.71652988234175,94.5901105497359
662284952,round,41,1.0001002473703864,0.37132365348103946,94.71652988234175,89.19003651667089
662284952,round,42,0.8304212256239368,0.5295108852640279,94.71652988234175,93.36837614036568
662284952,round,43,0.8251304949590184,0.4605910442979717,94.71652988234175,107.18702511373813
662284952,round,44,0.7238650854024516,0.4763180054641376,94.71652988234175,91.75553074172143
662284952,round,45,1.0286170302155717,0.40370484990126354,94.71652988234175,104.07662414316223
662284952,round,46,1.172823725620463,0.34041997929037693,94.71652988234175,109.18246707202476
662284952,round,47,0.3500038151236034,0.2571751987949613,94.71652988234175,46.97927454499002
662284952,round,48,0.88811311783109,0.4280783061494027,94.71652988234175,92.10863491151645
662284952,round,49,1.3010588279263315,0.4376803553317049,94.71652988234175,92.77282505164953
662284952,round,50,0.22952551351249909,0.25979789896885885,94.71652988234175,0.3433192922299682
662284952,round,51,0.7985235066603418,0.522197416529618,94.71652988234175,89.11794839701199
662284952,round,52,0.8064678550724451,0.5033770955656722,94.71652988234175,89.21715386600358
662284952,round,53,0.7716115555321942,0.5018943968555705,94.71652988234175,90.97912781511775
662284952,round,54,1.2453146376396584,0.4124181481631255,94.71652988234175,91.61741270459268
662284952,round,55,1.3779520619069845,0.5352918318148064,94.71652988234175,108.44563224474659
662284952,round,56,1.2826445358497465,0.45366411849428645,94.71652988234175,94.99971970053923
662284952,round,57,0.7730580796593125,0.5018942106946485,94.71652988234175,90.96409358425115
662284952,round,58,0.902495224344918,0.6046264323069717,94.71652988234175,88.2177328537607
662284952,round,59,0.846537944990357,0.5159546509960617,94.71652988234175,92.91384191761263
662284952,round,60,0.8264199359491079,0.5201339501637061,94.71652988234175,94.89311411731842
662284952,round,61,0.7342756925125039,0.46845784709877303,94.71652988234175,100.92948293589113
662284952,round,62,1.2145763154203695,0.5735753724821453,94.71652988234175,103.0584219680209
662284952,round,63,1.1702645963156615,0.42662260161299714,94.71652988234175,95.71453270755057
662284952,round,64,1.0152243473337486,0.658903081467819,94.71652988234175,97.4608782599201
662284952,round,65,0.7368361882281853,0.523678817115457,94.71652988234175,95.0536563742728
662284952,round,66,0.7985235066603418,0.522197416529618,94.71652988234175,89.11794839701199
662284952,round,67,0.7855790866037621,0.46328016726743415,94.71652988234175,95.54858896214597
662284952,round,68,1.380907087567281,0.4977147337348101,94.71652988234175,87.68848028527944
662284952,round,69,0.9415303364668061,0.6443216667863705,94.71652988234175,92.7316326665692
662284952,round,70,0.8674038078833322,0.47529782566149814,94.71652988234175,94.51376667613222
662284952,round,71,0.7270723231058098,0.5173298769525518,94.71652988234175,89.87035839855672
662284952,round,72,0.7877812734896084,0.5443214601436708,94.71652988234175,98.18402603087031
662284952,round,73,0.5316049569547044,0.5216744318055773,94.71652988234175,82.6169631110909
662284952,round,74,1.232779947589744,0.4282606740314775,94.71652988234175,85.16533601199203
662284952,round,75,0.8171080731235268,0.5192553386209472,94.71652988234175,104.19577958258267
662284952,round,76,0.7402012191470007,0.5261100671561774,94.71652988234175,73.92664963955048
662284952,round,77,0.8015607843347949,0.4737843988105538,94.71652988234175,85.82782032913548
662284952,round,78,0.89970005723263,0.35824902904314837,94.71652988234175,102.02212362874577
662284952,round,79,0.9389975210299288,0.4422999642512132,94.71652988234175,103.31912179484225
662284952,round,80,0.7985235066603418,0.522197416529618,94.71652988234175,89.11794839701199
662284952,round,81,0.8259886998874744,0.486516365318166,94.71652988234175,92.63402943779874
662284952,round,82,0.6320332169972551,0.4679030798438175,94.71652988234175,85.61117465682007
662284952,round,83,1.1293761297497247,0.5221292047689567,94.71652988234175,92.31600119010729
662284952,round,84,1.3173466580652644,0.3749667798633316,94.71652988234175,90.20222832429982
662284952,round,85,1.323508828912258,0.24830151097943587,94.71652988234175,92.5245549020156
662284952,round,86,0.7446302780348425,0.39891766480492075,94.71652988234175,93.29548554491818
662284952,round,87,0.8130331746739022,0.5409473506976796,94.71652988234175,85.41920112415664
662284952,round,88,0.9728963937659519,0.5497070936742351,94.71652988234175,103.36386172544779
662284952,round,89,1.4541387515635118,0.37500330336289844,94.71652988234175,102.06317974606264
662284952,round,90,1.0295149730499877,0.4037049507644006,94.71652988234175,104.04167926177853
662284952,round,91,0.3503178622787114,0.19162673730752655,94.71652988234175,169.009012203059
662284952,round,92,0.19726689021136126,0.21934042509861384,94.71652988234175,46.04974343842479
662284952,round,93,0.7586462923355394,0.48988003996614515,94.71652988234175,99.11733788767414
662284952,round,94,1.307803646231012,0.45365633853411613,94.71652988234175,94.54755415859123
662284952,round,95,0.9747281381614638,0.5865546924385068,94.71652988234175,89.39706649886165
662284952,round,96,0.9967361354800572,0.4590685148723156,94.71652988234175,97.73932531723183
662284952,round,97,1.1054253268552916,0.41539954093913567,94.71652988234175,98.95989477642773
662284952,round,98,1.174404634159241,0.409868623042998,94.71652988234175,97.35398794578973
662284952,round,99,1.144985080062456,0.5556179926173758,94.71652988234175,98.49122014202013
662284952,boot,0,1.2804914317593987,0.4828091350550797,94.71652988234175,93.75873385075727
662284952,boot,1,1.2315459122173307,0.4562870998941593,94.71652988234175,92.27604296621496
662284952,boot,2,1.3577300667727652,0.42327461372350506,94.71652988234175,85.88883547227798
662284952,boot,3,0.9542994588498301,0.4820895768208423,94.71652988234175,92.12687852231363
662284952,boot,4,1.0425954306266532,0.5130939563466996,94.71652988234175,92.86564217774121
662284952,boot,5,1.1192749559952462,0.48263169799626926,94.71652988234175,96.21116411733976
662284952,boot,6,1.5094896684498778,0.4812282497942303,94.71652988234175,92.91354279506805
662284952,boot,7,1.1610609131975491,0.5518787002399097,94.71652988234175,104.5970605674369
662284952,boot,8,1.177677693383549,0.4416445198921779,94.71652988234175,104.80612623229374
662284952,boot,9,0.9827408386946891,0.5921016174377817,94.71652988234175,85.09500195703342
662284952,boot,10,1.1721585025138563,0.5606626151911515,94.71652988234175,100.07470389410102
662284952,boot,11,1.1901119625261074,0.5648805603255855,94.71652988234175,93.29097425778077
662284952,boot,12,1.270320237869068,0.4600180620155998,94.71652988234175,108.84436272732813
662284952,boot,13,1.3588001047473253,0.53541823576877,94.71652988234175,93.24722180751797
662284952,boot,14,1.1297072226698872,0.41203834393300354,94.71652988234175,93.1182223625706
662284952,boot,15,1.5280966491286538,0.48472179257343195,94.71652988234175,97.51696635058738
662284952,boot,16,0.869879682213255,0.4525188900684767,94.71652988234175,92.13447210862613
662284952,boot,17,0.9338571444813799,0.49163825811976924,94.71652988234175,102.78427370886077
662284952,boot,18,1.1242740033894834,0.4491601293865637,94.71652988234175,95.47717202608425
662284952,boot,19,1.135857709480775,0.46016314557428883,94.71652988234175,95.12415248190958
662284952,boot,20,1.3503807611367362,0.4571579482748611,94.71652988234175,100.1624979479868
662284952,boot,21,1.0437022482067302,0.46184051092209333,94.71652988234175,89.55600464520924
662284952,boot,22,1.7425802988496077,0.5025737203718831,94.71652988234175,108.64867857683377
662284952,boot,23,0.16356194275936223,0.2380507690163075,94.71652988234175,25.844851274156895
662284952,boot,24,1.12881269221901,0.41203676625905206,94.71652988234175,93.19725952658224
662284952,boot,25,1.4961762490268666,0.45106747369583333,94.71652988234175,89.77530229969912
662284952,boot,26,1.1938738306148862,0.6522897371519537,94.71652988234175,96.9331988289714
662284952,boot,27,1.3428033392941483,0.4127663999540505,94.71652988234175,102.86117658134158
662284952,boot,28,0.9824962527853357,0.45913179754044253,94.71652988234175,104.38819869171168
662284952,boot,29,1.1097344687261101,0.5074948296172095,94.71652988234175,94.45471758154258
662284952,boot,30,1.2251168904349954,0.4544299683110884,94.71652988234175,102.84125210917927
662284952,boot,31,1.5591266757250088,0.44679320977879977,94.71652988234175,91.82411946949338
662284952,boot,32,1.4950881926035795,0.4426607870479413,94.71652988234175,88.0716638198954
662284952,boot,33,1.239645432704815,0.501446279930327,94.71652988234175,91.34463995209046
662284952,boot,34,0.7868581349083562,0.5044785649610991,94.71652988234175,72.69910338993716
662284952,boot,35,1.2785492740634843,0.4828080848462618,94.71652988234175,93.88608206721422
662284952,boot,36,1.206415517781253,0.4373008455966828,94.71652988234175,88.95480273223004
662284952,boot,37,0.9404959117304548,0.45887290813317394,94.71652988234175,91.31676552614975
662284952,boot,38,1.1674835354459177,0.4808621746827486,94.71652988234175,100.22841104506273
662284952,boot,39,1.4673428270981508,0.3726645977463685,94.71652988234175,97.68441554857655
662284952,boot,40,0.8865987022541965,0.5183651822735629,94.71652988234175,89.173639580424
662284952,boot,41,1.0806288608742494,0.5914458706511293,94.71652988234175,94.45391150944083
662284952,boot,42,1.3578499366442898,0.5847727668728036,94.71652988234175,96.13574990592461
662284952,boot,43,1.3504554339549455,0.45715792821013346,94.71652988234175,100.15521126394522
662284952,boot,44,1.0101399041039312,0.4968763449602309,94.71652988234175,95.32772037373496
662284952,boot,45,1.211722352791354,0.46513630555898366,94.71652988234175,100.67762348536354
662284952,boot,46,1.402988735263533,0.582248200843095,94.71652988234175,93.12848378176744
662284952,boot,47,1.4047590927278237,0.4699805315580966,94.71652988234175,82.39841645833141
662284952,boot,48,1.9632082081825342,0.49828835304180075,94.71652988234175,95.83090715552095
662284952,boot,49,1.0212241134085018,0.4561486178380092,94.71652988234175,88.88269852653607
662284952,boot,50,1.7335584713135253,0.43303501043648074,94.71652988234175,99.78323882518126
662284952,boot,51,0.5962910647361047,0.18749306617449968,94.71652988234175,53.090093341682405
662284952,boot,52,1.404494705809559,0.5822482455688347,94.71652988234175,93.11642988063767
662284952,boot,53,1.0274845765040244,0.4666223652309367,94.71652988234175,90.92539328460323
662284952,boot,54,1.3262450542914703,0.42653004203154643,94.71652988234175,89.42793130160129
662284952,boot,55,1.2771982618472761,0.6224157360972448,94.71652988234175,105.14477961296078
662284952,boot,56,1.4708301530105719,0.41600567097855834,94.71652988234175,74.1334141609245
662284952,boot,57,1.426242294101635,0.571352967867951,94.71652988234175,89.69869698908457
662284952,boot,58,0.9467024961606089,0.5497883775643049,94.71652988234175,95.7128186319452
662284952,boot,59,1.3728383791221264,0.46571289119225856,94.71652988234175,103.60223445232307
662284952,boot,60,1.643293978827912,0.527102350226237,94.71652988234175,103.5468994603896
662284952,boot,61,1.4351180631762577,0.5118423681321697,94.71652988234175,88.07530377194678
662284952,boot,62,1.1512296214147237,0.6369329406093375,94.71652988234175,90.44335738962445
662284952,boot,63,1.0246034635567784,0.5163434091080805,94.71652988234175,87.65324458748967
662284952,boot,64,1.090212224389026,0.47538703414515726,94.71652988234175,92.59053356942165
662284952,boot,65,1.2077904255257714,0.5407638494571398,94.71652988234175,93.71021310094602
662284952,boot,66,1.362270191605792,0.5542035349435036,94.71652988234175,84.55759677647114
662284952,boot,67,0.9378790588970062,0.5074918936110764,94.71652988234175,92.09308682683653
662284952,boot,68,0.15355069756502868,0.29605991827176603,94.71652988234175,18.436496942946594
662284952,boot,69,1.886627990967034,0.4975514494714476,94.71652988234175,100.00023747618752
662284952,boot,70,0.19672617858802185,0.18682232645389107,94.71652988234175,24.632532107734562
662284952,boot,71,0.9276484846404652,0.38892924488874714,94.71652988234175,102.86716874787876
662284952,boot,72,0.7652377573091488,0.5257184512517155,94.71652988234175,109.70431855812794
662284952,boot,73,1.2705484067168384,0.4600181421553796,94.71652988234175,108.8500323017596
662284952,boot,74,1.4257239073991743,0.5907117765202635,94.71652988234175,103.37989077736242
662284952,boot,75,1.4808471548015074,0.4870960272280358,94.71652988234175,101.8031235649159
662284952,boot,76,1.2338043183498495,0.40165636819085515,94.71652988234175,106.19611260146215
662284952,boot,77,0.3246815941544768,0.18577159215988026,94.71652988234175,7.1352862789082545
662284952,boot,78,1.7992601697705186,0.4130978101304412,94.71652988234175,88.487600295258
662284952,boot,79,1.1781007250329605,0.4416451494182464,94.71652988234175,104.7507215824466
662284952,boot,80,1.0415812858937976,0.4206153618588693,94.71652988234175,88.03216176832512
662284952,boot,81,1.122753465098452,0.511519096913956,94.71652988234175,86.53771070069354
662284952,boot,82,1.0681423648802955,0.44305846352963196,94.71652988234175,90.86494392641384
662284952,boot,83,1.4665063779492986,0.37266463668420036,94.71652988234175,97.67823249491096
662284952,boot,84,1.4052815516681938,0.4309127276125131,94.71652988234175,95.63495563127339
662284952,boot,85,1.1020615779269383,0.538086919564315,94.71652988234175,101.5665425911438
662284952,boot,86,1.4017452632474943,0.36663829574983875,94.71652988234175,96.64930465350494
662284952,boot,87,1.0055691209488151,0.4210146865326736,94.71652988234175,103.55113706086662
662284952,boot,88,2.044763467634274,0.6307498417280321,94.71652988234175,96.90141260577866
662284952,boot,89,1.2145404749134767,0.5251182914100982,94.71652988234175,97.45846074969737
662284952,boot,90,0.977345587048606,0.5346694432303278,94.71652988234175,84.66289700111885
662284952,boot,91,1.0109981188986723,0.35451689954274035,94.71652988234175,94.74161840991894
662284952,boot,92,1.2755641290529238,0.5545006158869542,94.71652988234175,94.9605131295093
662284952,boot,93,1.194851779412037,0.4717213146095516,94.71652988234175,74.32934310080407
662284952,boot,94,0.9739571501826452,0.4913841577803737,94.71652988234175,98.66597822855783
662284952,boot,95,1.4370700501681402,0.41396858004962944,94.71652988234175,94.46057356880381
662284952,boot,96,1.1463557889466278,0.5182243881963817,94.71652988234175,92.85028293500055
662284952,boot,97,1.2828974673937896,0.4356136621320522,94.71652988234175,93.41481023620607
662284952,boot,98,1.4214446708787865,0.5907129563761573,94.71652988234175,103.32019943231384
662284952,boot,99,1.309410664283449,0.5221018046912549,94.71652988234175,96.84032837405618
662284952,rot,0,0.9249145699889507,0.5626314467430545,32.86474758374176,36.465797178322276
662284952,rot,1,1.0600962618097363,0.34311186981514963,96.1713846080469,90.91424696626109
662284952,rot,2,1.7448951853697288,0.5189996971001262,166.88018684297845,178.417167652953
662284952,rot,3,1.6262639877613305,0.4133205332261841,111.1422356089595,105.46254109748455
662284952,rot,4,1.169054662288837,0.4289447845758594,105.14009601378154,101.59516195510767
662284952,rot,5,0.7543693358124506,0.4527813848408845,94.6105908907033,98.2489387390052
662284952,rot,6,1.6548138404225265,0.48497536230906346,33.88220857995422,34.74583638685536
662284952,rot,7,0.46211528049018025,0.29332912397788924,59.468294608815704,121.0665728972867
662284952,rot,8,1.3540137978235105,0.5442446841003992,111.45384108790428,109.71174977496827
662284952,rot,9,1.0508373371241302,0.4469310762504991,146.3469659348314,146.4445550451486
662284952,rot,10,0.6846964865928256,0.22385162780780354,58.19058268701338,179.99999999999997
662284952,rot,11,1.4608794196577046,0.5147004922798262,108.19014524771976,105.95298421661448
662284952,rot,12,1.353627669717072,0.4197900792489827,25.88459520389272,30.92206117326704
662284952,rot,13,1.326853960700376,0.4738627541310342,174.06008583256292,175.90805942129413
662284952,rot,14,1.3636863292252888,0.5011935207045829,84.97032038430041,82.63646461722635
662284952,rot,15,1.078638339634335,0.4688734941344921,140.82887580522592,147.69610426230187
662284952,rot,16,1.5127644552245298,0.49086539862324985,168.89937133483383,172.15065732500167
662284952,rot,17,0.9986719664175514,0.5159243482980087,105.44380806991076,120.8461112766092
662284952,rot,18,1.6644946545594435,0.4132566591374516,53.34022434805797,51.74944779962888
662284952,rot,19,1.0784922307628613,0.549701226193742,45.601264525690574,37.983770710031536
662284952,rot,20,1.2402699023186672,0.5041289537835563,32.07714405316351,22.402855368436946
662284952,rot,21,1.4632417990297713,0.4688814922459298,47.39877920967021,41.51592726050691
662284952,rot,22,1.5756417573229156,0.50349666698705,86.43532275330406,77.32026930042105
662284952,rot,23,1.3721419184764156,0.5333798493841662,7.916315548869375,2.7809682318205944
662284952,rot,24,2.2353335678870443,0.4873187789122514,2.8523191502750667,175.23594795905083
662284952,rot,25,1.2948280480444252,0.6183837543207183,134.1285308189801,128.68497371383052
662284952,rot,26,1.2135523817168399,0.5851991164628028,131.24375797067898,145.0873377831958
662284952,rot,27,1.1405443726725322,0.5393719079588128,155.41618858655474,157.08910730535678
662284952,rot,28,1.1443179576655325,0.5242670417393742,155.6322153377795,146.94414170697203
662284952,rot,29,1.1648485805786404,0.48186184946199107,175.42833589326338,170.42932019018036
662284952,rot,30,1.3520035659056724,0.5775273966286142,147.50359029001032,149.58681408901396
662284952,rot,31,0.9432629238858711,0.4275745407617493,42.033428797521815,31.224382519934615
662284952,rot,32,0.2998993095694866,0.23011582496892846,65.75981921289856,169.94317156357374
662284952,rot,33,1.2171617154693481,0.44021667166969003,133.13929716884206,124.22185270563989
662284952,rot,34,1.5274407776372587,0.5493905468912511,4.375750334565125,4.719815816048211
662284952,rot,35,1.5349939349010113,0.5246831531357465,149.64900256226218,143.640192101342
662284952,rot,36,2.8746871387963737,0.38346720372708765,73.53926459865222,63.22028540690687
662284952,rot,37,1.2752302163965705,0.5247863496098302,51.826982967806664,46.70559058021354
662284952,rot,38,1.2798078047903143,0.46374159873695175,74.90931705282114,68.61886033034517
662284952,rot,39,1.4751560187285544,0.5167406721824822,175.89749123859067,171.47955122641463
662284952,rot,40,1.025090970915711,0.4975061998090651,62.40538438138975,73.81218074318286
662284952,rot,41,1.4086449794400908,0.5015814740523044,5.372515677226222,176.3165982085307
662284952,rot,42,1.1466063134604472,0.4575251908423992,112.4844113930498,110.87448255599918
662284952,rot,43,1.3668866352141271,0.5313287747961692,101.07394562243314,101.53700329792747
662284952,rot,44,1.037117593783723,0.4897022470297928,48.76292429293456,32.64216962754274
662284952,rot,45,1.1454875034552519,0.3990357959448453,166.38510140082258,2.842170943040401e-14
662284952,rot,46,1.2084054754586393,0.4811535405559175,31.995595483898043,37.16794014481593
662284952,rot,47,0.9841269898732605,0.45873803187682793,97.89615813500635,96.67274966083563
662284952,rot,48,0.9070090734622206,0.3580829394771693,17.289008429033444,10.818961875577997
662284952,rot,49,1.531508477545482,0.5082796773115961,74.01486381933971,72.69528138082518
662297327,round,0,1.0288646209237513,0.5159413981072973,137.23355909638664,137.28451667603295
662297327,round,1,0.40806654574313245,0.34401647913286915,137.23355909638664,2.842170943040401e-14
662297327,round,2,1.0383936546378862,0.5606622030580048,137.23355909638664,138.19269979748094
662297327,round,3,0.8853174518559875,0.507872336817607,137.23355909638664,144.03568844821135
662297327,round,4,0.9194479496230112,0.4997906382433024,137.23355909638664,140.21911001956752
662297327,round,5,1.0569833648000115,0.5503732610866755,137.23355909638664,135.82477754319768
662297327,round,6,1.0734028305757664,0.5672570005913895,137.23355909638664,135.39951851791358
662297327,round,7,1.0716993524415586,0.5338431375948363,137.23355909638664,128.36981740717263
662297327,round,8,0.173659896503035,0.2526166780923915,137.23355909638664,27.807999398917307
662297327,round,9,1.556928974778106,0.587746079121528,137.23355909638664,134.84538522874155
662297327,round,10,1.9525998534734748,0.49079352977833524,137.23355909638664,155.13419740585832
662297327,round,11,0.996028162866072,0.3230562013332403,137.23355909638664,141.0254217951253
662297327,round,12,0.9934941291502268,0.5496626807888145,137.23355909638664,134.5011207467868
662297327,round,13,0.8348581207200687,0.483350257067118,137.23355909638664,148.61665556756924
662297327,round,14,1.0531225807537945,0.4569855726424197,137.23355909638664,136.11215707176618
662297327,round,15,0.8852652350380978,0.5078723329663255,137.23355909638664,144.0374290116899
662297327,round,16,0.9228320522547978,0.5454238633985968,137.23355909638664,139.49496987193967
662297327,round,17,1.2747616517084444,0.38260293864019956,137.23355909638664,135.58589448464258
662297327,round,18,1.2714310715603565,0.5428461954732764,137.23355909638664,127.33852951032165
662297327,round,19,0.9905995138510129,0.5208597628710608,137.23355909638664,139.65206482944623
662297327,round,20,1.0401914341329452,0.5935273167242912,137.23355909638664,129.9200145697036
662297327,round,21,1.042961239937541,0.4151347238737281,137.23355909638664,134.51324184532507
662297327,round,22,1.1540560868596108,0.5426526597001995,137.23355909638664,136.19349818817773
662297327,round,23,1.201066509583265,0.5341644720132743,137.23355909638664,139.30055218879647
662297327,round,24,1.1507518374578078,0.4580710397409068,137.23355909638664,147.7761901844048
662297327,round,25,1.1715314517954063,0.3829469445078937,137.23355909638664,136.58884170470668
662297327,round,26,1.1080097381238876,0.44835049960581697,137.23355909638664,2.842170943040401e-14
662297327,round,27,0.9741417659680488,0.5797513024957857,137.23355909638664,125.94950968076928
662297327,round,28,0.9498144175251482,0.5438766038026621,137.23355909638664,135.93839365199455
662297327,round,29,1.151339101012668,0.5055614783738203,137.23355909638664,136.97974079784473
662297327,round,30,1.5353814927160716,0.5550196181825365,137.23355909638664,138.76462086966575
662297327,round,31,0.8682033037590865,0.5936348155501514,137.23355909638664,128.28803731122403
662297327,round,32,0.9245617952190589,0.19275709770833227,137.23355909638664,2.842170943040401e-14
662297327,round,33,0.7816754380674595,0.48923035865807696,137.23355909638664,135.85201059447104
662297327,round,34,1.3984626926181412,0.5898170737871252,137.23355909638664,138.01433392740822
662297327,round,35,0.904705020839919,0.49344879501224215,137.23355909638664,152.26547491790075
662297327,round,36,1.2208558167118495,0.560408295631696,137.23355909638664,134.25623397286643
662297327,round,37,0.8510893003343794,0.4972952589372239,137.23355909638664,141.43764874059644
662297327,round,38,1.3220359688127687,0.4605205319923531,137.23355909638664,142.76964701522266
662297327,round,39,1.1184482060516094,0.4731703613205276,137.23355909638664,139.40022576873662
662297327,round,40,0.8503831033736531,0.41987419997445985,137.23355909638664,142.77857296872335
662297327,round,41,1.0363558988352624,0.5914092960783339,137.23355909638664,141.46666172526352
662297327,round,42,0.9950751470455261,0.551860410862224,137.23355909638664,136.76074443986838
662297327,round,43,0.9965973471959948,0.5398092821581978,137.23355909638664,140.80696485576098
662297327,round,44,0.9785175313510103,0.5585917382010903,137.23355909638664,142.98895441881882
662297327,round,45,0.9784964847647906,0.483466903258452,137.23355909638664,129.37288378820526
662297327,round,46,0.8564770517736667,0.605868760865897,137.23355909638664,131.1495177581644
662297327,round,47,0.4180795538958173,0.30597002570845566,137.23355909638664,50.23040943014317
662297327,round,48,0.8498051231862594,0.6291600495874915,137.23355909638664,135.20285705449044
662297327,round,49,0.8510829751687127,0.4972952585658236,137.23355909638664,141.4376754667804
662297327,round,50,1.115177662280218,0.4854040995074437,137.23355909638664,143.81949869409473
662297327,round,51,0.9434723652119456,0.5202797713266565,137.23355909638664,138.76251351719864
662297327,round,52,1.0073378579714611,0.5342163599124091,137.23355909638664,124.21248456432852
662297327,round,53,1.039240268064293,0.6008769247811971,137.23355909638664,133.56429251506165
662297327,round,54,1.0020410623595253,0.5944480419824542,137.23355909638664,141.1526695933061
662297327,round,55,1.0550780559570965,0.5297894574094426,137.23355909638664,157.26030528409248
662297327,round,56,0.3263498874796825,0.22057365373955617,137.23355909638664,78.158515901084
662297327,round,57,0.8119533721098049,0.5524045975285219,137.23355909638664,140.39519690100818
662297327,round,58,0.9953160686380299,0.5754540200573817,137.23355909638664,134.73089243132242
662297327,round,59,1.0766011578831005,0.5512438752196192,137.23355909638664,135.75147622640594
662297327,round,60,0.9785815987730194,0.4834668977901462,137.23355909638664,129.3724315513751
662297327,round,61,1.5350665969739898,0.555019567396428,137.23355909638664,138.76622792276976
662297327,round,62,0.7592705778793896,0.5916029418612045,137.23355909638664,142.25355298144933
662297327,round,63,0.7269860006406204,0.48391432752122543,137.23355909638664,128.40348227749504
662297327,round,64,0.5381375838610217,0.2089964721259011,137.23355909638664,38.44681508037735
662297327,round,65,1.1312616545261505,0.6580692191960709,137.23355909638664,153.4213042986927
662297327,round,66,1.0233413796438469,0.6109113172012295,137.23355909638664,128.988487555435
662297327,round,67,1.1435613989414313,0.6082127157992383,137.23355909638664,133.80314499504004
662297327,round,68,1.0711433677302948,0.47940531532594555,137.23355909638664,132.362572887978
662297327,round,69,0.9582654090657388,0.4398556877889733,137.23355909638664,136.28069170047195
662297327,round,70,0.9086012673335342,0.5344905117521412,137.23355909638664,135.71167156254182
662297327,round,71,1.3220359688127687,0.4605205319923531,137.23355909638664,142.76964701522266
662297327,round,72,0.9077028690722279,0.596085459199263,137.23355909638664,134.9795176244717
662297327,round,73,0.8920777389707627,0.6179634541873573,137.23355909638664,135.60900129651432
662297327,round,74,0.8348169226510478,0.4833502468648202,137.23355909638664,148.61793118916682
662297327,round,75,0.4132928964955587,0.27815748284608643,137.23355909638664,44.758388448036044
662297327,round,76,0.9119297624745017,0.5510019779854909,137.23355909638664,132.16766598556148
662297327,round,77,0.6630859701206954,0.5645654200602968,137.23355909638664,127.94892947616366
662297327,round,78,1.043635270247317,0.45998634786274417,137.23355909638664,118.97698526944816
662297327,round,79,0.7449083246777085,0.5140969780275075,137.23355909638664,147.55346378487693
662297327,round,80,0.9807071758714481,0.5527346441113192,137.23355909638664,131.13555891726946
662297327,round,81,1.6811714544675547,0.6073366096437287,137.23355909638664,136.41957354903818
662297327,round,82,1.0436666282640104,0.4599863363449732,137.23355909638664,118.97999256077986
662297327,round,83,1.1891866722369955,0.5415090674028283,137.23355909638664,129.25639094531888
662297327,round,84,0.2583980189912963,0.3759957913593993,137.23355909638664,55.611116546573825
662297327,round,85,1.1405364440402341,0.5925014758770553,137.23355909638664,143.32526513847313
662297327,round,86,1.415040133385995,0.4005333338421734,137.23355909638664,131.6563831089835
662297327,round,87,0.967392084004774,0.4985025823173297,137.23355909638664,134.4416126332033
662297327,round,88,0.9691090409149998,0.7041082697750892,137.23355909638664,129.24007279583668
662297327,round,89,1.4283273662282783,0.6034040654779425,137.23355909638664,117.52065657280934
662297327,round,90,1.1999839067264009,0.4183813308910995,137.23355909638664,139.91582790739943
662297327,round,91,1.3764243550761002,0.5671027575095604,137.23355909638664,126.97535284080155
662297327,round,92,1.0525210905732172,0.40350444879786995,137.23355909638664,137.5723380065971
662297327,round,93,1.1534480348856002,0.4775380284876044,137.23355909638664,119.33100992883692
662297327,round,94,0.896942032193403,0.5542065994691141,137.23355909638664,140.49855824283054
662297327,round,95,1.004477136090665,0.5812190727487285,137.23355909638664,134.33037888438167
662297327,round,96,0.8730136393250797,0.5809903750190728,137.23355909638664,145.05779274805897
662297327,round,97,1.1734556923475523,0.37177560811205657,137.23355909638664,132.03618064613082
662297327,round,98,0.9195364229247446,0.49979064204812906,137.23355909638664,140.21989400740156
662297327,round,99,0.868843095069419,0.5569771012371679,137.23355909638664,143.39895318808743
662297327,boot,0,0.5823664367975062,0.44865491374367605,137.23355909638664,145.86062300089316
662297327,boot,1,0.8265008144571658,0.5192101742113755,137.23355909638664,134.0717531589442
662297327,boot,2,1.2413092017325194,0.5485888094299627,137.23355909638664,144.21354186296492
662297327,boot,3,1.1224129298333168,0.45764556373808996,137.23355909638664,148.18617090802286
662297327,boot,4,1.266708586438892,0.5120841474704033,137.23355909638664,138.0471867113189
662297327,boot,5,1.2752208376269922,0.43439595675114084,137.23355909638664,148.03827359801446
662297327,boot,6,1.12271889689333,0.3706849176739283,137.23355909638664,131.68802138288527
662297327,boot,7,1.04210386712632,0.5665832274203557,137.23355909638664,135.85584101946736
662297327,boot,8,0.8127982911502338,0.5999699948975976,137.23355909638664,131.92591333183194
662297327,boot,9,1.0621661558082862,0.4491243304232079,137.23355909638664,132.4547628259138
662297327,boot,10,0.9725621008141765,0.5758739726200437,137.23355909638664,134.39797320431146
662297327,boot,11,0.7343573679318053,0.4063237375864849,137.23355909638664,129.00848567596296
662297327,boot,12,1.2040265500587137,0.5933121491481281,137.23355909638664,134.89184844884818
662297327,boot,13,0.8579679484252271,0.4892415683010185,137.23355909638664,143.45180080946182
662297327,boot,14,0.2137122344779846,0.3120543442385222,137.23355909638664,61.23303762755357
662297327,boot,15,1.1641504144552401,0.5342587110191522,137.23355909638664,136.7336266221004
662297327,boot,16,0.8328857634922697,0.4984235114624097,137.23355909638664,141.24857135534864
662297327,boot,17,0.9688074997898477,0.453460621724588,137.23355909638664,133.841891318629
662297327,boot,18,0.8992564004346887,0.5001477030075974,137.23355909638664,140.14769144163577
662297327,boot,19,0.858728148906669,0.4843096188204835,137.23355909638664,133.44467419945335
662297327,boot,20,1.2773850460439298,0.5649100102098289,137.23355909638664,138.40148783244746
662297327,boot,21,1.1680962001605668,0.5126949649609329,137.23355909638664,132.4892442303812
662297327,boot,22,0.7377416210174088,0.37495592962638247,137.23355909638664,2.842170943040401e-14
662297327,boot,23,0.9257025429163654,0.4398446349297772,137.23355909638664,136.63577051536438
662297327,boot,24,0.8324448322535557,0.6301688943903296,137.23355909638664,135.29517958551585
662297327,boot,25,0.7899553944526826,0.5539734953817385,137.23355909638664,140.2574672820456
662297327,boot,26,1.0416474801679767,0.5665832876990083,137.23355909638664,135.8702896134783
662297327,boot,27,0.7803205892612138,0.5491124078121024,137.23355909638664,135.69130091269196
662297327,boot,28,0.9465366288339305,0.4487849366436869,137.23355909638664,144.70695122289771
662297327,boot,29,0.9187197379441198,0.5467555237052877,137.23355909638664,142.14497514333834
662297327,boot,30,0.8103876264899167,0.5307075392697082,137.23355909638664,139.1908179772222
662297327,boot,31,0.8405861444636614,0.5218566801661253,137.23355909638664,133.52832203948407
662297327,boot,32,0.7898943652396826,0.42680620673035063,137.23355909638664,119.22145406399379
662297327,boot,33,0.2192232721974552,0.25657204758687413,137.23355909638664,33.842961969315084
662297327,boot,34,1.0254732187630864,0.4592187173442759,137.23355909638664,118.8475958232983
662297327,boot,35,1.0417862920125271,0.5316267701840502,137.23355909638664,136.6643079505057
662297327,boot,36,0.9322038229994498,0.5283697855216654,137.23355909638664,132.56693188766883
662297327,boot,37,0.8496015627145702,0.5102886176703623,137.23355909638664,139.98442947986396
662297327,boot,38,0.8331779223092146,0.23614989727302615,137.23355909638664,124.60720279571412
662297327,boot,39,0.983570084762041,0.5466664919301711,137.23355909638664,142.6834541249374
662297327,boot,40,0.880231388329734,0.5703017811698072,137.23355909638664,138.29485359174222
662297327,boot,41,0.1780535837044707,0.20477445129783167,137.23355909638664,66.66815893197065
662297327,boot,42,0.6837869604902871,0.40613626757476495,137.23355909638664,134.9077310996438
662297327,boot,43,0.9809164394782834,0.5522419220259163,137.23355909638664,145.39858488820823
662297327,boot,44,1.4231685389924993,0.3056388255243023,137.23355909638664,2.842170943040401e-14
662297327,boot,45,1.0862295442830996,0.38210616469064906,137.23355909638664,134.60760320200802
662297327,boot,46,1.1358621933587385,0.5870869814102625,137.23355909638664,142.27706613038487
662297327,boot,47,0.8414889429961047,0.5031323803209434,137.23355909638664,137.5684155600827
662297327,boot,48,1.1605375555125925,0.5678246581797461,137.23355909638664,129.27035922492973
662297327,boot,49,0.8370669599556484,0.5040156113176935,137.23355909638664,129.44030083886918
662297327,boot,50,1.0067970634300654,0.5140736765271835,137.23355909638664,142.89381582756238
662297327,boot,51,0.8807101318689552,0.3746592211123331,137.23355909638664,121.08037669271326
662297327,boot,52,0.8029840054839859,0.534445719247803,137.23355909638664,142.72249325254876
662297327,boot,53,1.1719147366745784,0.46679406129654255,137.23355909638664,141.76703639745344
662297327,boot,54,0.9045252042513477,0.5161141987254301,137.23355909638664,144.48522829322582
662297327,boot,55,1.3147792167076329,0.4810495298154167,137.23355909638664,137.70312363850394
662297327,boot,56,1.1758617127806341,0.5735518429526729,137.23355909638664,134.22849902485703
662297327,boot,57,1.2961516055287698,0.44395911995914517,137.23355909638664,148.38009281820922
662297327,boot,58,0.9866225052900418,0.4994110519353552,137.23355909638664,147.47234068371435
662297327,boot,59,0.7860892446360657,0.47161754978579706,137.23355909638664,145.05740629711045
662297327,boot,60,1.0273852361789082,0.5288647341475876,137.23355909638664,135.01117626083285
662297327,boot,61,0.9571335392750406,0.5796826641677388,137.23355909638664,125.95469826652086
662297327,boot,62,0.8680656020614136,0.4665690891677303,137.23355909638664,143.4410057758354
662297327,boot,63,1.0438849486693678,0.6150523938630948,137.23355909638664,132.756797514908
662297327,boot,64,1.0280383134106972,0.4794335316148405,137.23355909638664,126.86950049940215
662297327,boot,65,1.090180811513753,0.47475366566189003,137.23355909638664,133.69886469140144
662297327,boot,66,0.8500988304627924,0.5102886293774234,137.23355909638664,139.9726102877329
662297327,boot,67,1.0381215177357515,0.6395236241873715,137.23355909638664,135.16159926525464
662297327,boot,68,1.2117792557465294,0.49959684175908214,137.23355909638664,145.9064074274931
662297327,boot,69,1.17891660056536,0.5408237245900447,137.23355909638664,139.43264850076156
662297327,boot,70,0.9485589134769948,0.6665208922637165,137.23355909638664,132.62560027723498
662297327,boot,71,0.8617120915711359,0.5094556645194066,137.23355909638664,143.90820750807742
662297327,boot,72,0.9497883857585723,0.5493766652027848,137.23355909638664,133.21304737557458
662297327,boot,73,1.6353138268788876,0.5197408532160914,137.23355909638664,133.86144736248008
662297327,boot,74,1.113131689367471,0.6578207422937256,137.23355909638664,153.45354931349274
662297327,boot,75,0.8618475462666184,0.5789558356651423,137.23355909638664,139.41368192669523
662297327,boot,76,0.894384957542118,0.5741113274407584,137.23355909638664,135.66803148470044
662297327,boot,77,0.9082215097158219,0.5698055850072271,137.23355909638664,128.55139945030822
662297327,boot,78,0.9908577100048908,0.5345953098396095,137.23355909638664,124.195399386563
662297327,boot,79,1.0691795127587904,0.5199752749450444,137.23355909638664,129.41086653852702
662297327,boot,80,1.2411996172560065,0.5485888119014019,137.23355909638664,144.21450279876746
662297327,boot,81,1.048190145059393,0.5504745464713612,137.23355909638664,135.88130515137044
662297327,boot,82,0.6015838564964171,0.6026756468601926,137.23355909638664,138.40593494611133
662297327,boot,83,0.4226894329629218,0.17620164655477644,137.23355909638664,19.595709852519178
662297327,boot,84,0.7942904020434309,0.6521957990128118,137.23355909638664,134.05936045090596
662297327,boot,85,0.8990450280859618,0.5664774275127934,137.23355909638664,134.98292322308998
662297327,boot,86,1.4144232649599988,0.366074829934249,137.23355909638664,147.54435676969376
662297327,boot,87,1.1281650720068375,0.5421707333100356,137.23355909638664,136.13359128929895
662297327,boot,88,1.0537101276753738,0.5270954617775993,137.23355909638664,136.18968436794148
662297327,boot,89,0.6015905369652682,0.602675647790067,137.23355909638664,138.4063120596831
662297327,boot,90,0.9618017091396709,0.4311214061653743,137.23355909638664,139.85783050585036
662297327,boot,91,0.7071486204168776,0.41823668809483494,137.23355909638664,147.75920609544121
662297327,boot,92,0.22768465766647047,0.33715660846873785,137.23355909638664,55.813357398678995
662297327,boot,93,0.8410446158846027,0.4626181369644279,137.23355909638664,140.1738141736747
662297327,boot,94,1.3292458769183813,0.40800427872950906,137.23355909638664,148.37526605703005
662297327,boot,95,0.8274881822653627,0.5192100058745875,137.23355909638664,134.03054690168506
662297327,boot,96,0.9764385032936294,0.4537158394189019,137.23355909638664,143.8405296827172
662297327,boot,97,1.2203696621563835,0.5805990300880008,137.23355909638664,127.48467744112088
662297327,boot,98,0.8251802615909969,0.5198888569318683,137.23355909638664,138.48089124975317
662297327,boot,99,1.0156958848900697,0.4551345703946683,137.23355909638664,136.67611857696906
662297327,rot,0,0.7704022568115831,0.5842276273666434,56.521884347904624,55.92971489049481
662297327,rot,1,1.0476012485057913,0.5099045827466786,49.30229480338971,40.41943184284702
662297327,rot,2,0.7820416385528923,0.6034349552260845,14.483732832103337,6.523311645201744
662297327,rot,3,0.9048760143444875,0.5942103272075665,9.676622229560097,23.06860163447982
662297327,rot,4,1.1141369986053953,0.5926665215500672,30.885766567512842,31.419240833793197
662297327,rot,5,1.0124251799149044,0.5911154210638953,28.92883774021888,29.312149363724217
662297327,rot,6,0.9162989563011961,0.5494862854884919,150.81449982096723,149.01455680647754
662297327,rot,7,1.1142089899720518,0.5847932678983268,86.61202949271504,76.77880623687903
662297327,rot,8,1.0028696500178726,0.5736803139764803,176.72767058333108,174.21505145585775
662297327,rot,9,1.036853234680104,0.4867862856318931,22.225528307675024,29.800634554733136
662297327,rot,10,0.9659868726947909,0.6131153100246782,93.92923422331403,90.78705092330388
662297327,rot,11,1.0065596240554022,0.39916244445036964,10.854464923173964,0.0
662297327,rot,12,1.0947326260801369,0.4738360687180465,0.9465777209051773,2.842170943040401e-14
662297327,rot,13,0.8037930046100675,0.5918766102110988,20.62282795408286,22.758780546448705
662297327,rot,14,0.8273954452034721,0.5179928897541457,170.06755085060522,173.34399965246922
662297327,rot,15,0.44386479600293105,0.21821764429600754,134.0396507727922,49.44747588135879
662297327,rot,16,0.7619505948570702,0.5732802884373558,4.725708898879217,16.471063391652866
662297327,rot,17,0.9771514146245724,0.6557643141877822,12.93881556820118,7.2965777452875225
662297327,rot,18,0.9920544252012203,0.5853907317071297,49.824061267680776,45.14014642951009
662297327,rot,19,1.162529979963068,0.551750770602189,103.94027434233652,96.51632520801472
662297327,rot,20,0.8890133336472719,0.5469681819918321,12.234472335286355,177.70270048410677
662297327,rot,21,1.015892048946627,0.5706163797743522,111.66313144376369,109.01727761707181
662297327,rot,22,1.2631075146821453,0.5753237455508979,153.6784165525348,150.89340949766316
662297327,rot,23,1.1676487495814527,0.5649974969079347,124.51223926657457,120.87046564294002
662297327,rot,24,0.933493794374822,0.6113060050727098,62.14095934481221,66.72283410180252
662297327,rot,25,1.1039965081395182,0.5611293223239838,120.7048624011486,118.15490352527655
662297327,rot,26,0.9213216996864367,0.4874642146843823,0.47636282690721954,3.80147680254467
662297327,rot,27,1.2718357076892632,0.433942905686737,118.28122336044348,121.6800856530023
662297327,rot,28,0.8229919014226361,0.5068325562047684,145.64867109667404,136.1375793968723
662297327,rot,29,1.0818473196804281,0.616635607650402,177.06269389557875,176.55989892615213
662297327,rot,30,1.1324042027392276,0.5137850006148064,54.3602666966635,45.954732209042305
662297327,rot,31,1.0950297649567202,0.6485771416054914,173.63359871531827,1.0708002885153576
662297327,rot,32,1.0732098950706417,0.4736910760918033,159.79089015606334,144.76208300448383
662297327,rot,33,1.1270917584189994,0.6221815160430504,0.25514975616104385,177.69138797964953
662297327,rot,34,0.9276880978968256,0.498363766195113,178.8520714786208,176.5936078771986
662297327,rot,35,0.8408777862259401,0.49591239995689107,68.55046462244373,66.8397461912709
662297327,rot,36,1.0193244588772519,0.5485620503070565,142.10445817388222,140.82548161298814
662297327,rot,37,1.146649862868092,0.5679135295612323,132.04727129241994,136.04245485467268
662297327,rot,38,1.0063597281302616,0.5919652879111319,138.4329787827441,142.62991272596025
662297327,rot,39,0.9766036408190552,0.5493304016329394,23.228223874760502,24.488760043954805
662297327,rot,40,0.9338192062799248,0.6735850300420366,164.47125016098093,150.3817997457307
662297327,rot,41,0.6883033433744821,0.5312382588391431,87.16733100958069,76.62846726560184
662297327,rot,42,0.8837876589215325,0.4873682282939221,100.78765972559277,98.47984134536016
662297327,rot,43,1.1908767469379942,0.5407674884511351,173.63366551708629,174.62300172683916
662297327,rot,44,0.8788359925976507,0.4355093978108219,0.22246866060953607,0.34309717479694296
662297327,rot,45,0.6145541473953603,0.42982609157938034,26.68051366978823,23.505768457227898
662297327,rot,46,1.4378783128363808,0.579913001114029,112.37403742668761,124.41063622772161
662297327,rot,47,0.9007836791603047,0.4892070266951697,138.91576366921788,146.23829119619438
662297327,rot,48,0.8963359591088518,0.5351739958577009,100.13056210809826,97.7218984835167
662297327,rot,49,0.7793354983135039,0.47530371944229255,58.07505009353902,65.15914867398321
662299371,round,0,1.1275823800915503,0.5070194534937825,1.5656022114485708,16.256211174316505
662299371,round,1,1.0930524730127353,0.5210888445361255,1.5656022114485708,163.28597389533914
662299371,round,2,0.8740623561450164,0.544534733169419,1.5656022114485708,0.5554775315991856
662299371,round,3,1.0535211032298288,0.4476223316802088,1.5656022114485708,170.62113109031554
662299371,round,4,0.9159428571044658,0.35576907202558083,1.5656022114485708,15.25917773433085
662299371,round,5,1.815750115923611,0.41692615978607406,1.5656022114485708,7.517548528804284
662299371,round,6,1.7396736170771256,0.39795196498351004,1.5656022114485708,166.41717467331512
662299371,round,7,0.9943165777155143,0.5011860101482166,1.5656022114485708,173.42454082983855
662299371,round,8,0.8381626428348873,0.39934247731071193,1.5656022114485708,179.03595634502065
662299371,round,9,0.8170758755665835,0.5138333476457589,1.5656022114485708,179.0402422089708
662299371,round,10,0.9364157394068671,0.5277614650407771,1.5656022114485708,179.9999999999978
662299371,round,11,0.7861637188125733,0.3906071540820556,1.5656022114485708,1.9539925233402755e-09
662299371,round,12,1.0841841344964205,0.38956622901873583,1.5656022114485708,175.48957060644202
662299371,round,13,0.9887800087674726,0.3323199302367372,1.5656022114485708,170.47033586477144
662299371,round,14,1.0570323315121026,0.3398425731604956,1.5656022114485708,18.075602076669284
662299371,round,15,0.7308648204977926,0.46672873868359377,1.5656022114485708,172.337784862035
662299371,round,16,1.0837031109623263,0.5569505400385211,1.5656022114485708,10.925691887554535
662299371,round,17,1.151287705233287,0.47526559355641795,1.5656022114485708,5.950575923380015
662299371,round,18,0.9590419181355199,0.48262459825839177,1.5656022114485708,2.6154858986125618
662299371,round,19,0.862276673173114,0.32708219341946365,1.5656022114485708,179.19258385188098
662299371,round,20,1.6706600250459243,0.4296120612243688,1.5656022114485708,178.116453281465
662299371,round,21,0.7153818456985354,0.5026594673207749,1.5656022114485708,5.733676413939831
662299371,round,22,0.8942291264192924,0.44682017272102603,1.5656022114485708,0.936047806238321
662299371,round,23,0.8780019641300996,0.4662516421709013,1.5656022114485708,9.968728257351728
662299371,round,24,1.0093221445066791,0.5488372396281294,1.5656022114485708,15.539662843245708
662299371,round,25,1.1972666444896394,0.4757582238253564,1.5656022114485708,176.1234400569066
662299371,round,26,0.8821217973338009,0.47757310731215574,1.5656022114485708,10.430039402849623
662299371,round,27,0.8559232909725668,0.38830736881667083,1.5656022114485708,3.8832117201142093
662299371,round,28,0.2713256124176457,0.33362315839229173,1.5656022114485708,68.1778743836856
662299371,round,29,1.368695645087239,0.3574135307704246,1.5656022114485708,14.645761154228381
662299371,round,30,1.218474224351497,0.463769908978369,1.5656022114485708,5.551166461206421
662299371,round,31,1.1514330453729187,0.4909464144747071,1.5656022114485708,169.1845183936186
662299371,round,32,1.2971803785052984,0.47740649553799686,1.5656022114485708,2.1304501177498167
662299371,round,33,1.029200641189434,0.3424477536721432,1.5656022114485708,165.99161355209716
662299371,round,34,0.9685884860601179,0.41657486334977334,1.5656022114485708,173.2711545100279
662299371,round,35,1.2678602692560759,0.46901127853481595,1.5656022114485708,14.618869398233159
662299371,round,36,1.3233618798279727,0.2935168313972104,1.5656022114485708,173.93432920726264
662299371,round,37,0.9089472379379445,0.416897274117072,1.5656022114485708,4.845580259654525
662299371,round,38,1.0830189029787305,0.33474928257255787,1.5656022114485708,177.13185028536532
662299371,round,39,1.0238659807706723,0.41016411859287694,1.5656022114485708,1.7630287764910122
662299371,round,40,0.8326170553835325,0.5538415379520882,1.5656022114485708,172.31200029723
662299371,round,41,1.1139923878565712,0.5326097697568815,1.5656022114485708,176.03293052904507
662299371,round,42,0.9041261771094311,0.36783781322626685,1.5656022114485708,169.67533800967502
662299371,round,43,1.307753487655366,0.4833754101515625,1.5656022114485708,177.79989840136295
662299371,round,44,1.1068143438335054,0.5900611956470826,1.5656022114485708,2.608859898027376
662299371,round,45,0.7801668141955888,0.5233055880556579,1.5656022114485708,14.365762551078289
662299371,round,46,0.8974647888818627,0.4518434801145347,1.5656022114485708,162.6616493298588
662299371,round,47,1.153089129375286,0.5010871326203223,1.5656022114485708,5.450397351962835
662299371,round,48,1.0724898689430074,0.34413852290265623,1.5656022114485708,0.20230912185407135
662299371,round,49,1.1024797546836087,0.5444992014438002,1.5656022114485708,1.9287596055473557
662299371,round,50,0.6194819196439187,0.310522507337303,1.5656022114485708,175.81331317779302
662299371,round,51,0.9289337137429216,0.4510375524100191,1.5656022114485708,175.46069520771914
662299371,round,52,0.8929716572832459,0.41757021010658735,1.5656022114485708,178.52990403133487
662299371,round,53,0.6644425094719864,0.33301484990387853,1.5656022114485708,10.901042363397096
662299371,round,54,1.070239758478964,0.5316706324839879,1.5656022114485708,7.992135632411703
662299371,round,55,1.0234502409433037,0.41016403690717074,1.5656022114485708,1.7205395976317845
662299371,round,56,0.8651495315806504,0.4153444310603198,1.5656022114485708,177.61632144877308
662299371,round,57,0.7472672559401421,0.5004191508431708,1.5656022114485708,17.280217001035073
662299371,round,58,1.2087573006927497,0.42535817733495607,1.5656022114485708,5.084241090008646
662299371,round,59,0.7260700770579361,0.4133706784871606,1.5656022114485708,8.656697861754452
662299371,round,60,1.2556437387252846,0.48346059390556473,1.5656022114485708,3.4609060802996225
662299371,round,61,0.7963102098040603,0.42444202946932774,1.5656022114485708,8.112139739827835
662299371,round,62,0.6792849743189465,0.29971183119226297,1.5656022114485708,15.158289239048283
662299371,round,63,1.0619391589284983,0.5122671289551488,1.5656022114485708,4.128450386155947
662299371,round,64,0.9321306918555774,0.5163967339017825,1.5656022114485708,2.322578943485275
662299371,round,65,0.8967277629940119,0.5402405582186932,1.5656022114485708,0.00014887872671920377
662299371,round,66,0.7831590437789981,0.4008046434480327,1.5656022114485708,16.30200108651759
662299371,round,67,1.2708689753315865,0.47697479331178483,1.5656022114485708,177.3737236540907
662299371,round,68,1.2087426488763975,0.4253581573374352,1.5656022114485708,5.08380128780172
662299371,round,69,2.3996663327335424,0.35099278618004337,1.5656022114485708,156.95651180906322
662299371,round,70,0.9081655636202758,0.5098497213699463,1.5656022114485708,8.058687552463084
662299371,round,71,0.8145324936941429,0.42296662883993386,1.5656022114485708,174.42922982400816
662299371,round,72,1.2085852531845873,0.42535818436883865,1.5656022114485708,5.081420378505868
662299371,round,73,0.8655918510369911,0.44620693774683473,1.5656022114485708,2.8416090699038663
662299371,round,74,0.9681242067320698,0.41657489015240035,1.5656022114485708,173.2675033623241
662299371,round,75,0.7473550671250377,0.5004191229679946,1.5656022114485708,17.277458094102617
662299371,round,76,0.8847169201998978,0.5056149571225199,1.5656022114485708,18.681966639587532
662299371,round,77,0.7160925788357893,0.4625781886068402,1.5656022114485708,11.996340546337677
662299371,round,78,1.0181016256672533,0.5408372645951125,1.5656022114485708,164.66610109725278
662299371,round,79,0.668835341358207,0.42035055135929034,1.5656022114485708,5.3893009464253705
662299371,round,80,1.1626391153474487,0.3167484174395815,1.5656022114485708,13.89450926879772
662299371,round,81,0.4723801056439741,0.25945320640559566,1.5656022114485708,164.27213720817264
662299371,round,82,0.9680882970563028,0.41657488835555323,1.5656022114485708,173.28019938310553
662299371,round,83,1.0002674478933549,0.5062653100008205,1.5656022114485708,166.56160416957994
662299371,round,84,1.2740025112138784,0.4050287164439669,1.5656022114485708,7.659654849256128
662299371,round,85,0.8732000918643096,0.3896357912016709,1.5656022114485708,175.1392204016506
662299371,round,86,1.0976527252937274,0.466539730325385,1.5656022114485708,15.332784022115007
662299371,round,87,0.7473882073105438,0.5004191118005707,1.5656022114485708,17.2764070038585
662299371,round,88,0.9503656032213976,0.4412812760901852,1.5656022114485708,168.80318838332093
662299371,round,89,0.9732744461618014,0.49909118146909126,1.5656022114485708,172.53585545391044
662299371,round,90,0.835125416996633,0.5049647026970125,1.5656022114485708,162.4855921423713
662299371,round,91,1.4246705242111881,0.45541455944542075,1.5656022114485708,164.42597342830027
662299371,round,92,0.8534899201658769,0.5153975081481805,1.5656022114485708,7.127010513033776
662299371,round,93,1.3562153743673688,0.5049919095548643,1.5656022114485708,1.5041955281200785
662299371,round,94,1.188225059312495,0.568746485830274,1.5656022114485708,6.388561149848655
662299371,round,95,1.3645158209618915,0.35741374557890904,1.5656022114485708,14.600692563044845
662299371,round,96,0.7583278018590487,0.510483748105609,1.5656022114485708,172.9494202879658
662299371,round,97,0.8780019641300996,0.4662516421709013,1.5656022114485708,9.968728257351728
662299371,round,98,1.0977692826399117,0.4665397157790604,1.5656022114485708,15.333312637905664
662299371,round,99,1.2081497667299927,0.41837913046691677,1.5656022114485708,175.7401082441835
662299371,boot,0,0.6116942174090851,0.3858912542828835,1.5656022114485708,173.7084777616564
662299371,boot,1,0.6372846462431172,0.4554555203710763,1.5656022114485708,3.5512613958604033
662299371,boot,2,0.43422321087407395,0.3382487319363624,1.5656022114485708,177.21422233614373
662299371,boot,3,0.5000634633417743,0.41972573403524105,1.5656022114485708,7.209506801931667
662299371,boot,4,0.6748473805520574,0.3728666245265029,1.5656022114485708,12.805321684565607
662299371,boot,5,0.5287679031819903,0.46602511041016115,1.5656022114485708,179.99999999999997
662299371,boot,6,0.6785312928935942,0.43472802449033754,1.5656022114485708,6.139747119143038
662299371,boot,7,0.48358375443856816,0.38311680557404315,1.5656022114485708,177.53768363938994
662299371,boot,8,0.5489705475332327,0.4658296739795178,1.5656022114485708,171.48038588799764
662299371,boot,9,0.5549397005529006,0.47093897364349024,1.5656022114485708,3.997580855445454
662299371,boot,10,0.4542626872448623,0.4205632106634374,1.5656022114485708,178.85036808282362
662299371,boot,11,0.42355127776859847,0.4599358718808365,1.5656022114485708,178.30391518836183
662299371,boot,12,0.4876259524662891,0.5316186951382542,1.5656022114485708,176.98362509686473
662299371,boot,13,0.471832118863945,0.490121189838706,1.5656022114485708,179.58469845824294
662299371,boot,14,0.4539974495531345,0.42056325807224093,1.5656022114485708,178.84034066867633
662299371,boot,15,0.6515587187030529,0.4343284519093501,1.5656022114485708,0.8929078295343231
662299371,boot,16,0.6203675041167561,0.5748140695900517,1.5656022114485708,4.084135105868116
662299371,boot,17,0.6390988291970027,0.5142985778060067,1.5656022114485708,177.87238718168462
662299371,boot,18,0.4705952711335428,0.4969799697661126,1.5656022114485708,3.020752119551929
662299371,boot,19,0.44561628147035975,0.4151169535927294,1.5656022114485708,173.17257084012826
662299371,boot,20,0.8892107837434957,0.5111054581685809,1.5656022114485708,9.114573320033116
662299371,boot,21,0.46572547414675247,0.4826807297967797,1.5656022114485708,176.7182983649727
662299371,boot,22,0.5754033013832629,0.3811506202495991,1.5656022114485708,170.9625878973739
662299371,boot,23,0.6476691170966321,0.46698017767648703,1.5656022114485708,173.095497061989
662299371,boot,24,0.5288518771090883,0.5606507552053068,1.5656022114485708,9.833816898535426
662299371,boot,25,0.4774439100663502,0.47058772282205497,1.5656022114485708,174.00327783652085
662299371,boot,26,0.40051372637381333,0.49750814385959974,1.5656022114485708,7.977286001622275
662299371,boot,27,0.5449269473945585,0.547920468605508,1.5656022114485708,8.48783645433221
662299371,boot,28,0.4811883864580025,0.3063308040541439,1.5656022114485708,179.99999999999997
662299371,boot,29,0.5846968053553382,0.46088529540574097,1.5656022114485708,175.07669744320728
662299371,boot,30,0.38495575479010424,0.5071130381389994,1.5656022114485708,176.1014370028201
662299371,boot,31,0.6365254550048249,0.47924638699509303,1.5656022114485708,175.62134621468505
662299371,boot,32,0.4405518120347936,0.4086673934981785,1.5656022114485708,177.1195259861209
662299371,boot,33,0.6070643147104338,0.4813116010735141,1.5656022114485708,9.380731183825276
662299371,boot,34,0.7221201286204547,0.46771742465777544,1.5656022114485708,17.98900227185666
662299371,boot,35,0.9746333046104627,0.4223979656093849,1.5656022114485708,179.96053128971536
662299371,boot,36,0.49962516022567754,0.4127304868597702,1.5656022114485708,8.742015423146306
662299371,boot,37,0.5227129038721587,0.4206082919348223,1.5656022114485708,4.275742938048154
662299371,boot,38,0.48720520667503975,0.36749741405149783,1.5656022114485708,179.99999999999997
662299371,boot,39,0.4551867992817201,0.44589780635932097,1.5656022114485708,2.070551428849097
662299371,boot,40,0.41768447834100086,0.49966050723658584,1.5656022114485708,7.93364237264953
662299371,boot,41,0.5269319661012339,0.564011701443967,1.5656022114485708,7.277621158763578
662299371,boot,42,0.7797884838901993,0.43439665096442936,1.5656022114485708,7.89151193136189
662299371,boot,43,0.5419156289614121,0.5234418225627155,1.5656022114485708,2.3506682668311782
662299371,boot,44,0.6500021686267372,0.31303068490976815,1.5656022114485708,179.24417211097642
662299371,boot,45,0.5816470288858889,0.420955028074803,1.5656022114485708,179.99999999999997
662299371,boot,46,0.566746501617067,0.5023439928919927,1.5656022114485708,6.402947221967651
662299371,boot,47,0.448503479204511,0.4437454508438782,1.5656022114485708,6.603960129184003
662299371,boot,48,0.6028185468776941,0.3946083960624862,1.5656022114485708,177.25925813058888
662299371,boot,49,0.8566016873141281,0.4846485490038831,1.5656022114485708,9.40404448200685
662299371,boot,50,0.7246890523902626,0.5201066811453225,1.5656022114485708,4.818495099731811
662299371,boot,51,0.3371696130169321,0.40642337194165046,1.5656022114485708,4.28880572367936
662299371,boot,52,0.522230799614908,0.5447020899638366,1.5656022114485708,10.651960301879654
662299371,boot,53,0.5728528288239334,0.49475162992801225,1.5656022114485708,174.83506849536607
662299371,boot,54,0.716069380343502,0.44343763412514603,1.5656022114485708,3.052840887009353
662299371,boot,55,0.5849418369223556,0.4249276570034396,1.5656022114485708,4.23688182108449
662299371,boot,56,0.5292648715704189,0.5255900258583249,1.5656022114485708,3.854613589365879
662299371,boot,57,0.5287569396064151,0.5606507354616392,1.5656022114485708,9.83291163408478
662299371,boot,58,0.5849448791409353,0.4608852679944474,1.5656022114485708,175.0748116091817
662299371,boot,59,0.5525255833457975,0.4359865530568837,1.5656022114485708,9.480002642783862
662299371,boot,60,0.5645630795959726,0.4621550516445273,1.5656022114485708,6.039939761250269
662299371,boot,61,0.8820726082824772,0.4711860400018283,1.5656022114485708,177.06334419811793
662299371,boot,62,0.5751421943744405,0.43612003588521164,1.5656022114485708,179.99999999999997
662299371,boot,63,0.553523662772093,0.5032807603926094,1.5656022114485708,4.941427955065274
662299371,boot,64,0.9458780000434226,0.5588586663001278,1.5656022114485708,177.42331279360533
662299371,boot,65,0.6387792919971277,0.5142988219829602,1.5656022114485708,177.86018411195897
662299371,boot,66,0.4922986860274824,0.5170225087087906,1.5656022114485708,4.912011384243527
662299371,boot,67,0.6167591915243488,0.453978727079845,1.5656022114485708,179.99999999999997
662299371,boot,68,0.9321571853833416,0.39608833954396316,1.5656022114485708,17.24876767870822
662299371,boot,69,0.415414701113962,0.47100407356922536,1.5656022114485708,2.5047517358903555
662299371,boot,70,0.45509027425601634,0.44589784635396623,1.5656022114485708,2.073339797440781
662299371,boot,71,0.5282629609660315,0.4201717297544766,1.5656022114485708,1.2272784544222475
662299371,boot,72,0.5717496317180087,0.49575223781270905,1.5656022114485708,179.99999999999997
662299371,boot,73,0.6860103783156198,0.5026741916103803,1.5656022114485708,5.2385355848445805
662299371,boot,74,0.7033226912260705,0.4483217785680581,1.5656022114485708,8.211181833326094
662299371,boot,75,0.3685943899879873,0.397409148302592,1.5656022114485708,4.976453172191934
662299371,boot,76,0.5706799617602896,0.3823717518789027,1.5656022114485708,176.08292702181532
662299371,boot,77,0.5848600888815723,0.4608852908444738,1.5656022114485708,175.07513848339963
662299371,boot,78,0.6022823293068792,0.3744341419526913,1.5656022114485708,172.17994051716187
662299371,boot,79,0.6450810553654254,0.44470763194336105,1.5656022114485708,3.9683307501179
662299371,boot,80,0.44975495492589107,0.4264254570903383,1.5656022114485708,2.924451700121381
662299371,boot,81,0.7576988552572996,0.5825354022383021,1.5656022114485708,11.551693307942287
662299371,boot,82,0.6623248733742275,0.45000353873933774,1.5656022114485708,3.442648436009118
662299371,boot,83,0.6250745795556669,0.40692930655199333,1.5656022114485708,0.5685181552892971
662299371,boot,84,0.7002729438518221,0.4233345452750864,1.5656022114485708,168.58171411222975
662299371,boot,85,0.4064603381513158,0.3648860641048356,1.5656022114485708,178.14070576984253
662299371,boot,86,0.6722721784450191,0.48107667900687934,1.5656022114485708,172.83594011848427
662299371,boot,87,0.5551441481539813,0.4970237166008574,1.5656022114485708,17.917288617603674
662299371,boot,88,1.2283082322353729,0.4141742355032699,1.5656022114485708,158.95108841331282
662299371,boot,89,0.42595592003938854,0.43576754138989304,1.5656022114485708,177.82152315402882
662299371,boot,90,0.5043817124185295,0.4490394397594417,1.5656022114485708,175.1374577522449
662299371,boot,91,0.611278985076448,0.5540975854976906,1.5656022114485708,179.99999999999997
662299371,boot,92,0.5759182600923731,0.40601200493284195,1.5656022114485708,177.51154128118256
662299371,boot,93,0.746974534678581,0.48256789859236404,1.5656022114485708,176.0367480492162
662299371,boot,94,0.47226291173906937,0.504739840514199,1.5656022114485708,176.579052311826
662299371,boot,95,0.5317089133188128,0.5338295036674767,1.5656022114485708,5.3833465176145125
662299371,boot,96,0.7033094215645013,0.4483217804945735,1.5656022114485708,8.22112457506701
662299371,boot,97,0.57763580046565,0.35489282185167337,1.5656022114485708,2.0740806603545536
662299371,boot,98,0.36519007436951173,0.3752532160247507,1.5656022114485708,4.807752356332581
662299371,boot,99,0.4999187896307831,0.4197257468131049,1.5656022114485708,7.201441190093037
662299371,rot,0,1.0403447473437981,0.46967109973464305,106.54980220544724,98.18625064133133
662299371,rot,1,0.5440443357036353,0.5167524824208559,105.15568189118314,103.92223508202191
662299371,rot,2,0.5264409855748029,0.4205773559380265,53.77299013012938,48.288648048963154
662299371,rot,3,0.5504858703114496,0.4827330446343676,19.125254147226297,21.731604841948666
662299371,rot,4,0.6382366720904757,0.37943181901006995,75.29643997951285,70.73469369558275
662299371,rot,5,0.5702100267379456,0.3923166418566374,55.06068606675628,66.1252502538936
662299371,rot,6,0.5486118309045044,0.48354125680541815,25.817625335895613,31.772197880518775
662299371,rot,7,0.6095201699820899,0.5225442594424218,174.37466206758492,171.3028581749682
662299371,rot,8,0.5115827836456067,0.40135873030707603,23.322829153855565,25.995142750734747
662299371,rot,9,0.6766615366848229,0.5603725653527404,97.88113465807278,97.55592807974624
662299371,rot,10,1.3463336762733218,0.4793054735299729,25.211454196710616,8.247380519388827
662299371,rot,11,0.6924981870829714,0.4115984597742294,141.25961404178037,141.38889625353866
662299371,rot,12,0.49980942047307647,0.48677353831202064,65.0139266743887,70.08951594098217
662299371,rot,13,0.6254104616664761,0.49771343158817216,145.82539111056028,143.6241778865428
662299371,rot,14,0.5342340774631266,0.483713442987007,36.128255996848374,39.29270450223707
662299371,rot,15,0.6141336425447353,0.57687259247162,51.373691869540245,51.017247146113334
662299371,rot,16,0.3433806048787146,0.24447052091202792,91.53997690109803,164.54381831978554
662299371,rot,17,0.5708657297050489,0.43577071735212836,86.11826846276263,91.93179790505786
662299371,rot,18,0.4713187513274292,0.38753700936350943,166.93570774604262,166.32283973071927
662299371,rot,19,0.5207184102044604,0.5873627817103398,178.6623624737973,174.58406538662632
662299371,rot,20,0.8522991120468608,0.5488545569489405,119.22393409415884,116.49608080244818
662299371,rot,21,0.5292179659039107,0.5107723267612179,127.22755283282986,124.85655709636215
662299371,rot,22,0.42963834134911866,0.5962853118747049,70.38417072170878,73.7882529011103
662299371,rot,23,0.38204912485626186,0.4433329316719993,83.96765797526398,84.79100880470702
662299371,rot,24,0.6281534623838491,0.5301060991759419,104.12418305871927,108.78506673064804
662299371,rot,25,0.4818543006785683,0.45745373069526407,134.00702577315923,135.43969366741183
662299371,rot,26,0.5771313013817484,0.5924150606386018,165.58681493300676,166.14463454689886
662299371,rot,27,0.5107492597322151,0.45318328351872805,143.17559039816345,146.11877587447458
662299371,rot,28,0.4943795836697743,0.43934823217235053,58.711549138975506,51.98665370656241
662299371,rot,29,0.6347315164136804,0.5134262234652893,49.142824618243786,45.03584441629857
662299371,rot,30,0.6492100263661191,0.4298581778979419,95.78742481168673,88.26487543501808
662299371,rot,31,0.49483222130597454,0.4682540357112541,65.5132537097421,60.2622400391858
662299371,rot,32,0.49797725318535213,0.47048685664621626,84.76902267176365,80.10961719562019
662299371,rot,33,0.5438668434965367,0.5390611564305572,71.79353290536146,64.39080071909092
662299371,rot,34,0.5335117537937287,0.46880598705532495,15.107381706111486,13.989414972370314
662299371,rot,35,0.5778040197280715,0.4644521079259992,90.46058422539446,88.95921409948139
662299371,rot,36,0.567652434630202,0.41203214735221894,139.31343573388003,136.98685131898003
662299371,rot,37,0.5413942490504101,0.40866675833600585,73.83475043313997,73.93467031751193
662299371,rot,38,0.6331932590960856,0.48127394443988025,176.6544505925102,172.7990699419855
662299371,rot,39,0.37497753926133504,0.22972915750661838,116.16791873679215,79.71085936005692
662299371,rot,40,0.7374921692891916,0.5603876351357876,42.65129394346397,41.372656147861136
662299371,rot,41,0.3954389181751508,0.3743433359372774,144.51042665172693,143.95222495695037
662299371,rot,42,0.4769598242167835,0.41533026268057116,111.77280517748555,109.27437103058882
662299371,rot,43,0.6810493902336605,0.6494464844924793,143.72738014880113,142.33176728238573
662299371,rot,44,0.8287957734526645,0.515357022789903,175.41197860600474,167.93355113311705
662299371,rot,45,0.564913046950074,0.4094901129166597,5.932997494011483,6.202649542111459
662299371,rot,46,0.4906024949989165,0.46350412057609514,9.623995958468809,2.975190853183051
662299371,rot,47,0.509371157583699,0.40789227425545893,66.51944274929302,68.23624437043557
662299371,rot,48,0.6433309041174258,0.4668208099324713,14.24978847905405,177.36831063479332
662299371,rot,49,0.634902052752865,0.5179387359887349,72.47002871232712,59.11000556697849
662299773,round,0,0.9712949027306927,0.6463669540917674,21.25337201959863,21.602984702757283
662299773,round,1,0.9629611287984597,0.6630770078565069,21.25337201959863,17.342872564212698
662299773,round,2,1.1805456488890387,0.5349177646989715,21.25337201959863,15.874461823493874
662299773,round,3,1.0030398812574164,0.7138156886146144,21.25337201959863,11.615532990018323
662299773,round,4,0.9328901692417577,0.7043681024082542,21.25337201959863,31.350748556741422
662299773,round,5,1.1723943920861313,0.7018957773110607,21.25337201959863,21.66133447114123
662299773,round,6,1.0310010485370174,0.671195626419197,21.25337201959863,17.55473722918964
662299773,round,7,1.1408723096343174,0.6110692480750143,21.25337201959863,11.587854023119931
662299773,round,8,1.0835639813601599,0.6351599209751131,21.25337201959863,24.722887641389462
662299773,round,9,1.0790003805205752,0.6425614957294468,21.25337201959863,25.03910072558972
662299773,round,10,0.9123788562854522,0.6994341564606011,21.25337201959863,28.203764825298492
662299773,round,11,1.0228900012250866,0.6940721462395061,21.25337201959863,23.73917561756292
662299773,round,12,0.9432824133803608,0.6293913655373995,21.25337201959863,21.642976115035736
662299773,round,13,0.8060958918893123,0.5601262329100103,21.25337201959863,179.99999999999997
662299773,round,14,0.8188176197980627,0.7069738567985071,21.25337201959863,23.13561828145413
662299773,round,15,0.9682525554546707,0.6670645717184329,21.25337201959863,9.73340992528179
662299773,round,16,1.1273598010902317,0.6840344393689126,21.25337201959863,20.435203773710228
662299773,round,17,0.9609089657386807,0.7232900973256077,21.25337201959863,35.82710733102613
662299773,round,18,0.9584234813732386,0.6702502986323939,21.25337201959863,21.18753709278133
662299773,round,19,1.0346182809258917,0.6848249980843968,21.25337201959863,21.477847582673533
662299773,round,20,0.8439184899133529,0.4575746212664126,21.25337201959863,179.99999999999997
662299773,round,21,0.979172258675904,0.609462078906986,21.25337201959863,21.17139562700865
662299773,round,22,0.9432837702376043,0.6293913655212706,21.25337201959863,21.642946669753865
662299773,round,23,1.0790003805205752,0.6425614957294468,21.25337201959863,25.03910072558972
662299773,round,24,1.1842556515187828,0.636479928014724,21.25337201959863,20.889699022700512
662299773,round,25,1.359616097635039,0.7276829866478813,21.25337201959863,7.891215919596647
662299773,round,26,1.1604880725910882,0.6589025396447962,21.25337201959863,21.34579121307256
662299773,round,27,0.9853081532109907,0.6372321461401408,21.25337201959863,26.710395541740276
662299773,round,28,0.9355130027572625,0.6215018161039023,21.25337201959863,18.787957567043463
662299773,round,29,1.3075936501844752,0.6548368577920869,21.25337201959863,22.978370784894594
662299773,round,30,1.1421200115841819,0.48607721699712225,21.25337201959863,0.0
662299773,round,31,1.0786285364617136,0.6080043003814928,21.25337201959863,20.76520909800729
662299773,round,32,1.0389472682328813,0.6747189762821358,21.25337201959863,20.115554368136685
662299773,round,33,1.0536519662253077,0.566452549967299,21.25337201959863,25.115862170158607
662299773,round,34,0.9654193308105637,0.6305407881154361,21.25337201959863,23.22350989964293
662299773,round,35,1.248259511750518,0.7147615605271092,21.25337201959863,17.51144633895359
662299773,round,36,0.938355273828437,0.6564138137669631,21.25337201959863,24.928109188052012
662299773,round,37,1.0809505997280648,0.6505365302826485,21.25337201959863,23.22107271038496
662299773,round,38,0.8951283099380153,0.6829823490243654,21.25337201959863,25.124141631734688
662299773,round,39,1.1860949279030966,0.6986490605796343,21.25337201959863,0.0
662299773,round,40,1.0818757935995882,0.6864311864678266,21.25337201959863,13.70489300463828
662299773,round,41,0.9247236769686671,0.5877656349204313,21.25337201959863,24.684897945480827
662299773,round,42,1.0799381008056532,0.4664909887568056,21.25337201959863,0.0
662299773,round,43,1.4759583071078706,0.6510463196947474,21.25337201959863,20.303861713721886
662299773,round,44,1.1638173870607162,0.6519558685143285,21.25337201959863,23.30713932862676
662299773,round,45,1.2163225821136916,0.6067897117336354,21.25337201959863,17.05424183982626
662299773,round,46,1.0475487690943945,0.6482456423326669,21.25337201959863,16.40707300501404
662299773,round,47,0.9643047783739308,0.6761665280145804,21.25337201959863,20.004338996819854
662299773,round,48,0.9865624717315465,0.5721411410249712,21.25337201959863,17.984690576947514
662299773,round,49,1.1273439812317543,0.68403443932401,21.25337201959863,20.43535662434695
662299773,round,50,0.16618561049707203,0.3212859416937385,21.25337201959863,105.26069018821448
662299773,round,51,0.9945614030598311,0.6853833550873141,21.25337201959863,23.756148364306373
662299773,round,52,0.8633544951199896,0.5861680151096296,21.25337201959863,29.56390088789841
662299773,round,53,0.9949348661571404,0.606391242390552,21.25337201959863,21.175620556608134
662299773,round,54,1.3596225058611786,0.7276829866421552,21.25337201959863,7.891417367231583
662299773,round,55,0.9247229976980481,0.5877656349353648,21.25337201959863,24.68488068268332
662299773,round,56,1.077665814051031,0.6326688581849302,21.25337201959863,18.893140287170525
662299773,round,57,0.9682525554546707,0.6670645717184329,21.25337201959863,9.73340992528179
662299773,round,58,1.1273572418883129,0.6840344393680121,21.25337201959863,20.435287814790115
662299773,round,59,1.1341680181069753,0.6708673678685064,21.25337201959863,25.677700978875308
662299773,round,60,0.936865836544519,0.5732668608213407,21.25337201959863,16.037727944483205
662299773,round,61,1.061224536128413,0.6475714595288362,21.25337201959863,28.638853770336766
662299773,round,62,1.100671296055662,0.5647473561504183,21.25337201959863,18.416685069563727
662299773,round,63,0.9870668424206673,0.6419174564960239,21.25337201959863,25.430324235813025
662299773,round,64,1.1156641352676266,0.5974158760124972,21.25337201959863,11.85970399092767
662299773,round,65,1.0197442252863855,0.6885790422460238,21.25337201959863,25.731602057083478
662299773,round,66,1.0552812023630793,0.6734601706358416,21.25337201959863,14.896793766118293
662299773,round,67,0.9940227833188775,0.629514940213374,21.25337201959863,26.605909147078115
662299773,round,68,0.9761724281034985,0.6058706193061294,21.25337201959863,25.21842661636846
662299773,round,69,1.0710578055418327,0.640079259388499,21.25337201959863,23.97479377612818
662299773,round,70,0.9279852035694129,0.6395078515191279,21.25337201959863,21.774359415621607
662299773,round,71,1.0320146891991313,0.6933346991254646,21.25337201959863,21.30177765535919
662299773,round,72,1.042392587498681,0.6956089310466999,21.25337201959863,17.77469153241759
662299773,round,73,1.0594264165785994,0.73345480669018,21.25337201959863,15.02605420820504
662299773,round,74,0.9140159444414945,0.593392051362338,21.25337201959863,29.459045240700306
662299773,round,75,0.9658928567036179,0.7455261013524803,21.25337201959863,27.57878148249847
662299773,round,76,0.9658410501367753,0.7455261011413213,21.25337201959863,27.577051416857
662299773,round,77,0.9280024515265833,0.6395078514354483,21.25337201959863,21.77415479631286
662299773,round,78,1.1142496003175886,0.5944470965476087,21.25337201959863,17.332222355840344
662299773,round,79,0.9293658529640351,0.667737398142218,21.25337201959863,26.52961206742944
662299773,round,80,1.0475487690943945,0.6482456423326669,21.25337201959863,16.40707300501404
662299773,round,81,1.1604724501655352,0.6589025396849604,21.25337201959863,21.34585019980301
662299773,round,82,1.2584884633642262,0.5345648661767904,21.25337201959863,25.313713109433337
662299773,round,83,0.9627733827845916,0.6253330939717535,21.25337201959863,22.627979822377426
662299773,round,84,0.9136080422407673,0.6819635967219732,21.25337201959863,17.17806721933534
662299773,round,85,1.0097020210679186,0.6858952417286306,21.25337201959863,29.389382288068646
662299773,round,86,1.0169414145366198,0.6377831739296891,21.25337201959863,16.96456011336676
662299773,round,87,0.8193471601911043,0.5939942579668822,21.25337201959863,10.79365764758933
662299773,round,88,1.2969072874309797,0.6931099569993304,21.25337201959863,12.604497816168106
662299773,round,89,1.1638566894554088,0.6519558685780354,21.25337201959863,23.306716821944576
662299773,round,90,1.1356354128608481,0.6218202890326163,21.25337201959863,21.93877307128338
662299773,round,91,0.9569610277182313,0.6399951600107101,21.25337201959863,23.19201537596638
662299773,round,92,1.0097022091908334,0.6858952417476505,21.25337201959863,29.38939605999488
662299773,round,93,0.8893175417041765,0.64819407323776,21.25337201959863,21.541039557018774
662299773,round,94,1.0302561558968732,0.5838152742979856,21.25337201959863,24.325459584705612
662299773,round,95,0.9410540785256734,0.6499461665625013,21.25337201959863,21.15393898744139
662299773,round,96,1.375532119931349,0.7216424445237045,21.25337201959863,12.604078136502807
662299773,round,97,1.6300776196234332,0.6019536075910973,21.25337201959863,35.92700664103381
662299773,round,98,0.92479245590221,0.5942270411041143,21.25337201959863,22.11759821127795
662299773,round,99,1.0364491087284495,0.6460391805976644,21.25337201959863,24.905398138972146
662299773,boot,0,0.9675415115838081,0.7031606762265263,21.25337201959863,29.399865105909868
662299773,boot,1,0.7826975046236222,0.6381042730315749,21.25337201959863,13.558205826687328
662299773,boot,2,0.8709424098730252,0.6008463122195777,21.25337201959863,22.480867929492916
662299773,boot,3,0.8998283634974331,0.6360732666333822,21.25337201959863,14.18427652239319
662299773,boot,4,0.7288141023070118,0.6337716979896302,21.25337201959863,19.191750336631177
662299773,boot,5,0.8844831278651292,0.7014598742896727,21.25337201959863,22.423318796737902
662299773,boot,6,0.7819090132004629,0.5909262587353666,21.25337201959863,20.54997870339838
662299773,boot,7,0.6671066008116671,0.5872595276656805,21.25337201959863,21.89149466480177
662299773,boot,8,0.7805244725616965,0.6421365620950714,21.25337201959863,24.322774067933807
662299773,boot,9,0.738738413962208,0.6313004698101798,21.25337201959863,10.17296916661337
662299773,boot,10,0.7488231544230206,0.6883582040024361,21.25337201959863,22.33115772353275
662299773,boot,11,0.7293542729527454,0.6488313053718555,21.25337201959863,18.914660373848427
662299773,boot,12,0.7062637856933457,0.5230231931491962,21.25337201959863,179.99999999999997
662299773,boot,13,0.753921813993612,0.6504401354286355,21.25337201959863,27.539428591840085
662299773,boot,14,0.4169429612929071,0.2643682973112257,21.25337201959863,132.94140249587446
662299773,boot,15,0.6687691252883778,0.6768489975849085,21.25337201959863,16.828238688455283
662299773,boot,16,0.774555605207571,0.6820698372442932,21.25337201959863,19.68525920619038
662299773,boot,17,1.234186112588487,0.6450345635852226,21.25337201959863,20.491832937216316
662299773,boot,18,0.689012049588144,0.5722276393221228,21.25337201959863,28.137423414568588
662299773,boot,19,1.1296604607651766,0.6375679726942098,21.25337201959863,26.972221166660006
662299773,boot,20,0.7731564101076357,0.6319749522700557,21.25337201959863,8.598804159209822
662299773,boot,21,0.8532802183872137,0.6197154684177937,21.25337201959863,17.99640562504014
662299773,boot,22,0.752985364466049,0.595660974730543,21.25337201959863,28.09072334960473
662299773,boot,23,0.7363384741708578,0.5956827697792221,21.25337201959863,29.95308904095552
662299773,boot,24,0.7530046390304119,0.5956609747149645,21.25337201959863,28.090582274841978
662299773,boot,25,0.8174375872360022,0.558757152699739,21.25337201959863,18.26173130740571
662299773,boot,26,0.894912822888037,0.5769087699583179,21.25337201959863,14.66921988001863
662299773,boot,27,0.7039759385403163,0.6693911320911807,21.25337201959863,20.918950719531693
662299773,boot,28,0.6891768876354887,0.6387037641748505,21.25337201959863,14.7391123919215
662299773,boot,29,0.6545600578546374,0.6948197410186709,21.25337201959863,25.117162127642956
662299773,boot,30,0.8449129288493386,0.7114956861382755,21.25337201959863,27.252129645939487
662299773,boot,31,0.8259211667220041,0.6189804326685933,21.25337201959863,21.043183965162314
662299773,boot,32,0.9134599697966761,0.6291468797467212,21.25337201959863,18.675379403234622
662299773,boot,33,0.7248410975639266,0.7366353166672136,21.25337201959863,19.377321249243682
662299773,boot,34,0.7826039302118681,0.6875443074839851,21.25337201959863,25.02570062675167
662299773,boot,35,0.806366611904955,0.6283981557498762,21.25337201959863,22.94868847450914
662299773,boot,36,0.7543194890639393,0.5745464945459505,21.25337201959863,20.534308495019506
662299773,boot,37,0.7886966255101256,0.6668732292957076,21.25337201959863,13.211703114341907
662299773,boot,38,0.6769865040344082,0.5850070704487946,21.25337201959863,14.272204043738963
662299773,boot,39,0.7262808861843246,0.6359027817113598,21.25337201959863,22.18132894989685
662299773,boot,40,0.6698078534902774,0.5840322846014661,21.25337201959863,22.91954723354686
662299773,boot,41,0.9346037559963497,0.7334420116165012,21.25337201959863,27.27509463508195
662299773,boot,42,0.799437069394415,0.6094933890016772,21.25337201959863,179.99999999999997
662299773,boot,43,0.21595085726321583,0.30002398143226605,21.25337201959863,87.90817185854905
662299773,boot,44,0.7293526446516029,0.6488313053752037,21.25337201959863,18.91464381326624
662299773,boot,45,0.6945607838224647,0.6127575747153686,21.25337201959863,15.104056936634608
662299773,boot,46,0.737286498767473,0.5705575537783473,21.25337201959863,29.41177810829214
662299773,boot,47,0.8014768531035789,0.5241571325538277,21.25337201959863,179.99999999999997
662299773,boot,48,0.7529885268870701,0.5956609748772703,21.25337201959863,28.090610593725074
662299773,boot,49,0.8792997153522573,0.7333214086498483,21.25337201959863,13.672477788245459
662299773,boot,50,0.8402969641629621,0.6646255594838777,21.25337201959863,21.269609739808487
662299773,boot,51,0.6671139608713138,0.5872595272261338,21.25337201959863,21.891722069727333
662299773,boot,52,1.0196260558093668,0.6890275333938471,21.25337201959863,18.231863067233547
662299773,boot,53,1.0556322565589278,0.6496612812371995,21.25337201959863,23.258613782003692
662299773,boot,54,0.6945686569209018,0.6127575747389591,21.25337201959863,15.103993209591806
662299773,boot,55,0.6522267448011053,0.6088868591354716,21.25337201959863,23.69458198385618
662299773,boot,56,0.6611478975591415,0.7682961171499552,21.25337201959863,28.21237392270323
662299773,boot,57,0.840298469092394,0.5436084309730338,21.25337201959863,14.42804180568558
662299773,boot,58,0.8026479652100523,0.5838937959552375,21.25337201959863,25.213407296249585
662299773,boot,59,0.7805244725616965,0.6421365620950714,21.25337201959863,24.322774067933807
662299773,boot,60,0.7996613426685489,0.6739937343761492,21.25337201959863,19.279273495041082
662299773,boot,61,0.7399387630229018,0.6721436333935982,21.25337201959863,20.009447898830118
662299773,boot,62,0.9915657356764633,0.7164581058781516,21.25337201959863,15.768339469235116
662299773,boot,63,0.7174867510051143,0.6223730992747498,21.25337201959863,22.451271815856643
662299773,boot,64,0.7338422709997022,0.6281915900645976,21.25337201959863,18.292004777694245
662299773,boot,65,0.8927940288009825,0.6641522240806652,21.25337201959863,21.104220928072664
662299773,boot,66,0.894912822888037,0.5769087699583179,21.25337201959863,14.66921988001863
662299773,boot,67,0.6797479324636035,0.6517097361694821,21.25337201959863,21.74674418182377
662299773,boot,68,0.641539811398725,0.6007677841978545,21.25337201959863,20.654041990853216
662299773,boot,69,0.7262845482124911,0.6359027817977226,21.25337201959863,22.18198043727264
662299773,boot,70,0.8183216825352714,0.5909729095474152,21.25337201959863,26.139855871605533
662299773,boot,71,0.29659884206196924,0.3742757990074962,21.25337201959863,93.00280505002581
662299773,boot,72,0.8902285888627774,0.5231073480765733,21.25337201959863,15.05828507090763
662299773,boot,73,0.7687233046998074,0.6608203088380727,21.25337201959863,25.349913810270174
662299773,boot,74,0.8075369516493175,0.560844899365986,21.25337201959863,23.326245923504374
662299773,boot,75,0.6438442519477459,0.5980379563595091,21.25337201959863,13.435095892356818
662299773,boot,76,0.6745919091610584,0.5919905730303083,21.25337201959863,15.521921572407763
662299773,boot,77,0.8402702640668946,0.5436084311511377,21.25337201959863,14.42808300874222
662299773,boot,78,0.6633264197102958,0.6879497735417273,21.25337201959863,21.204373034851073
662299773,boot,79,0.8083287610127327,0.582188112997,21.25337201959863,17.672406156200886
662299773,boot,80,0.8709455670287957,0.600846312235936,21.25337201959863,22.480885505976033
662299773,boot,81,0.7941107926548581,0.6673356274117297,21.25337201959863,11.071578797111641
662299773,boot,82,0.7661292439310965,0.6168802719488564,21.25337201959863,20.93706093638974
662299773,boot,83,0.6926173802717217,0.532054435558285,21.25337201959863,15.526243246452095
662299773,boot,84,0.7399458210501649,0.6721436335486237,21.25337201959863,20.009241487327074
662299773,boot,85,0.7553298746664954,0.641377470180232,21.25337201959863,21.140064783244355
662299773,boot,86,0.7258052956539994,0.6458269283298144,21.25337201959863,18.41300121133068
662299773,boot,87,0.7258052956539994,0.6458269283298144,21.25337201959863,18.41300121133068
662299773,boot,88,0.8096691742461096,0.6480282617755255,21.25337201959863,20.17205822363377
662299773,boot,89,0.8927932485193618,0.6641522240856911,21.25337201959863,21.10402928295398
662299773,boot,90,0.5996863993757278,0.6190650208484211,21.25337201959863,18.569694781636088
662299773,boot,91,0.6916726751474678,0.650480293493976,21.25337201959863,19.515473891336114
662299773,boot,92,0.7941194642931638,0.6673356274165836,21.25337201959863,11.071609098545892
662299773,boot,93,0.8173043579996465,0.6426903553844261,21.25337201959863,26.35471936061243
662299773,boot,94,0.8231936827269875,0.6582306395521081,21.25337201959863,15.371159667173202
662299773,boot,95,0.5600413889177578,0.5658485329607537,21.25337201959863,22.62344192743053
662299773,boot,96,0.903649749032706,0.5946323304255698,21.25337201959863,23.721647707207296
662299773,boot,97,0.6214059961135012,0.627519070544152,21.25337201959863,25.803056177238147
662299773,boot,98,0.8086572806039058,0.6721774145643605,21.25337201959863,8.789499885664558
662299773,boot,99,0.7796176910671202,0.7001167920139932,21.25337201959863,16.72290184899711
662299773,rot,0,0.7607588667368824,0.6283260191559525,128.83127069137973,128.1641314929775
662299773,rot,1,0.8578868799976114,0.6368798204101132,112.68266261092015,112.70281123651375
662299773,rot,2,0.8450777390676183,0.6417564547959912,83.01289967463791,81.43075908609975
662299773,rot,3,0.7200534090257384,0.6405295066604547,109.97925419489997,105.56198385888177
662299773,rot,4,1.029155951527476,0.7061059248995256,34.701567436271404,26.43597307573188
662299773,rot,5,0.8252435784130122,0.6442029666604806,111.98496573510886,109.78846200548782
662299773,rot,6,0.6414162528653362,0.7232178462619879,121.50132828702823,121.72561277178583
662299773,rot,7,0.7156072761508845,0.6676476462247296,137.56604320652076,135.11952357423897
662299773,rot,8,0.6870892749950819,0.6620161401962111,3.2894594091993667,176.1328305652225
662299773,rot,9,0.7995029912716268,0.6742056126816522,161.40123087577578,168.76085494286494
662299773,rot,10,0.7112309117149767,0.5826441183695451,129.20851630849543,119.71315717060858
662299773,rot,11,0.6174898620970232,0.604991271266011,90.70213495612606,85.66406773040235
662299773,rot,12,0.7583049813644366,0.7079644983090995,149.1894656558934,149.60841048796988
662299773,rot,13,0.7089678862753221,0.7292647036850206,20.780605250348103,17.365804904883316
662299773,rot,14,0.9257187274691359,0.6449755554200155,162.22925066154164,164.4340034618121
662299773,rot,15,0.801543246809573,0.6402548794649815,19.167727157005675,21.905630704818208
662299773,rot,16,0.7650540270344726,0.6749160100201262,3.089030597772149,7.5954170898383495
662299773,rot,17,0.820110602908882,0.6537853851736046,50.70107688275592,41.328627313997316
662299773,rot,18,0.929728629083192,0.6058806001191255,142.6093909410479,142.63775818647713
662299773,rot,19,0.8426118623026149,0.671113395504278,91.00243478630183,97.85182266425264
662299773,rot,20,0.9036597395569242,0.6500527165460365,120.03401948444325,117.05771979133807
662299773,rot,21,0.7455564973988124,0.5555164505333947,137.02225988434026,137.19265468534985
662299773,rot,22,0.7099475879247871,0.6851447597912806,40.265284522777435,39.640011042153205
662299773,rot,23,0.671056205638608,0.5726878057725571,74.60005739731112,71.48884351412332
662299773,rot,24,0.7498039875615461,0.6124463103959694,21.861370369446362,25.08972678239621
662299773,rot,25,0.6713589211111292,0.664512776088632,96.92495266114851,94.43102230888587
662299773,rot,26,0.8149379145882915,0.6496901825481539,97.8315404789079,96.13714507670237
662299773,rot,27,0.7485008173326984,0.6326544331877063,116.41354789144063,119.04375868978317
662299773,rot,28,0.7276474897130533,0.6069574628877787,143.33784841129145,146.88722965887274
662299773,rot,29,0.7606536033404248,0.6658058766324539,18.67022279151005,14.057878634319678
662299773,rot,30,0.741892187646667,0.5303870408763537,17.45047093166995,15.459174988668803
662299773,rot,31,0.727129039477639,0.6278933533334975,177.23164109044555,0.389618374878296
662299773,rot,32,0.7131288895769033,0.65053431551363,106.56489833144218,106.77882493665
662299773,rot,33,0.7932296742504421,0.5675392469625573,5.341143130514798,1.501387619625806
662299773,rot,34,0.7580172817135766,0.6260774592218088,148.56446995187844,144.28300565417103
662299773,rot,35,0.7319703648056942,0.6896912473221852,49.95812190041179,49.54906897805308
662299773,rot,36,0.9359521907331008,0.5400550227022467,43.948988491851416,43.702054604813156
662299773,rot,37,0.6590657276084233,0.5870817684987453,16.189303752476274,17.281741675387025
662299773,rot,38,0.8139329550297195,0.6929583340717131,154.3434390198722,160.07784291923932
662299773,rot,39,0.6544061139277755,0.6349265299614439,40.83118975885406,44.386244309268164
662299773,rot,40,0.8743481978285528,0.6577048301535676,147.81975675754578,145.67316663742633
662299773,rot,41,0.7860073849436515,0.5439505597095653,83.1514896838495,73.96331750222164
662299773,rot,42,0.8394785140785279,0.6047074562948707,34.26614783154205,23.89121301271456
662299773,rot,43,0.6540492922428234,0.5992397233447815,113.4976971567761,120.16479496000805
662299773,rot,44,0.8430206793469289,0.6076209364493621,44.32643861950835,45.87579941554804
662299773,rot,45,0.8355697411099217,0.6931785220282858,37.11397989350992,36.436968138972475
662299773,rot,46,0.7781814653306431,0.6485597570691718,146.22352938974154,143.9827235277907
662299773,rot,47,0.7651777670655289,0.6460582237183066,49.04873483196388,44.015660897818094
662299773,rot,48,0.8368013236075266,0.575408503087234,158.83694353583974,162.65337297672116
662299773,rot,49,0.8339283470097052,0.6374863602585221,26.97332033205349,26.092660883595215
662301014,round,0,0.9875766373779192,0.5369674066008149,128.16068025433745,129.84321338560542
662301014,round,1,1.0703927745859274,0.5618565626909114,128.16068025433745,122.21220587914627
662301014,round,2,1.0898460736285869,0.5703754593073133,128.16068025433745,128.02686825802428
662301014,round,3,0.6567823536189601,0.23070502731601372,128.16068025433745,136.14177273371777
662301014,round,4,0.977810049723715,0.5213976417983724,128.16068025433745,137.6562039443686
662301014,round,5,0.7687137721700136,0.5245760238013131,128.16068025433745,126.8303874012214
662301014,round,6,0.946949628915976,0.6216425471563506,128.16068025433745,137.751128787597
662301014,round,7,0.8598917051217703,0.5458963087261799,128.16068025433745,135.10984466370132
662301014,round,8,0.9209717036282651,0.5350576523562064,128.16068025433745,129.01036094711665
662301014,round,9,0.8390981470974453,0.5819047377023063,128.16068025433745,120.45228302884689
662301014,round,10,1.216699920802432,0.5404319346229784,128.16068025433745,132.42933234557273
662301014,round,11,1.307749557721076,0.557975676928204,128.16068025433745,128.5130315975961
662301014,round,12,1.0704910702029162,0.5618565626973431,128.16068025433745,122.21208333706369
662301014,round,13,0.928146922334618,0.5739839218010616,128.16068025433745,124.5900940436999
662301014,round,14,1.064038035813158,0.5983191046986709,128.16068025433745,128.93410508621366
662301014,round,15,0.9973740846939793,0.45807974611438584,128.16068025433745,123.41277782883705
662301014,round,16,0.8661567806074073,0.49414143126162646,128.16068025433745,128.90397072092316
662301014,round,17,0.8655179738116484,0.5949683597414296,128.16068025433745,131.08213639099426
662301014,round,18,1.1731073262109146,0.45712801671390857,128.16068025433745,126.10677953271605
662301014,round,19,1.181417201872898,0.5294776209389807,128.16068025433745,136.08345094083998
662301014,round,20,1.0298257466933014,0.49304231270244425,128.16068025433745,121.38788893082241
662301014,round,21,1.1390672417456986,0.5250875127760122,128.16068025433745,126.55533571035033
662301014,round,22,0.35794364147938157,0.21637218783901502,128.16068025433745,40.061519419069754
662301014,round,23,0.9813063102620808,0.5556174981342322,128.16068025433745,134.93371011136992
662301014,round,24,0.856598339032475,0.5623844013156747,128.16068025433745,127.44697476871015
662301014,round,25,1.0298257466933014,0.49304231270244425,128.16068025433745,121.38788893082241
662301014,round,26,1.003572641985542,0.542508073817165,128.16068025433745,128.78458718595266
662301014,round,27,0.17117541009028373,0.22593589366045252,128.16068025433745,63.8092490346602
662301014,round,28,1.0505266416723813,0.5997999398157741,128.16068025433745,121.24814998809691
662301014,round,29,0.2459728558470573,0.23930900999837423,128.16068025433745,45.193786679766184
662301014,round,30,1.211881774718472,0.5218307069139321,128.16068025433745,136.01694611836564
662301014,round,31,1.1813680263790567,0.529477621209876,128.16068025433745,136.08300097031074
662301014,round,32,0.9936475035170131,0.4808601862028936,128.16068025433745,123.49642771994026
662301014,round,33,1.002296274832403,0.4033138382190602,128.16068025433745,126.81097596028621
662301014,round,34,0.9363450099165671,0.4330029616087333,128.16068025433745,127.35138030972396
662301014,round,35,0.7305404528780429,0.6060978399587302,128.16068025433745,136.14118077466858
662301014,round,36,1.1683096313741688,0.5425179867560876,128.16068025433745,136.58760262322247
662301014,round,37,0.9848842501855088,0.650042087688658,128.16068025433745,134.95825238259255
662301014,round,38,0.9876739548878376,0.5369674085991674,128.16068025433745,129.8395913810744
662301014,round,39,1.0344148924178218,0.4412056256635781,128.16068025433745,128.6609911230479
662301014,round,40,0.8102948351352831,0.24424771987595684,128.16068025433745,2.842170943040401e-14
662301014,round,41,0.8525384135711177,0.4629850896010935,128.16068025433745,139.4378858041346
662301014,round,42,0.22892719352463475,0.1735203555508551,128.16068025433745,74.64386465934216
662301014,round,43,0.8632591123037412,0.5687464792328092,128.16068025433745,134.23259148998258
662301014,round,44,1.1856199478335947,0.4832581655989522,128.16068025433745,128.30883356240503
662301014,round,45,0.92014982277781,0.5306810602894838,128.16068025433745,124.06012004143437
662301014,round,46,1.0149920226132425,0.5252757864394282,128.16068025433745,122.17377574359767
662301014,round,47,0.7586513009434773,0.5258623647050525,128.16068025433745,130.16199677366373
662301014,round,48,1.0608204394632308,0.4688594244849217,128.16068025433745,132.83971384752957
662301014,round,49,1.0756878737380047,0.541883736342762,128.16068025433745,117.46176551775471
662301014,round,50,1.0281040144908404,0.5919550896951014,128.16068025433745,122.76136511132728
662301014,round,51,1.1150432795647063,0.26648557419829977,128.16068025433745,2.842170943040401e-14
662301014,round,52,1.0527441716930626,0.5370372695388314,128.16068025433745,127.41455829691674
662301014,round,53,1.1028224955627306,0.5446474246815811,128.16068025433745,131.15219819333552
662301014,round,54,1.0064306294630099,0.46959478872701454,128.16068025433745,135.02867945690775
662301014,round,55,1.0507118529009067,0.5064518043864563,128.16068025433745,113.35594724677435
662301014,round,56,1.128914753298254,0.5311708312007303,128.16068025433745,120.27872433318481
662301014,round,57,0.8833667268421423,0.4816542405191099,128.16068025433745,129.3283192162397
662301014,round,58,0.8679566952330683,0.5635246728236964,128.16068025433745,122.76855154634097
662301014,round,59,0.9921901386885111,0.53636825401318,128.16068025433745,126.53423477892834
662301014,round,60,0.4611294055791494,0.19141091056183968,128.16068025433745,72.4019700316268
662301014,round,61,1.3024875912022955,0.47831059016834065,128.16068025433745,134.5967542011187
662301014,round,62,1.0886831829289214,0.5823793556440138,128.16068025433745,116.51146047088719
662301014,round,63,0.9879686174547487,0.5886739669923766,128.16068025433745,128.50157417266075
662301014,round,64,0.9778118833133936,0.5213976418433712,128.16068025433745,137.6562003356381
662301014,round,65,1.3688158023193657,0.4356290596444179,128.16068025433745,120.90045952441099
662301014,round,66,0.15880479466074268,0.3188740146195447,128.16068025433745,26.120355813214065
662301014,round,67,0.5576031628658371,0.17376265813210823,128.16068025433745,157.95665711373667
662301014,round,68,0.9967178385420454,0.45152022093366506,128.16068025433745,130.321097817603
662301014,round,69,1.100006953250965,0.41887251994584573,128.16068025433745,113.2331590274276
662301014,round,70,0.9874134942420798,0.4705215880790842,128.16068025433745,126.18447393407514
662301014,round,71,1.0176285193624923,0.534134584537518,128.16068025433745,123.94334689782016
662301014,round,72,0.8202221186360849,0.48932188335406945,128.16068025433745,136.06528285089786
662301014,round,73,1.1301452259792453,0.481386162110356,128.16068025433745,126.38484193547853
662301014,round,74,0.8525039262116956,0.5756135245752387,128.16068025433745,126.15590949290956
662301014,round,75,1.0108537662557366,0.5807313600966544,128.16068025433745,117.47116005322056
662301014,round,76,1.0243897460649858,0.5198585280046757,128.16068025433745,127.68109821670612
662301014,round,77,2.7724744891521027,0.18651436217241113,128.16068025433745,141.57143908497088
662301014,round,78,1.33338071426327,0.5596269884538163,128.16068025433745,111.70010126267186
662301014,round,79,0.95399959709342,0.5961877529748216,128.16068025433745,131.79351106324003
662301014,round,80,1.3333653188546974,0.5596269878862482,128.16068025433745,111.69866471656587
662301014,round,81,1.2769366191453788,0.41444397991983706,128.16068025433745,120.1483752558992
662301014,round,82,0.955776326583172,0.6091819460929573,128.16068025433745,125.70896533816224
662301014,round,83,0.9890259815726438,0.5076045985548123,128.16068025433745,129.62424143477057
662301014,round,84,1.0004740984606495,0.486984860844779,128.16068025433745,131.19812814350388
662301014,round,85,1.0403399131708602,0.5072174002401424,128.16068025433745,119.18826264881898
662301014,round,86,0.9698676071677418,0.578071447873994,128.16068025433745,125.2701362012817
662301014,round,87,1.0486601650044114,0.4993874639769831,128.16068025433745,125.09002121817764
662301014,round,88,0.8264420086466402,0.49554350613051124,128.16068025433745,131.61420497914403
662301014,round,89,1.1725841698121457,0.5396487892074444,128.16068025433745,122.22069168972337
662301014,round,90,1.0223410015422512,0.5065957413593571,128.16068025433745,126.48410130111992
662301014,round,91,1.0019190699758727,0.5694386920095184,128.16068025433745,131.2340788035424
662301014,round,92,0.9340246073547427,0.47212930148540144,128.16068025433745,137.37124618069126
662301014,round,93,1.0886831829289214,0.5823793556440138,128.16068025433745,116.51146047088719
662301014,round,94,1.0350880739310873,0.5233175643464303,128.16068025433745,132.73145702959215
662301014,round,95,0.9038466827143831,0.39906816307275017,128.16068025433745,123.08757583170892
662301014,round,96,1.051183587980156,0.5555245119322595,128.16068025433745,131.77045286569216
662301014,round,97,0.8867243057500179,0.4068590980298995,128.16068025433745,122.32641839322893
662301014,round,98,1.048103740431685,0.6287410196632022,128.16068025433745,131.9420319428109
662301014,round,99,1.0886831829289214,0.5823793556440138,128.16068025433745,116.51146047088719
662301014,boot,0,0.7841336255020007,0.5715805900190518,128.16068025433745,131.38166125139603
662301014,boot,1,0.7287952672285133,0.461427382592687,128.16068025433745,127.11027156750147
662301014,boot,2,0.8502632381971569,0.5464854161982395,128.16068025433745,125.72789442241385
662301014,boot,3,0.7699933375762661,0.5520317806333865,128.16068025433745,135.50056861885355
662301014,boot,4,0.6445600769003428,0.4632702105740253,128.16068025433745,135.86360236117466
662301014,boot,5,1.1014639166630749,0.5534304678331778,128.16068025433745,131.44749830009792
662301014,boot,6,0.7736429713298542,0.521308225851131,128.16068025433745,124.76799415634821
662301014,boot,7,0.7939009330882478,0.4983541896309617,128.16068025433745,127.81442344355814
662301014,boot,8,0.60655095641057,0.592014912553833,128.16068025433745,127.65778565876549
662301014,boot,9,0.7725000326424775,0.5398698789790296,128.16068025433745,127.55007227089651
662301014,boot,10,0.1329674679644399,0.2503193909549014,128.16068025433745,42.18046470330386
662301014,boot,11,0.6718050691721161,0.4445181327937312,128.16068025433745,130.0702605970303
662301014,boot,12,0.5974053390427084,0.5502211511442343,128.16068025433745,124.72465437670066
662301014,boot,13,0.9854702643413648,0.5560028726395931,128.16068025433745,122.35705549190062
662301014,boot,14,0.23245006311107327,0.21836900027419137,128.16068025433745,26.413630754421614
662301014,boot,15,0.7223108843074856,0.48559840297364165,128.16068025433745,131.2514597123857
662301014,boot,16,0.7351726911734201,0.549313543042013,128.16068025433745,127.03788120150833
662301014,boot,17,0.7351793970324041,0.549313543060775,128.16068025433745,127.03913713050835
662301014,boot,18,0.8094893072185141,0.5199954829364348,128.16068025433745,135.92436307552904
662301014,boot,19,0.8255718345035881,0.5450649855790207,128.16068025433745,130.21940052936836
662301014,boot,20,0.7844934789549417,0.5607243047652503,128.16068025433745,127.32667251937342
662301014,boot,21,0.5795738793556593,0.49390606632927003,128.16068025433745,131.31847103412963
662301014,boot,22,0.7689170991207304,0.5778983722185294,128.16068025433745,135.4918742509093
662301014,boot,23,0.7622848042886664,0.48777041214417605,128.16068025433745,127.47626781276986
662301014,boot,24,0.755112233230167,0.5520633545372922,128.16068025433745,125.0555609119492
662301014,boot,25,0.9605160251107375,0.6053504297935179,128.16068025433745,127.79203142945771
662301014,boot,26,0.7881373760287115,0.554326168511269,128.16068025433745,129.0883001933425
662301014,boot,27,0.8200713440564141,0.41190086820457394,128.16068025433745,135.0840827764801
662301014,boot,28,0.8154531772028429,0.4864939760396264,128.16068025433745,121.55020157127133
662301014,boot,29,1.0480522434120676,0.5036173204410956,128.16068025433745,132.97040694171497
662301014,boot,30,0.630387261725877,0.5175685806103678,128.16068025433745,131.7304549037179
662301014,boot,31,0.12385386940963908,0.23712906387959642,128.16068025433745,179.99999999999665
662301014,boot,32,0.8203842802591238,0.5526739257107167,128.16068025433745,132.84067236981605
662301014,boot,33,0.6251128485747455,0.5786056977504455,128.16068025433745,128.66011082314458
662301014,boot,34,0.7566965804359788,0.5896140080077766,128.16068025433745,136.49940289284814
662301014,boot,35,1.409850656705584,0.27306105967000305,128.16068025433745,2.842170943040401e-14
662301014,boot,36,0.6591350708048802,0.42426201240433314,128.16068025433745,121.62257233993734
662301014,boot,37,0.7194938564986021,0.4643166445246668,128.16068025433745,134.29817101147995
662301014,boot,38,0.8531296617611751,0.5508467521606568,128.16068025433745,125.18911732563524
662301014,boot,39,0.7039481311025575,0.5387191235006096,128.16068025433745,127.81311237490183
662301014,boot,40,0.7974154560466891,0.575224556162867,128.16068025433745,125.42369350045352
662301014,boot,41,0.9147957520289325,0.5844202994560695,128.16068025433745,126.50865266772283
662301014,boot,42,0.7099511566887403,0.5874745954590247,128.16068025433745,125.48116395080316
662301014,boot,43,0.8177850969501912,0.5412899738381824,128.16068025433745,130.62375662983914
662301014,boot,44,0.867719765900078,0.5084763676972177,128.16068025433745,133.22920320290868
662301014,boot,45,0.9374265512856164,0.5059057158907005,128.16068025433745,126.04121728163835
662301014,boot,46,0.8518279500040524,0.4994916250120047,128.16068025433745,119.8567247194223
662301014,boot,47,0.7391758309246085,0.5011626459381742,128.16068025433745,126.66054856731827
662301014,boot,48,0.7723340062742695,0.5961827771359282,128.16068025433745,125.2308142936553
662301014,boot,49,0.8252660328007958,0.6281869014221836,128.16068025433745,124.5618907499717
662301014,boot,50,0.6924014076761071,0.6178093610239532,128.16068025433745,126.21671684702515
662301014,boot,51,0.9350988296424831,0.43413560073266877,128.16068025433745,137.1236501549311
662301014,boot,52,0.6396491532653735,0.5380946442550814,128.16068025433745,130.0949318298635
662301014,boot,53,0.8472449218202233,0.572689975647415,128.16068025433745,131.985047033102
662301014,boot,54,0.650576207854818,0.25146236709891645,128.16068025433745,145.8836397636584
662301014,boot,55,0.9183298100333116,0.5119634050882504,128.16068025433745,124.85011283263174
662301014,boot,56,0.7341490505237244,0.5309622702961851,128.16068025433745,127.40102391524232
662301014,boot,57,0.8856520183213956,0.4389074364451919,128.16068025433745,125.52396003815062
662301014,boot,58,0.8931306688246573,0.5170769379651666,128.16068025433745,134.13813178050123
662301014,boot,59,0.693619085833432,0.5652162539098036,128.16068025433745,124.04275163744252
662301014,boot,60,0.7082541091875982,0.4404933827579697,128.16068025433745,132.77975177910193
662301014,boot,61,0.7191267057850579,0.5213524496673153,128.16068025433745,125.83175677349007
662301014,boot,62,0.8643737587574577,0.5944981068478548,128.16068025433745,140.27673364366547
662301014,boot,63,0.9098700343864753,0.5476400053624906,128.16068025433745,128.02612726976162
662301014,boot,64,0.8950932993040548,0.5896712366195913,128.16068025433745,134.220054339881
662301014,boot,65,0.7351838856230767,0.5493135429937814,128.16068025433745,127.03900994968507
662301014,boot,66,0.7511463386309732,0.5668884205340684,128.16068025433745,123.92354215191705
662301014,boot,67,0.9258916257061794,0.5385646830187972,128.16068025433745,132.17127573060554
662301014,boot,68,0.17441417487051344,0.2024406683669212,128.16068025433745,55.910508743064554
662301014,boot,69,0.6042180710924553,0.5539784826503522,128.16068025433745,125.86491810999905
662301014,boot,70,0.6354331030421005,0.45909507413114536,128.16068025433745,131.67707433398908
662301014,boot,71,0.7768021249388312,0.5664137311532846,128.16068025433745,129.69947062785343
662301014,boot,72,0.6375213568352306,0.5976440478504694,128.16068025433745,132.415472069153
662301014,boot,73,0.7104476387607009,0.5189200943489842,128.16068025433745,122.64088688443277
662301014,boot,74,0.6067168392130977,0.6222361096392518,128.16068025433745,136.48455946871144
662301014,boot,75,1.001665697362104,0.5411012491270863,128.16068025433745,129.53201515169175
662301014,boot,76,1.001661335166901,0.48625399287785576,128.16068025433745,118.21038447775047
662301014,boot,77,0.3564440795304705,0.23325051094587423,128.16068025433745,57.54199434841415
662301014,boot,78,1.1014655628840528,0.5534304678301387,128.16068025433745,131.44740946577747
662301014,boot,79,0.9312683945381024,0.44900520888440665,128.16068025433745,139.29470531111062
662301014,boot,80,0.7556541869713105,0.48580423749416346,128.16068025433745,122.84485083075946
662301014,boot,81,0.6439215912016364,0.5633699450942855,128.16068025433745,130.42599964706835
662301014,boot,82,0.8076131142587798,0.589993363912871,128.16068025433745,123.53991424410421
662301014,boot,83,0.832115049195417,0.6604832145374856,128.16068025433745,132.12249818341485
662301014,boot,84,0.7623535911441587,0.4877704240579952,128.16068025433745,127.47853212807384
662301014,boot,85,0.7593306981300051,0.47560166138678595,128.16068025433745,127.845916179999
662301014,boot,86,0.8357176250263795,0.5751897494487707,128.16068025433745,128.65841155975355
662301014,boot,87,0.6891710237963284,0.4034429551604156,128.16068025433745,122.64769059348772
662301014,boot,88,0.8416727073308543,0.526492108286443,128.16068025433745,136.7311164864148
662301014,boot,89,0.8218602838359088,0.4758508579286925,128.16068025433745,126.87072455073857
662301014,boot,90,0.7513883876511168,0.536608320916664,128.16068025433745,123.73304165532055
662301014,boot,91,0.704016328358623,0.5387191217125804,128.16068025433745,127.81396615673088
662301014,boot,92,0.6197682680507196,0.4436880016944168,128.16068025433745,122.7364386858585
662301014,boot,93,0.821034589414771,0.5947941870090749,128.16068025433745,126.44273719414004
662301014,boot,94,0.7916785828478482,0.5369547592973449,128.16068025433745,131.70707243995992
662301014,boot,95,1.319218748685047,0.5370007303348074,128.16068025433745,118.502960938245
662301014,boot,96,0.909070870987175,0.5666729269034669,128.16068025433745,129.13516994857534
662301014,boot,97,0.6019066942450334,0.5332428159889049,128.16068025433745,130.82078200709606
662301014,boot,98,0.6621023712407659,0.5695901593462182,128.16068025433745,121.19953542050598
662301014,boot,99,0.997724844277381,0.4638697043053174,128.16068025433745,133.70315586225297
662301014,rot,0,0.8684936877676598,0.5056606360251752,13.45900543398059,10.00361120927613
662301014,rot,1,0.678284906322929,0.44830577123899207,27.120496026723625,19.834422947880824
662301014,rot,2,0.8650498737520613,0.5231601612357064,75.37725736364683,66.59883474649128
662301014,rot,3,0.404147288613994,0.28327330196446676,87.36176143474343,171.5176087662463
662301014,rot,4,0.7473615171778656,0.5302411361595324,97.61073101354465,98.48827739493234
662301014,rot,5,0.7557011858240273,0.5329927706179333,76.31217841808193,73.05906515591309
662301014,rot,6,0.8504697612965016,0.5856374582056975,141.54401105475296,146.592843697218
662301014,rot,7,0.7235753141793179,0.549352829242642,93.20897927287356,90.02383415427667
662301014,rot,8,0.623151515276316,0.24370947600706971,97.44381730555801,90.52241831627401
662301014,rot,9,0.840294659198062,0.5182104138799398,93.02372300610318,92.18294954580323
662301014,rot,10,0.8234163220288594,0.5671030025643462,178.1474579408829,178.70052811581914
662301014,rot,11,0.945958582733989,0.5030361032623293,176.5365162062199,170.953359923012
662301014,rot,12,0.8050861213747164,0.5962848531749714,36.21126279481418,30.09411186111393
662301014,rot,13,0.8335173912788443,0.5756334296559352,20.651727062211474,23.647624576195938
662301014,rot,14,0.6688687240206315,0.49430426665908855,147.80947493733524,143.98159257825415
662301014,rot,15,0.19625111149328806,0.2931977419158164,126.19292518376889,79.37823796755191
662301014,rot,16,0.94830644499259,0.5937088281168668,48.65106073790406,48.137750822572286
662301014,rot,17,0.930486944928853,0.4080799148681249,148.05415144740613,2.842170943040401e-14
662301014,rot,18,0.30026867250268435,0.16396051219874797,160.91676251271514,87.84673845266533
662301014,rot,19,0.8053068871916206,0.5211154249960142,97.69921859730778,97.6692452444249
662301014,rot,20,0.8760339016823673,0.667026898284915,153.6498845892731,156.74153635720734
662301014,rot,21,0.8705865993004046,0.4597405047561747,73.69577117863216,79.06663621866643
662301014,rot,22,0.6960437913583745,0.5257426204819133,119.94103257940878,102.42616030322583
662301014,rot,23,0.8290961025655132,0.5318602573534283,75.92870116970661,75.48873897665592
662301014,rot,24,0.932226658022081,0.5266168166384515,161.96660673105018,154.3337704758267
662301014,rot,25,0.6582400384816527,0.49351393100118557,24.993280454882942,25.839016185164343
662301014,rot,26,1.1410264408528383,0.5614341280884744,167.84744745795132,164.2224217178243
662301014,rot,27,0.8460642908184841,0.5072813589456717,6.758300509036843,2.7231884238409805
662301014,rot,28,0.8223487086147023,0.4871345776544188,39.33835069028431,40.611885552610886
662301014,rot,29,0.6910350594486306,0.6207473859104005,118.94509945289636,119.22849473020048
662301014,rot,30,0.7800986125399086,0.6778025271587357,101.53183151414214,102.64331192116595
662301014,rot,31,0.7986053911388782,0.5213518563005564,145.28070664723646,149.68979714294818
662301014,rot,32,0.6673593521871762,0.5069914751849258,107.96061355542086,108.14890728993677
662301014,rot,33,0.8041709070641957,0.5565982435062989,101.03958382086017,104.20648970511955
662301014,rot,34,0.606879993215093,0.48512837610789195,75.2386661150719,78.98768061878808
662301014,rot,35,0.7533233621691496,0.561588040480743,103.5047820353758,113.14730016031983
662301014,rot,36,0.7456911198328328,0.46031373310299595,84.2214750807332,79.46456887523154
662301014,rot,37,0.6769527418180361,0.4897524816669666,151.5621470634242,153.8918576461673
662301014,rot,38,0.7958101220455824,0.5619053755147008,72.55995822960587,67.18836957345634
662301014,rot,39,0.8117445598062988,0.46750055542445357,3.6786324721145958,4.851959420239467
662301014,rot,40,0.7706009537752626,0.623974398006674,52.28305942653105,49.995178611069285
662301014,rot,41,0.33662743705389847,0.23468975904308798,17.71830288353644,153.751988462184
662301014,rot,42,0.8718040149695451,0.45483047539628385,50.411061351802914,49.818600035523104
662301014,rot,43,0.8070868126085404,0.4647403642456984,16.831514915032603,19.31775312127176
662301014,rot,44,0.7862971137255026,0.5114007354644529,16.42294808889846,12.898724087968919
662301014,rot,45,0.19634175960867334,0.22144587878474853,57.96043788392525,134.34996099252552
662301014,rot,46,0.7693100471959476,0.531111927413417,6.96019247956416,4.137229243846191
662301014,rot,47,0.6797958890650583,0.5112044917889655,149.59845635201174,144.39893142944283
662301014,rot,48,0.6774309668520172,0.6288443774768644,16.446684085510345,18.758842406313363
662301014,rot,49,1.0000117729908082,0.5741717056976148,20.154228395316178,22.096692930565126
662301517,round,0,0.9064566271340707,0.566927111107018,156.3694646269866,157.62140359095767
662301517,round,1,1.1447504231315169,0.4595684863017362,156.3694646269866,151.57374120924158
662301517,round,2,1.1143819824516579,0.567830930414136,156.3694646269866,147.90725328830575
662301517,round,3,0.8681194320352159,0.45653234237888896,156.3694646269866,144.72786416451555
662301517,round,4,1.1061086506859081,0.5788382521753789,156.3694646269866,157.94737020459525
662301517,round,5,1.2031150472587915,0.48002527415753127,156.3694646269866,143.12393716554618
662301517,round,6,0.8779024784803192,0.6138629358313198,156.3694646269866,155.46529091318502
662301517,round,7,0.7487215903092539,0.6015728325501994,156.3694646269866,151.16052927036014
662301517,round,8,1.1474694180788183,0.45925209652081234,156.3694646269866,134.7084914824162
662301517,round,9,1.3447923545759488,0.6228926988974357,156.3694646269866,151.9083258693008
662301517,round,10,0.7778889269011909,0.5513572587636774,156.3694646269866,155.94037212339043
662301517,round,11,1.1884064251701243,0.4594691953585601,156.3694646269866,149.60216890625978
662301517,round,12,0.996834709816689,0.4756641536189079,156.3694646269866,154.10457209165858
662301517,round,13,0.861456052415,0.4894710008749681,156.3694646269866,157.7397341088988
662301517,round,14,1.0032712226977463,0.5428966585480015,156.3694646269866,164.6234424391165
662301517,round,15,0.9245068951898755,0.5395405951941059,156.3694646269866,163.79110924635046
662301517,round,16,0.8223628271611827,0.5794289371761725,156.3694646269866,151.98559208563643
662301517,round,17,0.7763165366909767,0.42024702591707475,156.3694646269866,149.04281494420744
662301517,round,18,1.0546985702607041,0.5315350296794907,156.3694646269866,158.79336013792852
662301517,round,19,0.7706711515493274,0.4860187816596425,156.3694646269866,159.20059071560235
662301517,round,20,0.89846962315972,0.5074905045534044,156.3694646269866,153.91370163754559
662301517,round,21,1.066733311602555,0.421173763966752,156.3694646269866,151.03501421642088
662301517,round,22,1.0761572277520886,0.4654254567021504,156.3694646269866,150.9974335956549
662301517,round,23,0.9894287577479058,0.5998849032311153,156.3694646269866,155.53176050594973
662301517,round,24,1.0192607838969772,0.5504513029953586,156.3694646269866,162.83778818580754
662301517,round,25,0.8717394559822997,0.3931242287768997,156.3694646269866,2.842170943040401e-14
662301517,round,26,1.114684947452944,0.567831073902442,156.3694646269866,147.91209177397508
662301517,round,27,1.0820486418775803,0.5745781217696986,156.3694646269866,159.5422417663858
662301517,round,28,0.7860297387184808,0.4857913541767176,156.3694646269866,149.05199366536885
662301517,round,29,1.2064852719220405,0.5933089905370441,156.3694646269866,156.30028088792815
662301517,round,30,0.9698238397621007,0.4139582940350094,156.3694646269866,159.2165646271765
662301517,round,31,0.820533889794224,0.4716473665076999,156.3694646269866,168.80107328987256
662301517,round,32,1.1049772409471157,0.5384869493480055,156.3694646269866,148.14033570385018
662301517,round,33,0.960371354481426,0.5176917491041193,156.3694646269866,154.76241231918468
662301517,round,34,0.8896818094573082,0.5616283155736994,156.3694646269866,148.687383438984
662301517,round,35,0.8681774520927449,0.46445875766181455,156.3694646269866,154.73892895869088
662301517,round,36,1.072779010119901,0.48729035812806165,156.3694646269866,146.96174027747816
662301517,round,37,0.9527030764709495,0.45705504837144206,156.3694646269866,160.98359653353626
662301517,round,38,0.14025436377687558,0.23077134819374312,156.3694646269866,99.41432392560401
662301517,round,39,0.97016174366103,0.5836333852484257,156.3694646269866,165.87273384051528
662301517,round,40,1.0924630229623187,0.48296999207278424,156.3694646269866,146.11687074876875
662301517,round,41,0.8730562290408979,0.5585349284663631,156.3694646269866,149.37979451898588
662301517,round,42,0.9663052645596603,0.5426697846752626,156.3694646269866,156.9538203149576
662301517,round,43,1.1624522636054382,0.5809270766068986,156.3694646269866,164.71881416965414
662301517,round,44,1.032006462908109,0.4490951371658882,156.3694646269866,158.41399004124224
662301517,round,45,1.1386379681979057,0.563617250568811,156.3694646269866,158.277341700011
662301517,round,46,1.3902151767727315,0.5561196142626339,156.3694646269866,143.48417724554702
662301517,round,47,1.0168263305682754,0.40539173290658403,156.3694646269866,2.842170943040401e-14
662301517,round,48,1.0718517880018243,0.5942961632530028,156.3694646269866,147.21041991492763
662301517,round,49,1.0766873119219185,0.544138561458135,156.3694646269866,145.55043648595367
662301517,round,50,0.16336470294565414,0.279081940960176,156.3694646269866,85.45565993001836
662301517,round,51,1.263920236599887,0.4758204489655281,156.3694646269866,161.84551822731666
662301517,round,52,1.0608983430492742,0.5171081074282682,156.3694646269866,164.7744176535171
662301517,round,53,0.8579425275262514,0.5963868818893329,156.3694646269866,160.16197731682578
662301517,round,54,0.9081604689910185,0.6243454167090288,156.3694646269866,160.46397450579292
662301517,round,55,0.9565946661003907,0.515507700871054,156.3694646269866,162.62057550118217
662301517,round,56,1.0482431233968812,0.5518596602827441,156.3694646269866,157.28309963343978
662301517,round,57,1.0798869132951152,0.5638417752318299,156.3694646269866,166.69119666681127
662301517,round,58,0.8157692013957125,0.5376163052925316,156.3694646269866,152.53389012376306
662301517,round,59,0.8502759309448232,0.6350363934578933,156.3694646269866,156.10140562468757
662301517,round,60,1.0919505999017116,0.5456846893485541,156.3694646269866,150.80523844875458
662301517,round,61,1.0635884888351261,0.49995416450662555,156.3694646269866,154.62734754595047
662301517,round,62,0.9240863936101291,0.6408553227386504,156.3694646269866,155.23975447250615
662301517,round,63,1.1950425717178963,0.5353289478177512,156.3694646269866,155.94191809714323
662301517,round,64,1.0927399775182116,0.5984716132824106,156.3694646269866,149.70583316140178
662301517,round,65,1.0150665675827193,0.5893947461027281,156.3694646269866,157.69115148903887
662301517,round,66,1.1045882909788123,0.5384869837026146,156.3694646269866,148.14155751397107
662301517,round,67,0.8271632819674578,0.4931064026153973,156.3694646269866,144.03153537371432
662301517,round,68,0.9094346897455148,0.5656345571009957,156.3694646269866,141.7922199118717
662301517,round,69,0.8676261744599923,0.5444017287834952,156.3694646269866,174.1813378315414
662301517,round,70,0.8993441529924209,0.45583729104330983,156.3694646269866,166.2298001570209
662301517,round,71,0.8826582960392364,0.53200750719685,156.3694646269866,158.2131943847686
662301517,round,72,0.13373699896879546,0.29640306823061124,156.3694646269866,87.51805211595796
662301517,round,73,1.328495387848216,0.36868392549499296,156.3694646269866,2.842170943040401e-14
662301517,round,74,1.0920636100301602,0.5744159295885727,156.3694646269866,152.7880459030857
662301517,round,75,0.8989021877627381,0.5448899864018415,156.3694646269866,158.88045113436274
662301517,round,76,0.9154825128057622,0.5640295881522623,156.3694646269866,159.33821962704195
662301517,round,77,1.054428720005811,0.5126926134223517,156.3694646269866,158.30739843909546
662301517,round,78,0.9169269627649772,0.4777941414448881,156.3694646269866,156.89218499683935
662301517,round,79,1.0080853697420518,0.4811313230635609,156.3694646269866,158.94573824994785
662301517,round,80,1.1263548411651958,0.5444680013369511,156.3694646269866,154.18751143694604
662301517,round,81,1.1463913676987634,0.24349841592818577,156.3694646269866,152.2701937186578
662301517,round,82,1.1662014398602862,0.43138677209736354,156.3694646269866,2.842170943040401e-14
662301517,round,83,0.8050057694245102,0.5760454509794634,156.3694646269866,158.03480392644187
662301517,round,84,1.4427259140526074,0.4014132693324425,156.3694646269866,144.25326661377574
662301517,round,85,0.707647726439615,0.5326764181020842,156.3694646269866,153.66150059083603
662301517,round,86,0.7695488331882323,0.5217456649250881,156.3694646269866,148.22240777022972
662301517,round,87,0.898567655617942,0.5074904506002245,156.3694646269866,153.90773667171442
662301517,round,88,0.9980059881547954,0.5231237521167662,156.3694646269866,152.71648233834222
662301517,round,89,0.8098584031826265,0.44955380381027,156.3694646269866,153.77663753252617
662301517,round,90,1.2563058983727187,0.5803165211174208,156.3694646269866,165.6713800398506
662301517,round,91,0.9908748011179332,0.49220286847600603,156.3694646269866,164.07974886215948
662301517,round,92,0.9243449034188369,0.6241799172388671,156.3694646269866,154.37306520463613
662301517,round,93,1.1607354169828892,0.5592361108101973,156.3694646269866,154.67461968137673
662301517,round,94,0.9134107317480784,0.5688394841470221,156.3694646269866,153.52285104130416
662301517,round,95,1.0960497200916393,0.5806134516320993,156.3694646269866,146.39592559640153
662301517,round,96,1.0960497200916393,0.5806134516320993,156.3694646269866,146.39592559640153
662301517,round,97,1.1758523940895806,0.5720210036941574,156.3694646269866,153.03766478699654
662301517,round,98,0.8379558846498842,0.596326758750438,156.3694646269866,154.62382542937294
662301517,round,99,0.2424438860391673,0.19890341029493697,156.3694646269866,80.56075267766448
662301517,boot,0,0.8247385749032036,0.5896251534402923,156.3694646269866,155.68954321619805
662301517,boot,1,0.2310108206103474,0.18709229392263005,156.3694646269866,91.86395601763525
662301517,boot,2,0.7615302113598641,0.48085326034839493,156.3694646269866,166.57383932373304
662301517,boot,3,0.6764455431039555,0.5229686471594186,156.3694646269866,162.0965216002424
662301517,boot,4,1.1240065824810743,0.42927185178347993,156.3694646269866,2.842170943040401e-14
662301517,boot,5,0.7207026179944978,0.5377050278294857,156.3694646269866,152.0983250689348
662301517,boot,6,0.21194692492112127,0.2635311378753381,156.3694646269866,78.41019175568782
662301517,boot,7,0.5960873489317489,0.5479795112667954,156.3694646269866,147.91016664190064
662301517,boot,8,0.3644572985092481,0.23956944420710768,156.3694646269866,179.99998035248515
662301517,boot,9,0.776663548309621,0.34221332364466084,156.3694646269866,2.842170943040401e-14
662301517,boot,10,0.7837644284316673,0.4656809313808452,156.3694646269866,162.20074804783147
662301517,boot,11,0.6148939955273907,0.5491086234980171,156.3694646269866,159.25869193886953
662301517,boot,12,0.5158377276793851,0.4726853202390966,156.3694646269866,155.37322997329875
662301517,boot,13,0.6754628890506713,0.5604544513688287,156.3694646269866,156.9353256504989
662301517,boot,14,0.6225801666103288,0.4916033787329742,156.3694646269866,150.68718037462415
662301517,boot,15,0.3268670034933547,0.2804371600547567,156.3694646269866,62.22725094665203
662301517,boot,16,0.6440477236247925,0.5210605813978411,156.3694646269866,153.31109665005192
662301517,boot,17,0.6192638279837889,0.537283499855238,156.3694646269866,152.93035272843872
662301517,boot,18,0.594640199346518,0.5613344823272605,156.3694646269866,151.05522512985235
662301517,boot,19,0.7642914103366831,0.37288672083879204,156.3694646269866,157.1255035950753
662301517,boot,20,0.6235371321808635,0.5199554675385938,156.3694646269866,153.39114426647464
662301517,boot,21,0.6270250047396017,0.5436173241466781,156.3694646269866,158.9781115348458
662301517,boot,22,0.6642327640919624,0.6391188269689091,156.3694646269866,148.42148807720366
662301517,boot,23,0.6676970365559388,0.4726509150120215,156.3694646269866,156.03364615889888
662301517,boot,24,0.34624753387529494,0.23469901857884168,156.3694646269866,85.7570453538412
662301517,boot,25,0.8420812423985519,0.5882153066827348,156.3694646269866,169.1014767395688
662301517,boot,26,0.6269708106143684,0.38452843607156717,156.3694646269866,159.74154939749872
662301517,boot,27,0.6562532674745174,0.5553505001978446,156.3694646269866,147.28808381410622
662301517,boot,28,0.7606447578764757,0.5804899658696923,156.3694646269866,160.92887979591237
662301517,boot,29,0.6381379552177185,0.506228808574919,156.3694646269866,163.9865507155981
662301517,boot,30,0.7241582831179827,0.6621160724604664,156.3694646269866,163.1160324836287
662301517,boot,31,0.7124708978619686,0.5229883736651002,156.3694646269866,149.30700114791298
662301517,boot,32,0.5661148048229077,0.4907750852518308,156.3694646269866,153.79805104368626
662301517,boot,33,0.5299285342508548,0.5424317332873598,156.3694646269866,150.54082673584296
662301517,boot,34,0.573026847201512,0.4527151113616664,156.3694646269866,163.18369662373894
662301517,boot,35,0.6979564385491036,0.41373705839125086,156.3694646269866,157.3051060667569
662301517,boot,36,0.8090900425865695,0.5178561496538604,156.3694646269866,157.75830361914348
662301517,boot,37,0.6363787808766878,0.4968215104574656,156.3694646269866,164.37655418706225
662301517,boot,38,0.6280498485055431,0.5381192910923902,156.3694646269866,162.8060154203944
662301517,boot,39,0.6713851436560312,0.2158532415822857,156.3694646269866,139.1374957587462
662301517,boot,40,0.5228132792153263,0.5483066477689468,156.3694646269866,159.3946549494582
662301517,boot,41,0.5326932013330641,0.4981268283255993,156.3694646269866,153.2917550150154
662301517,boot,42,0.6574844541953543,0.466982620097829,156.3694646269866,154.0147794035818
662301517,boot,43,0.27335613922663193,0.262189212494763,156.3694646269866,82.28765943502246
662301517,boot,44,0.7513303202438433,0.4367939983591881,156.3694646269866,149.97263186575645
662301517,boot,45,0.7229282950605337,0.5321899854750174,156.3694646269866,158.29245008802584
662301517,boot,46,0.5673538880047088,0.4982362779358056,156.3694646269866,150.12892419312763
662301517,boot,47,0.590249504475874,0.5312915209820142,156.3694646269866,154.01464498239517
662301517,boot,48,0.6801813122168318,0.4961066209474302,156.3694646269866,157.4583687070712
662301517,boot,49,0.6237863250871188,0.5504249672703256,156.3694646269866,150.7576616761017
662301517,boot,50,0.6056079907039267,0.566826131691009,156.3694646269866,157.61553482202604
662301517,boot,51,0.621803846095494,0.5759018322159859,156.3694646269866,154.86477058814236
662301517,boot,52,0.9272170450241967,0.5511449253320955,156.3694646269866,156.6617687327109
662301517,boot,53,0.7232864381662438,0.520848799770956,156.3694646269866,157.46157934736422
662301517,boot,54,0.657466352232194,0.466982616913997,156.3694646269866,154.01956536606485
662301517,boot,55,0.3027023685643365,0.25848369328649445,156.3694646269866,88.64382513797204
662301517,boot,56,0.6236459870423748,0.5199554823172428,156.3694646269866,153.3808116532277
662301517,boot,57,0.7033153118148829,0.5073164108169312,156.3694646269866,149.86351992765972
662301517,boot,58,0.7861909601432978,0.4462773396274644,156.3694646269866,146.53579329461823
662301517,boot,59,0.651573005113556,0.5346435990321781,156.3694646269866,151.7628651593461
662301517,boot,60,0.6629783737967123,0.4816510313575103,156.3694646269866,152.28964353246383
662301517,boot,61,0.6106641981161154,0.6153512417954097,156.3694646269866,162.7298348763542
662301517,boot,62,0.6915992600693102,0.531368287494187,156.3694646269866,151.11049634787844
662301517,boot,63,0.7701930261700858,0.6594056612645529,156.3694646269866,148.6966974455056
662301517,boot,64,0.5890872472434724,0.5779612398432075,156.3694646269866,150.7961224660044
662301517,boot,65,0.5151173467548268,0.43725760081105536,156.3694646269866,148.8603368185418
662301517,boot,66,0.7118096349936953,0.5229882865641815,156.3694646269866,149.33218737922968
662301517,boot,67,0.5346126497917579,0.5573973620903063,156.3694646269866,155.71785118063042
662301517,boot,68,0.7445245563510131,0.5251444767992828,156.3694646269866,166.38148118480706
662301517,boot,69,0.7010095241238861,0.6249325716916759,156.3694646269866,153.04985329959203
662301517,boot,70,0.6281868616630528,0.5726588034608593,156.3694646269866,160.94565484926895
662301517,boot,71,0.673540257609741,0.632918169135888,156.3694646269866,147.0981189530438
662301517,boot,72,0.8327895575082532,0.5981294127313415,156.3694646269866,144.56426808200155
662301517,boot,73,0.7698747816554133,0.6594056394011187,156.3694646269866,148.70968062423864
662301517,boot,74,0.7237594225842149,0.4764273431853633,156.3694646269866,161.7276509992924
662301517,boot,75,0.6012728732095003,0.5466528192243777,156.3694646269866,158.8947199186149
662301517,boot,76,0.615131064458445,0.5103298377967798,156.3694646269866,153.1445001274769
662301517,boot,77,0.7416819195328312,0.5943535431785125,156.3694646269866,153.91292949614876
662301517,boot,78,0.599526528175757,0.28533757294592643,156.3694646269866,59.94180131084188
662301517,boot,79,0.5505406309659984,0.5488552153611861,156.3694646269866,158.0945065857852
662301517,boot,80,0.09399217758809937,0.16911817099046367,156.3694646269866,52.011278123685145
662301517,boot,81,0.9503142272182409,0.40528107037561345,156.3694646269866,2.842170943040401e-14
662301517,boot,82,0.6266256932627015,0.5436172703091305,156.3694646269866,158.96538673568523
662301517,boot,83,0.6758187722896981,0.5357101676258171,156.3694646269866,155.77040897954802
662301517,boot,84,0.6122328497869436,0.5235415039721756,156.3694646269866,160.02521955670292
662301517,boot,85,0.6989099797748036,0.6191545928768468,156.3694646269866,157.76648451509357
662301517,boot,86,0.6281897203827965,0.5726588059761277,156.3694646269866,160.9468601427621
662301517,boot,87,0.704105086187357,0.44918516288509847,156.3694646269866,158.61455874130874
662301517,boot,88,0.4818075599796461,0.4000584086988602,156.3694646269866,153.08319564433543
662301517,boot,89,0.8947233869187091,0.46114333563160625,156.3694646269866,143.92063858089125
662301517,boot,90,0.669769170953132,0.4331853735539153,156.3694646269866,149.37950068873545
662301517,boot,91,0.7160619037698711,0.5064386970053862,156.3694646269866,159.2106673573986
662301517,boot,92,0.539392266989932,0.45118126006106285,156.3694646269866,154.15313866192153
662301517,boot,93,0.6084280014877026,0.5162797208629213,156.3694646269866,153.34560268743533
662301517,boot,94,0.5457249425125199,0.4695632306018357,156.3694646269866,152.4737868939913
662301517,boot,95,0.33828560981253153,0.1944645036375824,156.3694646269866,70.82698068557374
662301517,boot,96,0.5990910995720782,0.5715241500967769,156.3694646269866,151.16319014752287
662301517,boot,97,0.5457031882531816,0.4695632139704531,156.3694646269866,152.4800382667872
662301517,boot,98,1.7520487325476521,0.3819897652672387,156.3694646269866,118.47294315935117
662301517,boot,99,0.705878835225116,0.5351017046735969,156.3694646269866,165.45644512485885
662301517,rot,0,0.49225513460580733,0.403112746100431,120.10380095425751,120.93857087769183
662301517,rot,1,0.7210127954010619,0.4131609462812488,151.09298967456186,167.1697342964332
662301517,rot,2,0.5218451205888925,0.5524862101835144,23.684144102979413,20.587031553752098
662301517,rot,3,0.6545328344339217,0.45427957009321474,13.168530855749234,6.38316187775208
662301517,rot,4,0.83006541170871,0.519601995231739,107.69778610372087,102.9486033160232
662301517,rot,5,0.6384779264793319,0.4621304071706861,158.46523238288293,162.68877127081373
662301517,rot,6,1.0604619811576346,0.45788210000144514,147.43110242488143,123.51500523011896
662301517,rot,7,0.6025812904461597,0.5426424104658207,131.33388375564783,126.52883932988912
662301517,rot,8,0.6148336043390901,0.5040221988187152,106.50064525217213,116.70253063873514
662301517,rot,9,0.24797265440077382,0.29765186427744617,23.534435341176348,92.27376528295152
662301517,rot,10,0.49519766513140584,0.45975259114518974,111.5862008670639,106.45556612995446
662301517,rot,11,0.5733373453366788,0.2549299807516233,72.70241678860789,20.148130732301684
662301517,rot,12,0.7267954469569362,0.560001681441125,32.332612906975356,24.34525008867319
662301517,rot,13,0.6409619077607547,0.4631061789000742,107.63788946114519,99.74866725087156
662301517,rot,14,0.5956931241118859,0.6339477150382881,60.24309650992328,65.40262138216713
662301517,rot,15,0.6136746913192194,0.5462790569699658,98.59580685400451,98.38527160553507
662301517,rot,16,0.5533695938306812,0.2258755312057832,155.7292066329006,64.86594751289529
662301517,rot,17,0.6972992685926742,0.5918736733018829,89.9145923297171,86.6492182568482
662301517,rot,18,0.5881555954942028,0.5806418179403376,81.97729904793867,85.05667132306556
662301517,rot,19,0.8752986426025895,0.3511868704584674,150.68315532737114,2.842170943040401e-14
662301517,rot,20,0.557249178859148,0.6113114431371385,121.96911423229804,123.15445557817047
662301517,rot,21,0.6008725997089881,0.45909933471518827,7.006112031046734,7.864365407838773
662301517,rot,22,0.6765293519254162,0.5438847782915217,177.3677728364032,1.1986003300989978e-09
662301517,rot,23,0.7135145350600761,0.6217877686265105,55.170099936372495,51.53263519913074
662301517,rot,24,0.6513654414146333,0.5838452224823647,14.050260365101398,9.871189241252145
662301517,rot,25,0.6700925195881532,0.49090080945476655,75.08469080095107,65.47041859355964
662301517,rot,26,0.8624158423008752,0.5992062104104624,51.64617440320717,49.08291748221737
662301517,rot,27,0.6621425403405854,0.5091221771676206,67.32452280739898,68.30889955363277
662301517,rot,28,0.5989562468285556,0.5043121605081142,132.48603326513435,122.4606054592733
662301517,rot,29,0.7052261392233703,0.5440785109999102,32.60964568923274,30.846443806571187
662301517,rot,30,0.6605902980317859,0.5809288498615807,105.9319720452106,100.48037215971807
662301517,rot,31,0.7716346024584004,0.5578176932158825,136.49527309091087,132.65148636107836
662301517,rot,32,0.8798236259359662,0.5895216504616518,95.62550844792611,86.79628748724403
662301517,rot,33,0.6992650388413183,0.5313258928083958,163.83603306711686,156.42411934613716
662301517,rot,34,0.8720945095549396,0.6018815576206784,87.44528490903943,80.91301073278761
662301517,rot,35,0.5585756568103015,0.5946430177401258,34.876684355823194,35.56240262138797
662301517,rot,36,0.764938439078969,0.6167475745920136,131.56242897703922,129.80074359541175
662301517,rot,37,0.6484927607833754,0.4719480757854152,55.933307672062845,61.28918790251147
662301517,rot,38,0.7725390962757622,0.6307586332445259,175.38053598745347,173.70437630194314
662301517,rot,39,0.773265765443161,0.6488260793677634,124.8489413000961,127.04954480959772
662301517,rot,40,0.8156771887055028,0.4919951727045395,0.31586681087995894,8.83946367560597
662301517,rot,41,0.8319319555339617,0.6149142129177945,61.50842042364409,62.81669488774672
662301517,rot,42,0.5861896475535078,0.5407109631618665,57.720321266262275,56.075501357967305
662301517,rot,43,0.5077403828899689,0.5749479039259768,142.5152661680546,136.04587191422337
662301517,rot,44,0.7922380965920056,0.5163590290374764,147.80115680641052,147.90322991606382
662301517,rot,45,0.9336230785220386,0.5611442972979984,172.03934847197937,159.71339789969383
662301517,rot,46,0.5125430410875881,0.5103811490138619,17.971844098749862,11.822251809452062
662301517,rot,47,0.6820695683340172,0.44222897230672964,98.50938576906373,105.52758271491554
662301517,rot,48,0.7986250163218841,0.4269471171860628,12.577956690475741,179.99999999999997
662301517,rot,49,0.6474635627193203,0.4462525995625539,58.24615365921226,59.46232936644578
673033449,round,0,0.9972928277768814,0.5680988719883567,103.61486710434849,95.5167544356665
673033449,round,1,0.8261316381300002,0.43206104853692007,103.61486710434849,99.67994187713938
673033449,round,2,1.3383249499725125,0.5278745458098022,103.61486710434849,94.82185674459078
673033449,round,3,0.4650267296385429,0.20991332057712253,103.61486710434849,11.754512673835961
673033449,round,4,1.1475277140126747,0.4029555782541908,103.61486710434849,95.8055990352425
673033449,round,5,1.1156834109957485,0.6090847760853992,103.61486710434849,98.34704625279302
673033449,round,6,0.9916817990831464,0.43783192072058663,103.61486710434849,102.84056672927022
673033449,round,7,1.1120787100821656,0.40666260292025846,103.61486710434849,104.85862512867472
673033449,round,8,0.9659354969248501,0.3865529376864919,103.61486710434849,110.56301735724465
673033449,round,9,1.2366323924286642,0.5146487243463351,103.61486710434849,117.13242602148733
673033449,round,10,0.9789262721186542,0.5240604687807815,103.61486710434849,105.08673329564378
673033449,round,11,1.2158524737282337,0.5158269412438261,103.61486710434849,103.97720277246967
673033449,round,12,1.453179229760332,0.5260051366721891,103.61486710434849,93.22947567656854
673033449,round,13,0.9023059637918712,0.5709906256578945,103.61486710434849,98.45378419386326
673033449,round,14,0.8459223538573573,0.5588839010475533,103.61486710434849,107.82553356679713
673033449,round,15,1.0772452067747744,0.5542439252579583,103.61486710434849,110.27518675478882
673033449,round,16,0.8630437516747188,0.4995463318777451,103.61486710434849,101.1510367897149
673033449,round,17,1.0309604332851507,0.48955021412158517,103.61486710434849,113.2737989483684
673033449,round,18,1.1827144266268188,0.5773420638849098,103.61486710434849,97.42632939281816
673033449,round,19,0.8826196048171838,0.5313583414745107,103.61486710434849,105.96178649245006
673033449,round,20,0.9590630674041241,0.5364271851256049,103.61486710434849,110.66814916717522
673033449,round,21,1.0090564735352783,0.5445718129238574,103.61486710434849,105.0993398460262
673033449,round,22,0.9320130207194228,0.5382700184461332,103.61486710434849,110.87511481938306
673033449,round,23,0.9476189485737571,0.5226523581299167,103.61486710434849,104.44711729752669
673033449,round,24,1.2509103965190838,0.5044639443719927,103.61486710434849,112.6631656565813
673033449,round,25,0.9791739062664633,0.6033588051907215,103.61486710434849,108.65334127567417
673033449,round,26,1.0424252620296148,0.5349566996069179,103.61486710434849,111.31388407564503
673033449,round,27,1.1394252023480549,0.40111892177204134,103.61486710434849,104.56565706657278
673033449,round,28,0.8982988454395338,0.44036435277499464,103.61486710434849,104.93700252493822
673033449,round,29,1.1684621090701217,0.48545906580615816,103.61486710434849,102.78051296797656
673033449,round,30,0.9724358751738889,0.5481273835586075,103.61486710434849,98.44883605923006
673033449,round,31,0.9568219687581779,0.5346407151381981,103.61486710434849,109.8312524925982
673033449,round,32,1.0576681192670783,0.5491236039388909,103.61486710434849,95.34005785034849
673033449,round,33,0.46899648231625285,0.2068648390466722,103.61486710434849,179.99999999999997
673033449,round,34,0.8527960363681248,0.541388923023588,103.61486710434849,99.01479029306147
673033449,round,35,1.1490993707294699,0.5344600298982072,103.61486710434849,105.58942721931928
673033449,round,36,0.9835618365071801,0.49252529736973216,103.61486710434849,106.92555735674932
673033449,round,37,1.071128029126103,0.544686127234866,103.61486710434849,102.72445596415395
673033449,round,38,1.1384346371858265,0.5863595816592428,103.61486710434849,110.76031879875511
673033449,round,39,0.5503109013648174,0.20008600773694074,103.61486710434849,35.558843993129095
673033449,round,40,0.9035487724781899,0.519139689292698,103.61486710434849,109.30654477975625
673033449,round,41,0.9252027117917355,0.5534822678452396,103.61486710434849,99.35572773015767
673033449,round,42,1.152303544452414,0.5055357800610307,103.61486710434849,101.13691785517636
673033449,round,43,0.8397720093721509,0.5140423746223648,103.61486710434849,101.2003800989448
673033449,round,44,0.9935188834815135,0.549561113967918,103.61486710434849,120.83141609487996
673033449,round,45,0.8588814853738073,0.6464370189844504,103.61486710434849,104.26842873851706
673033449,round,46,1.0672287116789676,0.6122498805042218,103.61486710434849,106.43409339066682
673033449,round,47,0.9035228520378742,0.45543610768105014,103.61486710434849,105.99187335071149
673033449,round,48,1.1027882871808363,0.37976200279106687,103.61486710434849,107.12667752667701
673033449,round,49,0.9562433832901459,0.616342908825201,103.61486710434849,100.51545473804495
673033449,round,50,0.9061472915092385,0.5440877785903919,103.61486710434849,108.48682023468162
673033449,round,51,1.431445371523152,0.5733379650303774,103.61486710434849,101.1447621790604
673033449,round,52,0.8249317441380912,0.43604147907786917,103.61486710434849,89.59537323261472
673033449,round,53,1.0597658209636487,0.40697959065358924,103.61486710434849,96.5063655038085
673033449,round,54,1.0483436420867223,0.5637896863125964,103.61486710434849,91.94301182843589
673033449,round,55,0.8996955583845623,0.5213567532673202,103.61486710434849,97.76303363346736
673033449,round,56,0.43622071979127086,0.22660023087772685,103.61486710434849,2.3069003470814664
673033449,round,57,0.9540888394926207,0.4980886549983409,103.61486710434849,101.44654556315537
673033449,round,58,0.9531321820666727,0.6210044844723093,103.61486710434849,101.40953274587285
673033449,round,59,1.1269156841245798,0.5233284006916783,103.61486710434849,111.84897529846108
673033449,round,60,1.1227551702058867,0.5738387791892279,103.61486710434849,97.37862323813484
673033449,round,61,0.9387289630215945,0.49426169929210195,103.61486710434849,105.0446296513146
673033449,round,62,0.9425352242752438,0.5339132593686398,103.61486710434849,108.60962710848065
673033449,round,63,0.8909794094582019,0.6274349710394433,103.61486710434849,98.0330314950464
673033449,round,64,1.0568579759041976,0.4418237712540578,103.61486710434849,107.6161544800324
673033449,round,65,0.8411836485771,0.5834906935863345,103.61486710434849,117.55390223949266
673033449,round,66,1.0130950158658665,0.5781597958408693,103.61486710434849,98.74465747986096
673033449,round,67,0.28253239578188444,0.2216233814435612,103.61486710434849,172.62658516250738
673033449,round,68,0.950399057163789,0.5532625183596283,103.61486710434849,99.89811885462204
673033449,round,69,0.15751828509455548,0.20550894733245106,103.61486710434849,167.97827486317954
673033449,round,70,0.921281900136143,0.5210229358080294,103.61486710434849,105.69860094951846
673033449,round,71,1.1503573522571326,0.4785606148356589,103.61486710434849,97.95230311964468
673033449,round,72,0.8908639953466554,0.548224023309384,103.61486710434849,103.53202465548264
673033449,round,73,0.342541996630898,0.252874519246736,103.61486710434849,38.57241858158489
673033449,round,74,1.1084589693587485,0.5937359885853409,103.61486710434849,112.38922758333533
673033449,round,75,1.070828809727386,0.47516790922368857,103.61486710434849,106.79359971026744
673033449,round,76,1.0210926945393741,0.3760711165067053,103.61486710434849,101.96275137082651
673033449,round,77,0.9022692569583132,0.5709906261493973,103.61486710434849,98.45628536480721
673033449,round,78,0.9972890120684168,0.5184978736182003,103.61486710434849,103.05399843823366
673033449,round,79,0.837412718719537,0.5574714550997832,103.61486710434849,99.35922415163476
673033449,round,80,0.21935565759417794,0.2114269962777401,103.61486710434849,172.20076734334782
673033449,round,81,1.107389157690722,0.4966296612965686,103.61486710434849,106.89840493189584
673033449,round,82,1.2158581278581717,0.5158269410641251,103.61486710434849,103.97711644476098
673033449,round,83,1.0130705483192848,0.5781597956296133,103.61486710434849,98.74486261365726
673033449,round,84,0.40471938278547187,0.18515639551026974,103.61486710434849,52.8712476500306
673033449,round,85,0.7024915137972587,0.21499851802982717,103.61486710434849,157.6204147560045
673033449,round,86,1.0138207691202077,0.47609746318745927,103.61486710434849,103.11015220790075
673033449,round,87,1.260337857313051,0.5485784596387646,103.61486710434849,102.72988444384835
673033449,round,88,1.1647796532996484,0.6035220387258133,103.61486710434849,105.58241873912978
673033449,round,89,1.1763110274924735,0.4968340709707284,103.61486710434849,102.91866911009629
673033449,round,90,1.053152081296824,0.589639956297428,103.61486710434849,95.76794118402077
673033449,round,91,0.8245521751039437,0.4640691073027028,103.61486710434849,101.95407050824228
673033449,round,92,0.9286883122623691,0.5211436057781653,103.61486710434849,104.89649184550385
673033449,round,93,0.9107476591538741,0.5052468196949094,103.61486710434849,103.80905984018317
673033449,round,94,0.9052715062709049,0.6403670491527637,103.61486710434849,106.22599177796121
673033449,round,95,0.8879547048592291,0.5167915024228461,103.61486710434849,105.74363953661482
673033449,round,96,1.0260771120126126,0.47538433356047083,103.61486710434849,102.45702566317891
673033449,round,97,1.0855155233165628,0.5368128030949615,103.61486710434849,109.97456309770944
673033449,round,98,0.9916360959104159,0.437831920031601,103.61486710434849,102.84124935624014
673033449,round,99,1.2723192553186145,0.5645563014853592,103.61486710434849,103.57654096450084
673033449,boot,0,1.7744021067572588,0.5076946975021588,103.61486710434849,98.84612559600498
673033449,boot,1,1.5636025411986483,0.4120019569448845,103.61486710434849,103.62163112751512
673033449,boot,2,1.5537157581629883,0.5247245836565002,103.61486710434849,100.94796859741601
673033449,boot,3,1.51974949359946,0.5288356605013205,103.61486710434849,101.7008683034775
673033449,boot,4,1.873438221787644,0.595752300813413,103.61486710434849,106.65685138152938
673033449,boot,5,2.0691256959729265,0.5814155620039267,103.61486710434849,103.19364740797627
673033449,boot,6,1.732541481844515,0.48722097514176743,103.61486710434849,102.49879812989163
673033449,boot,7,1.777376182905039,0.5002028741217756,103.61486710434849,105.77956332438072
673033449,boot,8,2.0743073044385225,0.49653781484944937,103.61486710434849,101.25189580413262
673033449,boot,9,1.6947932381963187,0.5317527045204073,103.61486710434849,109.02254696353802
673033449,boot,10,2.218641171179605,0.5348051681788499,103.61486710434849,101.30694573195798
673033449,boot,11,1.89166801227318,0.5067649727824358,103.61486710434849,98.15618583974616
673033449,boot,12,1.6468998969003663,0.5883981399948227,103.61486710434849,99.77964611952412
673033449,boot,13,2.0033004336638442,0.5163621341789952,103.61486710434849,103.70651807146135
673033449,boot,14,1.7886030453020658,0.47304009757650045,103.61486710434849,101.83305081871002
673033449,boot,15,1.961539181065037,0.4547360653934409,103.61486710434849,106.03714353307777
673033449,boot,16,1.803010548968216,0.5273568024984965,103.61486710434849,105.24054649486655
673033449,boot,17,1.718718179066251,0.4417423577221884,103.61486710434849,102.35860476546735
673033449,boot,18,1.7104976223609591,0.5779465246750447,103.61486710434849,100.8479622845239
673033449,boot,19,2.1754819814165587,0.43210417334868734,103.61486710434849,102.51493414586511
673033449,boot,20,1.4887079491761086,0.5198215079779036,103.61486710434849,104.04085885283502
673033449,boot,21,0.165715753763663,0.17525700432408298,103.61486710434849,0.6095250355678559
673033449,boot,22,1.6349869588654602,0.5854382896431044,103.61486710434849,101.02838185416613
673033449,boot,23,2.764079484204656,0.16674648175717965,103.61486710434849,109.49328501435792
673033449,boot,24,1.5864405023033503,0.558123148833179,103.61486710434849,95.38309664801923
673033449,boot,25,1.713474712027597,0.5638226026909607,103.61486710434849,99.99083600134145
673033449,boot,26,1.995318160959275,0.3978145967310067,103.61486710434849,102.82963206508254
673033449,boot,27,1.767947427255282,0.48040225967377126,103.61486710434849,104.63581149333528
673033449,boot,28,1.5792604339472613,0.5016322559739699,103.61486710434849,100.56149336581302
673033449,boot,29,1.421313764911011,0.511827820767295,103.61486710434849,102.48469984380864
673033449,boot,30,1.7329315785460888,0.40515642718626776,103.61486710434849,101.90521522882653
673033449,boot,31,1.6604364788500583,0.47508517886253787,103.61486710434849,101.61229695099888
673033449,boot,32,1.3927727561695606,0.4736068177728944,103.61486710434849,109.81097155369908
673033449,boot,33,2.041236016274613,0.5026756063370958,103.61486710434849,101.74327331597986
673033449,boot,34,1.704541322552105,0.5248615077192205,103.61486710434849,100.08482113278245
673033449,boot,35,1.9731462314752017,0.5011137273059636,103.61486710434849,102.21903445886187
673033449,boot,36,1.846435737969193,0.48820588215727434,103.61486710434849,101.30771659405343
673033449,boot,37,2.20886270305494,0.5095896352893533,103.61486710434849,102.96795407143131
673033449,boot,38,2.104459972242527,0.4270998882913096,103.61486710434849,102.48695054186973
673033449,boot,39,1.7826584285079208,0.44878969812119973,103.61486710434849,99.48119376384665
673033449,boot,40,1.7858403555476838,0.536361449299821,103.61486710434849,101.74705692787632
673033449,boot,41,1.7862816194616975,0.5702425783524078,103.61486710434849,101.88999042807404
673033449,boot,42,1.7792085288705226,0.5528296719602315,103.61486710434849,102.15141238450855
673033449,boot,43,2.0250912270496895,0.5266339147329018,103.61486710434849,103.57074001280068
673033449,boot,44,2.208868461709453,0.5095896352522297,103.61486710434849,102.96794775697279
673033449,boot,45,2.12906013558523,0.5059197196855283,103.61486710434849,105.58072013627223
673033449,boot,46,1.8192896694575431,0.5142068119780725,103.61486710434849,98.61959583312209
673033449,boot,47,1.748892069327115,0.5356194538292018,103.61486710434849,98.8242011320118
673033449,boot,48,1.7118770314991805,0.47564339225415053,103.61486710434849,100.93291581948154
673033449,boot,49,8.335413694186455,0.3519856799352403,103.61486710434849,83.34260288062296
673033449,boot,50,1.5055563429240348,0.44589485046789623,103.61486710434849,108.13967323280144
673033449,boot,51,2.6158657300440673,0.4889910718706142,103.61486710434849,99.82763604094868
673033449,boot,52,1.8494004015153032,0.5062250577247285,103.61486710434849,108.94397455275714
673033449,boot,53,0.08379909744947527,0.18203271246260244,103.61486710434849,45.8809562343766
673033449,boot,54,1.7866052071008625,0.5658713535618005,103.61486710434849,101.43553608712051
673033449,boot,55,1.8494189185295054,0.5062250574982351,103.61486710434849,108.94448127712594
673033449,boot,56,1.526570471282007,0.6030069415825671,103.61486710434849,96.90828420367214
673033449,boot,57,2.0584035271046095,0.5058574119871897,103.61486710434849,98.53350116514139
673033449,boot,58,1.7519146730931685,0.5024450441658759,103.61486710434849,106.03211617865247
673033449,boot,59,1.7104986247052552,0.5779465247397899,103.61486710434849,100.84752973153445
673033449,boot,60,2.033221050260345,0.5983545659995915,103.61486710434849,102.92661129035511
673033449,boot,61,1.5054538296058928,0.4458948540449613,103.61486710434849,108.141797325003
673033449,boot,62,1.6321100505648873,0.5286467194537416,103.61486710434849,100.62344835447851
673033449,boot,63,0.07500726257535666,0.22859329668911277,103.61486710434849,3.293477019839209
673033449,boot,64,1.6543426207224898,0.5618868896855849,103.61486710434849,100.05078118753511
673033449,boot,65,1.7655744117654346,0.48517056099062494,103.61486710434849,103.8968400784916
673033449,boot,66,2.9976247263417846,0.174234468577932,103.61486710434849,110.09727428763087
673033449,boot,67,2.003450516527009,0.5430601301318005,103.61486710434849,105.89380327469013
673033449,boot,68,1.9876387708966043,0.6493090432170416,103.61486710434849,103.28618371192077
673033449,boot,69,0.4762783739587736,0.18580859706688868,103.61486710434849,66.68654368422548
673033449,boot,70,0.30503470253091797,0.20800889443395132,103.61486710434849,37.84878363608728
673033449,boot,71,1.8983138857692536,0.5706742940641858,103.61486710434849,103.12990259859379
673033449,boot,72,1.6816873355421875,0.5389246203053563,103.61486710434849,102.8087258127486
673033449,boot,73,1.6277286543390763,0.6077493958623947,103.61486710434849,102.56872088352964
673033449,boot,74,1.4853380049280283,0.5347215324294027,103.61486710434849,111.61796933101033
673033449,boot,75,1.786377181749173,0.5702425785874459,103.61486710434849,101.8900993374996
673033449,boot,76,1.69359199680128,0.5959634968065118,103.61486710434849,101.47516961090372
673033449,boot,77,2.072011723181438,0.48393778852145297,103.61486710434849,102.10946180454764
673033449,boot,78,1.9976212657868373,0.5765531913883033,103.61486710434849,106.07142922655173
673033449,boot,79,2.1321794260295395,0.5243177232166092,103.61486710434849,103.28944555595251
673033449,boot,80,1.608775479854993,0.4811749434448378,103.61486710434849,110.4598928576495
673033449,boot,81,0.1484327855380021,0.16317925839210035,103.61486710434849,24.361587842951167
673033449,boot,82,1.627826738644521,0.48724073655281464,103.61486710434849,105.74827375149351
673033449,boot,83,2.1275411605581946,0.4668691187481412,103.61486710434849,100.35599951254179
673033449,boot,84,2.255125644148433,0.5961186293906753,103.61486710434849,99.45082992037541
673033449,boot,85,1.7045470199842687,0.5248615076325671,103.61486710434849,100.08531612112552
673033449,boot,86,2.281699162724865,0.42274860133394143,103.61486710434849,105.58227539832968
673033449,boot,87,0.18410232239320506,0.2732256636269178,103.61486710434849,11.524331527130023
673033449,boot,88,1.9561105495963027,0.4686424817777298,103.61486710434849,99.09384077530248
673033449,boot,89,1.6775378427885528,0.5050223963263016,103.61486710434849,100.59774829518828
673033449,boot,90,1.6781155948337645,0.58308981002995,103.61486710434849,98.71504491714063
673033449,boot,91,1.6543310893977237,0.5618868894584388,103.61486710434849,100.05090462619133
673033449,boot,92,1.8984648716906507,0.570674291455024,103.61486710434849,103.13079187189561
673033449,boot,93,2.0173349700835055,0.5153599912859732,103.61486710434849,112.92287437804481
673033449,boot,94,1.5280092243259893,0.4518633024935822,103.61486710434849,113.22837178904393
673033449,boot,95,1.9753742888276398,0.5689759827500884,103.61486710434849,102.00489711336041
673033449,boot,96,2.1321617953408434,0.524317723207512,103.61486710434849,103.28940149205418
673033449,boot,97,1.9935203165443538,0.39484444374513394,103.61486710434849,99.27134339952205
673033449,boot,98,1.9317913459747473,0.3869898144225751,103.61486710434849,101.95052449164737
673033449,boot,99,1.6929693903981695,0.5145625743515777,103.61486710434849,100.0728104617879
673033449,rot,0,0.17361729520042313,0.2536783063231963,13.853645506774539,106.03958094173888
673033449,rot,1,2.3635733350062402,0.49997811561628114,140.13203572303524,139.2016852472951
673033449,rot,2,2.008474817941644,0.5258076839317155,77.33061619870217,77.36651514793334
673033449,rot,3,2.14223294317283,0.5217856708173696,49.78388955198983,46.150552599434945
673033449,rot,4,1.8169757913262379,0.4233019518611887,100.88399809214101,101.39620545211534
673033449,rot,5,1.0681307771386976,0.36611479438598327,29.66637587802509,0.0
673033449,rot,6,2.084833145475532,0.5940200330199343,147.17879419196433,141.77807702332993
673033449,rot,7,1.8604740335542906,0.5510983499598321,93.41460209689353,96.89811998855791
673033449,rot,8,1.977753209158532,0.5402607079791147,38.05370404368974,32.93922320384496
673033449,rot,9,2.0184582938738047,0.4566972812528487,29.531027448433843,28.587360655377623
673033449,rot,10,1.84874044997097,0.5550608015596481,126.32725125414852,128.10310508005094
673033449,rot,11,0.10050384454038543,0.12712941125778365,154.78639935090368,68.66131849443457
673033449,rot,12,1.6726560187616804,0.4511070731364353,35.782803204446274,36.05267573096202
673033449,rot,13,1.7943550130015915,0.5509980732641178,5.805460646405001,10.457143813227844
673033449,rot,14,1.921511816611099,0.5542063671719765,58.3429845575504,59.207245518275585
673033449,rot,15,1.720166143339792,0.48464003685877466,168.30448977199538,162.30133253621432
673033449,rot,16,1.7729309332233072,0.40798898047871446,15.992049295377651,0.0
673033449,rot,17,1.7342095546570884,0.5037797407609286,88.73507423051163,95.35183629283574
673033449,rot,18,1.4828489660089454,0.5047143475043335,28.53237470402344,22.860791875343722
673033449,rot,19,1.8744345985177764,0.5191606683194393,159.94225603237686,160.45265731741918
673033449,rot,20,1.8035169495930554,0.5408031464282566,48.95939795327319,52.65047179469357
673033449,rot,21,1.7141827049093536,0.5231932208865635,158.92854385663628,159.51411887766815
673033449,rot,22,1.9198208743095806,0.4897131842411795,141.62043313300194,140.86136767846818
673033449,rot,23,1.849777446394209,0.5261583197068829,68.11183183781542,70.63153294391947
673033449,rot,24,1.9269950947899417,0.5170115817011081,97.53073346393342,97.52872119687265
673033449,rot,25,0.10154889613595901,0.18859004435039795,138.14457225807143,52.59794434603738
673033449,rot,26,1.8462885528961632,0.5558172698342922,5.6234196519835695,7.2707430979380945
673033449,rot,27,1.8430922244997674,0.5426709603098812,2.801219592206483,7.3739691306491295
673033449,rot,28,1.8468578503489428,0.5186288283851097,27.982832031944724,25.340885456647698
673033449,rot,29,0.8780085498590439,0.27634147422325184,144.96845480897082,2.842170943040401e-14
673033449,rot,30,2.008755182688747,0.5681933211037262,33.451025969860304,32.44966721351622
673033449,rot,31,1.842417077837509,0.5386123100224903,127.12364636145927,131.02521460213188
673033449,rot,32,1.5530421728252557,0.4774946891850884,168.85865426964037,169.62698178457993
673033449,rot,33,1.8760781082264015,0.521461147450597,94.05293240502384,92.44892369727673
673033449,rot,34,2.0937334915017356,0.45229622583181095,14.493168059064887,18.15576150637719
673033449,rot,35,2.0006493992391863,0.45450900508391023,138.19504777634586,138.6960681509165
673033449,rot,36,2.0016721285964585,0.4007883852070381,176.7195809896729,2.842170943040401e-14
673033449,rot,37,1.91234188410728,0.5117347831666995,92.93213046064099,92.51907688031825
673033449,rot,38,2.0040113972451064,0.579933657234853,120.89837940793274,125.64849117855431
673033449,rot,39,1.1867048363931973,0.4390436732872267,30.82692637227772,0.0
673033449,rot,40,0.12876247493804877,0.3369182411983208,172.49701829020967,86.324586721098
673033449,rot,41,1.6193149259027015,0.5442710664071322,137.59423180999116,143.77838059959143
673033449,rot,42,1.8487796610224223,0.5012543573505928,106.9512992794253,101.49371182093014
673033449,rot,43,1.9693548750604122,0.5640541028845714,118.54549539379423,123.72139328194862
673033449,rot,44,1.9248387783130503,0.5236107414141158,148.54739660376828,150.33305651483397
673033449,rot,45,1.667988329605753,0.5026649179185816,133.5641388678369,133.99099166938905
673033449,rot,46,0.8901615527129128,0.16759325507315492,116.23537445859802,80.7991960174508
673033449,rot,47,1.8664863094251374,0.48629561488822093,170.62506069396474,169.8504024487005
673033449,rot,48,1.8987478322384674,0.5662178382509757,76.02914899331299,85.19116895093032
673033449,rot,49,1.8432501849597254,0.49621607858039996,87.67379300141691,85.93920583205244
673449540,round,0,1.0082839833779607,0.4987991760578405,25.841917768431244,18.85689482085715
673449540,round,1,0.9745130309084984,0.4939369639042642,25.841917768431244,37.22059844013854
673449540,round,2,1.1618795375390885,0.45968638444163357,25.841917768431244,14.768966183979146
673449540,round,3,0.39695913578933745,0.1903579893149273,25.841917768431244,141.20115519833678
673449540,round,4,2.1104402658558032,0.4844760675509697,25.841917768431244,22.002608567921058
673449540,round,5,0.8272419791383477,0.4672610429669515,25.841917768431244,31.438129985432226
673449540,round,6,0.9506181196234711,0.28705578332203485,25.841917768431244,18.83090031933193
673449540,round,7,0.9497174231668359,0.4969750231483179,25.841917768431244,24.625828913193768
673449540,round,8,0.3817869959070848,0.24006216931952173,25.841917768431244,78.68966076416591
673449540,round,9,0.9439839563349879,0.3974091669444455,25.841917768431244,34.39266934896734
673449540,round,10,1.0814431114653902,0.298416528326913,25.841917768431244,29.48699715291488
673449540,round,11,1.030927054530914,0.4993556836738796,25.841917768431244,30.727912353436068
673449540,round,12,1.0317284628686056,0.3446398776955195,25.841917768431244,20.196121545883173
673449540,round,13,0.8021845173441354,0.4316258381849917,25.841917768431244,30.63062165580004
673449540,round,14,1.179937195601678,0.4951169388868568,25.841917768431244,22.204920431041103
673449540,round,15,1.0358218119174656,0.47275969920062855,25.841917768431244,39.67727309123356
673449540,round,16,1.4609850138533795,0.3726620555155986,25.841917768431244,26.140541826919446
673449540,round,17,1.034715143567445,0.483130627445581,25.841917768431244,27.88894304930767
673449540,round,18,1.1673754819811466,0.44068823347203445,25.841917768431244,17.074736505837905
673449540,round,19,0.7544363141527564,0.33123235174305954,25.841917768431244,28.913291806431435
673449540,round,20,0.85977006808532,0.43501419851043366,25.841917768431244,38.50107555130063
673449540,round,21,1.1094467878852239,0.3078267116516278,25.841917768431244,14.57117257761459
673449540,round,22,1.0560233215075303,0.4321582812124942,25.841917768431244,29.253769802820685
673449540,round,23,1.0986967940009973,0.3945662624924233,25.841917768431244,27.183272056129425
673449540,round,24,1.1787506552546567,0.20351278038637055,25.841917768431244,24.408110845704982
673449540,round,25,1.0836983876590651,0.5023528959074991,25.841917768431244,17.708516380169584
673449540,round,26,0.7393879615906113,0.5102862850189711,25.841917768431244,30.656769479715013
673449540,round,27,0.8881637608416127,0.4681414391440555,25.841917768431244,27.159054588049944
673449540,round,28,1.2416047631454477,0.34109751534641564,25.841917768431244,20.96364108687976
673449540,round,29,0.8660492496228566,0.35557508186280284,25.841917768431244,33.7845109458418
673449540,round,30,1.0259827955607983,0.4953885231328964,25.841917768431244,19.159357568103246
673449540,round,31,0.8931135914396836,0.44757013191260664,25.841917768431244,22.61516651908958
673449540,round,32,1.184436096054201,0.4034165069280028,25.841917768431244,22.103424364481327
673449540,round,33,1.0435250345975495,0.3832469196397553,25.841917768431244,23.158143642396027
673449540,round,34,0.8823435124478225,0.4341338162654236,25.841917768431244,29.35919912940308
673449540,round,35,0.9727704795762093,0.462419644857641,25.841917768431244,30.267816329629113
673449540,round,36,1.184436096054201,0.4034165069280028,25.841917768431244,22.103424364481327
673449540,round,37,0.9789056250122969,0.3785754251635446,25.841917768431244,24.236465947486266
673449540,round,38,1.1205199232782714,0.4623977102534981,25.841917768431244,27.588841867993153
673449540,round,39,0.9624152408568161,0.344450375816302,25.841917768431244,30.818112441667438
673449540,round,40,0.3472042605402476,0.1953603265447218,25.841917768431244,66.88118056168567
673449540,round,41,1.3189065186092588,0.33634800240206963,25.841917768431244,37.681421118941245
673449540,round,42,0.8264868995791008,0.46726141953523126,25.841917768431244,31.461549368871967
673449540,round,43,0.857185138703047,0.2623975475079251,25.841917768431244,179.99999999999997
673449540,round,44,1.0458045000778688,0.34063803820280336,25.841917768431244,28.912574788160413
673449540,round,45,0.7532786162021662,0.3651842077781867,25.841917768431244,13.275313887503671
673449540,round,46,0.9501488567974417,0.49306871222307236,25.841917768431244,22.897099773286342
673449540,round,47,1.1649015106888043,0.44123401967909026,25.841917768431244,24.669288485846877
673449540,round,48,0.8877522286298065,0.45191338889614907,25.841917768431244,25.46882936092132
673449540,round,49,0.9979594275989346,0.5162337758617842,25.841917768431244,28.195235710008404
673449540,round,50,1.0477720364768246,0.30979503675499465,25.841917768431244,12.722551806291477
673449540,round,51,0.9737132833067572,0.36601065037034486,25.841917768431244,23.25667827490949
673449540,round,52,1.0006322697055692,0.4071052827174716,25.841917768431244,25.348324192836657
673449540,round,53,1.1378617931210329,0.2873197732986714,25.841917768431244,27.606835694325383
673449540,round,54,0.8908894903388384,0.4409898330006222,25.841917768431244,37.20863618204814
673449540,round,55,0.4749077284733443,0.21026374583095453,25.841917768431244,139.8185513867209
673449540,round,56,1.184436096054201,0.4034165069280028,25.841917768431244,22.103424364481327
673449540,round,57,0.9835356665846756,0.4310582689478566,25.841917768431244,28.2530304813954
673449540,round,58,1.1178085868168124,0.36424223046781934,25.841917768431244,10.379929412742456
673449540,round,59,0.8868896473940168,0.3313647221346575,25.841917768431244,42.163873860555526
673449540,round,60,0.8598149096862057,0.4350141643420704,25.841917768431244,38.503245523128925
673449540,round,61,0.7761796452374673,0.5105960728302801,25.841917768431244,21.05743386545649
673449540,round,62,1.1100494977739679,0.3437044608159242,25.841917768431244,26.20534575848032
673449540,round,63,0.8548682202293263,0.38842568278454537,25.841917768431244,27.926449436124955
673449540,round,64,0.7689367997302313,0.4841708743934816,25.841917768431244,18.69754766517636
673449540,round,65,1.2925216372786918,0.4725779773584299,25.841917768431244,19.10424696968562
673449540,round,66,0.14639968362049507,0.24459553762304276,25.841917768431244,91.72661565024437
673449540,round,67,0.9969379006266837,0.5162340069123751,25.841917768431244,28.23081260111482
673449540,round,68,0.7048658495850972,0.3161750797436026,25.841917768431244,22.24803966783406
673449540,round,69,0.8129132548802313,0.29925969367403493,25.841917768431244,179.99999999999997
673449540,round,70,1.393071157171413,0.4047552259531815,25.841917768431244,28.99965102923153
673449540,round,71,1.0035208115685443,0.4888700880771426,25.841917768431244,25.77251109639991
673449540,round,72,0.7057590065295183,0.34226815944339584,25.841917768431244,34.512985734302276
673449540,round,73,1.0239634557740018,0.49538894017845536,25.841917768431244,19.144702787494808
673449540,round,74,0.7492950756756225,0.3616464955092863,25.841917768431244,17.774517939905536
673449540,round,75,1.516493656143346,0.437534545439062,25.841917768431244,33.728950433764396
673449540,round,76,0.7918936452093003,0.443644671264696,25.841917768431244,26.18225555087625
673449540,round,77,0.9115163962448981,0.42274362759754436,25.841917768431244,24.902017004774706
673449540,round,78,1.1365762198078724,0.43480862710421686,25.841917768431244,15.079623811746188
673449540,round,79,0.8161446743564178,0.4276181645407736,25.841917768431244,30.390425882730398
673449540,round,80,1.0663857651397248,0.26173580019441567,25.841917768431244,0.0
673449540,round,81,0.8973378578423644,0.3897831104208588,25.841917768431244,20.92704523958838
673449540,round,82,1.035768421595901,0.4727597336075974,25.841917768431244,39.675242778053104
673449540,round,83,1.0190114730285502,0.4605674362804566,25.841917768431244,23.98921721485094
673449540,round,84,1.0329576596733476,0.4774216397316601,25.841917768431244,21.74212449128916
673449540,round,85,1.2591494759529165,0.5334509275515125,25.841917768431244,35.327326943141514
673449540,round,86,1.031784311957162,0.5996062591860736,25.841917768431244,16.307902665527024
673449540,round,87,0.9653673553550413,0.5134104408295587,25.841917768431244,26.731967993048016
673449540,round,88,0.7228240419767575,0.5064434805098921,25.841917768431244,20.95273313294959
673449540,round,89,1.1023667815691556,0.49646221799741186,25.841917768431244,22.83207505348588
673449540,round,90,1.1782602231700268,0.4462622095327652,25.841917768431244,22.9694188959095
673449540,round,91,0.9244241989846051,0.5171277415711149,25.841917768431244,28.221531642454398
673449540,round,92,1.289298075977352,0.3091519577256625,25.841917768431244,21.378838411015764
673449540,round,93,0.7354747311397808,0.32328898453324173,25.841917768431244,20.765192395452175
673449540,round,94,1.112794440461444,0.4687729682243831,25.841917768431244,23.31722844135203
673449540,round,95,0.9965317991205027,0.49150005230475335,25.841917768431244,26.547922384403723
673449540,round,96,0.8267683832969768,0.31169868337131756,25.841917768431244,17.358887533177267
673449540,round,97,1.1442636228436542,0.3970364201044494,25.841917768431244,0.0
673449540,round,98,1.3201173050981116,0.4094741533288311,25.841917768431244,45.057940278474376
673449540,round,99,0.9285552105424713,0.356522580696619,25.841917768431244,32.879148106880706
673449540,boot,0,0.6449361487897758,0.40254802786040844,25.841917768431244,16.046596267134618
673449540,boot,1,0.6618817539426939,0.38238519843421903,25.841917768431244,32.19176193897073
673449540,boot,2,0.5622900871951835,0.45729623224464044,25.841917768431244,24.619658647701357
673449540,boot,3,0.5803501220887093,0.4602111515960733,25.841917768431244,28.12650031676819
673449540,boot,4,0.9387821733930448,0.405478359226353,25.841917768431244,35.312978531347994
673449540,boot,5,0.516796948957436,0.4388049921976106,25.841917768431244,25.22585221286006
673449540,boot,6,0.5074760022592112,0.18425470984128034,25.841917768431244,133.0937701304194
673449540,boot,7,1.0116796257343201,0.41861504115434944,25.841917768431244,0.0
673449540,boot,8,0.5407427213416115,0.3811579916502391,25.841917768431244,22.595212692763624
673449540,boot,9,0.5394772513516455,0.43136703496802276,25.841917768431244,19.522314141032474
673449540,boot,10,0.5962122485785537,0.4088428580893614,25.841917768431244,26.948626467128204
673449540,boot,11,0.9382482680717699,0.4054790199152585,25.841917768431244,35.26237344683889
673449540,boot,12,0.8550365815289203,0.32883883342686393,25.841917768431244,179.99999999999997
673449540,boot,13,0.5594011677219007,0.3654016196603276,25.841917768431244,32.508719653114234
673449540,boot,14,0.5691653787457492,0.4516390478695771,25.841917768431244,27.059216394618357
673449540,boot,15,0.5472007443705936,0.48122023003872305,25.841917768431244,31.037207059858645
673449540,boot,16,0.6042044450164176,0.4367196014496273,25.841917768431244,22.93727225093287
673449540,boot,17,0.5106450544302419,0.40768157233377555,25.841917768431244,21.842330194190055
673449540,boot,18,0.5267076615024543,0.4185062505416721,25.841917768431244,23.92064224712465
673449540,boot,19,0.7231792977366784,0.5095498872496005,25.841917768431244,23.616805310133543
673449540,boot,20,0.5661649167223566,0.44834848739153,25.841917768431244,23.867431609238885
673449540,boot,21,0.520447160223628,0.48738733174136706,25.841917768431244,28.842486349403895
673449540,boot,22,0.762274161710112,0.3912379348322902,25.841917768431244,20.02996814111691
673449540,boot,23,0.5031289921699114,0.3025913316537304,25.841917768431244,35.68507221498041
673449540,boot,24,0.5983470032475057,0.395736069835969,25.841917768431244,24.509269608866333
673449540,boot,25,0.48460112180535037,0.2747648868143805,25.841917768431244,20.813387862096064
673449540,boot,26,0.7229893305458654,0.5095498870080033,25.841917768431244,23.621784316807865
673449540,boot,27,0.5900953007231406,0.48610904346645945,25.841917768431244,34.0650241762185
673449540,boot,28,0.5087261034467675,0.43712499911508984,25.841917768431244,27.705284060046974
673449540,boot,29,0.5014838071368909,0.4037975973401182,25.841917768431244,22.512771365718628
673449540,boot,30,0.3932957802674093,0.4041486645026168,25.841917768431244,29.13167044306709
673449540,boot,31,0.8685724518680695,0.4368277840499979,25.841917768431244,3.990509443361674
673449540,boot,32,0.681346717096913,0.42102208094307214,25.841917768431244,21.799411649643474
673449540,boot,33,0.4673203291077397,0.38640654403747243,25.841917768431244,28.817811034189795
673449540,boot,34,0.5460464110173889,0.38701255919063293,25.841917768431244,29.209433497037935
673449540,boot,35,0.20073174107999192,0.22285810619765023,25.841917768431244,77.12324409708768
673449540,boot,36,0.5723796367750511,0.4525650508472914,25.841917768431244,31.79020061766079
673449540,boot,37,0.5069982452325864,0.4991928870907717,25.841917768431244,22.986681470055004
673449540,boot,38,0.6010313171924584,0.4248117134723174,25.841917768431244,26.94415408630748
673449540,boot,39,0.5553091386734926,0.3062111610022915,25.841917768431244,17.966749718579297
673449540,boot,40,2.8914422938714592,0.22443026322752124,25.841917768431244,170.76372321034268
673449540,boot,41,0.5582155695905973,0.39423413521085526,25.841917768431244,30.992149240570978
673449540,boot,42,0.5352568518145789,0.3256199889163731,25.841917768431244,32.78875329607766
673449540,boot,43,0.8214562789109758,0.3930745880565114,25.841917768431244,179.99999999999997
673449540,boot,44,0.5336558056551861,0.4001132138705299,25.841917768431244,19.847682647780918
673449540,boot,45,0.6901523740715698,0.44335578845177515,25.841917768431244,29.581963386445665
673449540,boot,46,1.3025699487283235,0.24518723592370528,25.841917768431244,0.0
673449540,boot,47,0.3730656757190332,0.27754086603935646,25.841917768431244,164.60769749829134
673449540,boot,48,0.8214562789109758,0.3930745880565114,25.841917768431244,179.99999999999997
673449540,boot,49,0.5014433962650265,0.45251919683844755,25.841917768431244,21.67315866915513
673449540,boot,50,0.6740867364472685,0.48125006853333174,25.841917768431244,36.2620509713527
673449540,boot,51,0.4851759212704694,0.3822853853286664,25.841917768431244,22.356323831589688
673449540,boot,52,0.7042925745588797,0.4586026017896553,25.841917768431244,23.251302705845035
673449540,boot,53,0.5889105529818046,0.42844196854054295,25.841917768431244,25.625195966243638
673449540,boot,54,0.5456681894404967,0.5127436275382646,25.841917768431244,31.633196640632974
673449540,boot,55,0.5890926979790717,0.3769952726165834,25.841917768431244,24.539820850242894
673449540,boot,56,0.4804915286280964,0.41732649994437065,25.841917768431244,31.249357210423888
673449540,boot,57,0.4707538653043097,0.3221669949949424,25.841917768431244,25.46161206613715
673449540,boot,58,0.3971678548900098,0.2981846016213344,25.841917768431244,31.34839426813711
673449540,boot,59,0.5262346909198286,0.41850655830053984,25.841917768431244,23.92293592439745
673449540,boot,60,0.5089379385347313,0.37716398636478465,25.841917768431244,23.625981628116875
673449540,boot,61,0.5403496896487814,0.331642873632108,25.841917768431244,28.442954279090593
673449540,boot,62,0.5080577747205605,0.35143558589082724,25.841917768431244,21.305732633939854
673449540,boot,63,0.1060762985398612,0.23946111953808502,25.841917768431244,170.12992330725328
673449540,boot,64,0.6907489358919137,0.6107095935015265,25.841917768431244,23.925964602311478
673449540,boot,65,0.5431396781436869,0.4176597527235274,25.841917768431244,25.01876462240085
673449540,boot,66,0.35126280717260877,0.404128351352226,25.841917768431244,19.364851820879352
673449540,boot,67,0.6471590955090292,0.4563126298325134,25.841917768431244,33.446680725004455
673449540,boot,68,0.48855742887370596,0.3807301697564215,25.841917768431244,26.18755360950285
673449540,boot,69,0.5882314824297944,0.5357345322160971,25.841917768431244,26.02851550229177
673449540,boot,70,0.4803543645650634,0.27535643160199597,25.841917768431244,11.880285781690844
673449540,boot,71,0.5824492187459578,0.44012046697441765,25.841917768431244,26.014795642099074
673449540,boot,72,0.5646143187522068,0.47714820635044886,25.841917768431244,31.59543820994321
673449540,boot,73,0.45414478240131645,0.37435618361225387,25.841917768431244,30.209226218736006
673449540,boot,74,0.3637867511318847,0.26989331354989277,25.841917768431244,144.55427059610415
673449540,boot,75,0.3920102353218302,0.38789944148619926,25.841917768431244,25.044902276894167
673449540,boot,76,0.4998076530279202,0.3881175296226187,25.841917768431244,26.817207660830803
673449540,boot,77,0.7847956362413452,0.35851436831365036,25.841917768431244,33.96466142869522
673449540,boot,78,0.5051061099970178,0.39812994224171083,25.841917768431244,23.673555833477227
673449540,boot,79,0.5174748455857525,0.43880483862656194,25.841917768431244,25.190001052055862
673449540,boot,80,0.7639593808571596,0.400501499976874,25.841917768431244,42.16344355384306
673449540,boot,81,0.645169232785369,0.459982122793848,25.841917768431244,23.22860940750641
673449540,boot,82,0.5787323197245883,0.37214999776527224,25.841917768431244,19.61926407450293
673449540,boot,83,0.5429712096372418,0.5218111262601208,25.841917768431244,32.95384624578375
673449540,boot,84,0.781535934743936,0.37836054276572906,25.841917768431244,29.680123527049165
673449540,boot,85,0.5833312164061704,0.26543879589568486,25.841917768431244,166.6348708029152
673449540,boot,86,0.5483839596295923,0.3303342655681132,25.841917768431244,20.220068839862417
673449540,boot,87,0.4798760942892169,0.4210236914829646,25.841917768431244,32.9415733239108
673449540,boot,88,0.6050679085922542,0.37260062266489247,25.841917768431244,30.427012549771717
673449540,boot,89,0.5822672724830733,0.4748518666813015,25.841917768431244,20.324577039303847
673449540,boot,90,0.5429712096372418,0.5218111262601208,25.841917768431244,32.95384624578375
673449540,boot,91,0.5263732021574179,0.43466037281821046,25.841917768431244,27.916103090466027
673449540,boot,92,0.5106450544302419,0.40768157233377555,25.841917768431244,21.842330194190055
673449540,boot,93,1.2264111389696497,0.26740606708996106,25.841917768431244,5.4436977950171865
673449540,boot,94,0.42588398780133707,0.5929617431166729,25.841917768431244,24.176807596903302
673449540,boot,95,1.0209463517943238,0.2404123005909904,25.841917768431244,0.0
673449540,boot,96,0.6427012659692211,0.4526556732240532,25.841917768431244,19.557340000163695
673449540,boot,97,0.5802968766928679,0.4816952220648004,25.841917768431244,24.24090596076013
673449540,boot,98,0.5049989946799639,0.5167436236212488,25.841917768431244,28.555476793711296
673449540,boot,99,0.8482988825046336,0.5151060439718842,25.841917768431244,13.607778534639749
673449540,rot,0,0.7250923723520296,0.47878693831742913,108.70152879390825,109.80573571523281
673449540,rot,1,0.4024181118676324,0.26388023111585346,0.3529316525257342,27.77797584066605
673449540,rot,2,0.5117801506087342,0.44256421791170475,60.17446746312945,65.19273298756463
673449540,rot,3,0.5368078296939774,0.30307505722537653,74.84409857130547,70.56552546034398
673449540,rot,4,0.448465445087626,0.3740565413994651,114.34811585781556,113.02612619237132
673449540,rot,5,0.49836909340676205,0.41298760244229615,21.009367922860104,18.055620825101265
673449540,rot,6,0.5335283856282549,0.47149936187241703,18.544650984238878,11.295517855689406
673449540,rot,7,0.5932232781317655,0.4223784953542846,9.116777986470234,16.147937840280626
673449540,rot,8,0.5883213351156357,0.380329312357337,137.3184880116741,138.1023707334592
673449540,rot,9,0.5829228883413179,0.47480885235222103,25.881836620077543,20.302808592098422
673449540,rot,10,0.5104280724430583,0.5031896694281517,106.39937922246347,104.09418491298696
673449540,rot,11,0.48678757716386445,0.4288681705515519,29.495861363366018,31.743203440912907
673449540,rot,12,0.6324548779543973,0.45677419290389343,142.68713310777696,147.40640640760057
673449540,rot,13,0.47767607070630996,0.5043755951290256,175.42911507134824,175.47256047886125
673449540,rot,14,0.6023434437668252,0.45341471290354596,168.8773235690723,168.19975990793094
673449540,rot,15,0.5253144235588458,0.4995455598084343,32.44927786051067,32.918284442862245
673449540,rot,16,0.47341137517173887,0.3701788443063948,75.9425117563435,72.82591906311544
673449540,rot,17,1.0373224890836699,0.25269763405076806,18.96786641934772,0.0
673449540,rot,18,0.5352254939629079,0.3912922178619934,129.01330330836524,124.92661230202503
673449540,rot,19,0.5029219178669386,0.4273652357707489,73.18241958091659,74.49157327355351
673449540,rot,20,0.5742277114535453,0.20770352605826292,51.435466607608106,167.07932758362176
673449540,rot,21,0.5911554277199725,0.31063476527328815,33.7557337463957,28.090929276520995
673449540,rot,22,0.6028527433967082,0.4825852705976731,161.0847207520942,162.5105056611365
673449540,rot,23,0.5569776188502389,0.5409862457004199,61.7159953471615,61.21918053816982
673449540,rot,24,0.5876290107349698,0.5498783108209477,119.38844458170131,125.45896833347597
673449540,rot,25,0.5899998272941087,0.48680571896182756,87.98282140659299,93.56351539857867
673449540,rot,26,0.5111827749476142,0.4561329413404649,62.19374489240782,59.81747869474573
673449540,rot,27,0.10572043884542243,0.19419757177841224,82.49718994888225,179.9999169340406
673449540,rot,28,0.6565585766612083,0.47376626894969254,86.62324765511391,88.0124940955799
673449540,rot,29,0.6200041096759383,0.5263399427805903,42.53664767860098,39.700475206585836
673449540,rot,30,0.5042449271388498,0.3996115799099913,171.1403289157352,172.78829724389007
673449540,rot,31,0.5206047213146744,0.4388830138378489,121.66481396000916,122.18274678566436
673449540,rot,32,0.40762415122832346,0.46719975809036307,96.51217257293615,93.67237311100688
673449540,rot,33,0.43473482967992844,0.4034550421598154,116.36692613825791,111.71713083530354
673449540,rot,34,0.5396451787951801,0.47035674842259123,170.6957013858522,2.842170943040401e-14
673449540,rot,35,0.5557782074583288,0.40925272203177565,157.58354435848656,158.8445863586473
673449540,rot,36,0.48285848512269874,0.404852690656999,139.83443809489503,148.77498965127307
673449540,rot,37,0.47858720347755024,0.3433841941972703,88.5993864018122,85.14796375472653
673449540,rot,38,0.7317292367960169,0.4800296609575674,19.205311413898304,15.782650111951268
673449540,rot,39,0.44399271988496947,0.45694508101849207,109.54958661809899,106.99045006004732
673449540,rot,40,0.6974573920550551,0.45068265438859423,23.521443059424563,25.79701828832079
673449540,rot,41,0.5304957814025016,0.5007699958656547,99.66834486820335,104.31218560887793
673449540,rot,42,0.6144892568828435,0.3488547434999105,131.38658299105674,135.6236450001524
673449540,rot,43,0.6022268492712305,0.30338477682843124,79.59182864398277,80.58485653130792
673449540,rot,44,0.4963447457864208,0.4050324144948473,2.084420618320697,178.96905668425504
673449540,rot,45,0.6134209878904069,0.3888493652752706,64.50806614985633,56.473037195564906
673449540,rot,46,0.5553800129765429,0.32375967680940976,172.1323320968535,179.81249618377836
673449540,rot,47,0.5074810486294211,0.35548829826057493,41.2376310763328,45.46338597644348
673449540,rot,48,0.6928930092319471,0.46684280852557625,4.436516156774686,13.59536923226463
673449540,rot,49,0.5724814279951429,0.4488049691492906,153.9737149594323,143.84508412838574
673450230,round,0,1.1896004378688112,0.5925929635184086,87.3399473040478,84.3812156864345
673450230,round,1,0.1398423097426234,0.24117129628094158,87.3399473040478,171.80391355734267
673450230,round,2,0.9413563907381369,0.6016151192533046,87.3399473040478,79.87869591633871
673450230,round,3,1.0281302100408836,0.6386607683938527,87.3399473040478,88.02632433835794
673450230,round,4,1.0018845025718786,0.5741847096134132,87.3399473040478,89.65925683358955
673450230,round,5,0.9145831360653414,0.23852626302322288,87.3399473040478,70.52459065052365
673450230,round,6,1.0036433765015742,0.5125827240274835,87.3399473040478,80.98212697945976
673450230,round,7,0.9931169767852147,0.6054459638605737,87.3399473040478,77.74184674238687
673450230,round,8,0.8027365521348738,0.5530234804092395,87.3399473040478,90.99809231737893
673450230,round,9,1.205637529561348,0.47805146015176814,87.3399473040478,85.75980511821393
673450230,round,10,0.9965378066754776,0.6284292087232886,87.3399473040478,85.02524460956538
673450230,round,11,0.8226698937911938,0.660201417269368,87.3399473040478,97.75155441085305
673450230,round,12,0.8201668475982131,0.6122573910481465,87.3399473040478,89.91672888208697
673450230,round,13,0.9706266108748999,0.5219057393118425,87.3399473040478,83.28282230381812
673450230,round,14,0.9231074076363239,0.6623459713825319,87.3399473040478,81.59976667745059
673450230,round,15,1.049512847726205,0.6415907957416588,87.3399473040478,86.15640139143662
673450230,round,16,0.8589306186531436,0.5322470893239891,87.3399473040478,78.42752445113044
673450230,round,17,1.0291148269467207,0.6088897451891024,87.3399473040478,78.00024344948841
673450230,round,18,0.9368000774348193,0.6240622506378761,87.3399473040478,90.42566586935001
673450230,round,19,0.9010324027101215,0.5878563815635872,87.3399473040478,83.0340367685094
673450230,round,20,1.004019824843325,0.55297273169611,87.3399473040478,82.12147438899524
673450230,round,21,0.9931169767852147,0.6054459638605737,87.3399473040478,77.74184674238687
673450230,round,22,1.0274809549395765,0.6364417422247406,87.3399473040478,86.38712933598029
673450230,round,23,0.9546123041107711,0.6282641106672138,87.3399473040478,85.8340267009032
673450230,round,24,0.8557693132435409,0.6217760712491698,87.3399473040478,94.78469476865469
673450230,round,25,1.003626095012684,0.6263811471931695,87.3399473040478,92.88620717354101
673450230,round,26,0.9937992046647891,0.6557562954559264,87.3399473040478,84.5857045431986
673450230,round,27,1.014310483177962,0.6641342340399534,87.3399473040478,94.61858978222955
673450230,round,28,0.920279689293932,0.5174629582059813,87.3399473040478,81.7526000043374
673450230,round,29,0.9914656229528765,0.5883023083061256,87.3399473040478,79.99730416971728
673450230,round,30,0.7820687368949479,0.640463861669453,87.3399473040478,98.02076325767318
673450230,round,31,1.0072923949086467,0.5729167266474913,87.3399473040478,87.08941627082817
673450230,round,32,0.9881436944285055,0.6471849953283133,87.3399473040478,87.65251618633648
673450230,round,33,1.0011101852732238,0.5173704397328063,87.3399473040478,92.03496102269972
673450230,round,34,1.3347277497537913,0.5186406906823678,87.3399473040478,88.40843141171919
673450230,round,35,0.7763585403579311,0.6325666101168459,87.3399473040478,87.91667427954093
673450230,round,36,0.8492180411854364,0.5167801131452753,87.3399473040478,93.37142513975282
673450230,round,37,0.9416847921242029,0.6016150776234277,87.3399473040478,79.88911532375562
673450230,round,38,0.7939218590535746,0.6716309465434642,87.3399473040478,91.89781761345293
673450230,round,39,1.168487710493573,0.598102801959885,87.3399473040478,87.02485500447989
673450230,round,40,1.0902604473047102,0.6401228665433398,87.3399473040478,85.42646240627988
673450230,round,41,0.9776472910170867,0.7056520487312388,87.3399473040478,86.66043152753956
673450230,round,42,1.027251782079638,0.6364417642615886,87.3399473040478,86.38561060581111
673450230,round,43,0.9937992046647891,0.6557562954559264,87.3399473040478,84.5857045431986
673450230,round,44,0.11614618198851348,0.22296855618689493,87.3399473040478,168.2017386683932
673450230,round,45,1.0764993036117594,0.5636844796979128,87.3399473040478,88.35707972255898
673450230,round,46,1.1411139653363813,0.615603797908053,87.3399473040478,81.94457930156335
673450230,round,47,0.9111864540851644,0.7341144471385428,87.3399473040478,86.82535960078508
673450230,round,48,1.003293455180037,0.6691156864023422,87.3399473040478,79.82917267582624
673450230,round,49,0.8905712717899041,0.6879980412623163,87.3399473040478,98.97196492616999
673450230,round,50,1.016593389555925,0.661379731889582,87.3399473040478,87.61543831560027
673450230,round,51,0.9178179671401112,0.6388936729012562,87.3399473040478,83.68949593252887
673450230,round,52,0.9003466784786677,0.6435003190197506,87.3399473040478,86.39169577337864
673450230,round,53,0.9748419090479786,0.6459540687364225,87.3399473040478,94.33251197607316
673450230,round,54,0.9515679589837277,0.5516225795504974,87.3399473040478,94.93202890177666
673450230,round,55,0.8075266115622189,0.6516692052378008,87.3399473040478,87.91014760431995
673450230,round,56,0.9735302395408333,0.6302169034278797,87.3399473040478,90.30306936869884
673450230,round,57,0.8709737785672544,0.5769890005558096,87.3399473040478,104.18214874113279
673450230,round,58,0.7986436336945224,0.617584216497165,87.3399473040478,78.28525760989056
673450230,round,59,1.1378728086295755,0.6423215557648305,87.3399473040478,86.64965317928531
673450230,round,60,1.0012068065232413,0.5173704469051079,87.3399473040478,92.0337841084978
673450230,round,61,0.8853294745050112,0.6344078516898595,87.3399473040478,89.29088804722771
673450230,round,62,1.0919180984322905,0.6568808905192633,87.3399473040478,95.20446628727471
673450230,round,63,0.9734773198624301,0.630216912156915,87.3399473040478,90.3036052002686
673450230,round,64,0.9735065539799751,0.6093582607703822,87.3399473040478,89.74479519172705
673450230,round,65,0.9651849417730213,0.5466872607648513,87.3399473040478,87.1228834646884
673450230,round,66,1.0071574190303783,0.6113811803423638,87.3399473040478,82.32697185286969
673450230,round,67,0.8047048874837535,0.6134127660958022,87.3399473040478,91.6353075706322
673450230,round,68,1.0926219323092885,0.6691421019099566,87.3399473040478,76.31120077479397
673450230,round,69,1.0309568137001275,0.6180055961427031,87.3399473040478,81.37032421576282
673450230,round,70,0.9127484841599203,0.6354853880535097,87.3399473040478,80.3988528399049
673450230,round,71,0.9040948480769325,0.5968824869990459,87.3399473040478,84.91161265281995
673450230,round,72,0.9915004515792082,0.5883023058896888,87.3399473040478,79.99899903228558
673450230,round,73,1.1559782488515395,0.5621334562989528,87.3399473040478,79.0136249585425
673450230,round,74,1.3429988287193686,0.6184859266367342,87.3399473040478,88.09564192220432
673450230,round,75,1.0889190321330346,0.6439567231031162,87.3399473040478,88.59714813531724
673450230,round,76,0.9459736196067735,0.6485889739911516,87.3399473040478,93.54287046251012
673450230,round,77,1.2259016923759338,0.6209362938715908,87.3399473040478,92.16918418910157
673450230,round,78,0.8450358011645067,0.619398273485122,87.3399473040478,84.32148511100735
673450230,round,79,0.8756015418475256,0.6461364309968636,87.3399473040478,84.61315132206884
673450230,round,80,0.9795109736744758,0.6250467679011869,87.3399473040478,93.65988364615768
673450230,round,81,1.0934627622729578,0.5086776698951573,87.3399473040478,91.11910908916991
673450230,round,82,1.232559060667314,0.493745245138835,87.3399473040478,91.41452607489927
673450230,round,83,1.0017638125696497,0.574184714176466,87.3399473040478,89.65871207178202
673450230,round,84,1.0050282607022918,0.5959581064375675,87.3399473040478,86.45052793859551
673450230,round,85,1.001611980877125,0.6030149705159124,87.3399473040478,80.65433551648664
673450230,round,86,0.8856763275820528,0.6344078388511952,87.3399473040478,89.28715822542904
673450230,round,87,0.988630539944759,0.674951081088502,87.3399473040478,88.23186912989897
673450230,round,88,1.016028760303962,0.635047142578297,87.3399473040478,81.05829291269498
673450230,round,89,0.9250474552131243,0.655953371649056,87.3399473040478,94.01423534049907
673450230,round,90,0.8201601715394277,0.612257408742148,87.3399473040478,89.91043470403686
673450230,round,91,0.9084162110829216,0.6228563902465882,87.3399473040478,89.95367353609925
673450230,round,92,1.0388228417280476,0.5755826932163747,87.3399473040478,85.00753444536338
673450230,round,93,0.9882132581471864,0.6749511578834863,87.3399473040478,88.24470967954771
673450230,round,94,1.001189759713585,0.5631030798361869,87.3399473040478,82.03026934961485
673450230,round,95,0.9652615934719126,0.5936276710391755,87.3399473040478,82.88685301801911
673450230,round,96,1.004019824843325,0.55297273169611,87.3399473040478,82.12147438899524
673450230,round,97,1.002867027446257,0.6621327806136742,87.3399473040478,92.2219618316646
673450230,round,98,0.9203769137531088,0.5174629907466741,87.3399473040478,81.7421087938458
673450230,round,99,1.022846507863486,0.5479607229573249,87.3399473040478,91.60548790627558
673450230,boot,0,2.0021271120582016,0.6091505195223166,87.3399473040478,88.25013808078779
673450230,boot,1,1.7503277589557453,0.5928708965046524,87.3399473040478,83.3618306894312
673450230,boot,2,1.9743649723379924,0.5991796864184064,87.3399473040478,88.47802696608039
673450230,boot,3,2.278963772303698,0.5767721578490024,87.3399473040478,80.81951163610574
673450230,boot,4,2.397929374535141,0.5795516302299566,87.3399473040478,87.7073673650309
673450230,boot,5,2.476016712649847,0.6263090930720366,87.3399473040478,84.06771572387464
673450230,boot,6,1.982622528682739,0.5752640699019731,87.3399473040478,88.34739340202259
673450230,boot,7,2.176657929383608,0.5784818141396483,87.3399473040478,87.17837796223068
673450230,boot,8,2.4818936847725483,0.5672639409074645,87.3399473040478,87.83093521852885
673450230,boot,9,2.0139956847770955,0.49773391811916956,87.3399473040478,88.85827183527269
673450230,boot,10,2.083882144592867,0.6036493198423989,87.3399473040478,84.67474653371588
673450230,boot,11,0.1056612873605911,0.24052721920833853,87.3399473040478,179.99999999999832
673450230,boot,12,2.1753441318490463,0.5848554317478638,87.3399473040478,85.78184880558427
673450230,boot,13,2.133702155132904,0.6374632825654055,87.3399473040478,88.6945595731271
673450230,boot,14,2.051368636845673,0.6016495556888952,87.3399473040478,86.54899091561376
673450230,boot,15,1.9073063410195923,0.6369913322033922,87.3399473040478,85.18516116804116
673450230,boot,16,1.85461033325142,0.6159075312473228,87.3399473040478,85.04081210188787
673450230,boot,17,2.320355501882514,0.6211010007900973,87.3399473040478,87.3419697457569
673450230,boot,18,2.0554471818742517,0.5909727932389361,87.3399473040478,91.73223159610245
673450230,boot,19,1.8581415155625174,0.5664212268267879,87.3399473040478,80.79019977381108
673450230,boot,20,2.4833007972501275,0.6304293942724377,87.3399473040478,89.03048689363544
673450230,boot,21,2.210672951180992,0.6307528823624826,87.3399473040478,89.50200017859015
673450230,boot,22,1.868261611377235,0.5496635228063322,87.3399473040478,83.12619493980822
673450230,boot,23,2.3566465926430706,0.5762288786699624,87.3399473040478,91.86391753328121
673450230,boot,24,2.1426427916274347,0.5693262875015942,87.3399473040478,88.6124923763906
673450230,boot,25,0.06281104225473287,0.23751534505184446,87.3399473040478,179.7664689386596
673450230,boot,26,0.10138418754776024,0.24827356823369962,87.3399473040478,171.40078593123962
673450230,boot,27,2.3528702392965677,0.6253832195722647,87.3399473040478,88.40224251166794
673450230,boot,28,1.8498895832892266,0.6928020697494152,87.3399473040478,87.33927062643568
673450230,boot,29,1.889816693412651,0.6145957411657891,87.3399473040478,87.11141569956453
673450230,boot,30,2.2796402556160045,0.5577980188248227,87.3399473040478,89.5236207552442
673450230,boot,31,2.7507886328454476,0.6139257642643665,87.3399473040478,88.00665163447391
673450230,boot,32,1.8587368084877067,0.5907593709388408,87.3399473040478,87.33672380847716
673450230,boot,33,1.854832346746505,0.6159075430611696,87.3399473040478,85.03456238473618
673450230,boot,34,1.5767663270687253,0.5622878073395892,87.3399473040478,90.07981979657296
673450230,boot,35,1.9230076083946572,0.5454960599522053,87.3399473040478,84.60138636318993
673450230,boot,36,2.0894678666264435,0.6516884327066039,87.3399473040478,89.0465087668768
673450230,boot,37,2.4830098113280124,0.5882302221715418,87.3399473040478,87.0849901629646
673450230,boot,38,1.6717173533530416,0.5601524290528078,87.3399473040478,89.64101980403285
673450230,boot,39,1.9548256280014642,0.46903302542946634,87.3399473040478,85.5259219339155
673450230,boot,40,2.289757877815915,0.5644917680189852,87.3399473040478,86.2563424023983
673450230,boot,41,0.099933301750257,0.27090034808366237,87.3399473040478,2.3702173272678717
673450230,boot,42,2.2209936389732516,0.673408860952871,87.3399473040478,86.13858161551963
673450230,boot,43,1.6449743574004188,0.6196822962375692,87.3399473040478,85.71933095937612
673450230,boot,44,0.03814028003612073,0.1867847470711964,87.3399473040478,0.13481251948186923
673450230,boot,45,2.1327564901560234,0.2465289439263546,87.3399473040478,75.92699464779946
673450230,boot,46,2.007259195014133,0.6486897270235088,87.3399473040478,88.08029246962661
673450230,boot,47,2.5518325725049995,0.6151280619108446,87.3399473040478,87.46840644787557
673450230,boot,48,2.3530634512490325,0.6253831710087296,87.3399473040478,88.40033314533235
673450230,boot,49,2.1192967044962168,0.5799484921878002,87.3399473040478,94.62247496896771
673450230,boot,50,1.9698308673382645,0.6105720618611332,87.3399473040478,85.62455102599867
673450230,boot,51,2.483343341388583,0.6304293964857578,87.3399473040478,89.03024707279826
673450230,boot,52,2.112312494685004,0.5790960762158452,87.3399473040478,89.0265188711299
673450230,boot,53,2.2894278109061936,0.6310895992655184,87.3399473040478,86.90453315945075
673450230,boot,54,2.244501091523429,0.6224544242883345,87.3399473040478,89.48491845120319
673450230,boot,55,2.5235572552244667,0.6145611497984691,87.3399473040478,88.87094310346285
673450230,boot,56,2.0046380355085414,0.6033656640860203,87.3399473040478,84.33519542058073
673450230,boot,57,2.02400497615862,0.6321683058674694,87.3399473040478,90.75595886588242
673450230,boot,58,2.3868651405061567,0.5191147822172306,87.3399473040478,86.72042676125798
673450230,boot,59,1.929690502905251,0.5514477661631523,87.3399473040478,88.17273749807936
673450230,boot,60,2.207499871138142,0.6140789795561947,87.3399473040478,85.5602159320025
673450230,boot,61,1.915692475855209,0.5592486057530941,87.3399473040478,88.6174788183942
673450230,boot,62,2.3869033787668563,0.5191147857198104,87.3399473040478,86.72018029086331
673450230,boot,63,2.158273879769988,0.6740071838941937,87.3399473040478,86.65605102953333
673450230,boot,64,2.2122446858634457,0.575192966013378,87.3399473040478,85.33769979159388
673450230,boot,65,2.129714450819485,0.6031324494915589,87.3399473040478,87.25889822827381
673450230,boot,66,2.237391678896908,0.545785895592529,87.3399473040478,87.81277202655792
673450230,boot,67,1.8442326351024254,0.6096972054522952,87.3399473040478,84.62733520938275
673450230,boot,68,2.210815589874882,0.6153359048650279,87.3399473040478,86.8203699599544
673450230,boot,69,1.86560018833143,0.5496634602760168,87.3399473040478,83.11700414817494
673450230,boot,70,2.137698850103115,0.6115588996551174,87.3399473040478,89.68616015762615
673450230,boot,71,1.7704348930966987,0.5775677755610868,87.3399473040478,86.32669724138003
673450230,boot,72,2.0206158377793906,0.5799480863063534,87.3399473040478,87.04433107995652
673450230,boot,73,2.2195836907843915,0.6554921827216726,87.3399473040478,85.15628626920164
673450230,boot,74,0.06430188915041128,0.24493892072812196,87.3399473040478,0.3695224113578128
673450230,boot,75,2.1038108999788414,0.6291063099727562,87.3399473040478,85.74366223511845
673450230,boot,76,2.007529753528071,0.5212279300032868,87.3399473040478,91.03679307798842
673450230,boot,77,1.9853783017043076,0.5993079222951896,87.3399473040478,87.66605369595834
673450230,boot,78,1.7389044458178964,0.2563026516239235,87.3399473040478,83.99463758241336
673450230,boot,79,2.4834339132096717,0.5882302537953383,87.3399473040478,87.08492877827621
673450230,boot,80,2.1843412652273337,0.5865293532722249,87.3399473040478,85.46138535027964
673450230,boot,81,1.644710171421102,0.61968219894184,87.3399473040478,85.72165285615614
673450230,boot,82,2.115512241821498,0.7000935782431871,87.3399473040478,86.97932554492769
673450230,boot,83,1.9891139972123097,0.6810593117088547,87.3399473040478,89.91478161691145
673450230,boot,84,2.133921115778442,0.6374632910231737,87.3399473040478,88.69556626916838
673450230,boot,85,2.197019219385061,0.622434267149226,87.3399473040478,88.86918483378028
673450230,boot,86,2.2141123565738257,0.653891894728151,87.3399473040478,90.4328170622393
673450230,boot,87,1.849908516519839,0.6928020696537113,87.3399473040478,87.33895298068276
673450230,boot,88,2.0155273516009076,0.6623733920120694,87.3399473040478,86.23878446032131
673450230,boot,89,2.673785700547366,0.515632425172946,87.3399473040478,89.35882096529357
673450230,boot,90,2.0080507006046973,0.6435601622020912,87.3399473040478,89.43881472826442
673450230,boot,91,2.302570015138362,0.6036371500883173,87.3399473040478,91.07965716029078
673450230,boot,92,2.315647223016114,0.6591098780478463,87.3399473040478,87.47648316418818
673450230,boot,93,1.8537406657759894,0.6353606204006885,87.3399473040478,88.04401155203374
673450230,boot,94,1.7732955952180756,0.5668073996690446,87.3399473040478,88.8032572289132
673450230,boot,95,2.193828015070725,0.557980078245192,87.3399473040478,85.43238789394815
673450230,boot,96,2.032613133948345,0.529342376516508,87.3399473040478,89.32784522531543
673450230,boot,97,0.49171667033959354,0.32592260529778494,87.3399473040478,40.27237109095364
673450230,boot,98,2.004796152183879,0.6033656917310954,87.3399473040478,84.33778783741252
673450230,boot,99,2.2222209694504063,0.6629064007982781,87.3399473040478,88.25422554957291
673450230,rot,0,2.4905359675141043,0.6207424083632155,92.20348327534842,92.40384725029014
673450230,rot,1,1.908145919137408,0.5772269388540436,14.938611784864849,15.728101133817916
673450230,rot,2,2.0953221750141924,0.6223217986310419,113.51886318775533,113.70102787137823
673450230,rot,3,1.7644026746892811,0.6944622665288143,81.72070600127431,81.58935331595535
673450230,rot,4,2.774584563988138,0.5828544787715382,120.0430695362876,118.70160212392284
673450230,rot,5,2.1818786449579437,0.5215251956660001,124.96133891604615,124.00817161690793
673450230,rot,6,2.1121723055170376,0.5961356203973305,23.132120320040336,28.552015395349514
673450230,rot,7,2.2478697211148453,0.689014582356258,154.1235210237756,153.55413765566655
673450230,rot,8,1.7740626723652486,0.5319053487807428,46.04542924467422,46.65379119090551
673450230,rot,9,2.197546156063511,0.6551652643911725,96.96592571959333,95.66086432283379
673450230,rot,10,0.8809294221995938,0.34318891938966223,41.607565905564606,179.99999999999997
673450230,rot,11,1.7328554021566325,0.7046554566168393,21.408658575321578,19.681241958694727
673450230,rot,12,2.3928276443663408,0.5229726717742496,111.25230110788928,108.15319545598473
673450230,rot,13,2.231204924295406,0.6131250748981835,83.96396830511094,81.0357003099239
673450230,rot,14,2.8361340370502925,0.5442730101040201,139.7019584818661,138.0436825032519
673450230,rot,15,2.2918329462492255,0.5378633987095309,135.54093852554232,134.9803758740863
673450230,rot,16,2.483193447206529,0.5860286218929716,112.04390892371589,112.6030656846865
673450230,rot,17,2.522609676916964,0.6390601911580426,52.21132129814187,49.12530003244075
673450230,rot,18,1.8588289211870217,0.6659983951023207,103.39500242746713,106.26124036786973
673450230,rot,19,1.947545173593765,0.5609752889912247,173.6424248415835,176.50472795899577
673450230,rot,20,2.138653100211135,0.5935144556603613,21.56200998878681,20.804537692096886
673450230,rot,21,1.7991410333324915,0.5373046077155519,9.885828586107737,0.0
673450230,rot,22,2.0434409821450257,0.5998656814941901,175.88870191323045,172.13337245005033
673450230,rot,23,1.9301416814615386,0.5170258396049842,144.1412321631507,145.50714766791555
673450230,rot,24,2.423870673264622,0.6337390217743872,164.66422677581477,162.62981393579656
673450230,rot,25,2.163792374428634,0.6995342369849091,91.29608236389794,87.55286289805173
673450230,rot,26,2.2464049283467125,0.6888811754320019,21.32370248181522,25.368371691901444
673450230,rot,27,1.956885465453973,0.648110405847557,99.85614871355769,95.72450728065745
673450230,rot,28,2.3942659209966983,0.5613822650444988,105.39030440552078,106.98466615010165
673450230,rot,29,2.310386173421614,0.6084559043282547,155.3926110587093,155.8001924061409
673450230,rot,30,1.9668032491699616,0.6598968455113359,31.674138615762256,28.824542185942704
673450230,rot,31,1.8102082953617216,0.6926755060780532,89.66210720782584,90.11931792346729
673450230,rot,32,2.267646256417663,0.5538725919527123,56.568786631421624,57.695047450375654
673450230,rot,33,2.0915370846946204,0.6054467418824507,62.46258652701301,63.35267867425887
673450230,rot,34,2.485946483109376,0.6603685189668207,134.1257845687447,136.42986250946697
673450230,rot,35,2.0083651801732523,0.6416866789996125,136.22667827687803,136.80142851888502
673450230,rot,36,1.942447687825226,0.5977116118010571,140.27006401046205,142.32122307141876
673450230,rot,37,2.0940254373793477,0.6410065124311213,127.00346407299406,126.58384525050701
673450230,rot,38,3.0824508967704527,0.5456712016268832,36.53605474468719,36.91995572989438
673450230,rot,39,2.611954748297213,0.6390461557602556,6.949656862812783,9.190102622509329
673450230,rot,40,2.6813252275225383,0.6412845762736141,40.917211120950135,38.422600936599025
673450230,rot,41,2.007242109698412,0.647940725831539,83.10647723383003,84.0336153413669
673450230,rot,42,2.139929630252179,0.6304300792171456,21.113361299982238,21.163275454943772
673450230,rot,43,2.1396286648109224,0.675424614179306,76.38910036729999,76.20401125031859
673450230,rot,44,1.86909000294835,0.6033920256973052,149.65992092593237,151.46651153536766
673450230,rot,45,1.9320969031327464,0.5628449818670735,161.52662104459378,159.27356227502065
673450230,rot,46,1.9779153616895908,0.5634388172558373,31.873234418987735,35.17165116314368
673450230,rot,47,2.594800200268346,0.6417193861075547,132.27132780571463,132.30695031559688
673450230,rot,48,2.2722365749117097,0.5528683920151809,92.47314850584159,93.35414406018005
673450230,rot,49,2.432500416635529,0.653497120195931,155.0781231684988,157.16417119260524
674570702,round,0,0.6790386678839958,0.5566265973690754,163.3989419166272,148.97090838551378
674570702,round,1,1.424533446001111,0.3909862553830592,163.3989419166272,156.27922627558613
674570702,round,2,1.2078514689861903,0.3750584750569653,163.3989419166272,170.94870586263204
674570702,round,3,1.0093260195252853,0.5061299084854471,163.3989419166272,147.84735636249042
674570702,round,4,0.5138466234562524,0.34576472144860193,163.3989419166272,2.187731672122368
674570702,round,5,1.2213660040544096,0.46902323784717115,163.3989419166272,178.11747086796322
674570702,round,6,1.4252058016797597,0.39098522410834224,163.3989419166272,156.28758289899335
674570702,round,7,1.0214667463901674,0.43091276915764043,163.3989419166272,160.8877872795043
674570702,round,8,0.8671638856552086,0.4066332552906865,163.3989419166272,164.78617053476287
674570702,round,9,0.679213466278934,0.5566264774849645,163.3989419166272,148.96936240523812
674570702,round,10,0.8341219338822125,0.41164530270774624,163.3989419166272,176.5056038766107
674570702,round,11,1.5212152838902238,0.43245700127936804,163.3989419166272,157.98754821619747
674570702,round,12,1.0893804279342232,0.5763414227467223,163.3989419166272,157.85198831351414
674570702,round,13,0.9515220878570438,0.39966835532452394,163.3989419166272,164.239472084864
674570702,round,14,0.839710608365718,0.44828249706551493,163.3989419166272,152.31639442418702
674570702,round,15,0.9802173129912606,0.4977203095408127,163.3989419166272,158.35294899472913
674570702,round,16,1.3018354071112752,0.47010269184622266,163.3989419166272,171.16139069682134
674570702,round,17,0.9803146729980473,0.49772088483499277,163.3989419166272,158.4551559047084
674570702,round,18,1.0104339714414343,0.5061283259080059,163.3989419166272,147.94221011620684
674570702,round,19,0.9012729337059162,0.42427204775711813,163.3989419166272,157.86412151170504
674570702,round,20,0.7875802450537321,0.5173425598783264,163.3989419166272,167.23487595186677
674570702,round,21,0.9697724037593702,0.41916202578268547,163.3989419166272,170.20204462953416
674570702,round,22,0.728870418380633,0.4165741709743811,163.3989419166272,161.60013596487008
674570702,round,23,0.7409056372920415,0.4173398668996605,163.3989419166272,173.2892181275606
674570702,round,24,0.604860174530128,0.48872299916897355,163.3989419166272,4.179746310836208
674570702,round,25,0.7558141575594715,0.5755130255744076,163.3989419166272,163.32436067816212
674570702,round,26,1.3185901730918235,0.48466639521327226,163.3989419166272,161.61531268033133
674570702,round,27,0.9106252878899137,0.472786676288104,163.3989419166272,175.75754669320648
674570702,round,28,1.0419517562410932,0.48067318110541535,163.3989419166272,171.3361779322202
674570702,round,29,1.4806069947871625,0.4419062053232913,163.3989419166272,164.9763119392139
674570702,round,30,1.0271700691208003,0.3923413020878611,163.3989419166272,148.04385337599032
674570702,round,31,1.119167792357154,0.3638166579105463,163.3989419166272,163.6719422060279
674570702,round,32,1.6489536800991869,0.39607693356536444,163.3989419166272,165.0771435873533
674570702,round,33,0.9388122724038696,0.5819764410684372,163.3989419166272,165.26978807599906
674570702,round,34,0.9103118992026973,0.5206136779274264,163.3989419166272,151.4755122408259
674570702,round,35,0.9817244322251788,0.591693391418622,163.3989419166272,166.91225122208616
674570702,round,36,0.8685455429631491,0.42123550022946765,163.3989419166272,162.6536838442439
674570702,round,37,1.1845956135659064,0.3177283134710247,163.3989419166272,167.40500153029924
674570702,round,38,0.9524631098664711,0.48625023314069094,163.3989419166272,168.25875371532152
674570702,round,39,0.7352947493811537,0.4213614443886764,163.3989419166272,163.51846588883956
674570702,round,40,0.9217137370149163,0.38348776402169527,163.3989419166272,155.38652332082972
674570702,round,41,0.9797702354361278,0.45556165981204766,163.3989419166272,147.6866631347061
674570702,round,42,1.1692988863862517,0.359746758815358,163.3989419166272,160.5473624746363
674570702,round,43,1.2513515292024169,0.3460771840625999,163.3989419166272,4.57861101496934
674570702,round,44,0.7558141575594715,0.5755130255744076,163.3989419166272,163.32436067816212
674570702,round,45,0.7160339988341259,0.5121292430047475,163.3989419166272,166.0409587583246
674570702,round,46,1.0583438459564907,0.31831844258212716,163.3989419166272,2.842170943040401e-14
674570702,round,47,0.8512599031714049,0.3458046994023296,163.3989419166272,168.09541037388206
674570702,round,48,1.3099006025296605,0.4191389908260663,163.3989419166272,166.91506537780083
674570702,round,49,1.4347674752484978,0.36958077790621346,163.3989419166272,175.66400372000078
674570702,round,50,1.118049922340568,0.43708433709883143,163.3989419166272,175.64805287518698
674570702,round,51,1.2843309536776635,0.3180650584890471,163.3989419166272,149.35710746169943
674570702,round,52,1.0237288832695195,0.5140267815166898,163.3989419166272,168.6323407021655
674570702,round,53,0.7059678817915856,0.5022804095739548,163.3989419166272,158.8285966055286
674570702,round,54,0.9528806378292053,0.43161964009652,163.3989419166272,153.58068234722563
674570702,round,55,0.5560262855200105,0.3943205470799924,163.3989419166272,158.07040051805637
674570702,round,56,1.0469571183688462,0.29434735024813197,163.3989419166272,143.94715824399782
674570702,round,57,1.3533118851972916,0.4018147528527036,163.3989419166272,173.1947627416298
674570702,round,58,1.3992763836554352,0.4952392878266433,163.3989419166272,169.07308818608408
674570702,round,59,0.9501331632449999,0.4836977827906128,163.3989419166272,148.97959087933853
674570702,round,60,0.8782351674711234,0.522169666583449,163.3989419166272,157.46374805767107
674570702,round,61,0.5514046975123155,0.3999642661001712,163.3989419166272,160.13060232616718
674570702,round,62,1.1454452859093864,0.40980267559483685,163.3989419166272,159.59162767432295
674570702,round,63,1.3103455983467494,0.3995463616412114,163.3989419166272,157.60123220594147
674570702,round,64,1.0031236239540549,0.5428839333212385,163.3989419166272,169.74122966628119
674570702,round,65,1.2164516660926148,0.38400600345824587,163.3989419166272,158.67906051728536
674570702,round,66,1.3838693259495285,0.3930317082002336,163.3989419166272,163.63085552528125
674570702,round,67,1.3469195385803405,0.5692539722680774,163.3989419166272,159.3768625056435
674570702,round,68,1.1767902957716863,0.38328173191721404,163.3989419166272,160.62800275016406
674570702,round,69,1.126815543803529,0.4668004137909312,163.3989419166272,158.2858231354538
674570702,round,70,1.2254939284030437,0.4004665649584529,163.3989419166272,173.6750454135622
674570702,round,71,1.1132431028614702,0.38978492635666684,163.3989419166272,160.3252715300394
674570702,round,72,1.3855358191339713,0.30239301872614077,163.3989419166272,173.58541097405384
674570702,round,73,1.162735795435367,0.4632588261643822,163.3989419166272,173.35138282077594
674570702,round,74,1.3720595906281488,0.434895569524704,163.3989419166272,171.14166098573645
674570702,round,75,0.9608119450619043,0.47189757578023606,163.3989419166272,160.3372122333237
674570702,round,76,1.052714518259151,0.4289754937465291,163.3989419166272,168.07016916025395
674570702,round,77,1.0350407210411277,0.43779328135734374,163.3989419166272,0.00011886703563845913
674570702,round,78,1.1304817352228624,0.46680075038280766,163.3989419166272,158.38855502751508
674570702,round,79,1.0529066846932142,0.4424268966445689,163.3989419166272,162.06865346451917
674570702,round,80,1.4858244182908178,0.41750694251299925,163.3989419166272,2.842170943040401e-14
674570702,round,81,1.4520184201362427,0.36048839695369783,163.3989419166272,157.52158234008286
674570702,round,82,2.2092048284127745,0.34716351441992555,163.3989419166272,177.71201295741372
674570702,round,83,0.8101424947324455,0.30554674367495027,163.3989419166272,153.43684523724
674570702,round,84,1.0873781391987447,0.5069306614577276,163.3989419166272,160.2823782734156
674570702,round,85,0.9367150938364057,0.4003491615062549,163.3989419166272,170.0908345868349
674570702,round,86,1.0025539767192364,0.4570421335432858,163.3989419166272,156.1985003049003
674570702,round,87,0.9349036552397653,0.42962482107601063,163.3989419166272,173.07663639843827
674570702,round,88,1.2206863474485223,0.47333847231198356,163.3989419166272,170.83854103080512
674570702,round,89,0.9979902622747538,0.4528947830186262,163.3989419166272,168.51655906845224
674570702,round,90,0.8624738589867404,0.3958411693557825,163.3989419166272,171.32221628777327
674570702,round,91,0.9958667770719091,0.5223733907900576,163.3989419166272,148.74191820673
674570702,round,92,0.8101424947324455,0.30554674367495027,163.3989419166272,153.43684523724
674570702,round,93,0.9646783278212113,0.32740286028453125,163.3989419166272,2.842170943040401e-14
674570702,round,94,1.321928781074478,0.3777167736545394,163.3989419166272,168.38788891194417
674570702,round,95,1.203531961416509,0.4951684448983371,163.3989419166272,176.75215178278017
674570702,round,96,0.856738762521846,0.3960319176814303,163.3989419166272,154.8701317464625
674570702,round,97,0.9559731331518836,0.4464471364034911,163.3989419166272,157.0575826069842
674570702,round,98,1.9407521846170201,0.4286575474227603,163.3989419166272,161.0636124881074
674570702,round,99,0.556268964782573,0.46698846573822395,163.3989419166272,3.043713208016271
674570702,boot,0,0.7072486215882504,0.4632551261983684,163.3989419166272,170.41805339636986
674570702,boot,1,0.6678448167977507,0.4316318349227116,163.3989419166272,148.05490714877988
674570702,boot,2,0.802048678411538,0.36889326887438467,163.3989419166272,165.1215301422762
674570702,boot,3,0.45841578855558146,0.4347262769385297,163.3989419166272,167.44158381606672
674570702,boot,4,0.4220796372097787,0.4078024174397762,163.3989419166272,170.3576001609006
674570702,boot,5,0.8897164234680845,0.3775948197655028,163.3989419166272,165.35944690171115
674570702,boot,6,0.8324494414063085,0.44763099269222295,163.3989419166272,162.65948203203314
674570702,boot,7,0.5810996025350107,0.47091258174271033,163.3989419166272,173.67978572315315
674570702,boot,8,0.5067372059563611,0.421056973167649,163.3989419166272,158.7462962753258
674570702,boot,9,0.717909846414061,0.3710402160679108,163.3989419166272,170.68505091228542
674570702,boot,10,0.5359058651070632,0.4350636161049276,163.3989419166272,172.63078460843067
674570702,boot,11,0.48017825682308585,0.38480697719809165,163.3989419166272,155.97096056223842
674570702,boot,12,0.7772447039401164,0.4622818940973774,163.3989419166272,157.18904922680258
674570702,boot,13,0.5956422659416597,0.5744191384914417,163.3989419166272,162.56990619008127
674570702,boot,14,0.6093396664619789,0.42584269177317413,163.3989419166272,164.4947129522982
674570702,boot,15,0.7351777823967888,0.6203742194733148,163.3989419166272,166.68390439229435
674570702,boot,16,0.5625397164300174,0.37519083917827434,163.3989419166272,157.4608520143861
674570702,boot,17,0.5657436392188616,0.3568070685129139,163.3989419166272,162.2347395369716
674570702,boot,18,0.9885344788766943,0.4337247191372814,163.3989419166272,165.1571580027181
674570702,boot,19,0.5277801759257641,0.36728480176148426,163.3989419166272,158.04273575037405
674570702,boot,20,0.7775968811492721,0.437828867665473,163.3989419166272,157.7076650858475
674570702,boot,21,0.7660556397463018,0.4645495280252503,163.3989419166272,167.5212057540037
674570702,boot,22,0.4796161881103491,0.4163688799593531,163.3989419166272,168.39640381250695
674570702,boot,23,0.4638087095001793,0.3517947219350619,163.3989419166272,162.2301015402146
674570702,boot,24,1.4033016808288277,0.4889486364539163,163.3989419166272,158.87650969085817
674570702,boot,25,0.599708348157496,0.3969412107040827,163.3989419166272,160.04064650514468
674570702,boot,26,0.7681370294337408,0.4631143575390706,163.3989419166272,162.04602943819438
674570702,boot,27,0.5202426603526223,0.4023125383974383,163.3989419166272,161.3368493411548
674570702,boot,28,0.706171971468849,0.3388704994221592,163.3989419166272,161.0946955013517
674570702,boot,29,0.7206295665907103,0.4007208983872399,163.3989419166272,165.70315248492165
674570702,boot,30,0.476643064740798,0.44151850505015156,163.3989419166272,173.1532030635982
674570702,boot,31,0.4671393603798089,0.39738386790474256,163.3989419166272,163.85187275300478
674570702,boot,32,0.8734998756255528,0.528619178048273,163.3989419166272,164.5769884375123
674570702,boot,33,0.4694374361640089,0.4480366799306522,163.3989419166272,166.24053241002443
674570702,boot,34,0.6426474457179981,0.45559707569182384,163.3989419166272,175.62442513715655
674570702,boot,35,0.3294392138643602,0.458723200762278,163.3989419166272,168.4891493295635
674570702,boot,36,0.5381199223372628,0.5012466963514634,163.3989419166272,161.39482613677768
674570702,boot,37,0.8448309237306157,0.27546028918736853,163.3989419166272,172.7263955836279
674570702,boot,38,0.706800765196893,0.33887345021559767,163.3989419166272,160.974396455171
674570702,boot,39,0.5359404389875165,0.4160099414097017,163.3989419166272,169.20754887091826
674570702,boot,40,0.544908253918369,0.43599784300772093,163.3989419166272,157.52476944448645
674570702,boot,41,1.2276380132208264,0.5272274314354964,163.3989419166272,172.87125201682693
674570702,boot,42,0.40960004667720284,0.3369467782132112,163.3989419166272,2.842170943040401e-14
674570702,boot,43,0.7813935887301814,0.40897893587081224,163.3989419166272,161.86127297321687
674570702,boot,44,0.546524026078585,0.43790171429469515,163.3989419166272,161.91852733857604
674570702,boot,45,0.5939335247399246,0.5347107719233659,163.3989419166272,159.07561469240025
674570702,boot,46,0.3730775873444496,0.41493125322314484,163.3989419166272,162.5573124222588
674570702,boot,47,0.4720972000394886,0.4417012278958833,163.3989419166272,154.65791051049868
674570702,boot,48,0.8897164234680845,0.3775948197655028,163.3989419166272,165.35944690171115
674570702,boot,49,0.4838597975524291,0.4222617908661981,163.3989419166272,167.46015129267855
674570702,boot,50,0.4319882259455764,0.41258380494802616,163.3989419166272,160.29386680480334
674570702,boot,51,0.6300177502767675,0.44954656265839665,163.3989419166272,157.431483458033
674570702,boot,52,0.7613909953845376,0.4196369650837526,163.3989419166272,168.22924749004466
674570702,boot,53,0.6052835531903442,0.536850966995445,163.3989419166272,163.47415883191255
674570702,boot,54,0.5071778854295467,0.3998332648792412,163.3989419166272,165.06956885132823
674570702,boot,55,0.5779426743600167,0.42349677423915155,163.3989419166272,164.8506441932758
674570702,boot,56,0.6755996105178259,0.4829692543794214,163.3989419166272,156.81566263344493
674570702,boot,57,0.7678952612973909,0.5084884119566463,163.3989419166272,167.4332494728562
674570702,boot,58,0.6971803574651264,0.4681190891087438,163.3989419166272,169.77894211655047
674570702,boot,59,0.60455383313609,0.5752303792115441,163.3989419166272,167.29530049766905
674570702,boot,60,0.5879367144363898,0.48063929918755144,163.3989419166272,158.66023624035043
674570702,boot,61,0.7159623570180242,0.49158877498303344,163.3989419166272,4.3297632146277465e-10
674570702,boot,62,0.6791723136678774,0.4281061738550904,163.3989419166272,167.97284387064656
674570702,boot,63,0.5655879192617781,0.35680782795991417,163.3989419166272,162.22967613615742
674570702,boot,64,0.5534943667259999,0.444225263280842,163.3989419166272,162.85493562818075
674570702,boot,65,0.7706547907613454,0.6323375910929421,163.3989419166272,162.24286847739646
674570702,boot,66,0.8705717215359036,0.41533976826879293,163.3989419166272,162.1207822331394
674570702,boot,67,0.6878537866755144,0.4894106357625916,163.3989419166272,170.31553201505054
674570702,boot,68,0.5754693439217535,0.47278024129984497,163.3989419166272,169.6439341717308
674570702,boot,69,0.4768452714005372,0.4415179107061885,163.3989419166272,173.16193252697454
674570702,boot,70,0.9767523758442322,0.3539291903884684,163.3989419166272,154.44365639486708
674570702,boot,71,0.5230610346946081,0.36277329999003816,163.3989419166272,164.4438766866753
674570702,boot,72,0.7484478949721636,0.37467533754626847,163.3989419166272,152.91533364319724
674570702,boot,73,0.8948376234160188,0.5330264729973775,163.3989419166272,160.3732904784327
674570702,boot,74,0.9930297875634426,0.5344531407925137,163.3989419166272,167.36151443556426
674570702,boot,75,0.49717160923452663,0.42574697152588825,163.3989419166272,166.12363878375905
674570702,boot,76,0.5724053791532294,0.5819808330475018,163.3989419166272,166.8314284388236
674570702,boot,77,0.978116755733005,0.43434726777187904,163.3989419166272,159.20519301306152
674570702,boot,78,0.49304256641272703,0.3009471098371115,163.3989419166272,178.18425187198142
674570702,boot,79,0.7681007144461598,0.5084882852112889,163.3989419166272,167.42728568795582
674570702,boot,80,0.5071778854295467,0.3998332648792412,163.3989419166272,165.06956885132823
674570702,boot,81,0.6497637096927162,0.4522795024540811,163.3989419166272,164.72677896590477
674570702,boot,82,0.6409198095873867,0.5452473150316579,163.3989419166272,2.842170943040401e-14
674570702,boot,83,0.5279636314262856,0.3672839836577936,163.3989419166272,158.04481509316048
674570702,boot,84,0.6854756921842624,0.4976352888988823,163.3989419166272,174.53580800823985
674570702,boot,85,0.4812252119410495,0.5368422371600456,163.3989419166272,164.0452784214072
674570702,boot,86,0.4815235767038842,0.5368420175872787,163.3989419166272,164.04325485825754
674570702,boot,87,0.6322386962016445,0.3988792271309165,163.3989419166272,173.07695379374678
674570702,boot,88,0.5783862271070855,0.4594066214466016,163.3989419166272,154.3822610359861
674570702,boot,89,0.4858544992872781,0.4466560254419394,163.3989419166272,158.2102908703281
674570702,boot,90,0.36393631043430524,0.404330433151602,163.3989419166272,155.66455471300185
674570702,boot,91,0.5995825949511436,0.47285192630433215,163.3989419166272,154.88727574762282
674570702,boot,92,0.9216300771579243,0.6384302726914217,163.3989419166272,172.9153315649426
674570702,boot,93,0.5240128034532938,0.4851919338188436,163.3989419166272,175.83388450433267
674570702,boot,94,0.6963210572992107,0.5826705483903021,163.3989419166272,167.38471260430373
674570702,boot,95,0.5703833324358281,0.5349710457286276,163.3989419166272,154.07204734190617
674570702,boot,96,0.5217485729884715,0.36277154294712655,163.3989419166272,164.46697050790058
674570702,boot,97,0.45449150261566146,0.46562063057460523,163.3989419166272,158.49660676921067
674570702,boot,98,0.7413419440892179,0.480456549737432,163.3989419166272,162.77691018295693
674570702,boot,99,0.6198181278024281,0.4870721700384364,163.3989419166272,155.15706013186713
674570702,rot,0,0.538705293519231,0.44465795083396376,56.363956543016855,58.771987513185834
674570702,rot,1,0.45249028328813046,0.36261444779211893,144.51293818550127,145.88471974010565
674570702,rot,2,0.5312336428650437,0.5560359740052545,150.12554290519384,145.10810108667755
674570702,rot,3,0.5127804218761555,0.5025412181857143,12.524087594539694,11.044237080622816
674570702,rot,4,2.6776167947080642,0.34640985128864343,157.36453946815465,122.11807881588058
674570702,rot,5,0.45071699695603035,0.5580607694362083,26.20131492935554,25.452906302395466
674570702,rot,6,0.43172710180999,0.49426096683870135,6.356124298620789,1.0174676683789698
674570702,rot,7,0.4801999856742963,0.41167437611914937,29.586706298284277,22.12388733032177
674570702,rot,8,0.4981069584857175,0.35456703328743455,56.69611546121461,65.09587432334217
674570702,rot,9,0.40496060116070426,0.4129620086206065,102.51076340992005,100.81168105405887
674570702,rot,10,0.7712061192415539,0.40886664983286347,72.23455747531035,91.38680738826767
674570702,rot,11,0.7277238050801786,0.605740167370646,9.97213923162443,5.0865267882773715
674570702,rot,12,0.6851085590867726,0.4705670529431043,131.96493557668435,138.1965020519753
674570702,rot,13,0.5438934143152171,0.4964448165530665,124.72228115841536,125.21347568217669
674570702,rot,14,0.5668961789885749,0.5071695862894368,37.338047176400174,43.280041143754886
674570702,rot,15,0.5754680189970821,0.443547124812638,5.921983950689467,179.93442311907836
674570702,rot,16,0.52818309463493,0.36703810766134803,163.5413950778803,158.19084485746382
674570702,rot,17,0.5771435841854978,0.3802811407768225,7.182243136057956,179.63584270507044
674570702,rot,18,0.8736350202459118,0.48744231581293973,147.78036619496768,161.39826239831447
674570702,rot,19,0.43095434071644734,0.4454389501462914,108.32566715176684,107.8592914721085
674570702,rot,20,0.6363489790530449,0.5353942670390526,177.4606399367362,1.724826234732518
674570702,rot,21,0.43712913909450074,0.46987185403958387,175.46287179102086,170.21725730299897
674570702,rot,22,0.6239797910225194,0.4504887738351432,140.37537968216077,136.95391990348992
674570702,rot,23,0.5601253294509648,0.5480347989122334,42.54320713055164,43.73698294091416
674570702,rot,24,0.8144565995975411,0.44557374316340526,74.95710659133411,76.97125630426271
674570702,rot,25,0.5042285224294553,0.4572496481535486,90.84455997798541,97.85957245959948
674570702,rot,26,0.6369385274221943,0.5589241155579635,83.18940870001636,68.510714535616
674570702,rot,27,0.6264304704536336,0.5204748860281987,129.11269050517035,133.7806428171569
674570702,rot,28,0.46060036761187606,0.41603508465395844,109.97491519409671,109.10760637123954
674570702,rot,29,0.9137426365196963,0.422282514433018,28.175006944260094,12.758195911816536
674570702,rot,30,0.6235634714039586,0.4666019742381081,92.3546086430633,103.69139189702287
674570702,rot,31,0.901873861840412,0.4296450862837635,172.1876700447666,168.9394875865845
674570702,rot,32,0.5830056543741203,0.4576177006639328,91.87241730788135,86.8182415751551
674570702,rot,33,0.545885961761275,0.4390070051645404,22.40933189055696,22.634290418554855
674570702,rot,34,0.5727433354172595,0.3877305742860304,104.70790060745003,112.43369377080074
674570702,rot,35,1.2546732307192547,0.36412317923232895,144.55463510470716,121.64132572153244
674570702,rot,36,0.6633155041490052,0.38918909515415434,167.9200362541989,162.26266135077285
674570702,rot,37,0.7662137917754442,0.2577476817821368,74.7379042505036,124.00740088007365
674570702,rot,38,0.4075252204781818,0.47970848275595346,107.81164510045048,113.44601732651061
674570702,rot,39,0.729085529284185,0.4312121786696913,30.074867283617543,28.76066910633832
674570702,rot,40,0.44935182468642304,0.4166039531258787,132.6177087203598,128.71247345015374
674570702,rot,41,0.5162070428293751,0.45649924279992615,143.76248285537656,143.81901742465885
674570702,rot,42,0.6186684853273265,0.3996174319021566,26.04820700256755,16.65669963861876
674570702,rot,43,0.3647836938826902,0.5031829015358406,101.4702742776767,105.81921862181593
674570702,rot,44,0.4874053186336218,0.5356725356172971,54.141802395326614,54.561137211640315
674570702,rot,45,0.5589446692481718,0.44633582643122616,25.049066185657807,27.034488600095756
674570702,rot,46,0.5038244817672803,0.48573382213225536,11.09946054734567,6.749780553472874
674570702,rot,47,0.5220730600465738,0.4311344193181824,36.988330936341484,38.56436179647443
674570702,rot,48,1.7097492676185237,0.3517077137054915,154.36431088885445,108.48393383865493
674570702,rot,49,0.607748178213366,0.5299565705235618,105.53918400567191,102.08664835924446
696526688,round,0,0.5911129772133951,0.2679224901149134,2.842170943040401e-14,172.3838253461606
696526688,round,1,0.9232954163793734,0.38797769673222426,2.842170943040401e-14,166.4797727003353
696526688,round,2,1.1256626233653637,0.38522850101580597,2.842170943040401e-14,177.0866598191468
696526688,round,3,0.9934011365656846,0.36611411336070876,2.842170943040401e-14,3.559835083347948
696526688,round,4,1.0200477313795395,0.4751114298722391,2.842170943040401e-14,2.842170943040401e-14
696526688,round,5,1.5697181042842032,0.39074135384477515,2.842170943040401e-14,175.39621700876847
696526688,round,6,0.8257006454591106,0.3724245092915758,2.842170943040401e-14,172.9826698441806
696526688,round,7,1.1651374447077314,0.2868460978665178,2.842170943040401e-14,2.842170943040401e-14
696526688,round,8,0.8634906148443037,0.32085299732375894,2.842170943040401e-14,16.19223084298622
696526688,round,9,0.56708275070762,0.29000488115052336,2.842170943040401e-14,4.842774930168804
696526688,round,10,1.1558953354597525,0.36897485756454973,2.842170943040401e-14,163.9089976002494
696526688,round,11,1.2015064380920553,0.39699756538349873,2.842170943040401e-14,9.943352736160477
696526688,round,12,0.24848470895777341,0.19871972967493967,2.842170943040401e-14,90.71804549790447
696526688,round,13,0.8980523777776054,0.34412350194284946,2.842170943040401e-14,176.8277862676573
696526688,round,14,0.9084624024959066,0.34731592462415495,2.842170943040401e-14,162.72505676433704
696526688,round,15,0.9999608589103283,0.37175541960544156,2.842170943040401e-14,2.842170943040401e-14
696526688,round,16,1.4973674878349383,0.41639717769096285,2.842170943040401e-14,177.23627741568868
696526688,round,17,1.0898606583574375,0.37875420787634173,2.842170943040401e-14,174.9067609577064
696526688,round,18,1.1222731816486036,0.3773616888921453,2.842170943040401e-14,176.01711929120097
696526688,round,19,1.1722316009510685,0.4107843195089943,2.842170943040401e-14,177.7585396318833
696526688,round,20,1.171943829115149,0.41078470214351437,2.842170943040401e-14,177.76387356346777
696526688,round,21,1.704534721836463,0.46284583776571675,2.842170943040401e-14,1.4217106460922508
696526688,round,22,0.946313648955301,0.41532545908082963,2.842170943040401e-14,13.105084679904195
696526688,round,23,1.0051765264627432,0.4008951922761722,2.842170943040401e-14,177.43469882340312
696526688,round,24,1.0333885201163768,0.3993913696661421,2.842170943040401e-14,0.0
696526688,round,25,1.9579563079247673,0.45411032788937833,2.842170943040401e-14,1.0541612027736846e-10
696526688,round,26,0.9320842810172686,0.5204354160731677,2.842170943040401e-14,1.442365864940245
696526688,round,27,1.0261052167153961,0.3607657564618635,2.842170943040401e-14,9.628802629523165
696526688,round,28,1.0616392444746652,0.4777396420615958,2.842170943040401e-14,14.558563656221367
696526688,round,29,0.9472447831531269,0.5380961087069918,2.842170943040401e-14,9.919295146004828
696526688,round,30,0.9140695787734873,0.41399229274266625,2.842170943040401e-14,2.842170943040401e-14
696526688,round,31,0.8844311301539355,0.284381547924884,2.842170943040401e-14,176.5922176897552
696526688,round,32,1.1196070203330413,0.43117233324659654,2.842170943040401e-14,3.1427733428054125
696526688,round,33,1.0882236411697426,0.40906350679369696,2.842170943040401e-14,179.87534697548415
696526688,round,34,1.1936357514996034,0.3487717106400263,2.842170943040401e-14,179.66817544295716
696526688,round,35,1.0129293600070894,0.35317005464990026,2.842170943040401e-14,171.32239162819144
696526688,round,36,0.7118324788087671,0.3096042235516503,2.842170943040401e-14,21.216685958846313
696526688,round,37,1.0774196790259656,0.44697359008136084,2.842170943040401e-14,5.481555754362034
696526688,round,38,0.6280056843987452,0.3928566061509998,2.842170943040401e-14,17.912286559212674
696526688,round,39,0.6612532079907493,0.41123880857562856,2.842170943040401e-14,11.807440844937275
696526688,round,40,1.0041698953466804,0.36592770949937325,2.842170943040401e-14,8.379850271671131
696526688,round,41,1.0363376154670751,0.28587113341075154,2.842170943040401e-14,172.6180043957271
696526688,round,42,1.9967671433742193,0.4553801641131673,2.842170943040401e-14,177.97683299133257
696526688,round,43,1.345714515967958,0.48467843381182196,2.842170943040401e-14,8.526512829121202e-14
696526688,round,44,1.6948193813402221,0.35823779235392783,2.842170943040401e-14,0.9083864499914114
696526688,round,45,0.7600656393951692,0.20433809021017268,2.842170943040401e-14,5.327080998540623e-10
696526688,round,46,0.9704372118461273,0.45227150436346863,2.842170943040401e-14,175.13212495994634
696526688,round,47,0.9007309886208389,0.3488538854332428,2.842170943040401e-14,157.09441765629063
696526688,round,48,0.9107030214402309,0.38135227243087955,2.842170943040401e-14,174.86317270263194
696526688,round,49,0.8204823137943412,0.39110910211175287,2.842170943040401e-14,2.842170943040401e-14
696526688,round,50,2.096868052372994,0.4105008804803325,2.842170943040401e-14,161.20322108313178
696526688,round,51,1.004947013054235,0.40089535631840645,2.842170943040401e-14,177.41196400197936
696526688,round,52,0.8916169335478147,0.3622835377397965,2.842170943040401e-14,174.5602067298085
696526688,round,53,0.604290631828004,0.3126416627473675,2.842170943040401e-14,174.41885750861002
696526688,round,54,0.779059273171518,0.30876148466863884,2.842170943040401e-14,179.4014464907252
696526688,round,55,1.384347650746876,0.49715885405409865,2.842170943040401e-14,179.99999998860483
696526688,round,56,1.0110550884828227,0.39863654834109374,2.842170943040401e-14,177.3616390565074
696526688,round,57,0.9703140251037148,0.45227143324612584,2.842170943040401e-14,175.12775316269494
696526688,round,58,1.216280642198006,0.33735665669063997,2.842170943040401e-14,169.68073899879795
696526688,round,59,1.7456567269020793,0.4108754291247404,2.842170943040401e-14,12.711339899487001
696526688,round,60,0.8183157201443202,0.3628998983695638,2.842170943040401e-14,179.87155544758642
696526688,round,61,0.96473697234878,0.294630772789085,2.842170943040401e-14,179.5097331456269
696526688,round,62,1.1530534940831174,0.42507302505571165,2.842170943040401e-14,178.92395541837868
696526688,round,63,0.9940319648204573,0.36892274626489585,2.842170943040401e-14,173.55697017691637
696526688,round,64,1.5606303479659471,0.2689740283508296,2.842170943040401e-14,176.58988561728592
696526688,round,65,1.3707728543914073,0.4585399445217504,2.842170943040401e-14,13.071620160690486
696526688,round,66,1.1197371872874227,0.3877547677783256,2.842170943040401e-14,0.0
696526688,round,67,0.8643236481553419,0.45446129292216775,2.842170943040401e-14,2.0475746131901555
696526688,round,68,1.1195193145226974,0.43117226743603265,2.842170943040401e-14,3.1508357738959774
696526688,round,69,1.0424411010070394,0.4172656174812377,2.842170943040401e-14,12.427622509481608
696526688,round,70,1.38624996500471,0.2911577134899609,2.842170943040401e-14,0.15084101037734854
696526688,round,71,0.9555175475613495,0.4563471477997413,2.842170943040401e-14,167.0459236153578
696526688,round,72,1.1339829933499401,0.5575521788407871,2.842170943040401e-14,4.963253911323264
696526688,round,73,0.814790801274775,0.41508704078834424,2.842170943040401e-14,179.79395829347175
696526688,round,74,0.9647479422845227,0.2946308364186251,2.842170943040401e-14,179.51841102063455
696526688,round,75,0.9754853268175712,0.34015925806348113,2.842170943040401e-14,14.54021159432263
696526688,round,76,1.0606480274212189,0.3860033834943266,2.842170943040401e-14,0.0
696526688,round,77,3.6389876093755116,0.2787344386364359,2.842170943040401e-14,156.70031578202912
696526688,round,78,0.8331330367489854,0.3358791552696826,2.842170943040401e-14,178.14374479141347
696526688,round,79,0.8310851127618968,0.39362888996851675,2.842170943040401e-14,18.05516312793111
696526688,round,80,0.8339548932330735,0.32852113067050004,2.842170943040401e-14,10.861502542999801
696526688,round,81,1.3202270299214263,0.46420959524911565,2.842170943040401e-14,179.99999999999523
696526688,round,82,0.9393682357142785,0.43421424091223915,2.842170943040401e-14,173.5398525490405
696526688,round,83,0.6130555899370811,0.31372665674548295,2.842170943040401e-14,3.107477701829598
696526688,round,84,2.848757637816679,0.30593350346371484,2.842170943040401e-14,13.507983159708516
696526688,round,85,0.47954248964325924,0.223054263524065,2.842170943040401e-14,138.1260842688083
696526688,round,86,0.9281066537621239,0.42141911737413185,2.842170943040401e-14,9.766570503928719
696526688,round,87,0.9422359973601667,0.4832378379902509,2.842170943040401e-14,0.12219754704611319
696526688,round,88,0.6842661109697609,0.35236104257226775,2.842170943040401e-14,174.37120349995456
696526688,round,89,0.9861281692653712,0.3514461296987653,2.842170943040401e-14,179.99999999999997
696526688,round,90,0.9255595727136189,0.4615163729894738,2.842170943040401e-14,164.2065805035467
696526688,round,91,0.5461625734792316,0.3552409364651756,2.842170943040401e-14,1.2496003526010497
696526688,round,92,0.9944945116474784,0.43726798466529826,2.842170943040401e-14,14.456513905996559
696526688,round,93,0.9939291907781692,0.3689226387007818,2.842170943040401e-14,173.54793929698246
696526688,round,94,1.01194925578129,0.39863645792462155,2.842170943040401e-14,177.3409122441083
696526688,round,95,1.0825221278296384,0.41251682238099996,2.842170943040401e-14,10.368174820797435
696526688,round,96,0.8811935775626195,0.3284118439714272,2.842170943040401e-14,165.56999431930927
696526688,round,97,1.0132637064742616,0.3510984528961226,2.842170943040401e-14,0.0
696526688,round,98,1.5697258107046044,0.3907412413519913,2.842170943040401e-14,175.39472497182692
696526688,round,99,1.0174143230866992,0.31169735832283696,2.842170943040401e-14,16.18023489547258
696526688,boot,0,0.3128568321081388,0.32734202743861873,2.842170943040401e-14,177.38094487964332
696526688,boot,1,0.4108367310527028,0.3411000500065152,2.842170943040401e-14,174.32004555785747
696526688,boot,2,0.44118714337976156,0.36792063899616834,2.842170943040401e-14,177.2629155359107
696526688,boot,3,0.43339598712002475,0.4570459532442861,2.842170943040401e-14,174.9939561020484
696526688,boot,4,0.34477475367669175,0.365887345187362,2.842170943040401e-14,178.08179735276653
696526688,boot,5,0.35190356932068423,0.4471527234364361,2.842170943040401e-14,0.7198608776783102
696526688,boot,6,0.3901235543357317,0.2263806632312656,2.842170943040401e-14,176.77363843191486
696526688,boot,7,0.352684867505391,0.2957288478308091,2.842170943040401e-14,178.4129145182382
696526688,boot,8,0.5019737585085463,0.3782736896079034,2.842170943040401e-14,0.3931230988429206
696526688,boot,9,0.42574377882355385,0.32269799922387266,2.842170943040401e-14,6.887440085889494
696526688,boot,10,0.48949519413894155,0.40878477610315045,2.842170943040401e-14,0.5686864285854654
696526688,boot,11,0.4927129996193693,0.44789273290843346,2.842170943040401e-14,176.79994868019656
696526688,boot,12,0.3856524121127305,0.3284186308885285,2.842170943040401e-14,2.842170943040401e-14
696526688,boot,13,0.4055573196230357,0.4278563021036965,2.842170943040401e-14,6.1405556055977835
696526688,boot,14,0.36884855851534937,0.44842487100109374,2.842170943040401e-14,2.6082447544158924
696526688,boot,15,0.3995217885248945,0.4115360151374243,2.842170943040401e-14,179.99999999999997
696526688,boot,16,0.41934490575601135,0.538427569968043,2.842170943040401e-14,3.373851998107284
696526688,boot,17,0.3896923794515956,0.3976155588390179,2.842170943040401e-14,2.9414479546598784
696526688,boot,18,0.42209138890956843,0.3835136217320907,2.842170943040401e-14,178.73574752521296
696526688,boot,19,0.7521976485105987,0.36844673879275225,2.842170943040401e-14,9.374153432509111
696526688,boot,20,0.7697121082989963,0.42891579486586584,2.842170943040401e-14,17.390650534708726
696526688,boot,21,0.41174549255031107,0.33020701022280985,2.842170943040401e-14,2.842170943040401e-14
696526688,boot,22,0.43122109293022876,0.3753208155389772,2.842170943040401e-14,0.5150092326192506
696526688,boot,23,0.395601675738086,0.42358086479083534,2.842170943040401e-14,1.4899150810403228
696526688,boot,24,0.47652203691470546,0.37021101477176344,2.842170943040401e-14,179.99999999999997
696526688,boot,25,0.46027979974087,0.36926907883312965,2.842170943040401e-14,6.186904273493269
696526688,boot,26,0.4905250515432449,0.2914918447735515,2.842170943040401e-14,179.9999999934502
696526688,boot,27,0.1892544172185149,0.24089517411225125,2.842170943040401e-14,26.652334573465055
696526688,boot,28,0.4019292306389715,0.41995131389756524,2.842170943040401e-14,179.83780089061892
696526688,boot,29,0.5268047324966086,0.25336554457599825,2.842170943040401e-14,179.9999995180966
696526688,boot,30,0.41512454676827215,0.3340148597764089,2.842170943040401e-14,176.9259980527226
696526688,boot,31,0.5190147951559574,0.4216077239412429,2.842170943040401e-14,176.3314570798085
696526688,boot,32,0.30631915024708745,0.40351466315394,2.842170943040401e-14,177.32291377344885
696526688,boot,33,0.5095427571944213,0.4378721907731886,2.842170943040401e-14,5.272354660767348
696526688,boot,34,0.5106221326070268,0.3683767451200912,2.842170943040401e-14,5.727412483107969
696526688,boot,35,0.4640798165128371,0.3549925153904214,2.842170943040401e-14,174.93874399110362
696526688,boot,36,0.3544232138772731,0.4316598673832902,2.842170943040401e-14,7.660756393382513
696526688,boot,37,0.36463490536196824,0.4923933483989218,2.842170943040401e-14,6.124878382252064e-11
696526688,boot,38,0.435302984169095,0.47239215429129355,2.842170943040401e-14,6.782416577301319
696526688,boot,39,0.2862902730539706,0.17923779756118996,2.842170943040401e-14,132.9277765696026
696526688,boot,40,0.4604699115141608,0.36926903833990377,2.842170943040401e-14,6.182773960845253
696526688,boot,41,0.41934490575601135,0.538427569968043,2.842170943040401e-14,3.373851998107284
696526688,boot,42,0.33941111073255376,0.46615584152676215,2.842170943040401e-14,1.600652918298664
696526688,boot,43,0.37416547876741313,0.4070675830330408,2.842170943040401e-14,0.8796368001418386
696526688,boot,44,0.5404867988468811,0.21552828506322785,2.842170943040401e-14,135.02729398151752
696526688,boot,45,0.6450578637371515,0.42889500153267657,2.842170943040401e-14,3.563493168226805
696526688,boot,46,0.37868868092907104,0.42479924407051806,2.842170943040401e-14,175.47278798495407
696526688,boot,47,0.4968543588612899,0.29868841569461757,2.842170943040401e-14,3.2748847587149905
696526688,boot,48,0.3689477313858274,0.3830796195465911,2.842170943040401e-14,179.07684482202177
696526688,boot,49,0.7433840602248344,0.27315081158973453,2.842170943040401e-14,177.33673862395253
696526688,boot,50,0.48960102276720824,0.40878457570877724,2.842170943040401e-14,0.5668394752816823
696526688,boot,51,0.42766920798814595,0.4988075259636324,2.842170943040401e-14,178.3589334601013
696526688,boot,52,0.4421820353212417,0.4383021061381628,2.842170943040401e-14,170.4612943908324
696526688,boot,53,0.5208657271628543,0.4168779580549993,2.842170943040401e-14,178.12975533829888
696526688,boot,54,0.42763702869534725,0.49880753361769514,2.842170943040401e-14,178.35998708824818
696526688,boot,55,0.4128893710946625,0.3845047242639502,2.842170943040401e-14,0.5100622021992759
696526688,boot,56,0.48286608931766845,0.3405115102742874,2.842170943040401e-14,179.9495141517681
696526688,boot,57,0.6138885026727723,0.25580622759096194,2.842170943040401e-14,0.7431401605279859
696526688,boot,58,0.4682342298715524,0.34259391463462174,2.842170943040401e-14,178.78905071091512
696526688,boot,59,2.0085570004285698,0.261251537122386,2.842170943040401e-14,18.15463918358381
696526688,boot,60,0.4038221513428654,0.2744596728761036,2.842170943040401e-14,178.47778689970443
696526688,boot,61,0.47121442645803985,0.4345874887238995,2.842170943040401e-14,179.82810254077995
696526688,boot,62,0.6368768806628623,0.4184775866245102,2.842170943040401e-14,1.5735960172033012
696526688,boot,63,0.41285587288477665,0.5022695507247621,2.842170943040401e-14,176.87713381573744
696526688,boot,64,0.5053073607393274,0.4518204737580863,2.842170943040401e-14,4.168817932681863
696526688,boot,65,0.294906096281102,0.3235417085701082,2.842170943040401e-14,3.9304511003471174
696526688,boot,66,0.49240091447635065,0.3857466587741202,2.842170943040401e-14,178.06069598306783
696526688,boot,67,0.34301164794469374,0.33733798786859504,2.842170943040401e-14,161.18605689199126
696526688,boot,68,0.392355879665673,0.3281064834380826,2.842170943040401e-14,2.842170943040401e-14
696526688,boot,69,0.48136996863783493,0.40962491990565897,2.842170943040401e-14,179.99999998357546
696526688,boot,70,0.4355578909384944,0.31669023517687356,2.842170943040401e-14,1.886067592192063
696526688,boot,71,0.4827088272822435,0.4009846528018878,2.842170943040401e-14,2.261113621914319
696526688,boot,72,0.4413340223696427,0.5016934871403204,2.842170943040401e-14,4.453662788354393
696526688,boot,73,0.5433229019499386,0.4003408943734129,2.842170943040401e-14,173.30192919889816
696526688,boot,74,0.36783866147795746,0.3606533415684483,2.842170943040401e-14,3.8434191972027634
696526688,boot,75,0.36664314477299326,0.4194621931456717,2.842170943040401e-14,178.26154598062837
696526688,boot,76,0.4177061878374551,0.39294009825647636,2.842170943040401e-14,3.5081277924629717
696526688,boot,77,0.2950994074991575,0.32354175749419845,2.842170943040401e-14,3.940452461623977
696526688,boot,78,0.3741044018287483,0.4070676759894084,2.842170943040401e-14,0.880349532115353
696526688,boot,79,0.3191637252878612,0.40010467592309173,2.842170943040401e-14,179.99999991705843
696526688,boot,80,0.6530484958428073,0.4529677817650817,2.842170943040401e-14,171.54787639230324
696526688,boot,81,0.3672399294056087,0.38201738632682214,2.842170943040401e-14,5.107618076434676
696526688,boot,82,0.34553291601419117,0.39146886622592525,2.842170943040401e-14,0.38829971208317604
696526688,boot,83,0.5518360560930984,0.33213288450169154,2.842170943040401e-14,177.49641486463244
696526688,boot,84,1.845672750788444,0.2782215781196896,2.842170943040401e-14,49.618906931428626
696526688,boot,85,0.46586229139278257,0.47928210596319853,2.842170943040401e-14,0.6986758775884141
696526688,boot,86,0.34300482466814536,0.4266028905350465,2.842170943040401e-14,3.0411109851853837
696526688,boot,87,0.40802340859593783,0.43712427151871325,2.842170943040401e-14,0.49960792686100036
696526688,boot,88,0.5034115437479514,0.4206150121006178,2.842170943040401e-14,179.99999985892305
696526688,boot,89,0.4638751702173564,0.35499250803737925,2.842170943040401e-14,174.92810554993963
696526688,boot,90,0.0815080404459444,0.2608404952353457,2.842170943040401e-14,11.926199066976494
696526688,boot,91,0.39484289151920554,0.3976973813933188,2.842170943040401e-14,0.7493666717252552
696526688,boot,92,0.47652203691470546,0.37021101477176344,2.842170943040401e-14,179.99999999999997
696526688,boot,93,0.42124380697056235,0.3817769807652418,2.842170943040401e-14,2.6206927477079947
696526688,boot,94,0.8048624019580592,0.35757948188691413,2.842170943040401e-14,24.445763843086723
696526688,boot,95,0.4003342529258189,0.41249108585070005,2.842170943040401e-14,2.2984503788101165
696526688,boot,96,0.8048624019580592,0.35757948188691413,2.842170943040401e-14,24.445763843086723
696526688,boot,97,0.35603733298279516,0.2630696337020957,2.842170943040401e-14,174.51064618504333
696526688,boot,98,0.3737356162599207,0.3218957478740553,2.842170943040401e-14,177.8915353054432
696526688,boot,99,0.39473315375989004,0.3974140624193321,2.842170943040401e-14,179.99999797744957
696526688,rot,0,0.38298877751541993,0.3400329546707752,77.88303196060183,80.11439460065635
696526688,rot,1,0.450852671498351,0.4352239189826216,31.915538108567674,34.114692211966485
696526688,rot,2,0.45185995587313527,0.3547055939568564,178.16725518835682,179.99841789595519
696526688,rot,3,0.35495974485043225,0.406494506680088,9.937358260331132,12.65928486708742
696526688,rot,4,0.38084383306104225,0.44203886002336035,125.90920679787422,129.93754664784709
696526688,rot,5,0.317905452174494,0.34883952896830683,140.19587850785385,142.40249723851483
696526688,rot,6,0.4709815566972689,0.4404401882984288,64.01485620487412,61.51984457373224
696526688,rot,7,0.3982450604893277,0.3315916100514318,135.56489490210913,142.62107536078824
696526688,rot,8,0.33932431235117966,0.3563324530242026,89.6796384024331,86.62498785879701
696526688,rot,9,1.377667581145778,0.293727240300094,87.14802285512647,65.42199522444645
696526688,rot,10,0.352110470215108,0.4716727020332028,54.16299402303959,55.714962151079774
696526688,rot,11,0.36620633323430274,0.2434786301932943,45.45749575639447,45.28668024102342
696526688,rot,12,0.3769217127086287,0.4811566161079259,36.245730361307395,41.271269293845876
696526688,rot,13,0.42269560809269674,0.4392301172990718,39.15541271052497,40.6648219493497
696526688,rot,14,0.4885149462153814,0.4198476808767556,32.36578248959114,35.76988442082259
696526688,rot,15,0.39667283197484804,0.37629994247515053,30.524763479903267,26.770488639602064
696526688,rot,16,0.4744911966710728,0.4358414555333322,12.678917155068493,9.517906172970157
696526688,rot,17,0.5021705172352277,0.48163363073288223,138.91985188895256,139.9519324074829
696526688,rot,18,0.5658212104791073,0.5376335769962781,162.38334183818057,168.7334081668467
696526688,rot,19,0.410666585588198,0.34137333729332175,148.7223031232051,143.81809616969497
696526688,rot,20,0.4614329130088492,0.47631344444346213,153.91288734578367,152.84517953516036
696526688,rot,21,0.3971609152421726,0.5065595523577708,162.15411957581068,159.81355642541342
696526688,rot,22,0.3703661543916384,0.29559113259294245,136.65674882904176,137.65526102119836
696526688,rot,23,0.4276917001673433,0.40695857923372303,115.48141006248859,120.26560807228397
696526688,rot,24,0.37767850119605406,0.418620006168692,119.07050974657587,124.46587487163042
696526688,rot,25,0.40796996027123084,0.43076156018542355,156.19133664630644,155.3846052185051
696526688,rot,26,0.3918559173208272,0.5107878852856089,153.62667278358845,152.06877805727424
696526688,rot,27,0.34884842396539395,0.2333531712902034,20.03816432970784,22.12422421641631
696526688,rot,28,0.45798682744730673,0.4423751758996187,67.40403874635584,71.31967214257872
696526688,rot,29,0.4398243609196951,0.4280230700345927,56.363673454222386,54.56014599464217
696526688,rot,30,0.40501348185445624,0.43880632799400987,173.50325193818398,178.31629209746643
696526688,rot,31,0.4407185669618312,0.3589413407570079,121.71510212750209,117.23375081564939
696526688,rot,32,0.5836022348039283,0.3940552017386809,169.33631208982712,2.842170943040401e-14
696526688,rot,33,0.35348939149256037,0.38891345339469696,157.14887712879468,160.76145346977185
696526688,rot,34,1.4374074898946412,0.29971642131316456,108.20790269551199,83.28060970915897
696526688,rot,35,0.40723135935811094,0.4680317557877992,146.0688934738336,141.62327584970254
696526688,rot,36,0.41522480137151213,0.4125080604710155,1.6780200452321958,2.0814145912175515
696526688,rot,37,0.30258332079502026,0.4168393854636262,151.27363133961202,154.96326050266757
696526688,rot,38,0.3133344845234821,0.3368331501763724,7.890208999776796,1.1037369874773617
696526688,rot,39,0.313401248923578,0.32740296249416756,101.98923275145482,105.28498785684691
696526688,rot,40,0.23970638277017411,0.18498032957493837,114.99962252431195,47.941833330778536
696526688,rot,41,0.5337478231071205,0.27312119343829067,96.93910854323963,110.34646583364544
696526688,rot,42,0.4444559296053655,0.29539033531765746,82.4191466638797,85.76453094524595
696526688,rot,43,0.46460430960099763,0.444398863568478,68.12763597454747,65.56033094107526
696526688,rot,44,0.43016430798356853,0.2926780796058407,63.30291643880508,64.30716950379833
696526688,rot,45,0.4197720059213486,0.40142749917897247,105.16433633073774,102.3871605328387
696526688,rot,46,0.7731824253173268,0.5287096471384156,109.78043702347404,108.22329509880899
696526688,rot,47,0.40175379151857293,0.4260183707156304,78.79929218288119,80.47558242043489
696526688,rot,48,0.3619292034192673,0.580601336498499,162.28589678917606,163.35026252407062
696526688,rot,49,0.6421047905387738,0.32328514525983065,155.97157976327114,157.63730533114216
701719883,round,0,1.304934975174451,0.6039736188361398,160.6945527875558,162.21337082442545
701719883,round,1,1.0925649959721058,0.5470564654737862,160.6945527875558,2.842170943040401e-14
701719883,round,2,1.1285490748614668,0.5443940424822313,160.6945527875558,173.11323065249576
701719883,round,3,1.0344876438504418,0.5510586997611788,160.6945527875558,155.29190032469944
701719883,round,4,0.9745706060507087,0.49145061152200686,160.6945527875558,164.81140354546105
701719883,round,5,0.8870634873617427,0.4477119520478037,160.6945527875558,149.37023332477784
701719883,round,6,0.9854167921805695,0.586392532555,160.6945527875558,170.2117814262368
701719883,round,7,1.204069983225636,0.516010039387107,160.6945527875558,163.06350084988307
701719883,round,8,1.0147386467613901,0.34410826228262903,160.6945527875558,159.82673107610464
701719883,round,9,0.8319172424395607,0.45139815841681574,160.6945527875558,155.69279618910778
701719883,round,10,1.4302304569520803,0.5299020050488144,160.6945527875558,165.48118367770667
701719883,round,11,1.320528229879427,0.6358471027639697,160.6945527875558,164.49365569922796
701719883,round,12,1.0203032882241594,0.5893467893153568,160.6945527875558,166.26972810559568
701719883,round,13,0.6586022997870274,0.5224985129581812,160.6945527875558,172.2232592125151
701719883,round,14,1.1506025868976204,0.5701237763552616,160.6945527875558,170.75406689117767
701719883,round,15,0.5407750422372275,0.25667592011685847,160.6945527875558,58.08572994090788
701719883,round,16,1.1144003816860177,0.4836897729608812,160.6945527875558,179.07729597200455
701719883,round,17,0.8077499201968774,0.4504239609429046,160.6945527875558,168.90802444201728
701719883,round,18,1.136920748331564,0.4354482276804372,160.6945527875558,2.842170943040401e-14
701719883,round,19,1.0486942994848374,0.5718273594247223,160.6945527875558,2.842170943040401e-14
701719883,round,20,1.1230584775023476,0.4153183438196474,160.6945527875558,167.56131492488956
701719883,round,21,1.3531441527355632,0.4749028999218887,160.6945527875558,152.37214548138584
701719883,round,22,0.9603781963636595,0.5334251021976508,160.6945527875558,170.66209257956206
701719883,round,23,1.0423028436017623,0.5724741350294824,160.6945527875558,168.38501427423932
701719883,round,24,0.8901944645178456,0.4490287370500423,160.6945527875558,168.603980721796
701719883,round,25,0.8887867318410563,0.5704142159977716,160.6945527875558,158.86647006376987
701719883,round,26,1.3210742169031224,0.6358470574027504,160.6945527875558,164.491105015299
701719883,round,27,1.2396514228130238,0.6077723368361994,160.6945527875558,161.96699817894768
701719883,round,28,0.9233885156934856,0.4842182677378798,160.6945527875558,2.842170943040401e-14
701719883,round,29,1.3171414333562486,0.5527886557553481,160.6945527875558,158.7302054577033
701719883,round,30,1.0836565767845088,0.5810824898288025,160.6945527875558,152.22128165804926
701719883,round,31,1.1481440105448564,0.45679580719916313,160.6945527875558,152.54023697139723
701719883,round,32,0.8216279018171553,0.561886847537092,160.6945527875558,165.50356605913728
701719883,round,33,1.2760388655494894,0.5982269977023793,160.6945527875558,162.6663309867506
701719883,round,34,1.336837301535997,0.3534795052802312,160.6945527875558,2.842170943040401e-14
701719883,round,35,1.148758584459702,0.5131678045337246,160.6945527875558,164.09865858944354
701719883,round,36,0.7528805149703178,0.4039903527869484,160.6945527875558,167.9687698543565
701719883,round,37,1.0684752387190422,0.45361388370716615,160.6945527875558,174.86545744678136
701719883,round,38,0.9410708018877874,0.5637721765510302,160.6945527875558,152.66445235222992
701719883,round,39,1.1115158374352576,0.47674115906721826,160.6945527875558,159.98266866643806
701719883,round,40,1.5544413605601675,0.5663619890934128,160.6945527875558,162.2728213642687
701719883,round,41,1.2177357047988528,0.5003141318529325,160.6945527875558,2.842170943040401e-14
701719883,round,42,0.7508906891542645,0.5206910066169581,160.6945527875558,166.5242298163698
701719883,round,43,0.9332996499318718,0.5052877146163679,160.6945527875558,161.59056639697374
701719883,round,44,1.114020662091333,0.38473940180616983,160.6945527875558,2.842170943040401e-14
701719883,round,45,0.9255103984928795,0.4563353421199071,160.6945527875558,171.06767276835578
701719883,round,46,1.138394841757577,0.4947152231221775,160.6945527875558,159.77233826306113
701719883,round,47,0.8118246102258898,0.3546013551751349,160.6945527875558,154.5702471534901
701719883,round,48,0.9263846194618225,0.4384715689461747,160.6945527875558,158.13186604546271
701719883,round,49,0.8206543881612705,0.49298593717390693,160.6945527875558,162.17664688843746
701719883,round,50,0.7198632337233241,0.5421130532624117,160.6945527875558,160.87484457445578
701719883,round,51,0.947774073014423,0.5185467007419255,160.6945527875558,175.41862292019707
701719883,round,52,0.8860392273894726,0.5211692321039458,160.6945527875558,166.38124068569326
701719883,round,53,0.8436429125520085,0.49990809520526314,160.6945527875558,167.07093351432857
701719883,round,54,0.8722927466972705,0.5037932958149705,160.6945527875558,168.65468160601932
701719883,round,55,1.0210258660200051,0.6604738159583002,160.6945527875558,153.19402564016823
701719883,round,56,1.163904200828085,0.5284273646200862,160.6945527875558,162.81436374703003
701719883,round,57,0.9282384219497871,0.45871328891952234,160.6945527875558,157.91068593159503
701719883,round,58,0.8945653346801733,0.49498314101964525,160.6945527875558,158.3839013328792
701719883,round,59,1.270530013235552,0.5239432944731124,160.6945527875558,162.94865361730498
701719883,round,60,1.2907601685785746,0.4172358973838749,160.6945527875558,143.4145597281621
701719883,round,61,0.7444711476554803,0.5306412982913608,160.6945527875558,151.00850186745083
701719883,round,62,0.794455238872852,0.47899698861906537,160.6945527875558,161.27438257562923
701719883,round,63,0.821291324178989,0.5618869385713314,160.6945527875558,165.49506427693808
701719883,round,64,1.0120450539607926,0.5386545239867164,160.6945527875558,167.5649584600119
701719883,round,65,1.3459820251965935,0.5462211218012764,160.6945527875558,157.80173979814742
701719883,round,66,0.8507999117360939,0.5052167433144783,160.6945527875558,159.24641839582037
701719883,round,67,1.2007890595000548,0.5542429465534082,160.6945527875558,162.75852288494556
701719883,round,68,1.1405756735607917,0.5792125412256612,160.6945527875558,160.22497586279468
701719883,round,69,0.973152887143239,0.5608639880394624,160.6945527875558,151.97493604525195
701719883,round,70,1.0978624980109601,0.48196680469990916,160.6945527875558,164.39878904529604
701719883,round,71,1.050768490750099,0.4163500201854945,160.6945527875558,159.910533861197
701719883,round,72,1.2448430426545287,0.4220252862101429,160.6945527875558,167.34945362558662
701719883,round,73,1.0842019661597426,0.4403951292453794,160.6945527875558,160.82348992112014
701719883,round,74,1.1399062569674456,0.601442695240433,160.6945527875558,159.57088235713465
701719883,round,75,0.9730102852989748,0.4196720848889457,160.6945527875558,155.05648079455176
701719883,round,76,1.3689618397644236,0.5082290669769791,160.6945527875558,164.761422847198
701719883,round,77,0.9753512260274336,0.46741245938370746,160.6945527875558,157.02284022784397
701719883,round,78,1.0275208002185423,0.5910145322655772,160.6945527875558,157.53992942926482
701719883,round,79,1.2030828138916887,0.5160102038445566,160.6945527875558,163.0320814939721
701719883,round,80,0.8650654341359967,0.5481253054458552,160.6945527875558,151.0371726182484
701719883,round,81,0.6718920527472165,0.4724715646043064,160.6945527875558,162.6417145754489
701719883,round,82,0.849667220370275,0.5169058016876964,160.6945527875558,155.0292158922045
701719883,round,83,1.2745785357051558,0.5131183193945066,160.6945527875558,159.12216016063536
701719883,round,84,1.0626116704733706,0.5179908504429573,160.6945527875558,2.842170943040401e-14
701719883,round,85,1.2348099738829097,0.46862795057360107,160.6945527875558,156.28591389237707
701719883,round,86,1.228660716972927,0.46905582269858337,160.6945527875558,171.34130114874415
701719883,round,87,0.9362113741575941,0.5274390536646167,160.6945527875558,168.45857240377518
701719883,round,88,1.249189561989591,0.4965785132777294,160.6945527875558,163.5882363535327
701719883,round,89,1.0587197211030708,0.5254564073343092,160.6945527875558,165.8359985630442
701719883,round,90,1.1265675311886736,0.5358771810947608,160.6945527875558,2.842170943040401e-14
701719883,round,91,1.0077855888015943,0.5094354010900206,160.6945527875558,163.13970013610654
701719883,round,92,1.011363682746369,0.5720651880706262,160.6945527875558,156.7695773565091
701719883,round,93,1.431454390258907,0.46714576272358743,160.6945527875558,164.05988556285774
701719883,round,94,1.1324932847742704,0.5343219680548867,160.6945527875558,153.53470074200663
701719883,round,95,1.019930005842078,0.43566492865428064,160.6945527875558,164.03253615489314
701719883,round,96,1.1988951447365293,0.5284989197450106,160.6945527875558,2.842170943040401e-14
701719883,round,97,0.8839052099801353,0.5583154997573863,160.6945527875558,160.77541107470515
701719883,round,98,0.9141200067064211,0.4442522788762845,160.6945527875558,163.71516990709466
701719883,round,99,0.8490917854095927,0.5338594931685149,160.6945527875558,150.82019801249334
701719883,boot,0,0.5565353405880198,0.5692305142913958,160.6945527875558,160.8865090275116
701719883,boot,1,0.5449145239276401,0.5266418999478382,160.6945527875558,170.27298484932294
701719883,boot,2,0.7426085893869264,0.5772339278770025,160.6945527875558,158.84851066990782
701719883,boot,3,0.39675791562360857,0.4281289430572315,160.6945527875558,165.82493832857617
701719883,boot,4,0.5586113551856067,0.49313879403525773,160.6945527875558,158.32102587452476
701719883,boot,5,0.488983029065402,0.44202362812894147,160.6945527875558,155.86007643671653
701719883,boot,6,0.5347080448793654,0.4972606084891992,160.6945527875558,158.49928336306004
701719883,boot,7,0.5426978033866092,0.4921372218017541,160.6945527875558,157.17289523095852
701719883,boot,8,0.5550169654292294,0.437257708624041,160.6945527875558,154.99673164652302
701719883,boot,9,0.5761519236874545,0.5055883553058271,160.6945527875558,159.52038705014354
701719883,boot,10,0.5219964883556601,0.5468649845009717,160.6945527875558,154.62796601008174
701719883,boot,11,0.5302880767442608,0.5312106417124539,160.6945527875558,161.7460042315057
701719883,boot,12,0.5302116694813519,0.5571385699473894,160.6945527875558,156.89009635933124
701719883,boot,13,0.5415945641186731,0.5215722129304396,160.6945527875558,158.75870804027687
701719883,boot,14,0.5561993571399612,0.5785178164724302,160.6945527875558,167.22290636904967
701719883,boot,15,0.4868736994547114,0.40868080477897073,160.6945527875558,163.4468181580037
701719883,boot,16,0.6530697685292376,0.5783346399048416,160.6945527875558,154.37729160205137
701719883,boot,17,0.36043285346255727,0.4842857827978566,160.6945527875558,162.00668103095634
701719883,boot,18,0.4681383398729441,0.46488625465931144,160.6945527875558,167.77784808400526
701719883,boot,19,0.8618110969106102,0.45375635362590827,160.6945527875558,165.86674993400024
701719883,boot,20,0.6769022699612008,0.44905653595355477,160.6945527875558,158.84692262170526
701719883,boot,21,0.5677154413273994,0.6559669864819748,160.6945527875558,158.3785461288116
701719883,boot,22,0.6533161868371513,0.5783345981924711,160.6945527875558,154.3732493525438
701719883,boot,23,0.4488571215964663,0.5329129789171976,160.6945527875558,165.50616769428214
701719883,boot,24,0.40267562193762596,0.44901460681586924,160.6945527875558,160.48845954202002
701719883,boot,25,0.4488188293024153,0.5329128722975214,160.6945527875558,165.51078093761862
701719883,boot,26,0.5482640928161828,0.5309341388586366,160.6945527875558,163.53787543255712
701719883,boot,27,0.2812132670730503,0.40742876498213554,160.6945527875558,162.21418101442092
701719883,boot,28,0.4875935442973081,0.34759390230399256,160.6945527875558,165.39762017026013
701719883,boot,29,0.5162600978881722,0.5593716694279705,160.6945527875558,166.17753282330682
701719883,boot,30,0.49509521332409406,0.5710369043367027,160.6945527875558,158.77182225045507
701719883,boot,31,0.713930452803913,0.5657232361931531,160.6945527875558,162.25622126213187
701719883,boot,32,0.4555311827354661,0.5362282731956849,160.6945527875558,166.28162018058507
701719883,boot,33,0.44221132105031336,0.5234099716144078,160.6945527875558,159.4316187754075
701719883,boot,34,0.4845728913719785,0.5241510588242642,160.6945527875558,159.21074992700503
701719883,boot,35,0.5914977809287704,0.5406142123157733,160.6945527875558,2.842170943040401e-14
701719883,boot,36,0.587792397852414,0.5373551261506224,160.6945527875558,162.8745391373593
701719883,boot,37,1.121589843573816,0.49317271827269327,160.6945527875558,4.593484872820952
701719883,boot,38,0.36043285346255727,0.4842857827978566,160.6945527875558,162.00668103095634
701719883,boot,39,1.8898258825559362,0.3375281315465414,160.6945527875558,118.23833499824269
701719883,boot,40,0.5040327938889222,0.5798245119285473,160.6945527875558,163.54620648256758
701719883,boot,41,0.468082924657747,0.4648862527800668,160.6945527875558,167.77655070897498
701719883,boot,42,0.5760086241829264,0.4621927401176599,160.6945527875558,161.74482812489495
701719883,boot,43,0.5983627211956987,0.5822041925832316,160.6945527875558,166.11802208962172
701719883,boot,44,0.40148240735196944,0.5077005997078827,160.6945527875558,157.1235021241806
701719883,boot,45,0.7571615370833993,0.39880503317533234,160.6945527875558,2.842170943040401e-14
701719883,boot,46,0.4682176372615141,0.48443802640709144,160.6945527875558,165.88380672195504
701719883,boot,47,0.8010494215341238,0.4488606120911338,160.6945527875558,2.842170943040401e-14
701719883,boot,48,0.5516042589837404,0.4977058608561531,160.6945527875558,149.6722029697516
701719883,boot,49,0.5261967872297681,0.4626155619100407,160.6945527875558,161.03786502462734
701719883,boot,50,0.45420808503012355,0.3531540875704383,160.6945527875558,158.81844841181515
701719883,boot,51,0.5404734709534854,0.4935359644518532,160.6945527875558,155.3537470201307
701719883,boot,52,0.5415133872177006,0.6180020016143966,160.6945527875558,165.06046380362625
701719883,boot,53,0.6539430000692434,0.59070977203218,160.6945527875558,161.70704221932098
701719883,boot,54,0.6088727646223171,0.4282314264233371,160.6945527875558,154.12622088830523
701719883,boot,55,0.6034183933027731,0.5516276446921982,160.6945527875558,160.99122784043527
701719883,boot,56,0.5236445626130605,0.535797176369998,160.6945527875558,157.21658063912366
701719883,boot,57,0.47098815590366183,0.5443771115592384,160.6945527875558,155.5559617932273
701719883,boot,58,0.5425837863145102,0.49213753690631223,160.6945527875558,157.1654696705213
701719883,boot,59,0.5904251051847222,0.4129893427230936,160.6945527875558,156.74334776806873
701719883,boot,60,0.713074036947627,0.5668541282378587,160.6945527875558,150.22878814181178
701719883,boot,61,0.6200300613094732,0.5189715565701285,160.6945527875558,2.842170943040401e-14
701719883,boot,62,0.3829153245628731,0.3656397586722283,160.6945527875558,160.34071046954674
701719883,boot,63,0.5704491719104874,0.5718575401928107,160.6945527875558,162.69669675389738
701719883,boot,64,0.5422308388995303,0.49213733200396315,160.6945527875558,157.1429026764427
701719883,boot,65,0.6184210793726833,0.5575325818095944,160.6945527875558,155.168898938489
701719883,boot,66,0.6114967331921933,0.570869864362584,160.6945527875558,162.01433964151232
701719883,boot,67,0.5214321305836592,0.5468649973830334,160.6945527875558,154.61943757300494
701719883,boot,68,0.530145552603152,0.4456770355666225,160.6945527875558,155.9407039298713
701719883,boot,69,0.5259358349790287,0.4626155402935006,160.6945527875558,161.02805411391498
701719883,boot,70,0.40866942502475245,0.512877785631163,160.6945527875558,166.43103052665373
701719883,boot,71,0.4682312350801796,0.47624433651679154,160.6945527875558,163.0533922346557
701719883,boot,72,0.4427432598625204,0.5342993623115013,160.6945527875558,159.41228987337712
701719883,boot,73,0.6511846144143902,0.4930257526064783,160.6945527875558,159.651308142487
701719883,boot,74,0.5599802106257364,0.5443435561420786,160.6945527875558,161.17045047907908
701719883,boot,75,0.7117417479388903,0.546756835202284,160.6945527875558,162.74040057189566
701719883,boot,76,0.4488363615245039,0.5329130323904259,160.6945527875558,165.50136655643612
701719883,boot,77,0.5704154794670924,0.5718575255986595,160.6945527875558,162.6961366941063
701719883,boot,78,0.4089713672653753,0.2771250776816254,160.6945527875558,94.6601452309377
701719883,boot,79,0.566930265441535,0.5334365281085048,160.6945527875558,155.27389869667277
701719883,boot,80,0.45425947909758885,0.35315405166524316,160.6945527875558,158.82024108453243
701719883,boot,81,0.4317729561417304,0.4144250901315901,160.6945527875558,165.20370303121672
701719883,boot,82,0.6196542984454877,0.5189717810801826,160.6945527875558,1.9355468339199433e-09
701719883,boot,83,0.6997051429985811,0.5127409561316462,160.6945527875558,157.340918464915
701719883,boot,84,0.5639899810972191,0.5204463081274234,160.6945527875558,168.5655505953015
701719883,boot,85,0.4306105464632723,0.4781815131886573,160.6945527875558,158.98679388272305
701719883,boot,86,0.48460486363217753,0.524151043378555,160.6945527875558,159.20409075313196
701719883,boot,87,0.4421043835625153,0.523409941477494,160.6945527875558,159.43182949442763
701719883,boot,88,0.7204769937494983,0.40143907831102144,160.6945527875558,2.842170943040401e-14
701719883,boot,89,0.6829025165413923,0.36566135173924663,160.6945527875558,2.842170943040401e-14
701719883,boot,90,0.6662218490709814,0.5098550672764135,160.6945527875558,168.5204497059955
701719883,boot,91,0.65682691409526,0.5709292561182335,160.6945527875558,161.44809946498347
701719883,boot,92,0.30477766124981515,0.18716840033479942,160.6945527875558,84.09123389867216
701719883,boot,93,0.4017345381177497,0.5411819835436062,160.6945527875558,159.3481955789923
701719883,boot,94,0.6269495609129924,0.5275896064668331,160.6945527875558,151.7934946034794
701719883,boot,95,0.4855435008033415,0.5551863662648695,160.6945527875558,159.71995379449862
701719883,boot,96,0.5873496090768585,0.45672088282876344,160.6945527875558,169.11262189040855
701719883,boot,97,0.6753501250486961,0.6290949030481598,160.6945527875558,163.7957234305084
701719883,boot,98,0.4677750073340665,0.4596711589778907,160.6945527875558,163.19060097884605
701719883,boot,99,0.4616505100316328,0.5251248715002841,160.6945527875558,156.73324164125685
701719883,rot,0,0.5079360015203324,0.5280647512859282,33.94017619086294,27.788066913050027
701719883,rot,1,0.31395386974140516,0.38906603181518373,167.93056050829543,165.0890191181167
701719883,rot,2,0.6267614255243643,0.5024840709077978,33.73264610571801,35.269681328056805
701719883,rot,3,0.4445242754835198,0.552369486955674,26.58086759131718,29.792168777265076
701719883,rot,4,0.5562621673882712,0.5079512334045743,78.7062324309763,78.73722238174437
701719883,rot,5,0.30517903996136014,0.286142193798392,150.39906598342407,5.371465379358881
701719883,rot,6,0.36467538471788735,0.5663279250554976,92.56937868743589,89.45682464198951
701719883,rot,7,0.38336876667939884,0.4447132460852198,120.20491135505206,119.29689447818646
701719883,rot,8,0.8443441685618213,0.2813314782940105,103.33100060227524,178.3376292863566
701719883,rot,9,0.44266540355742656,0.5321549685042775,95.84636934729208,95.1128469985283
701719883,rot,10,0.4466219108204176,0.36758788186114677,129.92699131406837,125.079635723563
701719883,rot,11,0.605648808933091,0.5695410481665715,171.3186933102248,171.48192250105618
701719883,rot,12,0.2872367858905017,0.380041332004716,29.12652077457285,31.09794161123412
701719883,rot,13,0.4215416397659568,0.5301802346189697,137.93511461774457,134.32880029924098
701719883,rot,14,0.5006386158440708,0.4525228715863354,139.59703918474372,133.6548723177462
701719883,rot,15,0.998665071088824,0.43014035143501206,54.319259514416,64.49403120008047
701719883,rot,16,0.5115812607651705,0.5618759991645417,127.91176628861561,131.15858080087955
701719883,rot,17,0.4182312884289155,0.501306332158054,73.32067481286191,68.72105377916223
701719883,rot,18,0.5525865295342954,0.5482402193586404,157.219229754023,154.8055549052476
701719883,rot,19,0.5466500371162654,0.5081933034043387,172.42380626268863,174.9169994658017
701719883,rot,20,0.593003377900734,0.5424061393688768,88.24609763332737,95.88986032270758
701719883,rot,21,0.3818409321920724,0.40212961650394785,103.54267731247809,105.95404950690106
701719883,rot,22,0.5615898936110582,0.5083811880628103,146.98871466345142,149.25114237095116
701719883,rot,23,0.39808703471633433,0.6029977186937345,94.15581477161574,99.99664961564517
701719883,rot,24,0.627631919366058,0.5202245167349423,7.796904511287803,9.450110378608276
701719883,rot,25,0.47119581836868646,0.5608978208499831,125.5360544868996,125.92188610689504
701719883,rot,26,0.41216897909796163,0.6170490728879385,122.90165421364121,122.62694379325613
701719883,rot,27,0.5186010427802292,0.34350713308131686,13.90334849565143,96.01675490045422
701719883,rot,28,0.4421985548303489,0.5251734495079665,96.34437732160184,96.34764893241672
701719883,rot,29,0.5456707926262291,0.5330009703088366,29.559995728300233,30.709095312788005
701719883,rot,30,0.4016269304481536,0.3407010390256824,59.62385090819042,58.401514227705945
701719883,rot,31,0.4579274287872506,0.4636121000546203,48.05942966211698,53.147405327338404
701719883,rot,32,0.5434348294045643,0.39464405771710076,135.89975509572523,131.71924324440442
701719883,rot,33,0.457661668528355,0.47109769299593796,60.092028354438966,61.77482007304575
701719883,rot,34,0.4747398895607639,0.5569592746654243,53.65958302784246,56.593246708094185
701719883,rot,35,0.40579503933243577,0.5028171382092198,76.27372835989152,77.10171584341501
701719883,rot,36,0.6760631403904691,0.5405944008816761,145.39021592445042,134.4957315310017
701719883,rot,37,0.6045462357844521,0.5053990103812971,121.39835291536708,116.96679919219335
701719883,rot,38,0.5713342676152103,0.5352246464306716,18.462156312066536,8.918643833001738
701719883,rot,39,0.4617384942023407,0.4491946576163811,23.724935912601822,24.038054861785213
701719883,rot,40,0.36699959119352243,0.4672973561080379,171.08160421270108,165.80413919676
701719883,rot,41,0.5058292882748919,0.5897744705027493,140.99930689161388,143.44221966729953
701719883,rot,42,0.5114198045814102,0.5305943913172941,19.448146149021113,14.876415040179477
701719883,rot,43,0.610572320376749,0.5064899279765115,22.904082033617886,18.301867766237308
701719883,rot,44,0.4694062963778056,0.44537930791331937,42.72405822650208,43.59304315361309
701719883,rot,45,0.5733698221277106,0.5145751296758954,38.030805132144856,37.79182324917366
701719883,rot,46,0.4691157578801199,0.4664040671005796,106.2008031933922,109.12878950984843
701719883,rot,47,0.7459123944614942,0.5164332138914596,40.40248413342043,40.74881259489147
701719883,rot,48,0.5204407039740585,0.4926177713489377,95.7666654789104,98.25974359909021
701719883,rot,49,0.5976282982802426,0.36042652794212726,178.18107336415787,179.99999999999997
701720833,round,0,0.8285654124642132,0.44364688238647954,177.74521025905844,2.8559963544369307
701720833,round,1,1.07390354757106,0.29300875324251074,177.74521025905844,168.26206070911996
701720833,round,2,0.9877175696921845,0.285042167519052,177.74521025905844,179.99999999999997
701720833,round,3,1.2402451267183154,0.4506626837669614,177.74521025905844,175.12649487545082
701720833,round,4,0.9086678147947239,0.4341022956390196,177.74521025905844,174.6680994714974
701720833,round,5,1.0910077565698864,0.3296707901332393,177.74521025905844,179.11344556135623
701720833,round,6,0.890837747046811,0.4191181324651442,177.74521025905844,15.237517671415151
701720833,round,7,1.038495415343383,0.5109921903821121,177.74521025905844,20.466192892712513
701720833,round,8,1.0985479986421653,0.5288311037364165,177.74521025905844,14.350409312210488
701720833,round,9,0.8788583076777585,0.5033883154887182,177.74521025905844,176.2038928265556
701720833,round,10,1.0519717752974822,0.40587296448865284,177.74521025905844,170.2911941700046
701720833,round,11,0.9181379589853914,0.477879247978546,177.74521025905844,179.9999999851923
701720833,round,12,1.2250622782365392,0.47014885276934604,177.74521025905844,176.1235445153001
701720833,round,13,0.8289994816961678,0.4436470366488572,177.74521025905844,2.831009941734434
701720833,round,14,1.0459799879173026,0.48682347188338204,177.74521025905844,179.36317465679667
701720833,round,15,0.8861047018410003,0.5307401057735294,177.74521025905844,171.27581847010725
701720833,round,16,0.25159160116181145,0.3274657250641858,177.74521025905844,95.1196198837476
701720833,round,17,1.4043962738390716,0.3525973757683647,177.74521025905844,8.888718699860107
701720833,round,18,0.9846337257562877,0.4538426312480701,177.74521025905844,5.920808935447354
701720833,round,19,0.8924382434561746,0.4406899760084052,177.74521025905844,168.5879679918294
701720833,round,20,1.0580623721364344,0.43540105429301157,177.74521025905844,7.75560372529867
701720833,round,21,0.9761370364186797,0.5603347134074197,177.74521025905844,158.3524283403945
701720833,round,22,1.1490560474764857,0.40538228203306925,177.74521025905844,173.91896887570954
701720833,round,23,1.2338788905727114,0.32759301346406977,177.74521025905844,178.3867290095763
701720833,round,24,1.0005596396540484,0.44935038839824726,177.74521025905844,177.26656134233963
701720833,round,25,0.9809864950789313,0.446035805889496,177.74521025905844,178.44862088108366
701720833,round,26,0.997891300381793,0.38447937602070126,177.74521025905844,1.1655784286496265
701720833,round,27,0.7838521095956053,0.3766406826972537,177.74521025905844,161.8541783145279
701720833,round,28,0.8947767012203166,0.30862879331870363,177.74521025905844,160.8326957974911
701720833,round,29,1.0009927238712697,0.4661462636342122,177.74521025905844,174.48714405087412
701720833,round,30,1.434341122586559,0.3714870564108179,177.74521025905844,173.38957183080038
701720833,round,31,3.024875057822786,0.3714338164796689,177.74521025905844,153.06753389439177
701720833,round,32,0.9593396295226344,0.4792807429236099,177.74521025905844,179.99999999563647
701720833,round,33,1.0480625042590908,0.34163506422772894,177.74521025905844,167.38508387356663
701720833,round,34,1.0013078447228467,0.4872542596021152,177.74521025905844,4.18089363258099
701720833,round,35,0.9274594923732247,0.522938412096401,177.74521025905844,179.99999999999997
701720833,round,36,1.0054384264486664,0.2885191190616343,177.74521025905844,6.637320854562645
701720833,round,37,1.261494809734358,0.49486190618900217,177.74521025905844,0.17754763882823
701720833,round,38,0.9252477464518263,0.43024882326065095,177.74521025905844,169.99062957079659
701720833,round,39,0.835306040939049,0.36373510493398875,177.74521025905844,170.78651930624693
701720833,round,40,1.3421141685451545,0.33782796705851836,177.74521025905844,5.873713789032422
701720833,round,41,0.9819972367169528,0.35577740023059634,177.74521025905844,179.77848996009078
701720833,round,42,0.28738350042812366,0.12303787316317949,177.74521025905844,85.65938782489009
701720833,round,43,0.8779444389860942,0.38509317867538106,177.74521025905844,3.0818104880695465
701720833,round,44,1.2723084373752818,0.44157811137206526,177.74521025905844,0.4701070602019115
701720833,round,45,1.0181712913569763,0.4570272242164046,177.74521025905844,5.274125343202542
701720833,round,46,1.3047176216220642,0.3426731220018435,177.74521025905844,167.4788599161085
701720833,round,47,4.18001863741982,0.30595509528585485,177.74521025905844,22.605731455357486
701720833,round,48,0.9333132361883051,0.40706388382679937,177.74521025905844,161.6579080748044
701720833,round,49,0.9744516912170628,0.47436209923151385,177.74521025905844,171.73908053062195
701720833,round,50,1.0876678262224744,0.46838641874265097,177.74521025905844,170.66368171130227
701720833,round,51,1.0513181498102098,0.4058728132171109,177.74521025905844,170.23993365007942
701720833,round,52,0.7186113294986092,0.515986658325835,177.74521025905844,179.97698821927676
701720833,round,53,0.8520011506421381,0.4040401595781229,177.74521025905844,13.107342046713724
701720833,round,54,0.9752702333522568,0.4560116432343184,177.74521025905844,175.34424243465526
701720833,round,55,0.8214635368089854,0.4446572542809666,177.74521025905844,165.43788038014208
701720833,round,56,0.6865699289224277,0.395433215145475,177.74521025905844,169.70036904264566
701720833,round,57,0.9649399111033317,0.44685363328727734,177.74521025905844,178.3236092194889
701720833,round,58,1.1538729652926234,0.5043526253914757,177.74521025905844,171.40284567679703
701720833,round,59,1.0163649875236274,0.38994259414957566,177.74521025905844,0.36404936695370793
701720833,round,60,0.4911150063762147,0.25550056276690913,177.74521025905844,76.31462520417497
701720833,round,61,0.7711957332939838,0.27798090285822985,177.74521025905844,178.1596943891116
701720833,round,62,0.44674041788480395,0.2970834711546282,177.74521025905844,86.71560137681529
701720833,round,63,1.2675863674718681,0.3786297335922538,177.74521025905844,173.3176379203091
701720833,round,64,1.0006331547870704,0.4970092720567182,177.74521025905844,0.0
701720833,round,65,1.2930496826443107,0.3603985059260949,177.74521025905844,0.0
701720833,round,66,1.11263157639935,0.4851426271796755,177.74521025905844,179.21533991143338
701720833,round,67,1.1794478362673089,0.3957066648707068,177.74521025905844,168.37591654006917
701720833,round,68,0.7615717496273883,0.31762663112382716,177.74521025905844,179.91715817887194
701720833,round,69,1.0029577663458789,0.49946803754059665,177.74521025905844,2.842170943040401e-14
701720833,round,70,0.7574440091171091,0.43079339020188057,177.74521025905844,153.27757054044912
701720833,round,71,0.7843597905070444,0.3900474598676459,177.74521025905844,162.87494280552545
701720833,round,72,1.0151474216354766,0.4333158359754059,177.74521025905844,2.3340682987202115
701720833,round,73,0.7616533077371964,0.4124065490197859,177.74521025905844,0.593177447146228
701720833,round,74,3.075486680687688,0.1661513560313046,177.74521025905844,151.8394514314087
701720833,round,75,1.0705374693786402,0.3626812134642722,177.74521025905844,5.35118915068
701720833,round,76,1.1722480859136954,0.48770625708951365,177.74521025905844,3.8809781161937735
701720833,round,77,0.9544114840350973,0.44106772223026025,177.74521025905844,175.73273103571813
701720833,round,78,1.2363407099887136,0.48085615364708245,177.74521025905844,5.015180375634458
701720833,round,79,1.0149102122619933,0.4333153028553829,177.74521025905844,2.324907188866618
701720833,round,80,1.0095809319298379,0.4083849357088999,177.74521025905844,2.2348715919468702
701720833,round,81,1.1473999706513667,0.4155206312506756,177.74521025905844,170.34176579287407
701720833,round,82,0.8984388168140178,0.29849750787664386,177.74521025905844,172.26235091831273
701720833,round,83,1.3777912853162635,0.37750942349520755,177.74521025905844,179.99999999995248
701720833,round,84,0.6696594825179426,0.25695543325481374,177.74521025905844,137.36004255144385
701720833,round,85,0.9294840355192531,0.43899156373717496,177.74521025905844,172.4437102558969
701720833,round,86,1.3254175845342182,0.3797696309989762,177.74521025905844,179.72260065079553
701720833,round,87,0.9036586103261979,0.4480257660458016,177.74521025905844,177.05603947811787
701720833,round,88,0.9981719918634488,0.38447899995392876,177.74521025905844,1.1943201091915794
701720833,round,89,0.9778305340727163,0.3112280046754933,177.74521025905844,1.1791779362369823
701720833,round,90,0.9586880406894432,0.5387193842040223,177.74521025905844,2.842170943040401e-14
701720833,round,91,1.1124242531768505,0.48514267536847855,177.74521025905844,179.27978307560733
701720833,round,92,0.2442153667901804,0.259982476390616,177.74521025905844,98.65435824314724
701720833,round,93,0.6612578204914179,0.4653225988388848,177.74521025905844,0.2282255323180936
701720833,round,94,0.8763915358756669,0.49388041408526095,177.74521025905844,171.69130141322069
701720833,round,95,0.7606896823427544,0.3644225318148724,177.74521025905844,179.99998814413823
701720833,round,96,1.3421141685451545,0.33782796705851836,177.74521025905844,5.873713789032422
701720833,round,97,1.0096057744782696,0.3793304793652571,177.74521025905844,8.287034787229572
701720833,round,98,0.2495238350660124,0.21975576504706218,177.74521025905844,94.09503627644976
701720833,round,99,0.7209986324760135,0.455248938382114,177.74521025905844,177.0560752812751
701720833,boot,0,0.31187791083540356,0.3149142922332345,177.74521025905844,98.06636253241017
701720833,boot,1,0.777862865390763,0.3086795913520287,177.74521025905844,5.530957597038196
701720833,boot,2,0.632936250429375,0.36430573781393893,177.74521025905844,172.37239582900995
701720833,boot,3,0.456649960312848,0.39072152139444194,177.74521025905844,172.67938016795412
701720833,boot,4,0.9601098719628023,0.5090305180724031,177.74521025905844,179.33958861900865
701720833,boot,5,0.7926471276311543,0.5427416548303614,177.74521025905844,173.00690877248417
701720833,boot,6,0.6287371196661734,0.48410519947403985,177.74521025905844,179.37267122360203
701720833,boot,7,0.675536650463238,0.38075388883694206,177.74521025905844,179.47374634464558
701720833,boot,8,0.7762385359733467,0.4435743241219382,177.74521025905844,176.54123994557594
701720833,boot,9,0.7465601298880881,0.29090741252483643,177.74521025905844,165.20395273707257
701720833,boot,10,0.7748258268755726,0.4557185342041379,177.74521025905844,161.67042221565436
701720833,boot,11,0.8616292574407909,0.4664699623892744,177.74521025905844,2.7852890262670655
701720833,boot,12,0.7583176551123867,0.3842203054335853,177.74521025905844,168.46842429470635
701720833,boot,13,0.8026859414482831,0.403941556373166,177.74521025905844,179.51787254751446
701720833,boot,14,0.7934707230596653,0.5427421136994166,177.74521025905844,173.03760570726598
701720833,boot,15,0.6715812139997109,0.4079685952722478,177.74521025905844,179.0921437592895
701720833,boot,16,0.6443946788016295,0.4379615005565273,177.74521025905844,166.38151360992336
701720833,boot,17,0.5246434928011311,0.25893210715317116,177.74521025905844,72.7643106889169
701720833,boot,18,0.8822168296306057,0.5430993080315629,177.74521025905844,175.74343488570793
701720833,boot,19,0.6791492488360371,0.4467890217880034,177.74521025905844,172.43269915252972
701720833,boot,20,0.697074123967626,0.3594716701694989,177.74521025905844,166.26044131459366
701720833,boot,21,0.6147408779187153,0.5136913112136262,177.74521025905844,167.87437484434952
701720833,boot,22,0.7305934768222087,0.48158248837148376,177.74521025905844,179.99999999999997
701720833,boot,23,0.6515975843115686,0.4039585387049808,177.74521025905844,178.4436248800656
701720833,boot,24,0.7272602729276668,0.4893240568849133,177.74521025905844,173.5656665156989
701720833,boot,25,0.8616292574407909,0.4664699623892744,177.74521025905844,2.7852890262670655
701720833,boot,26,0.9547934056044735,0.36015025335735706,177.74521025905844,8.774594746377375
701720833,boot,27,0.6961250086551073,0.5043686997396092,177.74521025905844,178.273894515532
701720833,boot,28,0.8332482212379068,0.4124595162198538,177.74521025905844,164.72607393979402
701720833,boot,29,0.7891704564596352,0.5043206133801553,177.74521025905844,3.5076589384005104
701720833,boot,30,4.015622764877194,0.32513170191158236,177.74521025905844,145.69867476766484
701720833,boot,31,1.2472156121519746,0.39192853771909864,177.74521025905844,156.39147806075434
701720833,boot,32,0.501541252616942,0.4554737310431636,177.74521025905844,3.308858643969557
701720833,boot,33,0.7030091038113221,0.43478232551700124,177.74521025905844,178.30029098762137
701720833,boot,34,0.9098882228859937,0.2655554676926729,177.74521025905844,2.842170943040401e-14
701720833,boot,35,0.726834883822189,0.4384235160428218,177.74521025905844,2.247413775036562
701720833,boot,36,0.9257427029119698,0.4626900115254373,177.74521025905844,175.4989500073648
701720833,boot,37,0.78038602000626,0.32146948966603783,177.74521025905844,168.17198402410926
701720833,boot,38,1.0757881685219077,0.4328394418565288,177.74521025905844,179.24705302777448
701720833,boot,39,0.6238722329879186,0.32848720700473766,177.74521025905844,169.29540760029133
701720833,boot,40,0.7300623852834311,0.4211817198995145,177.74521025905844,8.912769912576772
701720833,boot,41,1.2000665526266918,0.47032947706515094,177.74521025905844,4.465312301623385
701720833,boot,42,0.7286737506692345,0.4411821749680299,177.74521025905844,176.87851783322662
701720833,boot,43,0.5061255782291115,0.4075840000169567,177.74521025905844,172.90602238456165
701720833,boot,44,0.5470149767911517,0.3854223613425364,177.74521025905844,172.70672617030337
701720833,boot,45,0.6326504847604305,0.36430610978596645,177.74521025905844,172.34938067013354
701720833,boot,46,1.2483794746188357,0.39192831643208337,177.74521025905844,156.32683343648816
701720833,boot,47,0.7349107535619543,0.43452100891627643,177.74521025905844,1.8268086194502189
701720833,boot,48,0.49865890976501304,0.4952850086812698,177.74521025905844,0.5441833014016391
701720833,boot,49,0.5722523263193586,0.5265117900031345,177.74521025905844,179.38565938939635
701720833,boot,50,0.5113017925084836,0.4198158797371543,177.74521025905844,175.26476375378016
701720833,boot,51,0.6327153731382749,0.38094452692092373,177.74521025905844,173.0168410756252
701720833,boot,52,0.23920205508066256,0.32957549930460006,177.74521025905844,61.04827635721518
701720833,boot,53,0.6986475125215856,0.34976478105853936,177.74521025905844,170.62017884503274
701720833,boot,54,0.7661998888369885,0.442641121780738,177.74521025905844,170.93467463602946
701720833,boot,55,0.6084598327149656,0.3167098554866783,177.74521025905844,129.12635908850166
701720833,boot,56,0.6113130719485312,0.46101505746943394,177.74521025905844,177.49118145391057
701720833,boot,57,0.7679118868531543,0.4912584180060664,177.74521025905844,173.8563851151388
701720833,boot,58,0.9679771113941796,0.5216715795761622,177.74521025905844,2.842170943040401e-14
701720833,boot,59,0.7271512403719194,0.4893239248432587,177.74521025905844,173.54555240366489
701720833,boot,60,0.668069448242801,0.39898046309774815,177.74521025905844,179.15097138944637
701720833,boot,61,0.8154898578503409,0.42487469007183865,177.74521025905844,164.17444786010014
701720833,boot,62,0.7140020226339907,0.4219783737176813,177.74521025905844,4.477882268642912
701720833,boot,63,0.6315046205753857,0.45939739812720215,177.74521025905844,0.7012038927763626
701720833,boot,64,0.1835408013931066,0.17660884733517812,177.74521025905844,115.87866351145263
701720833,boot,65,0.9271170136236205,0.462690161269255,177.74521025905844,175.4820489297758
701720833,boot,66,0.7583176551123867,0.3842203054335853,177.74521025905844,168.46842429470635
701720833,boot,67,1.1458128567814243,0.46103905609527873,177.74521025905844,11.080503401330574
701720833,boot,68,0.8270288207255765,0.49613420373132744,177.74521025905844,173.49401837021904
701720833,boot,69,0.6685007891586208,0.4231956407706621,177.74521025905844,174.5252571928854
701720833,boot,70,1.091250498229781,0.46562819812964895,177.74521025905844,175.23173668721182
701720833,boot,71,0.8881265901078389,0.4959141082059536,177.74521025905844,173.08232884080033
701720833,boot,72,0.7762385359733467,0.4435743241219382,177.74521025905844,176.54123994557594
701720833,boot,73,0.787471527132221,0.5153824570649981,177.74521025905844,168.9916648378999
701720833,boot,74,0.7387193460657623,0.5324083887560678,177.74521025905844,12.245744458424083
701720833,boot,75,0.8245522838251327,0.42293090371532016,177.74521025905844,175.29263228836462
701720833,boot,76,0.6498804738459687,0.31525381488057524,177.74521025905844,0.578053738021282
701720833,boot,77,0.6729795931670325,0.38021982723014236,177.74521025905844,179.99999999999997
701720833,boot,78,0.8276974094456513,0.496134320302241,177.74521025905844,173.5053905290596
701720833,boot,79,0.7237151096404489,0.4399941630458607,177.74521025905844,169.8348506909908
701720833,boot,80,0.7770575288555337,0.3252393001979008,177.74521025905844,4.815755862811216
701720833,boot,81,1.1998940042652702,0.470329495998022,177.74521025905844,4.451457164394469
701720833,boot,82,0.7923583890219981,0.3548994718496574,177.74521025905844,170.59716710809107
701720833,boot,83,0.5985121600167564,0.2927219682997515,177.74521025905844,172.18963818226464
701720833,boot,84,0.6802902865744141,0.2850489820729625,177.74521025905844,135.330777166004
701720833,boot,85,0.6709205815667942,0.40796841740068057,177.74521025905844,179.09196939821987
701720833,boot,86,0.6581128377518558,0.4705820662526691,177.74521025905844,173.42346321188754
701720833,boot,87,0.5773027792591254,0.4271648100174592,177.74521025905844,5.2565952914519265
701720833,boot,88,1.0326238615306649,0.553207017965915,177.74521025905844,173.8816495093373
701720833,boot,89,0.7447613043656058,0.3118743661371255,177.74521025905844,1.6337908556872378
701720833,boot,90,0.7874698303062678,0.5153825974183696,177.74521025905844,168.9972522330139
701720833,boot,91,0.8860169347667749,0.48108286210596896,177.74521025905844,1.8743138898048293
701720833,boot,92,0.7659247421563182,0.3675870860751771,177.74521025905844,176.71688856829832
701720833,boot,93,0.7028327496046128,0.4347825035540801,177.74521025905844,178.2823391631398
701720833,boot,94,0.8401066768643369,0.32514508130180797,177.74521025905844,171.4748582607085
701720833,boot,95,0.628250253983069,0.3379440989698611,177.74521025905844,176.8041143684276
701720833,boot,96,0.6516750245269454,0.40395903567035296,177.74521025905844,178.39062484446978
701720833,boot,97,0.7273256423402523,0.43842321259508354,177.74521025905844,2.2538277102130735
701720833,boot,98,0.6383761850918637,0.4212835675889697,177.74521025905844,2.023579046332553
701720833,boot,99,0.3690866668147477,0.30370883310857366,177.74521025905844,81.6039005820565
701720833,rot,0,0.5365960707928722,0.4339470429719421,176.28875958688272,176.11963548425976
701720833,rot,1,0.664342394483684,0.6111542354214146,130.1059800266329,135.9412413525772
701720833,rot,2,0.6165297140079823,0.420233471715477,126.16191029748839,122.44164597291723
701720833,rot,3,0.13784786420268952,0.25453092472176675,120.36615910717535,4.461949953939745
701720833,rot,4,0.8441848101714338,0.4314038484810401,26.923232954169713,11.84198840390209
701720833,rot,5,0.5628050524447932,0.37165052635093165,6.153711275645984,12.68672529725174
701720833,rot,6,0.6788796166065972,0.48357207875017116,108.45306127984304,109.29849480613632
701720833,rot,7,0.806213988727724,0.4336825205227982,92.0439948562008,93.828881540854
701720833,rot,8,0.7686609420831803,0.40987458516363684,164.83439364496257,159.9026191431216
701720833,rot,9,0.8595807165597754,0.40561256941292334,150.0390473355052,147.45396752749582
701720833,rot,10,0.8722436698769261,0.48550798517004856,102.18745842616157,98.16612002899637
701720833,rot,11,0.9889978916197343,0.4931452163997968,52.86581049395819,53.639463898302616
701720833,rot,12,0.7816195731483068,0.38147466187002266,84.80076229811365,87.71537980319331
701720833,rot,13,0.6047764036295266,0.4342455555756769,119.35761587286635,128.96855386627433
701720833,rot,14,0.670556578168303,0.46591872013721236,111.92029447046515,109.61836387023037
701720833,rot,15,0.8675449992440833,0.5731287341217329,35.776435997911676,32.38852717962087
701720833,rot,16,0.2924611271227466,0.246389809929623,81.34954579565803,35.91259258188177
701720833,rot,17,0.7743657989821597,0.4424356149276728,151.41768560724796,149.0567461002177
701720833,rot,18,0.5070382919001857,0.3921658972938291,45.927717942963376,41.94799515307801
701720833,rot,19,0.8952313921548144,0.5602821370403179,5.8288370024929055,10.07259298045534
701720833,rot,20,0.29381123280832927,0.37748131925692163,138.8169152054981,90.17231955020713
701720833,rot,21,0.9231076951663485,0.5381865236862772,81.75358038508,78.45886353287409
701720833,rot,22,0.7348065578179209,0.3170916472325498,138.84546928452025,139.24007858140556
701720833,rot,23,0.6022925809315586,0.5030884742198838,99.05358839362025,95.91741663935144
701720833,rot,24,0.4556630413311372,0.317890691943733,71.12119548106641,74.95798207344183
701720833,rot,25,0.8320314678325534,0.3944354783397812,71.36974878945325,68.83214748492077
701720833,rot,26,0.5731564651361062,0.44405314176068567,142.8596305126325,143.0011710670377
701720833,rot,27,0.720243303639109,0.43990111010010036,69.82698405468108,66.84804369900444
701720833,rot,28,0.7991360717001438,0.3866300797928389,7.635257037242629,179.99999999999997
701720833,rot,29,0.3767041633298146,0.22664260713327855,81.21743739010529,22.17381877833455
701720833,rot,30,0.5056740520331314,0.30929958759636766,120.97185310340495,107.3686829284571
701720833,rot,31,0.607773560404096,0.4079126196638241,158.49889873163065,153.43093231687047
701720833,rot,32,0.6289374679901383,0.4006934465279133,81.99214962947458,76.81130793149491
701720833,rot,33,1.2772160427954615,0.38508621759922634,179.3739850460879,4.479186952567403
701720833,rot,34,0.8065060907425035,0.38082118925575537,82.35189569237674,79.64517867739977
701720833,rot,35,0.7401012121231092,0.4787265923607087,131.02419457619712,130.94758192149018
701720833,rot,36,0.9113676384791709,0.5369322339927056,83.22397562987493,79.83362616026885
701720833,rot,37,0.8269768814414183,0.48319329825480584,34.868331805534595,24.37272896145645
701720833,rot,38,0.6674508642021717,0.49135720418718876,136.797297127411,137.4869015612494
701720833,rot,39,0.8658182003871644,0.5431852635585227,173.77978080168717,172.38594708827762
701720833,rot,40,1.0432563765468754,0.46133391855613815,62.348047934818595,59.6751797700671
701720833,rot,41,0.8189183735539126,0.5039188461768175,87.41933744107854,92.14085546035642
701720833,rot,42,0.6621624203239098,0.36324775959943967,78.76825780017333,64.51397655103898
701720833,rot,43,0.8240646160316403,0.49598096855728135,111.55425130844321,111.51238575423538
701720833,rot,44,0.7439707878918663,0.378942968510808,175.5979885858753,9.812910377607276
701720833,rot,45,0.5343124149717368,0.5273359997967397,5.005063428516534,9.320680190686746
701720833,rot,46,0.6347292182657699,0.3610688805540614,148.6608952928612,150.71598790434305
701720833,rot,47,0.7777460864537101,0.4656196807831733,47.00238555613033,31.434395766267105
701720833,rot,48,0.18072795205708084,0.30912893511438544,46.851328324685056,155.10385366259126
701720833,rot,49,0.7125122543156615,0.4799768420984091,24.97716921878982,29.685094315922704
701728596,round,0,0.5908270514685049,0.21007482147771428,27.8382487508334,10.326577318043956
701728596,round,1,0.7642572307208365,0.42757792161070696,27.8382487508334,16.134970796733263
701728596,round,2,1.0717581555908573,0.3747692091156938,27.8382487508334,0.0
701728596,round,3,1.4674520015539791,0.17564389148308446,27.8382487508334,21.865020041873535
701728596,round,4,0.9609273644937316,0.4317379097742915,27.8382487508334,25.413974305497163
701728596,round,5,1.283191865841147,0.34336825179097796,27.8382487508334,37.18786854192109
701728596,round,6,0.9264088308623478,0.403819842325009,27.8382487508334,12.635252430067537
701728596,round,7,0.7977332845283561,0.36473200286327134,27.8382487508334,31.302404104271233
701728596,round,8,0.7394957257871646,0.4670872622536687,27.8382487508334,11.305421892804892
701728596,round,9,0.9897239008946649,0.448938411329593,27.8382487508334,34.044591983411266
701728596,round,10,0.25560033941014215,0.2566587696729866,27.8382487508334,114.56696702216915
701728596,round,11,1.0785991276296074,0.39408626726164153,27.8382487508334,27.76774079224873
701728596,round,12,1.1944695418155222,0.5043360270836037,27.8382487508334,32.15530096036338
701728596,round,13,1.2831707654359092,0.34336825146174854,27.8382487508334,37.18799019227197
701728596,round,14,1.073158911984245,0.4069312943333594,27.8382487508334,29.921188176478495
701728596,round,15,1.2341452891444722,0.42814537667527,27.8382487508334,30.438925106866122
701728596,round,16,1.378893203343098,0.32499070497313,27.8382487508334,33.56203475025316
701728596,round,17,1.0937230148802497,0.4148139683426174,27.8382487508334,30.39659130912372
701728596,round,18,0.38845159511454996,0.19602024369084237,27.8382487508334,9.587658909372195
701728596,round,19,0.11518942862357721,0.1541538130460801,27.8382487508334,104.35172983199546
701728596,round,20,0.7832563676647879,0.12710592110313068,27.8382487508334,156.83245467422608
701728596,round,21,0.9606296583388134,0.33523556066662497,27.8382487508334,36.025270522543224
701728596,round,22,0.7780571286903931,0.26740633900247535,27.8382487508334,29.65812860074439
701728596,round,23,1.3412440797227037,0.34427194810716244,27.8382487508334,0.0
701728596,round,24,0.9355846060452486,0.5038635660053288,27.8382487508334,41.11554620263425
701728596,round,25,0.8084890468198822,0.3891702357456397,27.8382487508334,179.99999999999997
701728596,round,26,0.3407118750090469,0.23858659373940105,27.8382487508334,121.97063265343364
701728596,round,27,1.2253872879168488,0.4407608275239706,27.8382487508334,32.563953610402024
701728596,round,28,0.7148052143878039,0.3035055177507259,27.8382487508334,179.99999999999997
701728596,round,29,0.3532169559078333,0.2339909072137245,27.8382487508334,165.8955812971312
701728596,round,30,1.2253872879168488,0.4407608275239706,27.8382487508334,32.563953610402024
701728596,round,31,0.7794700663143191,0.30465175617827,27.8382487508334,179.99999999999997
701728596,round,32,0.17720792436371863,0.21997755937507713,27.8382487508334,142.69265840708164
701728596,round,33,0.5163966802320272,0.203622904053548,27.8382487508334,122.81888500463438
701728596,round,34,1.0366032422361355,0.37422831826785874,27.8382487508334,29.84593026097673
701728596,round,35,0.7846267830559165,0.4459278467737666,27.8382487508334,26.7876612007974
701728596,round,36,1.2614637822245736,0.4163651615040914,27.8382487508334,37.590869085961515
701728596,round,37,0.21735069846517993,0.14087375828548565,27.8382487508334,141.72714028228177
701728596,round,38,0.3579761930359949,0.2905013333502099,27.8382487508334,104.83897573822553
701728596,round,39,0.8814185040600394,0.3813315110625147,27.8382487508334,13.429807013920595
701728596,round,40,1.0412048426218559,0.44662995499617264,27.8382487508334,20.89777050272278
701728596,round,41,0.9114564828359583,0.4122482630329156,27.8382487508334,19.745817489005887
701728596,round,42,0.7525368567161936,0.30413440977358097,27.8382487508334,28.047590615735373
701728596,round,43,0.7395011074865439,0.4670872622464478,27.8382487508334,11.305257829427791
701728596,round,44,1.0375578160838026,0.4918965967384391,27.8382487508334,30.69469605630819
701728596,round,45,0.16918977503911678,0.23208671460565355,27.8382487508334,112.09840783030141
701728596,round,46,1.10601664441091,0.32403109620231996,27.8382487508334,19.703675931626194
701728596,round,47,0.11468651249825113,0.20919675374913194,27.8382487508334,122.68734361986395
701728596,round,48,0.8764692352578943,0.45866420837636623,27.8382487508334,32.133828850711694
701728596,round,49,0.16402768038319784,0.17483635859342717,27.8382487508334,95.86211862975011
701728596,round,50,0.8783808887944424,0.3277731906949627,27.8382487508334,23.844977919659932
701728596,round,51,1.261488229580965,0.4112052880328022,27.8382487508334,25.12606785875225
701728596,round,52,1.3580676722807272,0.4046215858352541,27.8382487508334,35.57080982051629
701728596,round,53,1.0132359695027362,0.37938004283378035,27.8382487508334,25.383489191343443
701728596,round,54,0.7752568664170616,0.3847794523683655,27.8382487508334,32.314980893451946
701728596,round,55,1.1860233684249473,0.4230752037074995,27.8382487508334,42.04308949601261
701728596,round,56,0.595569352590642,0.4228681031526499,27.8382487508334,26.563162817380725
701728596,round,57,0.18415344149006804,0.20844455157875885,27.8382487508334,135.20868224801015
701728596,round,58,1.0798658912404524,0.47370823131746864,27.8382487508334,19.00143066779819
701728596,round,59,1.1451427575952955,0.45932498663032884,27.8382487508334,27.247361087027187
701728596,round,60,0.9215131811743477,0.40894910587066224,27.8382487508334,25.72003053699882
701728596,round,61,1.0407539615019212,0.44481538899216,27.8382487508334,21.410691261251287
701728596,round,62,0.9137463014621942,0.45477232396862954,27.8382487508334,36.3819893207789
701728596,round,63,1.4395223937777306,0.3339970255852659,27.8382487508334,31.68026391559539
701728596,round,64,1.0639686401695765,0.41763919999660293,27.8382487508334,33.93399087168844
701728596,round,65,1.106033125473748,0.32403109591832524,27.8382487508334,19.70394773266517
701728596,round,66,1.3184078191251363,0.4563427638166141,27.8382487508334,32.773121783596366
701728596,round,67,0.9264484084952936,0.40381984224745293,27.8382487508334,12.63531224378939
701728596,round,68,0.3232271424345662,0.26443464516578863,27.8382487508334,87.86635539172616
701728596,round,69,1.7131670682969211,0.4937533873871528,27.8382487508334,39.150132970338035
701728596,round,70,0.26019338183407237,0.1847923043303804,27.8382487508334,108.96361778085043
701728596,round,71,0.5946078561329716,0.14208476881455134,27.8382487508334,171.08195226471747
701728596,round,72,1.070386694390186,0.35651740220618044,27.8382487508334,10.755592260191719
701728596,round,73,0.30607209029736293,0.2036183024181577,27.8382487508334,80.26520165474406
701728596,round,74,0.8877471473252192,0.42989137577207426,27.8382487508334,13.640898065584821
701728596,round,75,0.9303934877609542,0.38923853054865065,27.8382487508334,20.955698413574773
701728596,round,76,0.9600689279701097,0.44713793636984456,27.8382487508334,11.856506850293181
701728596,round,77,1.142496539033845,0.3823171816480124,27.8382487508334,29.404534280152575
701728596,round,78,0.7940995658664973,0.2800181194841608,27.8382487508334,30.467821872607487
701728596,round,79,1.0473694606456956,0.3803683485726954,27.8382487508334,0.0
701728596,round,80,1.0132359695027362,0.37938004283378035,27.8382487508334,25.383489191343443
701728596,round,81,0.9520271469041589,0.49339522905374233,27.8382487508334,26.128303863781554
701728596,round,82,0.8703741597980277,0.4756738014694448,27.8382487508334,20.121067120067913
701728596,round,83,0.30607918384427185,0.20361830218248533,27.8382487508334,80.26584455521973
701728596,round,84,1.1478998994828131,0.4636049839715828,27.8382487508334,29.76825592221016
701728596,round,85,1.2639635357348067,0.23798820993029257,27.8382487508334,0.0
701728596,round,86,1.1376233862914704,0.45037727525688853,27.8382487508334,38.39568957222187
701728596,round,87,5.064113138460542,0.17661936938039058,27.8382487508334,0.5411786879635372
701728596,round,88,0.8742717223485016,0.34640790884908823,27.8382487508334,30.452635405618167
701728596,round,89,0.5955846958754378,0.42286810377073003,27.8382487508334,26.56311905385376
701728596,round,90,0.20444264615778454,0.25636996275655866,27.8382487508334,117.52965386050631
701728596,round,91,1.2565287254976825,0.520853366135681,27.8382487508334,30.438341875611087
701728596,round,92,1.1515713157149274,0.40270951816352263,27.8382487508334,28.33417573148958
701728596,round,93,0.9717284301620518,0.4547149183297303,27.8382487508334,40.68833190150633
701728596,round,94,0.9660854549292632,0.42226281028699597,27.8382487508334,25.0952069549803
701728596,round,95,1.151474653407673,0.40270951835284785,27.8382487508334,28.335250307856526
701728596,round,96,0.8933052069753725,0.43450687112921915,27.8382487508334,21.620650318631846
701728596,round,97,1.2340626542558597,0.4471744582114259,27.8382487508334,15.12268048570482
701728596,round,98,0.8877433892206555,0.4298913758889684,27.8382487508334,13.64121374548926
701728596,round,99,0.4324819849276666,0.20928507289571152,27.8382487508334,101.62358617559919
701728596,boot,0,0.7455617007799403,0.569832657679073,27.8382487508334,29.060454224737185
701728596,boot,1,0.73782058256536,0.5097956886477306,27.8382487508334,20.41821526125733
701728596,boot,2,0.32799614702445695,0.16995764845581762,27.8382487508334,104.15227477650626
701728596,boot,3,0.7296792036688416,0.4629149601439493,27.8382487508334,30.248523520936146
701728596,boot,4,0.28798766567055445,0.16797425186771608,27.8382487508334,169.26541883366392
701728596,boot,5,0.8865526741852453,0.45040953451651844,27.8382487508334,179.99999999999997
701728596,boot,6,0.9722041032247698,0.4281232215437667,27.8382487508334,29.26528533983725
701728596,boot,7,0.17906305381004795,0.2808441668727779,27.8382487508334,91.61604275773635
701728596,boot,8,0.5430694256468973,0.31564095241429346,27.8382487508334,31.66925311520455
701728596,boot,9,0.2979906542127943,0.1869143453430624,27.8382487508334,131.5526448049104
701728596,boot,10,0.7426674784486191,0.4282177582834559,27.8382487508334,22.01769635991937
701728596,boot,11,0.9238417408476802,0.31487873225161134,27.8382487508334,179.99999999999997
701728596,boot,12,0.7378233674724614,0.5097956886415946,27.8382487508334,20.41831081176099
701728596,boot,13,0.8346710504134623,0.4936717752937032,27.8382487508334,33.85082291697344
701728596,boot,14,1.1118695130202296,0.4238579485857251,27.8382487508334,24.481722928227654
701728596,boot,15,0.7682323602274114,0.48122717906201107,27.8382487508334,34.80903881407497
701728596,boot,16,0.8025439416453218,0.4575005621442988,27.8382487508334,30.211320963703706
701728596,boot,17,0.8092218130194547,0.4461123366870201,27.8382487508334,9.338479844295648
701728596,boot,18,0.8192312247823581,0.48691361059312066,27.8382487508334,24.22468177993838
701728596,boot,19,0.7636631125759825,0.4009142392181706,27.8382487508334,22.123871796652082
701728596,boot,20,0.7168799931025622,0.36014161364387476,27.8382487508334,28.720932984001934
701728596,boot,21,0.2747753271519639,0.15636435561557338,27.8382487508334,102.71250113960909
701728596,boot,22,0.9253855377684262,0.2859161584798644,27.8382487508334,179.99999999999997
701728596,boot,23,0.7994045661466884,0.283593329727029,27.8382487508334,34.021888448713156
701728596,boot,24,0.7558396663602559,0.425643118578105,27.8382487508334,24.58572570220203
701728596,boot,25,0.8464849544041031,0.42862890213115357,27.8382487508334,29.04866691609276
701728596,boot,26,0.9654762574440326,0.35756785418993187,27.8382487508334,31.490934786347623
701728596,boot,27,0.7438170667644303,0.34765532149673073,27.8382487508334,30.275791624164885
701728596,boot,28,0.9528563258326538,0.45614519694355005,27.8382487508334,30.340105789198567
701728596,boot,29,0.8541523428398531,0.2961818487704386,27.8382487508334,179.99999999999997
701728596,boot,30,1.02719644084472,0.4895807985289694,27.8382487508334,28.501100223564976
701728596,boot,31,0.15338906452533077,0.2356106505648281,27.8382487508334,84.2654593012418
701728596,boot,32,0.9518767482008056,0.35510273002770687,27.8382487508334,22.880867532225906
701728596,boot,33,0.7552501779567858,0.2146222180322901,27.8382487508334,39.99255236390104
701728596,boot,34,0.9650670958394798,0.1697089191776605,27.8382487508334,7.47947367807931
701728596,boot,35,0.9286524207415061,0.46977421263268826,27.8382487508334,19.974157159354974
701728596,boot,36,1.3865441762229902,0.4492753582841118,27.8382487508334,22.432129445669744
701728596,boot,37,0.992491528494703,0.35187519648012033,27.8382487508334,11.547824195836313
701728596,boot,38,0.7777969108774763,0.2978023403599428,27.8382487508334,29.33030087255457
701728596,boot,39,0.7778428937808546,0.29780234001444406,27.8382487508334,29.326922029331165
701728596,boot,40,0.9137818403565379,0.3748833311801041,27.8382487508334,26.562303187765618
701728596,boot,41,0.8221045726844683,0.43691326970699595,27.8382487508334,19.73879817025201
701728596,boot,42,0.3714619941338918,0.18739393760160183,27.8382487508334,9.094947017729282e-13
701728596,boot,43,0.9644942036617401,0.3407734265318979,27.8382487508334,32.467982951449024
701728596,boot,44,0.8712168208110915,0.4304997273937422,27.8382487508334,30.786828111268704
701728596,boot,45,0.747935565241302,0.3403500631497012,27.8382487508334,21.778199791698313
701728596,boot,46,0.6650341518453292,0.43686063870613456,27.8382487508334,30.564135042676412
701728596,boot,47,0.33310969404007645,0.199765014516878,27.8382487508334,143.97419204038408
701728596,boot,48,0.9073647968930794,0.3314766002075028,27.8382487508334,35.67448881692861
701728596,boot,49,0.22588821821223648,0.11985296768089304,27.8382487508334,162.01693132534416
701728596,boot,50,0.945691528052163,0.35544652369896357,27.8382487508334,8.49772530320006
701728596,boot,51,0.3196651519603894,0.19953404315636203,27.8382487508334,108.53415221914622
701728596,boot,52,0.7348989269411489,0.4508520472021058,27.8382487508334,20.72641155458774
701728596,boot,53,0.7161414855506385,0.18770114120212011,27.8382487508334,100.95934289496947
701728596,boot,54,0.8332495404922335,0.4546604618958727,27.8382487508334,44.50808322383628
701728596,boot,55,0.9850500838554277,0.4020740106604086,27.8382487508334,26.493626042718347
701728596,boot,56,0.7891448013318783,0.414308233939529,27.8382487508334,27.65270468594599
701728596,boot,57,0.12314394211817499,0.2195276117829681,27.8382487508334,150.37992091477412
701728596,boot,58,1.0808440914440454,0.3372688280204297,27.8382487508334,0.0
701728596,boot,59,0.9083595189057313,0.44600682355003995,27.8382487508334,20.45380082813171
701728596,boot,60,0.8712168208110915,0.4304997273937422,27.8382487508334,30.786828111268704
701728596,boot,61,0.922223349119544,0.285023083456588,27.8382487508334,38.76678272320373
701728596,boot,62,1.0629816425474776,0.4029194236989434,27.8382487508334,25.73371759856225
701728596,boot,63,0.143688557557455,0.19794655189644972,27.8382487508334,106.83191458244926
701728596,boot,64,0.5985093662944725,0.3962765494252317,27.8382487508334,26.0897071573104
701728596,boot,65,1.2213367171691991,0.35757148438613107,27.8382487508334,46.523392357389156
701728596,boot,66,0.7804205273424341,0.5032608073536673,27.8382487508334,27.273248853994005
701728596,boot,67,0.5497721441855448,0.3536518265554729,27.8382487508334,33.00402563930848
701728596,boot,68,0.6667406296843313,0.34281695532908474,27.8382487508334,31.516740348458768
701728596,boot,69,0.8639018468063561,0.39474654019550603,27.8382487508334,41.01438370467292
701728596,boot,70,0.7804007325005916,0.5032608073884861,27.8382487508334,27.273402952007956
701728596,boot,71,1.1670257494271705,0.4564360580054182,27.8382487508334,26.73853609543113
701728596,boot,72,0.7256658735182048,0.35516625831775217,27.8382487508334,33.200208746466416
701728596,boot,73,1.0655708914359245,0.3760912518523797,27.8382487508334,29.843878795663684
701728596,boot,74,0.18281914147612757,0.22646749274670908,27.8382487508334,142.4719025338768
701728596,boot,75,1.1488027582061309,0.39389411302544564,27.8382487508334,34.552559974072864
701728596,boot,76,0.8720678261059239,0.443180450524971,27.8382487508334,22.070840216738027
701728596,boot,77,0.7391756542684935,0.33131494946664997,27.8382487508334,24.520772524710626
701728596,boot,78,0.7061663015615786,0.47549331210872203,27.8382487508334,29.55724966411097
701728596,boot,79,0.7382830584453477,0.26906804336679535,27.8382487508334,29.791863391491347
701728596,boot,80,1.0266794753977193,0.4215180831910247,27.8382487508334,30.254659183937946
701728596,boot,81,0.7053839170017315,0.42639464194660703,27.8382487508334,15.427135170335431
701728596,boot,82,0.9611871442804851,0.4418269529196165,27.8382487508334,22.394298084639814
701728596,boot,83,1.0329847762134805,0.19507896106832634,27.8382487508334,0.0
701728596,boot,84,0.5992242473496828,0.4412511214771351,27.8382487508334,31.0921973446212
701728596,boot,85,0.8197234019220626,0.3649882248288856,27.8382487508334,37.81572857803735
701728596,boot,86,0.9770591543201933,0.418680389841504,27.8382487508334,24.25132038494644
701728596,boot,87,0.8256692985029567,0.38781230378083253,27.8382487508334,47.62767864811932
701728596,boot,88,0.9850334911708416,0.4020740106757852,27.8382487508334,26.492919607037482
701728596,boot,89,0.12019428322972577,0.27183825012725227,27.8382487508334,108.22244124980952
701728596,boot,90,0.7512692094123238,0.34168265476128057,27.8382487508334,24.77311619846469
701728596,boot,91,0.9637627716884342,0.45260338428696256,27.8382487508334,24.977225443984423
701728596,boot,92,0.778607156214983,0.49954755384357274,27.8382487508334,31.189279295636553
701728596,boot,93,0.9703092799566218,0.31398101703426884,27.8382487508334,179.99999999999997
701728596,boot,94,0.7012541621984855,0.38155513819802966,27.8382487508334,25.14363080494812
701728596,boot,95,0.6181266866605301,0.2612056902473553,27.8382487508334,136.03782410786397
701728596,boot,96,1.191913834709326,0.5095794025761812,27.8382487508334,20.73253623598754
701728596,boot,97,0.935143359527133,0.4562709535889864,27.8382487508334,29.587428491161546
701728596,boot,98,0.8163454592872751,0.4868234530191443,27.8382487508334,29.963981228649004
701728596,boot,99,0.785981783663651,0.3771851967227877,27.8382487508334,27.070341811123566
701728596,rot,0,0.8271713153262686,0.4249325806568418,104.5338735889765,117.54155711522536
701728596,rot,1,0.9978986133719664,0.32269889319566203,73.81707552542547,60.317223114968336
701728596,rot,2,0.9906432272708472,0.40611039871785815,171.80441214915294,168.4787541784437
701728596,rot,3,0.7349535472053509,0.40839694141811034,156.31335992478242,145.82926501562
701728596,rot,4,0.7380696042867045,0.4246259501868336,31.627753807299722,25.589455633661856
701728596,rot,5,0.5626351824822472,0.1558538772136221,68.2547540801167,152.93292332881305
701728596,rot,6,0.8795249123201663,0.5105674590877467,131.89106358851558,130.36047506819563
701728596,rot,7,0.7356114603938213,0.3461069839170443,43.59352534322066,42.18233113694391
701728596,rot,8,0.6945162443889736,0.4475617234748178,139.5421505620604,127.89743603849993
701728596,rot,9,0.8441468052137745,0.3827638496393978,34.33378762117021,34.212642140974765
701728596,rot,10,0.9354412592776211,0.4868035901139034,78.03573364376084,75.94703554993988
701728596,rot,11,0.7542638481901089,0.4534674508072343,112.89321868238027,121.59530391333884
701728596,rot,12,0.5863851951329941,0.4197549713060209,4.392219858254338,14.68974606350011
701728596,rot,13,0.7452054996061644,0.46729803823529337,102.5646353465557,89.59798609031252
701728596,rot,14,0.7860261290222667,0.4077312142317556,9.052641370565427,6.802146076715306
701728596,rot,15,1.4893181301671266,0.4925517604927273,34.462197990850704,43.57535546785658
701728596,rot,16,0.8829374320162763,0.37423463947489477,104.61713884357937,98.52398446177055
701728596,rot,17,0.7078728440347081,0.3858397979760696,167.20131715491738,165.2120919765266
701728596,rot,18,0.8415463679232329,0.45874302796405475,174.53099013083676,176.83557965820543
701728596,rot,19,0.1907331992260129,0.29529117207118416,22.289053118078414,108.35271199275967
701728596,rot,20,0.9679740624276179,0.2682350254711372,82.52734204189787,66.24669128572302
701728596,rot,21,0.6888604074688804,0.36922232575531,85.98737830814932,90.12445696176202
701728596,rot,22,6.2951599043130235,0.18108975092376067,92.90790693336014,67.39410212889123
701728596,rot,23,0.9126998193793022,0.3294336602579637,66.77136404773118,69.26716104596969
701728596,rot,24,1.1594972461424495,0.4205652843811427,163.64253821050863,162.18075299217415
701728596,rot,25,0.8772100502528039,0.42952026597824755,96.9018945819416,107.09895851395834
701728596,rot,26,0.4644563637161092,0.1911652044081512,149.15308323022384,117.4226757070974
701728596,rot,27,1.0522657737138152,0.4985122757523762,156.7771085381277,164.51901757804694
701728596,rot,28,0.9492461972465294,0.40033022952266484,119.10261071530057,117.50954521820472
701728596,rot,29,0.7462664786377273,0.3958291461455957,137.87968862002583,147.6251854768717
701728596,rot,30,0.9226472058424946,0.29379923811918274,101.09419683045952,96.14346095831891
701728596,rot,31,1.3872270372136744,0.35326192406910195,150.30210255450885,150.57766963793085
701728596,rot,32,0.8772093272213451,0.3123344535250133,13.746320482561194,16.75476784225407
701728596,rot,33,0.8331357996138695,0.28395417290814573,148.5873995775238,145.0736910909273
701728596,rot,34,0.7763036916643354,0.37821476833192336,147.27824803488548,153.66370518058105
701728596,rot,35,0.3342580462770731,0.15287700186289088,44.01161130674314,146.89716633764937
701728596,rot,36,0.931952873715392,0.45496073183970476,11.236188265452217,3.7301661005231304
701728596,rot,37,1.340681652175994,0.396752813649594,174.37636592061745,173.0740437523201
701728596,rot,38,0.7219570097220984,0.4983156057420258,36.7190826216341,37.310376575144446
701728596,rot,39,0.8611475635824485,0.3772114081516299,93.05926996032763,93.61769367764447
701728596,rot,40,0.7159114031267919,0.39444938846458055,104.06742986242936,96.83149029068615
701728596,rot,41,0.4631698394710172,0.24397512283739353,113.17322824853352,74.54328678238753
701728596,rot,42,0.894553886498844,0.336952780230824,169.23376918861678,164.4193224446657
701728596,rot,43,0.7839176716950981,0.33630547975872493,107.41348177665486,106.17457129928476
701728596,rot,44,0.7191788807320146,0.4475071701646438,93.62463387535887,91.88510065991393
701728596,rot,45,0.9743456780425284,0.560258380960053,85.02265569127833,86.79772194233573
701728596,rot,46,0.9338326124797798,0.34129664690784556,141.81286952710042,2.842170943040401e-14
701728596,rot,47,0.7717839241001008,0.42180412065691364,70.47565027275668,66.22129964034757
701728596,rot,48,0.7556605240860055,0.43812086731682853,144.5483125223182,149.3107404048344
701728596,rot,49,1.1047024816324684,0.5475890492037669,83.19213233264823,72.21680321934085
701728919,round,0,0.8695431497361416,0.5348095472518548,13.974717068679155,14.453360973665493
701728919,round,1,0.8961204607945134,0.4972084250794032,13.974717068679155,21.269187929005312
701728919,round,2,0.8592229267416858,0.4661913421985703,13.974717068679155,13.72529586554657
701728919,round,3,0.9775512283654525,0.435629235157171,13.974717068679155,179.99999999999997
701728919,round,4,1.1977152897352867,0.42134720960833083,13.974717068679155,6.05250268540334
701728919,round,5,1.0119307014851773,0.43441345560770706,13.974717068679155,17.91128653063052
701728919,round,6,1.080465789610956,0.5226307008239697,13.974717068679155,2.0171336781015157
701728919,round,7,0.8734140572654092,0.4657067535568584,13.974717068679155,22.706088833286476
701728919,round,8,1.0148910858847473,0.5187053371860797,13.974717068679155,29.385448883728742
701728919,round,9,1.0635561342456288,0.5652586369244471,13.974717068679155,15.485772929547878
701728919,round,10,1.090439151792177,0.5462731889050756,13.974717068679155,15.707756816566217
701728919,round,11,0.9820487493235145,0.5071647175297143,13.974717068679155,1.3096898517295017
701728919,round,12,1.065053344316034,0.5513408849604442,13.974717068679155,9.714332631914232
701728919,round,13,0.977922156190086,0.4531792789948671,13.974717068679155,179.99999999999997
701728919,round,14,1.1196641876688045,0.5257571145170914,13.974717068679155,0.0
701728919,round,15,0.9558519246785204,0.4594983923676248,13.974717068679155,7.9772114673437144
701728919,round,16,0.8971799618646529,0.5406531417489064,13.974717068679155,31.09135561607971
701728919,round,17,0.8703110027689537,0.5745969955427213,13.974717068679155,178.9276443149072
701728919,round,18,0.7689338370740008,0.4696867596977716,13.974717068679155,24.28935661860413
701728919,round,19,1.0043371082415977,0.5326109799258715,13.974717068679155,13.223176651515388
701728919,round,20,0.9570497230900261,0.5248155725166599,13.974717068679155,14.4466847622081
701728919,round,21,0.9611379655432567,0.5412346734702087,13.974717068679155,10.544940523563412
701728919,round,22,0.9837989037381124,0.573103487107929,13.974717068679155,2.817918931277802
701728919,round,23,1.0922138176900573,0.6140359417947114,13.974717068679155,16.8839002844351
701728919,round,24,0.8814163996950929,0.47080134002138185,13.974717068679155,14.689494208486462
701728919,round,25,0.9250402908439719,0.5825401624161186,13.974717068679155,14.837450553822919
701728919,round,26,0.8813673719127949,0.44836001635337863,13.974717068679155,15.514134860971073
701728919,round,27,1.0183153994399092,0.5420854792956606,13.974717068679155,8.947404778051947
701728919,round,28,1.1051147385665274,0.5043158336531572,13.974717068679155,14.40444953207161
701728919,round,29,0.19174046868586736,0.25318391333111967,13.974717068679155,90.00132786028578
701728919,round,30,1.4481861059154726,0.4756504347782172,13.974717068679155,8.95632978315291
701728919,round,31,1.001494560759511,0.5163593614966107,13.974717068679155,5.202789162586711
701728919,round,32,0.18780803905877289,0.2236478756650654,13.974717068679155,83.5199613934356
701728919,round,33,1.2846698079315055,0.5891746472557235,13.974717068679155,16.26590500255864
701728919,round,34,0.8886866579652812,0.5771840086308803,13.974717068679155,21.42389610190475
701728919,round,35,0.9932571696215209,0.49188029853128723,13.974717068679155,8.65199680183403
701728919,round,36,1.0080989520283137,0.5577434231709096,13.974717068679155,30.508837352069477
701728919,round,37,1.3171962005879094,0.4723936035142716,13.974717068679155,11.71502917943522
701728919,round,38,1.4303948927251302,0.5168580476517537,13.974717068679155,7.740448306847156
701728919,round,39,0.9628778435649097,0.6235717329886744,13.974717068679155,22.969684713240042
701728919,round,40,0.8855469404755197,0.4708986239510625,13.974717068679155,25.707663575216287
701728919,round,41,1.1339984354584585,0.48461383414368264,13.974717068679155,0.0
701728919,round,42,0.8676793918666161,0.5107968361012949,13.974717068679155,4.968835499526961
701728919,round,43,1.2026854866012877,0.528968954772911,13.974717068679155,13.351365035897032
701728919,round,44,1.0150445891511275,0.5187053397114616,13.974717068679155,29.40486465739059
701728919,round,45,0.9308443698562805,0.6099116937316664,13.974717068679155,18.787109995204958
701728919,round,46,0.7403101365152327,0.5880286212159981,13.974717068679155,2.2847284837105803
701728919,round,47,1.0418338936941727,0.5293607486343097,13.974717068679155,14.408361927017069
701728919,round,48,1.0409289295917894,0.6490983212334491,13.974717068679155,10.62250171052061
701728919,round,49,1.0066614774074292,0.4399517563570977,13.974717068679155,2.0213427955139736
701728919,round,50,1.080465789610956,0.5226307008239697,13.974717068679155,2.0171336781015157
701728919,round,51,1.2846698079315055,0.5891746472557235,13.974717068679155,16.26590500255864
701728919,round,52,1.004344057924825,0.5326109780735366,13.974717068679155,13.223384293556137
701728919,round,53,1.1676396161667588,0.6049719881470725,13.974717068679155,9.459699807973053
701728919,round,54,1.16750424673851,0.6049720205253439,13.974717068679155,9.461749676658911
701728919,round,55,0.9297504477443734,0.5341250145936621,13.974717068679155,10.056903825139836
701728919,round,56,1.0380398056208922,0.6111007334166207,13.974717068679155,20.007955969111393
701728919,round,57,1.162572042587327,0.5109914719410236,13.974717068679155,15.091919824150011
701728919,round,58,1.0555292827596134,0.46818948481204015,13.974717068679155,12.397473710073697
701728919,round,59,1.1025628341483782,0.5178492762983097,13.974717068679155,14.355046427249249
701728919,round,60,1.051127514492539,0.48657693502208854,13.974717068679155,23.17111927310566
701728919,round,61,1.0726308744257236,0.6670669838956567,13.974717068679155,17.534862454745536
701728919,round,62,0.8312559356205101,0.5178967661638851,13.974717068679155,10.506625351182759
701728919,round,63,0.9558872676949284,0.45949837136876215,13.974717068679155,7.9775069854347995
701728919,round,64,1.1010160889612224,0.5467706304190649,13.974717068679155,13.10014262345824
701728919,round,65,0.7927928279075676,0.6843315282832896,13.974717068679155,24.497786240440377
701728919,round,66,0.9483326979615194,0.5598644414448942,13.974717068679155,19.589031778836603
701728919,round,67,1.0079165456878945,0.5577434092264664,13.974717068679155,30.508987481015197
701728919,round,68,1.118760679652977,0.5610338175482881,13.974717068679155,11.793700040770972
701728919,round,69,0.8992709694022603,0.5910704927595876,13.974717068679155,15.757588726888722
701728919,round,70,0.8258151160351508,0.17667062930313848,13.974717068679155,2.842170943040401e-14
701728919,round,71,0.9487745514285776,0.5631611347176072,13.974717068679155,7.150536695912609
701728919,round,72,1.1807760608288693,0.6102721362877848,13.974717068679155,179.99999999831243
701728919,round,73,1.1666642642215899,0.6049720695441325,13.974717068679155,9.457376447969324
701728919,round,74,0.765085773539458,0.4943257440439134,13.974717068679155,21.371127502479993
701728919,round,75,0.6766398808221558,0.43482492816685436,13.974717068679155,13.797135083460597
701728919,round,76,1.0043236624812917,0.5326109871379937,13.974717068679155,13.222777596671293
701728919,round,77,0.9104204969085624,0.5374029683479586,13.974717068679155,13.954196866096595
701728919,round,78,1.054176100191279,0.48303687854447663,13.974717068679155,174.7961976024543
701728919,round,79,1.1795442815443975,0.4287629980401645,13.974717068679155,9.184085696677528
701728919,round,80,0.6689897770691062,0.5604239554784047,13.974717068679155,19.45438243143107
701728919,round,81,1.1646959862995152,0.49657693601598785,13.974717068679155,12.22832337651711
701728919,round,82,1.0422153373388807,0.48355931950027753,13.974717068679155,13.595978658869797
701728919,round,83,1.1202383515426126,0.5414095179402854,13.974717068679155,8.902268562703568
701728919,round,84,0.8670514173133557,0.46687394948810623,13.974717068679155,7.763521562027677
701728919,round,85,1.2143995711173834,0.4695186277832223,13.974717068679155,22.996680729710505
701728919,round,86,0.819770463839179,0.5848195292790954,13.974717068679155,6.626478243179775
701728919,round,87,0.9285561329969995,0.4737058531877586,13.974717068679155,15.416520042327392
701728919,round,88,0.14672654915108146,0.38084784757790346,13.974717068679155,90.09476729315999
701728919,round,89,0.9609621900974925,0.5412347732877819,13.974717068679155,10.547585310745319
701728919,round,90,0.8005246985111553,0.5083561159860206,13.974717068679155,17.27044040892804
701728919,round,91,1.0180506382265682,0.5420855430583229,13.974717068679155,8.954791143223787
701728919,round,92,0.8173215742801626,0.5311662541959054,13.974717068679155,2.117253467964899
701728919,round,93,1.1540428033236705,0.4820804285552803,13.974717068679155,19.296874619887774
701728919,round,94,1.0175239731119916,0.5420854236675716,13.974717068679155,8.936092144434383
701728919,round,95,0.8819300808776709,0.47234722090951975,13.974717068679155,9.844204752318644
701728919,round,96,0.8260841305407226,0.5302815883257046,13.974717068679155,4.322290492414311
701728919,round,97,0.8937531749360605,0.5456616573211399,13.974717068679155,21.551032066063804
701728919,round,98,0.9440084104240188,0.5970266271755729,13.974717068679155,10.315373877873952
701728919,round,99,0.9764187895402529,0.6106224045765205,13.974717068679155,9.633639954587501
701728919,boot,0,0.6082700823805205,0.5507857934466535,13.974717068679155,17.507676271566368
701728919,boot,1,0.7487610346595219,0.5655008450892127,13.974717068679155,179.4763483637827
701728919,boot,2,0.12661215446259189,0.2479236930051516,13.974717068679155,127.3695775791247
701728919,boot,3,0.8019363717068371,0.5439417341671029,13.974717068679155,14.176557801674942
701728919,boot,4,0.7040340140543364,0.5789331905752311,13.974717068679155,20.866266313156032
701728919,boot,5,0.797224206368106,0.5784222545519262,13.974717068679155,9.55259798372979
701728919,boot,6,0.7439377825455957,0.4842796715556993,13.974717068679155,13.899471144904092
701728919,boot,7,0.653200676813234,0.7017609798527715,13.974717068679155,24.848542521705838
701728919,boot,8,1.110203691226953,0.5003280712901803,13.974717068679155,16.03321632188235
701728919,boot,9,0.7440997817856149,0.5226599747832801,13.974717068679155,12.572625666712725
701728919,boot,10,1.1781571553637378,0.6335102649724473,13.974717068679155,178.23917474369318
701728919,boot,11,1.0828713042186304,0.6357529133367373,13.974717068679155,20.918488361701293
701728919,boot,12,0.9162002842506483,0.48221021509324913,13.974717068679155,17.43013138234886
701728919,boot,13,0.6916269133304432,0.4155296185381575,13.974717068679155,15.098427232472977
701728919,boot,14,0.6758634995542631,0.5218109896790474,13.974717068679155,4.796344032841816
701728919,boot,15,0.6728505429677468,0.4220561645417562,13.974717068679155,6.177557154266509
701728919,boot,16,0.8295014261822856,0.48768847645149016,13.974717068679155,6.8961171098440825
701728919,boot,17,0.7972590071943113,0.6552551294597428,13.974717068679155,6.680498061532382
701728919,boot,18,0.6992434117838098,0.5466097021396252,13.974717068679155,11.976972239388743
701728919,boot,19,0.644151477247214,0.4447581674458514,13.974717068679155,2.512332935665225
701728919,boot,20,0.774887660742395,0.4752865886159663,13.974717068679155,15.584739951180353
701728919,boot,21,0.7842025380400678,0.6290539618023384,13.974717068679155,21.368063867311683
701728919,boot,22,0.6419869739200298,0.5068868229242188,13.974717068679155,14.387984963024309
701728919,boot,23,0.5697079788310853,0.4714760926105047,13.974717068679155,11.31619669468444
701728919,boot,24,0.837931813026445,0.4696818935211331,13.974717068679155,8.104707888155303
701728919,boot,25,0.7713352627989969,0.5663656687674294,13.974717068679155,13.487305889438304
701728919,boot,26,0.874807615074731,0.5185504012614148,13.974717068679155,12.233318703949218
701728919,boot,27,0.7447023311222064,0.6435151610067514,13.974717068679155,8.53502912179681
701728919,boot,28,0.653200676813234,0.7017609798527715,13.974717068679155,24.848542521705838
701728919,boot,29,0.826508379770763,0.6070790736077922,13.974717068679155,18.255812602016746
701728919,boot,30,0.673040730757173,0.46815795619068135,13.974717068679155,10.182272825336952
701728919,boot,31,0.7255929580305202,0.4318835380462993,13.974717068679155,3.69158303189693
701728919,boot,32,0.7459421363669851,0.5952443774465307,13.974717068679155,9.60789260579602
701728919,boot,33,0.784470995679797,0.6290540008938597,13.974717068679155,21.373772811115714
701728919,boot,34,0.6635482236742627,0.422454819617067,13.974717068679155,6.581248948153001
701728919,boot,35,0.9128419450085637,0.4857314530894833,13.974717068679155,21.6336127076856
701728919,boot,36,0.729407257800653,0.5690215367964417,13.974717068679155,4.330158509730694
701728919,boot,37,0.7272913863835929,0.445606067893339,13.974717068679155,179.99999999999997
701728919,boot,38,0.2737890394859982,0.2685897367021566,13.974717068679155,98.263311551956
701728919,boot,39,0.5695838983825049,0.47147608608908054,13.974717068679155,11.32339208819701
701728919,boot,40,0.7609919381794934,0.5660717863546274,13.974717068679155,9.28822222175233
701728919,boot,41,0.6437681405427675,0.444758157424064,13.974717068679155,2.510606689106904
701728919,boot,42,0.18898238664372616,0.3400253906048668,13.974717068679155,108.00266805820864
701728919,boot,43,0.6906929675675768,0.6359000010676834,13.974717068679155,6.05227156467841
701728919,boot,44,0.7037924429103574,0.5789330973093187,13.974717068679155,20.867093521988835
701728919,boot,45,0.7669939278685749,0.48606835446026986,13.974717068679155,18.214150775749523
701728919,boot,46,0.7317090715185408,0.5327951480181727,13.974717068679155,3.430589349577872
701728919,boot,47,0.5915632082755223,0.5373064936259584,13.974717068679155,13.701705759188627
701728919,boot,48,0.9162002842506483,0.48221021509324913,13.974717068679155,17.43013138234886
701728919,boot,49,0.8286467630769244,0.6477777240525537,13.974717068679155,17.352899775412766
701728919,boot,50,0.6576617686501077,0.42172767366596364,13.974717068679155,20.57166137905865
701728919,boot,51,0.9530510337690533,0.5440414765931272,13.974717068679155,15.46631760842306
701728919,boot,52,0.7280170754115303,0.5779982058513532,13.974717068679155,1.059823379621795
701728919,boot,53,0.5915626893046639,0.5373064842459148,13.974717068679155,13.69794201279231
701728919,boot,54,0.7195908175596916,0.5617115431907889,13.974717068679155,17.2873100845064
701728919,boot,55,0.8965382683358346,0.637539408807339,13.974717068679155,13.36036808191558
701728919,boot,56,0.8780098951169019,0.4822305812536888,13.974717068679155,22.651727508929586
701728919,boot,57,0.5486748944875671,0.4816222216890814,13.974717068679155,23.61672524424202
701728919,boot,58,0.753212783948116,0.4895023854332772,13.974717068679155,17.860486648904185
701728919,boot,59,0.7651643347602958,0.6148007052688956,13.974717068679155,16.03693413170103
701728919,boot,60,0.8818371760972182,0.4868693325538853,13.974717068679155,175.93057916532499
701728919,boot,61,0.42021734163703034,0.2815930831659418,13.974717068679155,117.41889416207744
701728919,boot,62,0.7678812454202322,0.5596218563204243,13.974717068679155,23.336855619663964
701728919,boot,63,0.5487018774536792,0.48162218232201803,13.974717068679155,23.6163712799888
701728919,boot,64,0.779400728523036,0.5939173863180454,13.974717068679155,13.479326439508924
701728919,boot,65,0.7239827843321451,0.6174277831815382,13.974717068679155,18.134661851081283
701728919,boot,66,0.6992367706264734,0.546609700069232,13.974717068679155,11.977152994514594
701728919,boot,67,0.9348527765205805,0.6095297631784634,13.974717068679155,8.588746151998842
701728919,boot,68,0.7486955873438645,0.5655008535312531,13.974717068679155,179.4743958821108
701728919,boot,69,0.7262752670469677,0.563666916491743,13.974717068679155,17.431987403608865
701728919,boot,70,0.6962475960572405,0.5902216659171122,13.974717068679155,18.506100698207405
701728919,boot,71,0.6417309121336167,0.5368197589734763,13.974717068679155,5.92654011194148
701728919,boot,72,0.5488568308386804,0.48162218396237666,13.974717068679155,23.612539434036297
701728919,boot,73,0.6085668071342204,0.550785779357702,13.974717068679155,17.499186882825263
701728919,boot,74,1.0296025321963842,0.5035496316829461,13.974717068679155,13.22929347538441
701728919,boot,75,0.6920580490337953,0.588986068092846,13.974717068679155,16.352201027121055
701728919,boot,76,0.9203397139615923,0.6294950409601199,13.974717068679155,7.814237998790924
701728919,boot,77,0.8280267410705467,0.5251801573020637,13.974717068679155,15.324395154309917
701728919,boot,78,0.6908675854661614,0.604018954739389,13.974717068679155,14.758229367877561
701728919,boot,79,0.8357132928017343,0.558394177060709,13.974717068679155,179.23359740986933
701728919,boot,80,0.7494036813259325,0.523829348002881,13.974717068679155,13.109713916080338
701728919,boot,81,0.8793768003227581,0.5070528986555156,13.974717068679155,18.714168423805553
701728919,boot,82,0.7012085465948974,0.521478979767852,13.974717068679155,4.8306363535195045
701728919,boot,83,0.12498823585149486,0.27395132581681125,13.974717068679155,54.73318695363457
701728919,boot,84,0.7071372029015144,0.5324449201659331,13.974717068679155,18.121166154600985
701728919,boot,85,0.753011809019057,0.5214956491094267,13.974717068679155,179.99999999999997
701728919,boot,86,0.8279757145935579,0.5251801469408399,13.974717068679155,15.326760088010081
701728919,boot,87,0.8080901867176205,0.4869138534439671,13.974717068679155,22.70349017550982
701728919,boot,88,0.5125015831551555,0.49031689454615046,13.974717068679155,14.439058315117137
701728919,boot,89,0.8365002099018304,0.558394266023615,13.974717068679155,179.27647455062547
701728919,boot,90,0.7748556435751084,0.5803994237224259,13.974717068679155,17.566389054398826
701728919,boot,91,0.7753771170941334,0.5803994137361055,13.974717068679155,17.56460473068177
701728919,boot,92,0.6418618266463872,0.4645687761328219,13.974717068679155,12.068288484821403
701728919,boot,93,0.6638233134014233,0.5109548474335371,13.974717068679155,13.276805988130093
701728919,boot,94,0.7975880714093252,0.6552551433686433,13.974717068679155,6.678775068715794
701728919,boot,95,0.7555638070511134,0.6101344043228136,13.974717068679155,14.905105783590846
701728919,boot,96,0.6232149265853913,0.4783877267230757,13.974717068679155,12.828192975640604
701728919,boot,97,0.7293666240222657,0.569021525638868,13.974717068679155,4.3320316423966005
701728919,boot,98,0.8696989044707403,0.5318436710807352,13.974717068679155,4.762379973165764
701728919,boot,99,0.3890324314897028,0.22850991788756037,13.974717068679155,109.00142919619478
701728919,rot,0,0.8571642224410058,0.497288000696943,9.787332760529859,5.634044160177595
701728919,rot,1,0.7912835524280636,0.5163203401309752,136.79419383770988,137.3271921027623
701728919,rot,2,0.6663835031559243,0.5472084230564291,62.68193295747286,62.39819136082933
701728919,rot,3,0.9772049323108611,0.5937434609935945,24.65684235373192,29.56713317313048
701728919,rot,4,0.8967830038389198,0.5885149256217328,86.25013874325208,86.31580692578113
701728919,rot,5,0.6130409520662671,0.6254306832553286,73.76531961824392,64.25208085771848
701728919,rot,6,0.6676862856793707,0.5927172666293189,120.9849468943451,121.02275995596753
701728919,rot,7,0.6102827688595173,0.5324092398770264,64.93775275399955,67.72437423152981
701728919,rot,8,0.6433773564138449,0.5812640902106292,170.59324546110628,171.69393970140115
701728919,rot,9,0.7447818867111393,0.4519866895382626,133.3899945682682,139.01100235902635
701728919,rot,10,0.8306736500470947,0.44209063178456076,35.91088903067993,38.32681160731448
701728919,rot,11,0.68644535678951,0.528389538464511,84.53149968602233,82.29124616509694
701728919,rot,12,1.033796145986152,0.4894888590052249,14.601199876026321,22.4194536564695
701728919,rot,13,0.7472833738940124,0.5377649672624729,160.45931613285515,153.93523052253886
701728919,rot,14,0.7808190707188605,0.5129000548843378,58.072762127538425,49.11398569848035
701728919,rot,15,0.6846143427597086,0.5234233106614787,148.76449694729408,155.2192635003488
701728919,rot,16,0.9618049013621471,0.48037807666529175,86.6618751312331,92.11406368655742
701728919,rot,17,0.7708508696525156,0.4945743943606147,141.10403382193277,142.51474329183665
701728919,rot,18,0.7770837230491751,0.5019029283471911,1.8043585941717444,179.99999999999997
701728919,rot,19,0.24863391329974718,0.25152155641487106,80.16144641569286,152.01602935196797
701728919,rot,20,0.699328911975695,0.5902269870402598,81.57096313468433,75.36017899764228
701728919,rot,21,0.687862372750007,0.59827946706252,141.15675439533408,139.36764988763696
701728919,rot,22,0.5632173952718987,0.4869894605442959,61.357575737302135,54.48630396453082
701728919,rot,23,0.9258850349502725,0.5278375264938135,27.027194125873816,28.935218709087025
701728919,rot,24,0.9106940075322383,0.5332732061142832,45.13674671148088,49.13287701330433
701728919,rot,25,0.6261670377398458,0.610294127021249,55.37405320791715,56.85490721904887
701728919,rot,26,0.5454903379166703,0.539836282305014,130.57878664594662,130.13386980953865
701728919,rot,27,0.8355754247468679,0.5986114485910938,84.70802278468204,88.95176034223573
701728919,rot,28,0.7793604806355584,0.5103751320147094,113.74815046654788,112.31246482863416
701728919,rot,29,0.8682125407337802,0.5445647144913397,83.55053632052987,89.53327521833663
701728919,rot,30,0.7696230435868748,0.4311687443824824,114.08178132237802,103.22670961447164
701728919,rot,31,0.7028475172351948,0.5603259115020235,111.06715019784315,110.03398099527242
701728919,rot,32,0.8953278596061847,0.650165375494988,21.4683822739105,13.851351605689501
701728919,rot,33,0.6004438046865195,0.5334635755769457,146.83549262158033,141.1147685164201
701728919,rot,34,0.9721119891431695,0.5197729583700258,150.39634831434606,147.81867523351255
701728919,rot,35,0.8315463385542499,0.5540624544532682,160.99763492950436,160.05352215785365
701728919,rot,36,0.8352713833199941,0.6110226597730042,174.73922167565877,10.826809177128098
701728919,rot,37,0.6204478716356562,0.5487249987493893,131.61021465244804,131.57596960819944
701728919,rot,38,0.8788057576139993,0.6136028250530376,50.69359052648438,57.43698505560128
701728919,rot,39,0.861013781962638,0.34736817090183014,144.48295376196236,145.1336524598138
701728919,rot,40,0.9631443737441867,0.5967744899016996,29.023720514071393,33.51481404988077
701728919,rot,41,0.6269052679734238,0.5919050851304435,78.26744946866414,70.99656674425052
701728919,rot,42,0.9153216951858625,0.5951845823044428,171.14211693408657,171.6022240405529
701728919,rot,43,0.9508085177515362,0.5095991426293821,33.0790321561968,20.95680884190241
701728919,rot,44,0.9803274597422369,0.5067219997955639,7.572864934528065,5.961857862395182
701728919,rot,45,0.896894390489416,0.5214794895638619,115.49022049673768,103.12397214607138
701728919,rot,46,0.5861831450953532,0.5959379114135848,146.60396172695764,151.69375665034198
701728919,rot,47,0.7860924399827095,0.5923239790272383,10.847352745779684,10.408342298574832
701728919,rot,48,0.810140133499297,0.5928315730500962,117.2031635426984,116.42592953843882
701728919,rot,49,0.6948348138608372,0.5754704164506398,99.45503549873749,98.26517189120797
